WEL,ISR,CE,burned,return,region,policy,seed,episode,train_seed
4.0,0.8571428571428571,1.0,331,-6.857142857142858,saudi,mappo,42,0,42.0
9.0,0.7142857142857143,0.7373068432671082,102,-14.714285714285714,saudi,mappo,42,1,42.0
4.0,0.8571428571428571,1.0,293,-6.857142857142858,saudi,mappo,42,2,42.0
10.0,0.8571428571428571,0.7284768211920529,277,-12.857142857142858,saudi,mappo,42,3,42.0
0.0,1.0,0.7350993377483444,133,-0.1,saudi,mappo,42,4,42.0
8.0,0.7142857142857143,0.7328918322295805,442,-13.714285714285714,saudi,mappo,42,5,42.0
4.0,0.8571428571428571,1.0,267,-6.857142857142858,saudi,mappo,42,6,42.0
0.0,1.0,0.739514348785872,221,0.0,saudi,mappo,42,7,42.0
0.0,1.0,0.7350993377483444,146,-0.1,saudi,mappo,42,8,42.0
8.0,0.7142857142857143,0.7328918322295805,514,-13.714285714285714,saudi,mappo,42,9,42.0
4.0,0.8571428571428571,1.0,419,-6.857142857142858,saudi,mappo,42,10,42.0
4.0,0.8571428571428571,1.0,335,-6.857142857142858,saudi,mappo,42,11,42.0
13.0,0.5714285714285714,1.0,516,-21.571428571428573,saudi,mappo,42,12,42.0
13.0,0.5714285714285714,0.7571743929359823,541,-21.67142857142857,saudi,mappo,42,13,42.0
8.0,0.7142857142857143,0.7328918322295805,419,-13.714285714285714,saudi,mappo,42,14,42.0
8.0,0.7142857142857143,1.0,416,-13.714285714285714,saudi,mappo,1042,0,42.0
0.0,1.0,0.7218543046357616,94,0.0,saudi,mappo,1042,1,42.0
0.0,1.0,0.7350993377483444,152,-0.1,saudi,mappo,1042,2,42.0
4.0,0.8571428571428571,0.7350993377483444,300,-6.957142857142857,saudi,mappo,1042,3,42.0
9.0,0.7142857142857143,0.7373068432671082,120,-14.714285714285714,saudi,mappo,1042,4,42.0
8.0,0.7142857142857143,0.7373068432671082,430,-13.714285714285714,saudi,mappo,1042,5,42.0
0.0,1.0,1.0,259,0.0,saudi,mappo,1042,6,42.0
8.0,0.7142857142857143,0.7328918322295805,434,-13.714285714285714,saudi,mappo,1042,7,42.0
13.0,0.5714285714285714,1.0,438,-21.571428571428573,saudi,mappo,1042,8,42.0
8.0,0.7142857142857143,0.7461368653421634,442,-13.714285714285714,saudi,mappo,1042,9,42.0
0.0,1.0,1.0,240,0.0,saudi,mappo,1042,10,42.0
0.0,1.0,0.7218543046357616,96,0.0,saudi,mappo,1042,11,42.0
14.0,0.5714285714285714,1.0,402,-22.571428571428573,saudi,mappo,1042,12,42.0
8.0,0.7142857142857143,0.7328918322295805,405,-13.714285714285714,saudi,mappo,1042,13,42.0
8.0,0.7142857142857143,0.7328918322295805,488,-13.714285714285714,saudi,mappo,1042,14,42.0
13.0,0.5714285714285714,0.7328918322295805,369,-21.571428571428573,saudi,mappo,2042,0,42.0
0.0,1.0,0.7350993377483444,140,-0.1,saudi,mappo,2042,1,42.0
4.0,0.8571428571428571,1.0,305,-6.857142857142858,saudi,mappo,2042,2,42.0
4.0,0.8571428571428571,1.0,352,-6.857142857142858,saudi,mappo,2042,3,42.0
8.0,0.7142857142857143,0.7328918322295805,532,-13.714285714285714,saudi,mappo,2042,4,42.0
4.0,0.8571428571428571,1.0,330,-6.857142857142858,saudi,mappo,2042,5,42.0
4.0,0.8571428571428571,1.0,406,-6.857142857142858,saudi,mappo,2042,6,42.0
8.0,0.7142857142857143,0.7328918322295805,469,-13.714285714285714,saudi,mappo,2042,7,42.0
9.0,0.7142857142857143,0.7373068432671082,120,-14.714285714285714,saudi,mappo,2042,8,42.0
4.0,0.8571428571428571,1.0,389,-6.857142857142858,saudi,mappo,2042,9,42.0
9.0,0.7142857142857143,1.0,212,-14.714285714285714,saudi,mappo,2042,10,42.0
8.0,0.7142857142857143,0.7328918322295805,515,-13.714285714285714,saudi,mappo,2042,11,42.0
13.0,0.5714285714285714,0.7527593818984547,469,-21.67142857142857,saudi,mappo,2042,12,42.0
4.0,0.8571428571428571,1.0,288,-6.857142857142858,saudi,mappo,2042,13,42.0
6.0,0.8571428571428571,0.7373068432671082,264,-8.857142857142858,saudi,mappo,2042,14,42.0
4.0,0.8571428571428571,0.7328918322295805,212,-6.857142857142858,saudi,mappo,3042,0,42.0
8.0,0.7142857142857143,1.0,328,-13.714285714285714,saudi,mappo,3042,1,42.0
8.0,0.7142857142857143,0.7328918322295805,486,-13.714285714285714,saudi,mappo,3042,2,42.0
0.0,1.0,1.0,261,0.0,saudi,mappo,3042,3,42.0
4.0,0.8571428571428571,0.7373068432671082,425,-6.857142857142858,saudi,mappo,3042,4,42.0
0.0,1.0,1.0,284,0.0,saudi,mappo,3042,5,42.0
13.0,0.5714285714285714,0.7373068432671082,320,-21.67142857142857,saudi,mappo,3042,6,42.0
9.0,0.7142857142857143,0.7373068432671082,112,-14.714285714285714,saudi,mappo,3042,7,42.0
4.0,0.8571428571428571,0.7306843267108167,409,-6.857142857142858,saudi,mappo,3042,8,42.0
8.0,0.7142857142857143,1.0,339,-13.714285714285714,saudi,mappo,3042,9,42.0
9.0,0.7142857142857143,0.739514348785872,441,-14.714285714285714,saudi,mappo,3042,10,42.0
6.0,0.8571428571428571,0.7373068432671082,258,-8.857142857142858,saudi,mappo,3042,11,42.0
8.0,0.7142857142857143,0.7328918322295805,400,-13.714285714285714,saudi,mappo,3042,12,42.0
4.0,0.8571428571428571,1.0,331,-6.857142857142858,saudi,mappo,3042,13,42.0
0.0,1.0,1.0,200,0.0,saudi,mappo,3042,14,42.0
0.0,1.0,1.0,246,0.0,saudi,mappo,4042,0,42.0
8.0,0.7142857142857143,1.0,366,-13.714285714285714,saudi,mappo,4042,1,42.0
4.0,0.8571428571428571,1.0,460,-6.857142857142858,saudi,mappo,4042,2,42.0
0.0,1.0,1.0,207,0.0,saudi,mappo,4042,3,42.0
8.0,0.7142857142857143,0.7328918322295805,528,-13.714285714285714,saudi,mappo,4042,4,42.0
8.0,0.7142857142857143,0.7284768211920529,289,-13.714285714285714,saudi,mappo,4042,5,42.0
0.0,1.0,1.0,263,0.0,saudi,mappo,4042,6,42.0
13.0,0.5714285714285714,1.0,351,-21.571428571428573,saudi,mappo,4042,7,42.0
14.0,0.7142857142857143,0.7284768211920529,335,-19.714285714285715,saudi,mappo,4042,8,42.0
4.0,0.8571428571428571,0.7373068432671082,444,-6.857142857142858,saudi,mappo,4042,9,42.0
4.0,0.8571428571428571,0.7306843267108167,372,-6.857142857142858,saudi,mappo,4042,10,42.0
14.0,0.5714285714285714,1.0,393,-22.571428571428573,saudi,mappo,4042,11,42.0
4.0,0.8571428571428571,1.0,420,-6.857142857142858,saudi,mappo,4042,12,42.0
4.0,0.8571428571428571,1.0,418,-6.857142857142858,saudi,mappo,4042,13,42.0
8.0,0.7142857142857143,0.7328918322295805,513,-13.714285714285714,saudi,mappo,4042,14,42.0
14.0,0.7142857142857143,1.0,379,-19.714285714285715,saudi,mappo,42,0,1042.0
9.0,0.7142857142857143,1.0,253,-14.714285714285714,saudi,mappo,42,1,1042.0
21.0,0.42857142857142855,1.0,327,-32.42857142857143,saudi,mappo,42,2,1042.0
18.0,0.5714285714285714,1.0,406,-26.571428571428577,saudi,mappo,42,3,1042.0
13.0,0.5714285714285714,1.0,307,-21.571428571428573,saudi,mappo,42,4,1042.0
17.0,0.42857142857142855,1.0,495,-28.42857142857143,saudi,mappo,42,5,1042.0
18.0,0.5714285714285714,1.0,390,-26.571428571428577,saudi,mappo,42,6,1042.0
4.0,0.8571428571428571,1.0,336,-6.857142857142858,saudi,mappo,42,7,1042.0
17.0,0.42857142857142855,1.0,390,-28.42857142857143,saudi,mappo,42,8,1042.0
17.0,0.42857142857142855,1.0,570,-28.42857142857143,saudi,mappo,42,9,1042.0
17.0,0.42857142857142855,1.0,434,-28.42857142857143,saudi,mappo,42,10,1042.0
14.0,0.7142857142857143,1.0,369,-19.714285714285715,saudi,mappo,42,11,1042.0
4.0,0.8571428571428571,1.0,517,-6.857142857142858,saudi,mappo,42,12,1042.0
17.0,0.42857142857142855,1.0,593,-28.42857142857143,saudi,mappo,42,13,1042.0
17.0,0.42857142857142855,1.0,411,-28.42857142857143,saudi,mappo,42,14,1042.0
14.0,0.7142857142857143,1.0,423,-19.714285714285715,saudi,mappo,1042,0,1042.0
14.0,0.7142857142857143,1.0,322,-19.714285714285715,saudi,mappo,1042,1,1042.0
17.0,0.42857142857142855,1.0,380,-28.42857142857143,saudi,mappo,1042,2,1042.0
13.0,0.5714285714285714,1.0,430,-21.571428571428573,saudi,mappo,1042,3,1042.0
13.0,0.5714285714285714,1.0,249,-21.571428571428573,saudi,mappo,1042,4,1042.0
17.0,0.42857142857142855,1.0,460,-28.42857142857143,saudi,mappo,1042,5,1042.0
17.0,0.5714285714285714,1.0,299,-25.571428571428577,saudi,mappo,1042,6,1042.0
13.0,0.5714285714285714,1.0,438,-21.571428571428573,saudi,mappo,1042,7,1042.0
4.0,0.8571428571428571,1.0,444,-6.857142857142858,saudi,mappo,1042,8,1042.0
17.0,0.42857142857142855,1.0,466,-28.42857142857143,saudi,mappo,1042,9,1042.0
21.0,0.42857142857142855,1.0,315,-32.42857142857143,saudi,mappo,1042,10,1042.0
14.0,0.7142857142857143,1.0,325,-19.714285714285715,saudi,mappo,1042,11,1042.0
8.0,0.7142857142857143,0.7615894039735099,457,-13.714285714285714,saudi,mappo,1042,12,1042.0
17.0,0.42857142857142855,1.0,413,-28.42857142857143,saudi,mappo,1042,13,1042.0
17.0,0.42857142857142855,1.0,529,-28.42857142857143,saudi,mappo,1042,14,1042.0
17.0,0.42857142857142855,1.0,426,-28.42857142857143,saudi,mappo,2042,0,1042.0
13.0,0.5714285714285714,1.0,319,-21.571428571428573,saudi,mappo,2042,1,1042.0
17.0,0.42857142857142855,1.0,408,-28.42857142857143,saudi,mappo,2042,2,1042.0
4.0,0.8571428571428571,1.0,427,-6.857142857142858,saudi,mappo,2042,3,1042.0
8.0,0.7142857142857143,1.0,573,-13.714285714285714,saudi,mappo,2042,4,1042.0
27.0,0.2857142857142857,1.0,437,-41.285714285714285,saudi,mappo,2042,5,1042.0
21.0,0.42857142857142855,1.0,452,-32.42857142857143,saudi,mappo,2042,6,1042.0
17.0,0.42857142857142855,1.0,460,-28.42857142857143,saudi,mappo,2042,7,1042.0
13.0,0.5714285714285714,1.0,248,-21.571428571428573,saudi,mappo,2042,8,1042.0
14.0,0.7142857142857143,1.0,414,-19.714285714285715,saudi,mappo,2042,9,1042.0
9.0,0.7142857142857143,1.0,257,-14.714285714285714,saudi,mappo,2042,10,1042.0
17.0,0.42857142857142855,1.0,571,-28.42857142857143,saudi,mappo,2042,11,1042.0
18.0,0.5714285714285714,1.0,536,-26.571428571428577,saudi,mappo,2042,12,1042.0
17.0,0.5714285714285714,1.0,357,-25.571428571428577,saudi,mappo,2042,13,1042.0
7.0,0.7142857142857143,1.0,377,-12.714285714285714,saudi,mappo,2042,14,1042.0
13.0,0.5714285714285714,1.0,353,-21.571428571428573,saudi,mappo,3042,0,1042.0
18.0,0.5714285714285714,1.0,358,-26.571428571428577,saudi,mappo,3042,1,1042.0
17.0,0.42857142857142855,1.0,474,-28.42857142857143,saudi,mappo,3042,2,1042.0
17.0,0.5714285714285714,1.0,301,-25.571428571428577,saudi,mappo,3042,3,1042.0
17.0,0.42857142857142855,1.0,463,-28.42857142857143,saudi,mappo,3042,4,1042.0
17.0,0.5714285714285714,1.0,354,-25.571428571428577,saudi,mappo,3042,5,1042.0
13.0,0.5714285714285714,1.0,426,-21.571428571428573,saudi,mappo,3042,6,1042.0
13.0,0.5714285714285714,1.0,218,-21.571428571428573,saudi,mappo,3042,7,1042.0
27.0,0.2857142857142857,0.9911699779249448,440,-41.285714285714285,saudi,mappo,3042,8,1042.0
4.0,0.8571428571428571,1.0,410,-6.857142857142858,saudi,mappo,3042,9,1042.0
18.0,0.5714285714285714,1.0,510,-26.571428571428577,saudi,mappo,3042,10,1042.0
7.0,0.7142857142857143,1.0,366,-12.714285714285714,saudi,mappo,3042,11,1042.0
13.0,0.5714285714285714,1.0,414,-21.571428571428573,saudi,mappo,3042,12,1042.0
27.0,0.2857142857142857,0.9426048565121413,439,-41.285714285714285,saudi,mappo,3042,13,1042.0
18.0,0.5714285714285714,1.0,304,-26.571428571428577,saudi,mappo,3042,14,1042.0
17.0,0.5714285714285714,1.0,299,-25.571428571428577,saudi,mappo,4042,0,1042.0
18.0,0.5714285714285714,1.0,395,-26.571428571428577,saudi,mappo,4042,1,1042.0
17.0,0.42857142857142855,1.0,469,-28.42857142857143,saudi,mappo,4042,2,1042.0
17.0,0.42857142857142855,1.0,321,-28.42857142857143,saudi,mappo,4042,3,1042.0
8.0,0.7142857142857143,1.0,525,-13.714285714285714,saudi,mappo,4042,4,1042.0
21.0,0.42857142857142855,1.0,326,-32.42857142857143,saudi,mappo,4042,5,1042.0
17.0,0.5714285714285714,1.0,306,-25.571428571428577,saudi,mappo,4042,6,1042.0
4.0,0.8571428571428571,1.0,383,-6.857142857142858,saudi,mappo,4042,7,1042.0
27.0,0.2857142857142857,0.8035320088300221,370,-41.285714285714285,saudi,mappo,4042,8,1042.0
17.0,0.42857142857142855,1.0,472,-28.42857142857143,saudi,mappo,4042,9,1042.0
27.0,0.2857142857142857,1.0,450,-41.285714285714285,saudi,mappo,4042,10,1042.0
4.0,0.8571428571428571,1.0,429,-6.857142857142858,saudi,mappo,4042,11,1042.0
23.0,0.42857142857142855,1.0,462,-34.42857142857143,saudi,mappo,4042,12,1042.0
4.0,0.8571428571428571,0.7571743929359823,448,-6.857142857142858,saudi,mappo,4042,13,1042.0
8.0,0.7142857142857143,1.0,513,-13.714285714285714,saudi,mappo,4042,14,1042.0
8.0,0.7142857142857143,0.739514348785872,327,-13.714285714285714,saudi,mappo,42,0,2042.0
13.0,0.5714285714285714,0.8830022075055187,219,-21.571428571428573,saudi,mappo,42,1,2042.0
23.0,0.42857142857142855,1.0,327,-34.42857142857143,saudi,mappo,42,2,2042.0
27.0,0.2857142857142857,1.0,312,-41.285714285714285,saudi,mappo,42,3,2042.0
0.0,1.0,0.7086092715231788,120,-0.2,saudi,mappo,42,4,2042.0
4.0,0.8571428571428571,0.5342163355408388,281,-6.857142857142858,saudi,mappo,42,5,2042.0
0.0,1.0,0.5629139072847682,102,0.0,saudi,mappo,42,6,2042.0
0.0,1.0,0.9977924944812362,218,0.0,saudi,mappo,42,7,2042.0
4.0,0.8571428571428571,1.0,267,-6.857142857142858,saudi,mappo,42,8,2042.0
8.0,0.7142857142857143,0.5165562913907285,485,-13.714285714285714,saudi,mappo,42,9,2042.0
8.0,0.7142857142857143,0.45695364238410596,445,-13.814285714285713,saudi,mappo,42,10,2042.0
18.0,0.5714285714285714,0.9955849889624724,338,-26.571428571428577,saudi,mappo,42,11,2042.0
4.0,0.8571428571428571,0.7505518763796909,499,-6.857142857142858,saudi,mappo,42,12,2042.0
8.0,0.7142857142857143,0.5673289183222958,531,-13.714285714285714,saudi,mappo,42,13,2042.0
8.0,0.7142857142857143,0.4922737306843267,418,-13.714285714285714,saudi,mappo,42,14,2042.0
18.0,0.5714285714285714,0.847682119205298,329,-26.571428571428577,saudi,mappo,1042,0,2042.0
0.0,1.0,0.47902869757174393,86,0.0,saudi,mappo,1042,1,2042.0
4.0,0.8571428571428571,1.0,270,-6.857142857142858,saudi,mappo,1042,2,2042.0
4.0,0.8571428571428571,0.7704194260485652,316,-6.857142857142858,saudi,mappo,1042,3,2042.0
13.0,0.5714285714285714,0.7991169977924945,238,-21.571428571428573,saudi,mappo,1042,4,2042.0
8.0,0.7142857142857143,0.5342163355408388,426,-13.714285714285714,saudi,mappo,1042,5,2042.0
0.0,1.0,0.7814569536423841,99,0.0,saudi,mappo,1042,6,2042.0
18.0,0.5714285714285714,0.695364238410596,450,-26.771428571428572,saudi,mappo,1042,7,2042.0
4.0,0.8571428571428571,0.5231788079470199,398,-6.857142857142858,saudi,mappo,1042,8,2042.0
4.0,0.8571428571428571,0.5916114790286976,213,-6.857142857142858,saudi,mappo,1042,9,2042.0
4.0,0.8571428571428571,0.8145695364238411,263,-6.857142857142858,saudi,mappo,1042,10,2042.0
0.0,1.0,0.48123620309050774,88,0.0,saudi,mappo,1042,11,2042.0
4.0,0.8571428571428571,0.4856512141280353,305,-6.857142857142858,saudi,mappo,1042,12,2042.0
8.0,0.7142857142857143,0.4922737306843267,402,-13.714285714285714,saudi,mappo,1042,13,2042.0
8.0,0.7142857142857143,0.5187637969094923,428,-13.714285714285714,saudi,mappo,1042,14,2042.0
4.0,0.8571428571428571,0.7924944812362031,310,-6.857142857142858,saudi,mappo,2042,0,2042.0
0.0,1.0,0.8013245033112583,126,0.0,saudi,mappo,2042,1,2042.0
4.0,0.8571428571428571,1.0,294,-6.857142857142858,saudi,mappo,2042,2,2042.0
4.0,0.8571428571428571,0.7439293598233996,288,-6.857142857142858,saudi,mappo,2042,3,2042.0
8.0,0.7142857142857143,0.5165562913907285,516,-13.714285714285714,saudi,mappo,2042,4,2042.0
8.0,0.7142857142857143,0.4392935982339956,412,-14.014285714285712,saudi,mappo,2042,5,2042.0
0.0,1.0,0.7483443708609272,137,0.0,saudi,mappo,2042,6,2042.0
4.0,0.8571428571428571,0.5452538631346578,333,-6.857142857142858,saudi,mappo,2042,7,2042.0
13.0,0.5714285714285714,0.7991169977924945,238,-21.571428571428573,saudi,mappo,2042,8,2042.0
18.0,0.5714285714285714,0.8520971302428256,323,-26.571428571428577,saudi,mappo,2042,9,2042.0
4.0,0.8571428571428571,0.7902869757174393,229,-6.857142857142858,saudi,mappo,2042,10,2042.0
8.0,0.7142857142857143,0.5165562913907285,486,-13.714285714285714,saudi,mappo,2042,11,2042.0
4.0,0.8571428571428571,0.5231788079470199,492,-6.857142857142858,saudi,mappo,2042,12,2042.0
0.0,1.0,0.7792494481236203,106,0.0,saudi,mappo,2042,13,2042.0
4.0,0.8571428571428571,0.9867549668874173,259,-6.857142857142858,saudi,mappo,2042,14,2042.0
4.0,0.8571428571428571,0.5077262693156733,202,-6.857142857142858,saudi,mappo,3042,0,2042.0
4.0,0.8571428571428571,0.5474613686534217,344,-6.857142857142858,saudi,mappo,3042,1,2042.0
4.0,0.8571428571428571,0.5408388520971302,392,-6.857142857142858,saudi,mappo,3042,2,2042.0
0.0,1.0,0.7836644591611479,99,0.0,saudi,mappo,3042,3,2042.0
0.0,1.0,0.7615894039735099,224,0.0,saudi,mappo,3042,4,2042.0
0.0,1.0,0.7792494481236203,106,0.0,saudi,mappo,3042,5,2042.0
8.0,0.7142857142857143,0.44370860927152317,467,-13.914285714285715,saudi,mappo,3042,6,2042.0
13.0,0.5714285714285714,0.7041942604856513,246,-21.571428571428573,saudi,mappo,3042,7,2042.0
4.0,0.8571428571428571,0.7880794701986755,438,-6.857142857142858,saudi,mappo,3042,8,2042.0
4.0,0.8571428571428571,0.4503311258278146,287,-7.057142857142858,saudi,mappo,3042,9,2042.0
4.0,0.8571428571428571,0.5121412803532008,469,-6.857142857142858,saudi,mappo,3042,10,2042.0
4.0,0.8571428571428571,0.9867549668874173,255,-6.857142857142858,saudi,mappo,3042,11,2042.0
18.0,0.5714285714285714,0.695364238410596,427,-26.771428571428572,saudi,mappo,3042,12,2042.0
8.0,0.7142857142857143,0.4392935982339956,412,-14.014285714285712,saudi,mappo,3042,13,2042.0
8.0,0.7142857142857143,0.6909492273730684,350,-13.914285714285715,saudi,mappo,3042,14,2042.0
0.0,1.0,0.7814569536423841,99,0.0,saudi,mappo,4042,0,2042.0
4.0,0.8571428571428571,0.5298013245033113,371,-6.857142857142858,saudi,mappo,4042,1,2042.0
4.0,0.8571428571428571,0.7615894039735099,257,-6.857142857142858,saudi,mappo,4042,2,2042.0
4.0,0.8571428571428571,0.7637969094922737,227,-6.857142857142858,saudi,mappo,4042,3,2042.0
8.0,0.7142857142857143,0.543046357615894,499,-13.714285714285714,saudi,mappo,4042,4,2042.0
23.0,0.42857142857142855,0.9271523178807947,308,-34.528571428571425,saudi,mappo,4042,5,2042.0
0.0,1.0,0.7814569536423841,100,0.0,saudi,mappo,4042,6,2042.0
18.0,0.5714285714285714,0.8609271523178808,306,-26.571428571428577,saudi,mappo,4042,7,2042.0
4.0,0.8571428571428571,0.7262693156732892,289,-6.857142857142858,saudi,mappo,4042,8,2042.0
4.0,0.8571428571428571,0.7615894039735099,250,-6.857142857142858,saudi,mappo,4042,9,2042.0
8.0,0.7142857142857143,0.7108167770419426,422,-13.914285714285715,saudi,mappo,4042,10,2042.0
4.0,0.8571428571428571,0.7615894039735099,302,-6.857142857142858,saudi,mappo,4042,11,2042.0
4.0,0.8571428571428571,0.7461368653421634,341,-6.857142857142858,saudi,mappo,4042,12,2042.0
4.0,0.8571428571428571,0.445916114790287,343,-7.057142857142858,saudi,mappo,4042,13,2042.0
8.0,0.7142857142857143,0.543046357615894,469,-13.714285714285714,saudi,mappo,4042,14,2042.0
13.0,0.5714285714285714,1.0,242,-21.571428571428573,saudi,mappo,42,0,3042.0
13.0,0.5714285714285714,1.0,275,-21.571428571428573,saudi,mappo,42,1,3042.0
23.0,0.42857142857142855,1.0,322,-34.42857142857143,saudi,mappo,42,2,3042.0
17.0,0.42857142857142855,1.0,383,-28.42857142857143,saudi,mappo,42,3,3042.0
13.0,0.5714285714285714,1.0,339,-21.571428571428573,saudi,mappo,42,4,3042.0
17.0,0.42857142857142855,1.0,482,-28.42857142857143,saudi,mappo,42,5,3042.0
17.0,0.42857142857142855,1.0,406,-28.42857142857143,saudi,mappo,42,6,3042.0
17.0,0.42857142857142855,1.0,350,-28.42857142857143,saudi,mappo,42,7,3042.0
9.0,0.7142857142857143,1.0,332,-14.714285714285714,saudi,mappo,42,8,3042.0
17.0,0.42857142857142855,1.0,535,-28.42857142857143,saudi,mappo,42,9,3042.0
9.0,0.7142857142857143,1.0,310,-14.714285714285714,saudi,mappo,42,10,3042.0
13.0,0.5714285714285714,1.0,247,-21.571428571428573,saudi,mappo,42,11,3042.0
17.0,0.42857142857142855,1.0,527,-28.42857142857143,saudi,mappo,42,12,3042.0
17.0,0.42857142857142855,1.0,573,-28.42857142857143,saudi,mappo,42,13,3042.0
17.0,0.42857142857142855,1.0,449,-28.42857142857143,saudi,mappo,42,14,3042.0
17.0,0.42857142857142855,1.0,449,-28.42857142857143,saudi,mappo,1042,0,3042.0
17.0,0.42857142857142855,1.0,359,-28.42857142857143,saudi,mappo,1042,1,3042.0
13.0,0.5714285714285714,0.7836644591611479,384,-21.571428571428573,saudi,mappo,1042,2,3042.0
13.0,0.5714285714285714,0.8013245033112583,455,-21.571428571428573,saudi,mappo,1042,3,3042.0
13.0,0.5714285714285714,1.0,318,-21.571428571428573,saudi,mappo,1042,4,3042.0
17.0,0.42857142857142855,0.9911699779249448,431,-28.42857142857143,saudi,mappo,1042,5,3042.0
17.0,0.42857142857142855,0.8278145695364238,381,-28.42857142857143,saudi,mappo,1042,6,3042.0
17.0,0.42857142857142855,1.0,474,-28.42857142857143,saudi,mappo,1042,7,3042.0
17.0,0.42857142857142855,1.0,473,-28.42857142857143,saudi,mappo,1042,8,3042.0
13.0,0.5714285714285714,1.0,420,-21.571428571428573,saudi,mappo,1042,9,3042.0
23.0,0.42857142857142855,1.0,347,-34.42857142857143,saudi,mappo,1042,10,3042.0
17.0,0.42857142857142855,1.0,366,-28.42857142857143,saudi,mappo,1042,11,3042.0
17.0,0.42857142857142855,1.0,453,-28.42857142857143,saudi,mappo,1042,12,3042.0
17.0,0.42857142857142855,0.8763796909492274,436,-28.42857142857143,saudi,mappo,1042,13,3042.0
17.0,0.42857142857142855,1.0,523,-28.42857142857143,saudi,mappo,1042,14,3042.0
13.0,0.5714285714285714,1.0,421,-21.571428571428573,saudi,mappo,2042,0,3042.0
17.0,0.42857142857142855,1.0,355,-28.42857142857143,saudi,mappo,2042,1,3042.0
13.0,0.5714285714285714,0.8035320088300221,413,-21.571428571428573,saudi,mappo,2042,2,3042.0
17.0,0.42857142857142855,0.7991169977924945,428,-28.42857142857143,saudi,mappo,2042,3,3042.0
17.0,0.42857142857142855,1.0,534,-28.42857142857143,saudi,mappo,2042,4,3042.0
13.0,0.5714285714285714,1.0,409,-21.571428571428573,saudi,mappo,2042,5,3042.0
17.0,0.42857142857142855,1.0,450,-28.42857142857143,saudi,mappo,2042,6,3042.0
17.0,0.42857142857142855,0.8807947019867549,465,-28.42857142857143,saudi,mappo,2042,7,3042.0
13.0,0.5714285714285714,1.0,317,-21.571428571428573,saudi,mappo,2042,8,3042.0
17.0,0.42857142857142855,1.0,440,-28.42857142857143,saudi,mappo,2042,9,3042.0
17.0,0.42857142857142855,1.0,326,-28.42857142857143,saudi,mappo,2042,10,3042.0
17.0,0.42857142857142855,1.0,535,-28.42857142857143,saudi,mappo,2042,11,3042.0
17.0,0.42857142857142855,1.0,544,-28.428571428571427,saudi,mappo,2042,12,3042.0
17.0,0.42857142857142855,0.9911699779249448,401,-28.42857142857143,saudi,mappo,2042,13,3042.0
17.0,0.42857142857142855,1.0,366,-28.42857142857143,saudi,mappo,2042,14,3042.0
17.0,0.42857142857142855,1.0,383,-28.42857142857143,saudi,mappo,3042,0,3042.0
17.0,0.42857142857142855,1.0,384,-28.42857142857143,saudi,mappo,3042,1,3042.0
17.0,0.42857142857142855,0.8653421633554084,481,-28.42857142857143,saudi,mappo,3042,2,3042.0
17.0,0.42857142857142855,0.8278145695364238,383,-28.42857142857143,saudi,mappo,3042,3,3042.0
13.0,0.5714285714285714,0.8123620309050773,448,-21.571428571428573,saudi,mappo,3042,4,3042.0
17.0,0.42857142857142855,0.9911699779249448,401,-28.42857142857143,saudi,mappo,3042,5,3042.0
13.0,0.5714285714285714,1.0,437,-21.571428571428573,saudi,mappo,3042,6,3042.0
13.0,0.5714285714285714,0.9536423841059603,295,-21.571428571428573,saudi,mappo,3042,7,3042.0
13.0,0.5714285714285714,1.0,396,-21.571428571428573,saudi,mappo,3042,8,3042.0
17.0,0.42857142857142855,1.0,428,-28.42857142857143,saudi,mappo,3042,9,3042.0
13.0,0.5714285714285714,1.0,500,-21.571428571428573,saudi,mappo,3042,10,3042.0
13.0,0.5714285714285714,1.0,356,-21.571428571428573,saudi,mappo,3042,11,3042.0
17.0,0.42857142857142855,1.0,449,-28.42857142857143,saudi,mappo,3042,12,3042.0
13.0,0.5714285714285714,1.0,410,-21.571428571428573,saudi,mappo,3042,13,3042.0
17.0,0.42857142857142855,1.0,377,-28.42857142857143,saudi,mappo,3042,14,3042.0
17.0,0.42857142857142855,0.8278145695364238,381,-28.42857142857143,saudi,mappo,4042,0,3042.0
17.0,0.42857142857142855,1.0,406,-28.42857142857143,saudi,mappo,4042,1,3042.0
13.0,0.5714285714285714,0.8189845474613686,461,-21.671428571428574,saudi,mappo,4042,2,3042.0
17.0,0.42857142857142855,1.0,327,-28.42857142857143,saudi,mappo,4042,3,3042.0
17.0,0.42857142857142855,1.0,547,-28.42857142857143,saudi,mappo,4042,4,3042.0
23.0,0.42857142857142855,1.0,357,-34.42857142857143,saudi,mappo,4042,5,3042.0
13.0,0.5714285714285714,0.9977924944812362,226,-21.571428571428573,saudi,mappo,4042,6,3042.0
17.0,0.42857142857142855,1.0,422,-28.42857142857143,saudi,mappo,4042,7,3042.0
17.0,0.42857142857142855,1.0,412,-28.42857142857143,saudi,mappo,4042,8,3042.0
13.0,0.5714285714285714,0.8167770419426048,459,-21.671428571428574,saudi,mappo,4042,9,3042.0
13.0,0.5714285714285714,1.0,419,-21.571428571428573,saudi,mappo,4042,10,3042.0
17.0,0.42857142857142855,1.0,448,-28.42857142857143,saudi,mappo,4042,11,3042.0
13.0,0.5714285714285714,1.0,447,-21.571428571428573,saudi,mappo,4042,12,3042.0
17.0,0.42857142857142855,1.0,463,-28.42857142857143,saudi,mappo,4042,13,3042.0
17.0,0.42857142857142855,1.0,531,-28.42857142857143,saudi,mappo,4042,14,3042.0
7.0,0.7142857142857143,1.0,215,-12.714285714285714,saudi,mappo,42,0,4042.0
9.0,0.7142857142857143,0.7836644591611479,194,-14.714285714285714,saudi,mappo,42,1,4042.0
4.0,0.8571428571428571,1.0,232,-6.857142857142858,saudi,mappo,42,2,4042.0
23.0,0.42857142857142855,1.0,281,-34.42857142857143,saudi,mappo,42,3,4042.0
13.0,0.5714285714285714,1.0,188,-21.571428571428573,saudi,mappo,42,4,4042.0
0.0,1.0,1.0,78,0.0,saudi,mappo,42,5,4042.0
0.0,1.0,1.0,44,0.0,saudi,mappo,42,6,4042.0
4.0,0.8571428571428571,1.0,213,-6.857142857142858,saudi,mappo,42,7,4042.0
13.0,0.5714285714285714,1.0,243,-21.571428571428573,saudi,mappo,42,8,4042.0
0.0,1.0,1.0,390,0.0,saudi,mappo,42,9,4042.0
7.0,0.7142857142857143,1.0,255,-12.714285714285714,saudi,mappo,42,10,4042.0
7.0,0.7142857142857143,1.0,217,-12.714285714285714,saudi,mappo,42,11,4042.0
4.0,0.8571428571428571,1.0,351,-6.857142857142858,saudi,mappo,42,12,4042.0
0.0,1.0,1.0,391,0.0,saudi,mappo,42,13,4042.0
0.0,1.0,1.0,41,0.0,saudi,mappo,42,14,4042.0
7.0,0.7142857142857143,1.0,314,-12.714285714285714,saudi,mappo,1042,0,4042.0
4.0,0.8571428571428571,1.0,265,-6.857142857142858,saudi,mappo,1042,1,4042.0
13.0,0.5714285714285714,1.0,262,-21.571428571428573,saudi,mappo,1042,2,4042.0
13.0,0.5714285714285714,1.0,311,-21.571428571428573,saudi,mappo,1042,3,4042.0
9.0,0.7142857142857143,1.0,217,-14.714285714285714,saudi,mappo,1042,4,4042.0
0.0,1.0,1.0,111,0.0,saudi,mappo,1042,5,4042.0
4.0,0.8571428571428571,1.0,265,-6.857142857142858,saudi,mappo,1042,6,4042.0
0.0,1.0,1.0,35,0.0,saudi,mappo,1042,7,4042.0
4.0,0.8571428571428571,1.0,306,-6.857142857142858,saudi,mappo,1042,8,4042.0
0.0,1.0,1.0,112,0.0,saudi,mappo,1042,9,4042.0
4.0,0.8571428571428571,1.0,256,-6.857142857142858,saudi,mappo,1042,10,4042.0
4.0,0.8571428571428571,1.0,234,-6.857142857142858,saudi,mappo,1042,11,4042.0
7.0,0.7142857142857143,1.0,284,-12.714285714285714,saudi,mappo,1042,12,4042.0
0.0,1.0,1.0,41,0.0,saudi,mappo,1042,13,4042.0
0.0,1.0,1.0,32,0.0,saudi,mappo,1042,14,4042.0
13.0,0.5714285714285714,1.0,329,-21.571428571428573,saudi,mappo,2042,0,4042.0
0.0,1.0,1.0,117,0.0,saudi,mappo,2042,1,4042.0
13.0,0.5714285714285714,1.0,308,-21.571428571428573,saudi,mappo,2042,2,4042.0
4.0,0.8571428571428571,1.0,303,-6.857142857142858,saudi,mappo,2042,3,4042.0
0.0,1.0,1.0,361,0.0,saudi,mappo,2042,4,4042.0
17.0,0.5714285714285714,1.0,302,-25.571428571428577,saudi,mappo,2042,5,4042.0
4.0,0.8571428571428571,1.0,342,-6.857142857142858,saudi,mappo,2042,6,4042.0
0.0,1.0,1.0,100,0.0,saudi,mappo,2042,7,4042.0
9.0,0.7142857142857143,1.0,217,-14.714285714285714,saudi,mappo,2042,8,4042.0
7.0,0.7142857142857143,1.0,338,-12.714285714285714,saudi,mappo,2042,9,4042.0
13.0,0.5714285714285714,1.0,238,-21.571428571428573,saudi,mappo,2042,10,4042.0
0.0,1.0,1.0,390,0.0,saudi,mappo,2042,11,4042.0
0.0,1.0,1.0,142,0.0,saudi,mappo,2042,12,4042.0
4.0,0.8571428571428571,1.0,280,-6.857142857142858,saudi,mappo,2042,13,4042.0
7.0,0.7142857142857143,1.0,248,-12.714285714285714,saudi,mappo,2042,14,4042.0
0.0,1.0,1.0,83,0.0,saudi,mappo,3042,0,4042.0
0.0,1.0,1.0,87,0.0,saudi,mappo,3042,1,4042.0
0.0,1.0,1.0,110,0.0,saudi,mappo,3042,2,4042.0
4.0,0.8571428571428571,1.0,268,-6.857142857142858,saudi,mappo,3042,3,4042.0
0.0,1.0,1.0,131,0.0,saudi,mappo,3042,4,4042.0
4.0,0.8571428571428571,1.0,279,-6.857142857142858,saudi,mappo,3042,5,4042.0
0.0,1.0,1.0,168,0.0,saudi,mappo,3042,6,4042.0
9.0,0.7142857142857143,0.9757174392935982,157,-14.914285714285713,saudi,mappo,3042,7,4042.0
23.0,0.42857142857142855,1.0,341,-34.42857142857143,saudi,mappo,3042,8,4042.0
7.0,0.7142857142857143,1.0,257,-12.714285714285714,saudi,mappo,3042,9,4042.0
0.0,1.0,1.0,106,0.0,saudi,mappo,3042,10,4042.0
7.0,0.7142857142857143,1.0,245,-12.714285714285714,saudi,mappo,3042,11,4042.0
0.0,1.0,1.0,35,0.0,saudi,mappo,3042,12,4042.0
23.0,0.42857142857142855,1.0,309,-34.42857142857143,saudi,mappo,3042,13,4042.0
0.0,1.0,1.0,71,0.0,saudi,mappo,3042,14,4042.0
4.0,0.8571428571428571,1.0,265,-6.857142857142858,saudi,mappo,4042,0,4042.0
0.0,1.0,1.0,35,0.0,saudi,mappo,4042,1,4042.0
0.0,1.0,1.0,166,0.0,saudi,mappo,4042,2,4042.0
9.0,0.7142857142857143,1.0,239,-14.714285714285714,saudi,mappo,4042,3,4042.0
0.0,1.0,1.0,374,0.0,saudi,mappo,4042,4,4042.0
4.0,0.8571428571428571,1.0,262,-6.857142857142858,saudi,mappo,4042,5,4042.0
4.0,0.8571428571428571,1.0,271,-6.857142857142858,saudi,mappo,4042,6,4042.0
4.0,0.8571428571428571,1.0,265,-6.857142857142858,saudi,mappo,4042,7,4042.0
23.0,0.42857142857142855,1.0,309,-34.42857142857143,saudi,mappo,4042,8,4042.0
0.0,1.0,1.0,165,0.0,saudi,mappo,4042,9,4042.0
23.0,0.42857142857142855,1.0,318,-34.42857142857143,saudi,mappo,4042,10,4042.0
7.0,0.7142857142857143,1.0,282,-12.714285714285714,saudi,mappo,4042,11,4042.0
4.0,0.8571428571428571,1.0,353,-6.857142857142858,saudi,mappo,4042,12,4042.0
7.0,0.7142857142857143,1.0,334,-12.714285714285714,saudi,mappo,4042,13,4042.0
0.0,1.0,1.0,349,0.0,saudi,mappo,4042,14,4042.0
0.0,1.0,0.9249448123620309,118,-0.4,saudi,commnet,42,0,42.0
13.0,0.5714285714285714,0.9315673289183223,224,-21.771428571428572,saudi,commnet,42,1,42.0
14.0,0.7142857142857143,0.9602649006622517,249,-19.91428571428571,saudi,commnet,42,2,42.0
19.0,0.5714285714285714,0.9470198675496688,249,-28.07142857142857,saudi,commnet,42,3,42.0
6.0,0.8571428571428571,0.9094922737306843,119,-9.357142857142858,saudi,commnet,42,4,42.0
10.0,0.7142857142857143,0.9536423841059603,338,-16.014285714285712,saudi,commnet,42,5,42.0
0.0,1.0,0.7218543046357616,167,-0.30000000000000004,saudi,commnet,42,6,42.0
0.0,1.0,0.9668874172185431,131,-0.30000000000000004,saudi,commnet,42,7,42.0
9.0,0.7142857142857143,0.9381898454746137,215,-14.914285714285713,saudi,commnet,42,8,42.0
10.0,0.7142857142857143,0.9536423841059603,410,-16.014285714285712,saudi,commnet,42,9,42.0
4.0,0.8571428571428571,0.9315673289183223,271,-7.357142857142858,saudi,commnet,42,10,42.0
0.0,1.0,0.9249448123620309,119,-0.4,saudi,commnet,42,11,42.0
4.0,0.8571428571428571,0.9315673289183223,461,-7.357142857142858,saudi,commnet,42,12,42.0
0.0,1.0,0.9183222958057395,347,-0.4,saudi,commnet,42,13,42.0
0.0,1.0,0.9580573951434879,222,-0.30000000000000004,saudi,commnet,42,14,42.0
9.0,0.7142857142857143,0.7637969094922737,343,-14.814285714285713,saudi,commnet,1042,0,42.0
4.0,0.8571428571428571,1.0,250,-6.857142857142858,saudi,commnet,1042,1,42.0
19.0,0.5714285714285714,0.9381898454746137,214,-27.771428571428572,saudi,commnet,1042,2,42.0
23.0,0.42857142857142855,0.6865342163355408,348,-34.628571428571426,saudi,commnet,1042,3,42.0
13.0,0.5714285714285714,0.8896247240618101,243,-21.771428571428572,saudi,commnet,1042,4,42.0
0.0,1.0,0.9580573951434879,264,-0.30000000000000004,saudi,commnet,1042,5,42.0
10.0,0.8571428571428571,0.9602649006622517,250,-13.157142857142857,saudi,commnet,1042,6,42.0
4.0,0.8571428571428571,0.6887417218543046,379,-7.257142857142858,saudi,commnet,1042,7,42.0
4.0,0.8571428571428571,0.9028697571743929,357,-7.357142857142858,saudi,commnet,1042,8,42.0
0.0,1.0,0.9072847682119205,299,-0.30000000000000004,saudi,commnet,1042,9,42.0
10.0,0.8571428571428571,0.7019867549668874,243,-13.157142857142857,saudi,commnet,1042,10,42.0
8.0,0.7142857142857143,1.0,258,-13.714285714285714,saudi,commnet,1042,11,42.0
14.0,0.7142857142857143,0.8565121412803532,336,-19.91428571428571,saudi,commnet,1042,12,42.0
4.0,0.8571428571428571,0.9426048565121413,299,-7.1571428571428575,saudi,commnet,1042,13,42.0
10.0,0.7142857142857143,0.869757174392936,390,-16.014285714285712,saudi,commnet,1042,14,42.0
23.0,0.42857142857142855,0.6821192052980133,368,-34.528571428571425,saudi,commnet,2042,0,42.0
0.0,1.0,0.9271523178807947,126,-0.40000000000000036,saudi,commnet,2042,1,42.0
19.0,0.5714285714285714,0.6865342163355408,278,-27.771428571428572,saudi,commnet,2042,2,42.0
0.0,1.0,0.9668874172185431,248,-0.30000000000000004,saudi,commnet,2042,3,42.0
10.0,0.7142857142857143,0.8300220750551877,424,-16.014285714285712,saudi,commnet,2042,4,42.0
6.0,0.8571428571428571,0.9867549668874173,293,-8.957142857142857,saudi,commnet,2042,5,42.0
14.0,0.7142857142857143,0.6843267108167771,365,-20.014285714285712,saudi,commnet,2042,6,42.0
0.0,1.0,0.9580573951434879,333,-0.30000000000000004,saudi,commnet,2042,7,42.0
13.0,0.5714285714285714,0.8896247240618101,242,-21.771428571428572,saudi,commnet,2042,8,42.0
4.0,0.8571428571428571,0.6887417218543046,357,-7.157142857142857,saudi,commnet,2042,9,42.0
13.0,0.5714285714285714,0.9050772626931567,197,-21.771428571428572,saudi,commnet,2042,10,42.0
10.0,0.7142857142857143,0.9536423841059603,411,-16.014285714285712,saudi,commnet,2042,11,42.0
0.0,1.0,0.7483443708609272,393,-0.7,saudi,commnet,2042,12,42.0
10.0,0.8571428571428571,0.9359823399558499,249,-13.157142857142857,saudi,commnet,2042,13,42.0
23.0,0.42857142857142855,0.8543046357615894,275,-34.528571428571425,saudi,commnet,2042,14,42.0
0.0,1.0,0.6865342163355408,137,-0.4,saudi,commnet,3042,0,42.0
0.0,1.0,0.9470198675496688,102,-0.30000000000000004,saudi,commnet,3042,1,42.0
0.0,1.0,0.9580573951434879,327,-0.30000000000000004,saudi,commnet,3042,2,42.0
10.0,0.8571428571428571,0.9602649006622517,266,-13.157142857142857,saudi,commnet,3042,3,42.0
14.0,0.7142857142857143,0.6887417218543046,399,-20.114285714285714,saudi,commnet,3042,4,42.0
14.0,0.7142857142857143,0.9668874172185431,276,-19.91428571428571,saudi,commnet,3042,5,42.0
4.0,0.8571428571428571,0.6821192052980133,355,-7.257142857142858,saudi,commnet,3042,6,42.0
13.0,0.5714285714285714,0.9249448123620309,237,-21.771428571428572,saudi,commnet,3042,7,42.0
23.0,0.42857142857142855,0.9867549668874173,329,-34.528571428571425,saudi,commnet,3042,8,42.0
16.0,0.7142857142857143,0.6909492273730684,243,-21.91428571428571,saudi,commnet,3042,9,42.0
0.0,1.0,0.9337748344370861,387,-0.4,saudi,commnet,3042,10,42.0
14.0,0.7142857142857143,0.7593818984547461,271,-19.91428571428571,saudi,commnet,3042,11,42.0
4.0,0.8571428571428571,0.6865342163355408,315,-7.257142857142858,saudi,commnet,3042,12,42.0
10.0,0.8571428571428571,0.6821192052980133,292,-13.257142857142856,saudi,commnet,3042,13,42.0
24.0,0.42857142857142855,0.6821192052980133,279,-35.72857142857143,saudi,commnet,3042,14,42.0
10.0,0.8571428571428571,0.9602649006622517,250,-13.157142857142857,saudi,commnet,4042,0,42.0
0.0,1.0,0.9470198675496688,127,-0.30000000000000004,saudi,commnet,4042,1,42.0
14.0,0.7142857142857143,0.6865342163355408,411,-20.114285714285714,saudi,commnet,4042,2,42.0
13.0,0.5714285714285714,0.6865342163355408,208,-21.771428571428572,saudi,commnet,4042,3,42.0
0.0,1.0,0.9580573951434879,351,-0.30000000000000004,saudi,commnet,4042,4,42.0
10.0,0.8571428571428571,0.7019867549668874,248,-13.157142857142857,saudi,commnet,4042,5,42.0
14.0,0.7142857142857143,0.9690949227373068,248,-19.91428571428571,saudi,commnet,4042,6,42.0
18.0,0.5714285714285714,0.6821192052980133,328,-27.071428571428577,saudi,commnet,4042,7,42.0
10.0,0.8571428571428571,0.6821192052980133,320,-13.057142857142857,saudi,commnet,4042,8,42.0
14.0,0.7142857142857143,0.8123620309050773,409,-20.114285714285714,saudi,commnet,4042,9,42.0
20.0,0.5714285714285714,0.7262693156732892,314,-28.771428571428572,saudi,commnet,4042,10,42.0
14.0,0.7142857142857143,0.8543046357615894,332,-19.91428571428571,saudi,commnet,4042,11,42.0
10.0,0.8571428571428571,0.7593818984547461,348,-13.257142857142856,saudi,commnet,4042,12,42.0
20.0,0.5714285714285714,0.6997792494481236,370,-28.771428571428572,saudi,commnet,4042,13,42.0
4.0,0.8571428571428571,0.7262693156732892,458,-7.1571428571428575,saudi,commnet,4042,14,42.0
10.0,0.7142857142857143,1.0,164,-15.714285714285714,saudi,commnet,42,0,1042.0
23.0,0.42857142857142855,1.0,150,-34.42857142857143,saudi,commnet,42,1,1042.0
27.0,0.2857142857142857,0.6975717439293598,293,-41.285714285714285,saudi,commnet,42,2,1042.0
16.0,0.7142857142857143,1.0,144,-21.714285714285715,saudi,commnet,42,3,1042.0
9.0,0.7142857142857143,1.0,107,-14.714285714285714,saudi,commnet,42,4,1042.0
10.0,0.7142857142857143,1.0,73,-15.714285714285714,saudi,commnet,42,5,1042.0
6.0,0.8571428571428571,1.0,74,-8.857142857142858,saudi,commnet,42,6,1042.0
6.0,0.8571428571428571,1.0,134,-8.857142857142858,saudi,commnet,42,7,1042.0
9.0,0.7142857142857143,1.0,118,-14.714285714285714,saudi,commnet,42,8,1042.0
10.0,0.7142857142857143,1.0,385,-15.714285714285714,saudi,commnet,42,9,1042.0
10.0,0.7142857142857143,1.0,207,-15.714285714285714,saudi,commnet,42,10,1042.0
10.0,0.7142857142857143,1.0,175,-15.714285714285714,saudi,commnet,42,11,1042.0
24.0,0.42857142857142855,1.0,498,-35.42857142857143,saudi,commnet,42,12,1042.0
6.0,0.8571428571428571,0.7041942604856513,104,-8.857142857142858,saudi,commnet,42,13,1042.0
6.0,0.8571428571428571,1.0,76,-8.857142857142858,saudi,commnet,42,14,1042.0
24.0,0.42857142857142855,1.0,337,-35.42857142857143,saudi,commnet,1042,0,1042.0
24.0,0.42857142857142855,0.9094922737306843,198,-36.02857142857143,saudi,commnet,1042,1,1042.0
23.0,0.42857142857142855,1.0,261,-34.42857142857143,saudi,commnet,1042,2,1042.0
27.0,0.2857142857142857,1.0,344,-41.285714285714285,saudi,commnet,1042,3,1042.0
23.0,0.42857142857142855,1.0,175,-34.42857142857143,saudi,commnet,1042,4,1042.0
10.0,0.7142857142857143,1.0,262,-15.714285714285714,saudi,commnet,1042,5,1042.0
14.0,0.5714285714285714,1.0,285,-22.571428571428573,saudi,commnet,1042,6,1042.0
6.0,0.8571428571428571,1.0,73,-8.857142857142858,saudi,commnet,1042,7,1042.0
24.0,0.42857142857142855,1.0,395,-35.42857142857143,saudi,commnet,1042,8,1042.0
10.0,0.7142857142857143,1.0,277,-15.714285714285714,saudi,commnet,1042,9,1042.0
18.0,0.5714285714285714,0.9911699779249448,270,-26.67142857142857,saudi,commnet,1042,10,1042.0
24.0,0.42857142857142855,0.9161147902869757,205,-35.72857142857143,saudi,commnet,1042,11,1042.0
10.0,0.7142857142857143,0.9955849889624724,272,-15.714285714285714,saudi,commnet,1042,12,1042.0
6.0,0.8571428571428571,1.0,76,-8.857142857142858,saudi,commnet,1042,13,1042.0
10.0,0.7142857142857143,1.0,201,-15.714285714285714,saudi,commnet,1042,14,1042.0
17.0,0.42857142857142855,1.0,318,-28.42857142857143,saudi,commnet,2042,0,1042.0
6.0,0.8571428571428571,1.0,102,-8.857142857142858,saudi,commnet,2042,1,1042.0
9.0,0.7142857142857143,1.0,162,-14.714285714285714,saudi,commnet,2042,2,1042.0
6.0,0.8571428571428571,1.0,243,-8.857142857142858,saudi,commnet,2042,3,1042.0
14.0,0.7142857142857143,1.0,440,-19.714285714285715,saudi,commnet,2042,4,1042.0
24.0,0.42857142857142855,1.0,293,-35.42857142857143,saudi,commnet,2042,5,1042.0
14.0,0.5714285714285714,1.0,367,-22.571428571428573,saudi,commnet,2042,6,1042.0
10.0,0.7142857142857143,1.0,168,-15.714285714285714,saudi,commnet,2042,7,1042.0
23.0,0.42857142857142855,1.0,175,-34.42857142857143,saudi,commnet,2042,8,1042.0
24.0,0.42857142857142855,1.0,360,-35.42857142857143,saudi,commnet,2042,9,1042.0
9.0,0.7142857142857143,1.0,171,-14.714285714285714,saudi,commnet,2042,10,1042.0
10.0,0.7142857142857143,1.0,386,-15.714285714285714,saudi,commnet,2042,11,1042.0
6.0,0.8571428571428571,0.7041942604856513,107,-8.857142857142858,saudi,commnet,2042,12,1042.0
14.0,0.7142857142857143,1.0,263,-19.714285714285715,saudi,commnet,2042,13,1042.0
16.0,0.7142857142857143,1.0,157,-21.714285714285715,saudi,commnet,2042,14,1042.0
6.0,0.8571428571428571,1.0,41,-8.857142857142858,saudi,commnet,3042,0,1042.0
6.0,0.8571428571428571,1.0,60,-8.857142857142858,saudi,commnet,3042,1,1042.0
6.0,0.8571428571428571,1.0,200,-8.857142857142858,saudi,commnet,3042,2,1042.0
14.0,0.5714285714285714,1.0,288,-22.571428571428573,saudi,commnet,3042,3,1042.0
10.0,0.7142857142857143,1.0,283,-15.714285714285714,saudi,commnet,3042,4,1042.0
14.0,0.7142857142857143,1.0,256,-19.714285714285715,saudi,commnet,3042,5,1042.0
10.0,0.7142857142857143,1.0,175,-15.714285714285714,saudi,commnet,3042,6,1042.0
9.0,0.7142857142857143,1.0,82,-14.714285714285714,saudi,commnet,3042,7,1042.0
24.0,0.42857142857142855,1.0,379,-35.42857142857143,saudi,commnet,3042,8,1042.0
24.0,0.42857142857142855,0.8013245033112583,297,-35.42857142857143,saudi,commnet,3042,9,1042.0
10.0,0.7142857142857143,0.7041942604856513,164,-15.714285714285714,saudi,commnet,3042,10,1042.0
16.0,0.7142857142857143,1.0,150,-21.714285714285715,saudi,commnet,3042,11,1042.0
6.0,0.8571428571428571,1.0,73,-8.857142857142858,saudi,commnet,3042,12,1042.0
24.0,0.42857142857142855,1.0,296,-35.42857142857143,saudi,commnet,3042,13,1042.0
20.0,0.5714285714285714,1.0,237,-28.571428571428577,saudi,commnet,3042,14,1042.0
14.0,0.5714285714285714,1.0,285,-22.571428571428573,saudi,commnet,4042,0,1042.0
6.0,0.8571428571428571,1.0,61,-8.857142857142858,saudi,commnet,4042,1,1042.0
10.0,0.7142857142857143,1.0,324,-15.714285714285714,saudi,commnet,4042,2,1042.0
9.0,0.7142857142857143,1.0,150,-14.714285714285714,saudi,commnet,4042,3,1042.0
10.0,0.7142857142857143,1.0,250,-15.714285714285714,saudi,commnet,4042,4,1042.0
16.0,0.7142857142857143,0.977924944812362,273,-21.814285714285713,saudi,commnet,4042,5,1042.0
14.0,0.5714285714285714,1.0,290,-22.571428571428573,saudi,commnet,4042,6,1042.0
10.0,0.7142857142857143,1.0,204,-15.714285714285714,saudi,commnet,4042,7,1042.0
16.0,0.7142857142857143,1.0,201,-21.714285714285715,saudi,commnet,4042,8,1042.0
10.0,0.7142857142857143,1.0,316,-15.714285714285714,saudi,commnet,4042,9,1042.0
24.0,0.42857142857142855,1.0,279,-35.42857142857143,saudi,commnet,4042,10,1042.0
10.0,0.7142857142857143,0.9403973509933775,237,-15.714285714285714,saudi,commnet,4042,11,1042.0
10.0,0.7142857142857143,1.0,128,-15.714285714285714,saudi,commnet,4042,12,1042.0
24.0,0.42857142857142855,0.7019867549668874,440,-35.42857142857143,saudi,commnet,4042,13,1042.0
6.0,0.8571428571428571,1.0,127,-8.857142857142858,saudi,commnet,4042,14,1042.0
4.0,0.8571428571428571,0.7130242825607064,184,-7.1571428571428575,saudi,commnet,42,0,2042.0
23.0,0.42857142857142855,0.8984547461368654,216,-34.528571428571425,saudi,commnet,42,1,2042.0
18.0,0.5714285714285714,0.6997792494481236,339,-26.771428571428572,saudi,commnet,42,2,2042.0
14.0,0.7142857142857143,1.0,239,-19.714285714285715,saudi,commnet,42,3,2042.0
0.0,1.0,0.7902869757174393,121,-0.30000000000000004,saudi,commnet,42,4,2042.0
6.0,0.8571428571428571,0.739514348785872,152,-9.157142857142858,saudi,commnet,42,5,2042.0
6.0,0.8571428571428571,0.7947019867549668,127,-9.157142857142858,saudi,commnet,42,6,2042.0
20.0,0.5714285714285714,0.869757174392936,279,-28.67142857142857,saudi,commnet,42,7,2042.0
23.0,0.42857142857142855,0.6865342163355408,294,-34.528571428571425,saudi,commnet,42,8,2042.0
0.0,1.0,0.6843267108167771,229,-0.30000000000000004,saudi,commnet,42,9,2042.0
18.0,0.5714285714285714,0.8631346578366446,378,-26.67142857142857,saudi,commnet,42,10,2042.0
4.0,0.8571428571428571,0.7152317880794702,195,-7.1571428571428575,saudi,commnet,42,11,2042.0
4.0,0.8571428571428571,0.8410596026490066,452,-7.1571428571428575,saudi,commnet,42,12,2042.0
0.0,1.0,0.8741721854304636,231,-0.2,saudi,commnet,42,13,2042.0
6.0,0.8571428571428571,0.8631346578366446,147,-9.157142857142858,saudi,commnet,42,14,2042.0
14.0,0.7142857142857143,0.7108167770419426,361,-19.814285714285713,saudi,commnet,1042,0,2042.0
18.0,0.5714285714285714,0.6843267108167771,283,-26.871428571428574,saudi,commnet,1042,1,2042.0
23.0,0.42857142857142855,0.6865342163355408,303,-34.528571428571425,saudi,commnet,1042,2,2042.0
27.0,0.2857142857142857,0.7041942604856513,416,-41.38571428571428,saudi,commnet,1042,3,2042.0
23.0,0.42857142857142855,0.6865342163355408,265,-34.528571428571425,saudi,commnet,1042,4,2042.0
0.0,1.0,0.6865342163355408,156,-0.30000000000000004,saudi,commnet,1042,5,2042.0
14.0,0.7142857142857143,0.6931567328918322,289,-19.91428571428571,saudi,commnet,1042,6,2042.0
6.0,0.8571428571428571,0.8344370860927153,150,-9.157142857142858,saudi,commnet,1042,7,2042.0
4.0,0.8571428571428571,0.6887417218543046,274,-7.1571428571428575,saudi,commnet,1042,8,2042.0
0.0,1.0,0.6865342163355408,161,-0.30000000000000004,saudi,commnet,1042,9,2042.0
18.0,0.5714285714285714,0.6887417218543046,288,-26.771428571428572,saudi,commnet,1042,10,2042.0
18.0,0.5714285714285714,0.9602649006622517,262,-26.771428571428572,saudi,commnet,1042,11,2042.0
14.0,0.7142857142857143,0.8278145695364238,396,-19.91428571428571,saudi,commnet,1042,12,2042.0
6.0,0.8571428571428571,0.8587196467991169,143,-9.157142857142858,saudi,commnet,1042,13,2042.0
6.0,0.8571428571428571,0.7350993377483444,181,-9.157142857142858,saudi,commnet,1042,14,2042.0
27.0,0.2857142857142857,0.6865342163355408,403,-41.38571428571428,saudi,commnet,2042,0,2042.0
0.0,1.0,0.8079470198675497,127,-0.30000000000000004,saudi,commnet,2042,1,2042.0
27.0,0.2857142857142857,0.6865342163355408,356,-41.38571428571428,saudi,commnet,2042,2,2042.0
23.0,0.42857142857142855,0.9757174392935982,367,-34.42857142857143,saudi,commnet,2042,3,2042.0
0.0,1.0,0.8565121412803532,245,-0.30000000000000004,saudi,commnet,2042,4,2042.0
18.0,0.5714285714285714,0.9072847682119205,358,-26.771428571428572,saudi,commnet,2042,5,2042.0
18.0,0.5714285714285714,0.6931567328918322,388,-26.771428571428572,saudi,commnet,2042,6,2042.0
0.0,1.0,0.6843267108167771,176,-0.30000000000000004,saudi,commnet,2042,7,2042.0
23.0,0.42857142857142855,0.6865342163355408,265,-34.528571428571425,saudi,commnet,2042,8,2042.0
14.0,0.7142857142857143,0.9271523178807947,366,-19.814285714285713,saudi,commnet,2042,9,2042.0
23.0,0.42857142857142855,0.6865342163355408,251,-34.528571428571425,saudi,commnet,2042,10,2042.0
0.0,1.0,0.6843267108167771,230,-0.30000000000000004,saudi,commnet,2042,11,2042.0
0.0,1.0,0.8520971302428256,210,-0.2,saudi,commnet,2042,12,2042.0
14.0,0.7142857142857143,0.8807947019867549,286,-19.814285714285713,saudi,commnet,2042,13,2042.0
27.0,0.2857142857142857,0.6865342163355408,316,-41.285714285714285,saudi,commnet,2042,14,2042.0
6.0,0.8571428571428571,0.8167770419426048,110,-9.157142857142858,saudi,commnet,3042,0,2042.0
18.0,0.5714285714285714,0.695364238410596,321,-26.771428571428572,saudi,commnet,3042,1,2042.0
0.0,1.0,0.6843267108167771,185,-0.30000000000000004,saudi,commnet,3042,2,2042.0
14.0,0.7142857142857143,0.7571743929359823,292,-19.91428571428571,saudi,commnet,3042,3,2042.0
0.0,1.0,0.6865342163355408,267,-0.30000000000000004,saudi,commnet,3042,4,2042.0
10.0,0.8571428571428571,0.8807947019867549,280,-12.957142857142857,saudi,commnet,3042,5,2042.0
4.0,0.8571428571428571,0.6865342163355408,356,-7.1571428571428575,saudi,commnet,3042,6,2042.0
23.0,0.42857142857142855,0.6865342163355408,231,-34.528571428571425,saudi,commnet,3042,7,2042.0
14.0,0.7142857142857143,0.9955849889624724,389,-19.714285714285715,saudi,commnet,3042,8,2042.0
14.0,0.7142857142857143,0.7019867549668874,338,-19.91428571428571,saudi,commnet,3042,9,2042.0
0.0,1.0,0.8388520971302428,195,-0.2,saudi,commnet,3042,10,2042.0
14.0,0.7142857142857143,0.695364238410596,282,-19.91428571428571,saudi,commnet,3042,11,2042.0
6.0,0.8571428571428571,0.7571743929359823,136,-9.157142857142858,saudi,commnet,3042,12,2042.0
18.0,0.5714285714285714,0.9072847682119205,365,-26.771428571428572,saudi,commnet,3042,13,2042.0
9.0,0.7142857142857143,0.6843267108167771,82,-14.914285714285713,saudi,commnet,3042,14,2042.0
14.0,0.7142857142857143,0.6931567328918322,289,-19.91428571428571,saudi,commnet,4042,0,2042.0
18.0,0.5714285714285714,0.6865342163355408,349,-26.871428571428574,saudi,commnet,4042,1,2042.0
4.0,0.8571428571428571,0.8211920529801324,301,-7.1571428571428575,saudi,commnet,4042,2,2042.0
23.0,0.42857142857142855,0.6865342163355408,254,-34.528571428571425,saudi,commnet,4042,3,2042.0
0.0,1.0,0.6887417218543046,220,-0.2,saudi,commnet,4042,4,2042.0
18.0,0.5714285714285714,0.6997792494481236,327,-26.771428571428572,saudi,commnet,4042,5,2042.0
14.0,0.7142857142857143,0.7615894039735099,293,-19.91428571428571,saudi,commnet,4042,6,2042.0
10.0,0.7142857142857143,0.7086092715231788,253,-15.714285714285714,saudi,commnet,4042,7,2042.0
18.0,0.5714285714285714,0.6931567328918322,369,-26.67142857142857,saudi,commnet,4042,8,2042.0
4.0,0.8571428571428571,0.6865342163355408,296,-7.1571428571428575,saudi,commnet,4042,9,2042.0
18.0,0.5714285714285714,0.717439293598234,385,-26.771428571428572,saudi,commnet,4042,10,2042.0
14.0,0.7142857142857143,0.7064017660044151,381,-19.91428571428571,saudi,commnet,4042,11,2042.0
18.0,0.5714285714285714,0.7019867549668874,430,-26.871428571428574,saudi,commnet,4042,12,2042.0
14.0,0.7142857142857143,0.7041942604856513,412,-19.91428571428571,saudi,commnet,4042,13,2042.0
0.0,1.0,0.6843267108167771,210,-0.30000000000000004,saudi,commnet,4042,14,2042.0
4.0,0.8571428571428571,1.0,176,-6.857142857142858,saudi,commnet,42,0,3042.0
13.0,0.5714285714285714,0.9359823399558499,219,-21.571428571428573,saudi,commnet,42,1,3042.0
18.0,0.5714285714285714,1.0,328,-26.571428571428577,saudi,commnet,42,2,3042.0
6.0,0.8571428571428571,0.9977924944812362,242,-8.857142857142858,saudi,commnet,42,3,3042.0
6.0,0.8571428571428571,0.9713024282560706,125,-8.857142857142858,saudi,commnet,42,4,3042.0
8.0,0.7142857142857143,1.0,421,-13.714285714285714,saudi,commnet,42,5,3042.0
4.0,0.8571428571428571,0.9845474613686535,249,-6.857142857142858,saudi,commnet,42,6,3042.0
10.0,0.7142857142857143,0.8631346578366446,228,-15.714285714285714,saudi,commnet,42,7,3042.0
13.0,0.5714285714285714,1.0,233,-21.571428571428573,saudi,commnet,42,8,3042.0
4.0,0.8571428571428571,1.0,488,-6.857142857142858,saudi,commnet,42,9,3042.0
8.0,0.7142857142857143,0.9580573951434879,356,-13.714285714285714,saudi,commnet,42,10,3042.0
4.0,0.8571428571428571,0.8830022075055187,164,-6.857142857142858,saudi,commnet,42,11,3042.0
8.0,0.7142857142857143,1.0,543,-13.714285714285714,saudi,commnet,42,12,3042.0
4.0,0.8571428571428571,1.0,362,-6.857142857142858,saudi,commnet,42,13,3042.0
0.0,1.0,1.0,190,0.0,saudi,commnet,42,14,3042.0
8.0,0.7142857142857143,0.9977924944812362,393,-13.714285714285714,saudi,commnet,1042,0,3042.0
8.0,0.7142857142857143,1.0,263,-13.714285714285714,saudi,commnet,1042,1,3042.0
13.0,0.5714285714285714,0.7417218543046358,266,-21.571428571428573,saudi,commnet,1042,2,3042.0
17.0,0.42857142857142855,0.9867549668874173,421,-28.42857142857143,saudi,commnet,1042,3,3042.0
13.0,0.5714285714285714,0.8587196467991169,210,-21.571428571428573,saudi,commnet,1042,4,3042.0
8.0,0.7142857142857143,1.0,364,-13.714285714285714,saudi,commnet,1042,5,3042.0
0.0,1.0,0.8189845474613686,235,0.0,saudi,commnet,1042,6,3042.0
0.0,1.0,1.0,229,0.0,saudi,commnet,1042,7,3042.0
8.0,0.7142857142857143,0.8653421633554084,419,-13.714285714285714,saudi,commnet,1042,8,3042.0
8.0,0.7142857142857143,1.0,373,-13.714285714285714,saudi,commnet,1042,9,3042.0
18.0,0.5714285714285714,1.0,306,-26.571428571428577,saudi,commnet,1042,10,3042.0
8.0,0.7142857142857143,0.9889624724061811,283,-13.714285714285714,saudi,commnet,1042,11,3042.0
10.0,0.7142857142857143,0.9470198675496688,347,-15.714285714285714,saudi,commnet,1042,12,3042.0
0.0,1.0,1.0,196,0.0,saudi,commnet,1042,13,3042.0
0.0,1.0,1.0,282,0.0,saudi,commnet,1042,14,3042.0
17.0,0.42857142857142855,0.7130242825607064,380,-28.42857142857143,saudi,commnet,2042,0,3042.0
0.0,1.0,0.9050772626931567,126,-0.1,saudi,commnet,2042,1,3042.0
13.0,0.5714285714285714,1.0,257,-21.571428571428573,saudi,commnet,2042,2,3042.0
14.0,0.5714285714285714,1.0,389,-22.571428571428573,saudi,commnet,2042,3,3042.0
8.0,0.7142857142857143,1.0,492,-13.714285714285714,saudi,commnet,2042,4,3042.0
4.0,0.8571428571428571,1.0,292,-6.857142857142858,saudi,commnet,2042,5,3042.0
18.0,0.5714285714285714,1.0,437,-26.571428571428577,saudi,commnet,2042,6,3042.0
4.0,0.8571428571428571,0.9249448123620309,281,-6.857142857142858,saudi,commnet,2042,7,3042.0
13.0,0.5714285714285714,0.8587196467991169,210,-21.571428571428573,saudi,commnet,2042,8,3042.0
8.0,0.7142857142857143,0.9977924944812362,371,-13.714285714285714,saudi,commnet,2042,9,3042.0
13.0,0.5714285714285714,0.9448123620309051,206,-21.771428571428572,saudi,commnet,2042,10,3042.0
4.0,0.8571428571428571,1.0,489,-6.857142857142858,saudi,commnet,2042,11,3042.0
4.0,0.8571428571428571,0.9933774834437086,286,-6.857142857142858,saudi,commnet,2042,12,3042.0
18.0,0.5714285714285714,1.0,355,-26.571428571428577,saudi,commnet,2042,13,3042.0
6.0,0.8571428571428571,1.0,230,-8.857142857142858,saudi,commnet,2042,14,3042.0
0.0,1.0,1.0,130,0.0,saudi,commnet,3042,0,3042.0
4.0,0.8571428571428571,1.0,132,-6.857142857142858,saudi,commnet,3042,1,3042.0
4.0,0.8571428571428571,1.0,288,-6.857142857142858,saudi,commnet,3042,2,3042.0
0.0,1.0,0.8300220750551877,239,0.0,saudi,commnet,3042,3,3042.0
18.0,0.5714285714285714,1.0,440,-26.571428571428577,saudi,commnet,3042,4,3042.0
18.0,0.5714285714285714,1.0,351,-26.571428571428577,saudi,commnet,3042,5,3042.0
8.0,0.7142857142857143,0.8167770419426048,415,-13.714285714285714,saudi,commnet,3042,6,3042.0
9.0,0.7142857142857143,0.9889624724061811,98,-14.714285714285714,saudi,commnet,3042,7,3042.0
18.0,0.5714285714285714,0.8300220750551877,395,-26.571428571428577,saudi,commnet,3042,8,3042.0
8.0,0.7142857142857143,0.8587196467991169,340,-13.714285714285714,saudi,commnet,3042,9,3042.0
4.0,0.8571428571428571,0.9911699779249448,220,-6.857142857142858,saudi,commnet,3042,10,3042.0
6.0,0.8571428571428571,1.0,144,-8.857142857142858,saudi,commnet,3042,11,3042.0
0.0,1.0,1.0,207,0.0,saudi,commnet,3042,12,3042.0
4.0,0.8571428571428571,1.0,294,-6.857142857142858,saudi,commnet,3042,13,3042.0
8.0,0.7142857142857143,0.9801324503311258,290,-13.714285714285714,saudi,commnet,3042,14,3042.0
0.0,1.0,0.8189845474613686,235,0.0,saudi,commnet,4042,0,3042.0
4.0,0.8571428571428571,1.0,216,-6.857142857142858,saudi,commnet,4042,1,3042.0
4.0,0.8571428571428571,0.9580573951434879,477,-6.857142857142858,saudi,commnet,4042,2,3042.0
13.0,0.5714285714285714,1.0,185,-21.571428571428573,saudi,commnet,4042,3,3042.0
8.0,0.7142857142857143,1.0,406,-13.714285714285714,saudi,commnet,4042,4,3042.0
18.0,0.5714285714285714,1.0,315,-26.571428571428577,saudi,commnet,4042,5,3042.0
18.0,0.5714285714285714,0.7615894039735099,327,-26.571428571428577,saudi,commnet,4042,6,3042.0
8.0,0.7142857142857143,0.9977924944812362,368,-13.714285714285714,saudi,commnet,4042,7,3042.0
4.0,0.8571428571428571,0.8344370860927153,280,-6.857142857142858,saudi,commnet,4042,8,3042.0
18.0,0.5714285714285714,0.9889624724061811,419,-26.67142857142857,saudi,commnet,4042,9,3042.0
18.0,0.5714285714285714,0.9933774834437086,390,-26.571428571428577,saudi,commnet,4042,10,3042.0
10.0,0.7142857142857143,0.7880794701986755,320,-15.914285714285713,saudi,commnet,4042,11,3042.0
4.0,0.8571428571428571,0.9205298013245033,408,-6.857142857142858,saudi,commnet,4042,12,3042.0
18.0,0.5714285714285714,0.9933774834437086,432,-26.571428571428577,saudi,commnet,4042,13,3042.0
4.0,0.8571428571428571,1.0,319,-6.857142857142858,saudi,commnet,4042,14,3042.0
10.0,0.7142857142857143,0.5982339955849889,196,-16.114285714285714,saudi,commnet,42,0,4042.0
13.0,0.5714285714285714,0.6909492273730684,216,-21.67142857142857,saudi,commnet,42,1,4042.0
24.0,0.42857142857142855,0.9337748344370861,343,-35.528571428571425,saudi,commnet,42,2,4042.0
23.0,0.42857142857142855,0.9690949227373068,234,-34.528571428571425,saudi,commnet,42,3,4042.0
6.0,0.8571428571428571,0.6600441501103753,125,-9.257142857142858,saudi,commnet,42,4,4042.0
24.0,0.42857142857142855,0.6181015452538632,470,-35.82857142857143,saudi,commnet,42,5,4042.0
10.0,0.7142857142857143,0.5695364238410596,268,-16.114285714285714,saudi,commnet,42,6,4042.0
6.0,0.8571428571428571,0.8874172185430463,193,-9.757142857142854,saudi,commnet,42,7,4042.0
13.0,0.5714285714285714,0.9514348785871964,257,-21.67142857142857,saudi,commnet,42,8,4042.0
14.0,0.5714285714285714,0.5761589403973509,530,-22.971428571428575,saudi,commnet,42,9,4042.0
14.0,0.5714285714285714,0.6600441501103753,400,-22.971428571428575,saudi,commnet,42,10,4042.0
10.0,0.7142857142857143,0.6004415011037527,208,-16.114285714285714,saudi,commnet,42,11,4042.0
24.0,0.42857142857142855,0.423841059602649,550,-35.628571428571426,saudi,commnet,42,12,4042.0
24.0,0.42857142857142855,0.3818984547461369,588,-35.82857142857143,saudi,commnet,42,13,4042.0
24.0,0.42857142857142855,0.6158940397350994,447,-35.82857142857143,saudi,commnet,42,14,4042.0
24.0,0.42857142857142855,0.9161147902869757,435,-35.628571428571426,saudi,commnet,1042,0,4042.0
13.0,0.5714285714285714,0.7637969094922737,247,-21.971428571428575,saudi,commnet,1042,1,4042.0
13.0,0.5714285714285714,0.9801324503311258,263,-21.67142857142857,saudi,commnet,1042,2,4042.0
17.0,0.42857142857142855,0.7306843267108167,352,-28.528571428571425,saudi,commnet,1042,3,4042.0
19.0,0.5714285714285714,0.9050772626931567,221,-27.771428571428572,saudi,commnet,1042,4,4042.0
24.0,0.42857142857142855,0.6203090507726269,452,-35.82857142857143,saudi,commnet,1042,5,4042.0
27.0,0.2857142857142857,0.9448123620309051,304,-41.48571428571428,saudi,commnet,1042,6,4042.0
24.0,0.42857142857142855,0.5960264900662252,460,-35.82857142857143,saudi,commnet,1042,7,4042.0
24.0,0.42857142857142855,0.45695364238410596,470,-35.628571428571426,saudi,commnet,1042,8,4042.0
24.0,0.42857142857142855,0.6490066225165563,467,-35.82857142857143,saudi,commnet,1042,9,4042.0
24.0,0.42857142857142855,0.4768211920529801,320,-35.628571428571426,saudi,commnet,1042,10,4042.0
13.0,0.5714285714285714,0.6843267108167771,252,-21.971428571428575,saudi,commnet,1042,11,4042.0
20.0,0.5714285714285714,0.6799116997792495,388,-28.571428571428577,saudi,commnet,1042,12,4042.0
24.0,0.42857142857142855,0.6070640176600441,432,-35.82857142857143,saudi,commnet,1042,13,4042.0
24.0,0.42857142857142855,0.6644591611479028,513,-35.82857142857143,saudi,commnet,1042,14,4042.0
13.0,0.5714285714285714,0.6975717439293598,362,-21.67142857142857,saudi,commnet,2042,0,4042.0
6.0,0.8571428571428571,0.6512141280353201,131,-9.257142857142858,saudi,commnet,2042,1,4042.0
13.0,0.5714285714285714,0.8520971302428256,256,-22.17142857142857,saudi,commnet,2042,2,4042.0
27.0,0.2857142857142857,0.45916114790286977,396,-41.48571428571428,saudi,commnet,2042,3,4042.0
14.0,0.5714285714285714,0.5518763796909493,547,-22.971428571428575,saudi,commnet,2042,4,4042.0
24.0,0.42857142857142855,0.434878587196468,382,-35.628571428571426,saudi,commnet,2042,5,4042.0
27.0,0.2857142857142857,0.9448123620309051,434,-41.48571428571428,saudi,commnet,2042,6,4042.0
24.0,0.42857142857142855,0.6379690949227373,489,-35.82857142857143,saudi,commnet,2042,7,4042.0
19.0,0.5714285714285714,0.9050772626931567,221,-27.771428571428572,saudi,commnet,2042,8,4042.0
20.0,0.5714285714285714,0.7218543046357616,380,-28.771428571428572,saudi,commnet,2042,9,4042.0
19.0,0.5714285714285714,0.9161147902869757,200,-27.771428571428572,saudi,commnet,2042,10,4042.0
14.0,0.5714285714285714,0.739514348785872,523,-22.971428571428575,saudi,commnet,2042,11,4042.0
24.0,0.42857142857142855,0.7086092715231788,549,-35.82857142857143,saudi,commnet,2042,12,4042.0
24.0,0.42857142857142855,0.5055187637969095,368,-35.628571428571426,saudi,commnet,2042,13,4042.0
19.0,0.5714285714285714,0.8852097130242825,232,-28.07142857142858,saudi,commnet,2042,14,4042.0
10.0,0.7142857142857143,0.5320088300220751,207,-16.114285714285714,saudi,commnet,3042,0,4042.0
24.0,0.42857142857142855,0.4105960264900662,362,-35.628571428571426,saudi,commnet,3042,1,4042.0
24.0,0.42857142857142855,0.6887417218543046,513,-35.82857142857143,saudi,commnet,3042,2,4042.0
27.0,0.2857142857142857,0.9293598233995585,308,-41.48571428571428,saudi,commnet,3042,3,4042.0
14.0,0.5714285714285714,0.673289183222958,462,-22.971428571428575,saudi,commnet,3042,4,4042.0
24.0,0.42857142857142855,0.5033112582781457,362,-35.628571428571426,saudi,commnet,3042,5,4042.0
14.0,0.5714285714285714,0.6644591611479028,469,-22.971428571428575,saudi,commnet,3042,6,4042.0
23.0,0.42857142857142855,0.9536423841059603,246,-34.628571428571426,saudi,commnet,3042,7,4042.0
16.0,0.7142857142857143,0.9381898454746137,362,-22.014285714285712,saudi,commnet,3042,8,4042.0
24.0,0.42857142857142855,0.4392935982339956,381,-35.82857142857143,saudi,commnet,3042,9,4042.0
24.0,0.42857142857142855,0.6865342163355408,522,-35.82857142857143,saudi,commnet,3042,10,4042.0
27.0,0.2857142857142857,0.5960264900662252,319,-41.285714285714285,saudi,commnet,3042,11,4042.0
24.0,0.42857142857142855,0.5584988962472406,422,-35.82857142857143,saudi,commnet,3042,12,4042.0
24.0,0.42857142857142855,0.434878587196468,383,-35.628571428571426,saudi,commnet,3042,13,4042.0
6.0,0.8571428571428571,0.5607064017660044,80,-9.257142857142858,saudi,commnet,3042,14,4042.0
27.0,0.2857142857142857,0.9448123620309051,304,-41.48571428571428,saudi,commnet,4042,0,4042.0
24.0,0.42857142857142855,0.40618101545253865,394,-35.628571428571426,saudi,commnet,4042,1,4042.0
14.0,0.5714285714285714,0.6710816777041942,491,-22.971428571428575,saudi,commnet,4042,2,4042.0
13.0,0.5714285714285714,0.977924944812362,244,-21.67142857142857,saudi,commnet,4042,3,4042.0
24.0,0.42857142857142855,0.6181015452538632,556,-35.82857142857143,saudi,commnet,4042,4,4042.0
24.0,0.42857142857142855,0.7041942604856513,332,-35.528571428571425,saudi,commnet,4042,5,4042.0
27.0,0.2857142857142857,0.9293598233995585,306,-41.48571428571428,saudi,commnet,4042,6,4042.0
10.0,0.7142857142857143,0.609271523178808,261,-16.114285714285714,saudi,commnet,4042,7,4042.0
20.0,0.5714285714285714,0.6843267108167771,342,-29.171428571428578,saudi,commnet,4042,8,4042.0
14.0,0.5714285714285714,0.6666666666666666,487,-22.971428571428575,saudi,commnet,4042,9,4042.0
16.0,0.7142857142857143,0.9249448123620309,318,-21.91428571428571,saudi,commnet,4042,10,4042.0
18.0,0.5714285714285714,0.7064017660044151,382,-27.27142857142858,saudi,commnet,4042,11,4042.0
14.0,0.5714285714285714,0.6357615894039735,412,-22.971428571428575,saudi,commnet,4042,12,4042.0
24.0,0.42857142857142855,0.434878587196468,468,-35.82857142857143,saudi,commnet,4042,13,4042.0
24.0,0.42857142857142855,0.7041942604856513,540,-35.82857142857143,saudi,commnet,4042,14,4042.0
4.0,0.8571428571428571,1.0,112,-6.857142857142858,saudi,hiercomm_heur,42,0,42.0
9.0,0.7142857142857143,0.9230769230769231,33,-14.714285714285714,saudi,hiercomm_heur,42,1,42.0
14.0,0.7142857142857143,0.9911699779249448,177,-19.814285714285717,saudi,hiercomm_heur,42,2,42.0
13.0,0.7142857142857143,0.8013245033112583,118,-18.814285714285713,saudi,hiercomm_heur,42,3,42.0
6.0,0.8571428571428571,0.9470198675496688,86,-8.957142857142857,saudi,hiercomm_heur,42,4,42.0
0.0,1.0,1.0,0,0.0,saudi,hiercomm_heur,42,5,42.0
0.0,1.0,1.0,0,0.0,saudi,hiercomm_heur,42,6,42.0
7.0,0.7142857142857143,0.9823399558498896,197,-12.714285714285714,saudi,hiercomm_heur,42,7,42.0
9.0,0.7142857142857143,0.994535519125683,49,-14.714285714285714,saudi,hiercomm_heur,42,8,42.0
4.0,0.8571428571428571,0.9955849889624724,282,-6.857142857142858,saudi,hiercomm_heur,42,9,42.0
0.0,1.0,1.0,128,0.0,saudi,hiercomm_heur,42,10,42.0
4.0,0.8571428571428571,0.9889624724061811,160,-6.957142857142857,saudi,hiercomm_heur,42,11,42.0
7.0,0.7142857142857143,0.9293598233995585,216,-12.914285714285715,saudi,hiercomm_heur,42,12,42.0
8.0,0.7142857142857143,0.9977924944812362,370,-13.714285714285714,saudi,hiercomm_heur,42,13,42.0
4.0,0.8571428571428571,0.9536423841059603,206,-6.857142857142858,saudi,hiercomm_heur,42,14,42.0
8.0,0.7142857142857143,1.0,197,-13.714285714285715,saudi,hiercomm_heur,1042,0,42.0
4.0,0.8571428571428571,0.8763796909492274,143,-6.857142857142859,saudi,hiercomm_heur,1042,1,42.0
9.0,0.7142857142857143,0.8123620309050773,75,-14.814285714285713,saudi,hiercomm_heur,1042,2,42.0
13.0,0.5714285714285714,0.8410596026490066,353,-21.571428571428573,saudi,hiercomm_heur,1042,3,42.0
9.0,0.7142857142857143,0.7902869757174393,76,-14.914285714285713,saudi,hiercomm_heur,1042,4,42.0
8.0,0.7142857142857143,0.9602649006622517,341,-14.114285714285712,saudi,hiercomm_heur,1042,5,42.0
10.0,0.8571428571428571,0.9801324503311258,126,-13.057142857142857,saudi,hiercomm_heur,1042,6,42.0
8.0,0.7142857142857143,0.9690949227373068,282,-13.714285714285714,saudi,hiercomm_heur,1042,7,42.0
3.0,0.8571428571428571,0.9977924944812362,199,-5.857142857142858,saudi,hiercomm_heur,1042,8,42.0
8.0,0.7142857142857143,0.9426048565121413,368,-14.414285714285711,saudi,hiercomm_heur,1042,9,42.0
17.0,0.5714285714285714,0.977924944812362,193,-25.771428571428572,saudi,hiercomm_heur,1042,10,42.0
4.0,0.8571428571428571,1.0,149,-6.857142857142859,saudi,hiercomm_heur,1042,11,42.0
8.0,0.7142857142857143,0.9955849889624724,309,-13.714285714285714,saudi,hiercomm_heur,1042,12,42.0
4.0,0.8571428571428571,0.9470198675496688,175,-6.857142857142858,saudi,hiercomm_heur,1042,13,42.0
0.0,1.0,1.0,0,0.0,saudi,hiercomm_heur,1042,14,42.0
13.0,0.5714285714285714,0.8852097130242825,213,-21.771428571428572,saudi,hiercomm_heur,2042,0,42.0
0.0,1.0,0.9933774834437086,41,0.0,saudi,hiercomm_heur,2042,1,42.0
17.0,0.42857142857142855,1.0,348,-28.42857142857143,saudi,hiercomm_heur,2042,2,42.0
7.0,0.7142857142857143,1.0,225,-12.714285714285714,saudi,hiercomm_heur,2042,3,42.0
8.0,0.7142857142857143,0.9668874172185431,361,-14.114285714285712,saudi,hiercomm_heur,2042,4,42.0
14.0,0.7142857142857143,0.9050772626931567,200,-20.31428571428571,saudi,hiercomm_heur,2042,5,42.0
4.0,0.8571428571428571,1.0,202,-6.857142857142858,saudi,hiercomm_heur,2042,6,42.0
18.0,0.5714285714285714,0.9801324503311258,374,-26.67142857142857,saudi,hiercomm_heur,2042,7,42.0
9.0,0.7142857142857143,0.7902869757174393,76,-14.914285714285713,saudi,hiercomm_heur,2042,8,42.0
4.0,0.8571428571428571,0.9867549668874173,187,-6.957142857142859,saudi,hiercomm_heur,2042,9,42.0
9.0,0.7142857142857143,0.8675496688741722,137,-14.714285714285714,saudi,hiercomm_heur,2042,10,42.0
4.0,0.8571428571428571,0.9955849889624724,316,-6.857142857142858,saudi,hiercomm_heur,2042,11,42.0
0.0,1.0,0.9977924944812362,206,0.0,saudi,hiercomm_heur,2042,12,42.0
10.0,0.8571428571428571,0.9713024282560706,144,-13.157142857142857,saudi,hiercomm_heur,2042,13,42.0
3.0,0.8571428571428571,0.9977924944812362,130,-5.857142857142858,saudi,hiercomm_heur,2042,14,42.0
0.0,1.0,1.0,0,0.0,saudi,hiercomm_heur,3042,0,42.0
0.0,1.0,1.0,1,0.0,saudi,hiercomm_heur,3042,1,42.0
18.0,0.5714285714285714,0.9690949227373068,381,-26.67142857142857,saudi,hiercomm_heur,3042,2,42.0
14.0,0.7142857142857143,0.977924944812362,199,-19.814285714285713,saudi,hiercomm_heur,3042,3,42.0
4.0,0.8571428571428571,0.9955849889624724,237,-6.857142857142858,saudi,hiercomm_heur,3042,4,42.0
10.0,0.8571428571428571,0.9492273730684326,217,-13.257142857142856,saudi,hiercomm_heur,3042,5,42.0
3.0,0.8571428571428571,0.9116997792494481,179,-5.857142857142858,saudi,hiercomm_heur,3042,6,42.0
9.0,0.7142857142857143,0.8830022075055187,69,-14.814285714285713,saudi,hiercomm_heur,3042,7,42.0
10.0,0.8571428571428571,0.9955849889624724,151,-12.857142857142858,saudi,hiercomm_heur,3042,8,42.0
0.0,1.0,0.8962472406181016,153,0.0,saudi,hiercomm_heur,3042,9,42.0
0.0,1.0,1.0,8,0.0,saudi,hiercomm_heur,3042,10,42.0
3.0,0.8571428571428571,0.9977924944812362,127,-5.857142857142858,saudi,hiercomm_heur,3042,11,42.0
0.0,1.0,1.0,0,0.0,saudi,hiercomm_heur,3042,12,42.0
0.0,1.0,0.9624724061810155,154,-0.19999999999999965,saudi,hiercomm_heur,3042,13,42.0
4.0,0.8571428571428571,0.9889624724061811,174,-6.957142857142857,saudi,hiercomm_heur,3042,14,42.0
10.0,0.8571428571428571,0.9646799116997793,200,-13.157142857142857,saudi,hiercomm_heur,4042,0,42.0
0.0,1.0,1.0,0,0.0,saudi,hiercomm_heur,4042,1,42.0
0.0,1.0,0.9735099337748344,173,-0.19999999999999965,saudi,hiercomm_heur,4042,2,42.0
13.0,0.5714285714285714,0.7969094922737306,198,-21.67142857142857,saudi,hiercomm_heur,4042,3,42.0
8.0,0.7142857142857143,0.9955849889624724,351,-13.714285714285714,saudi,hiercomm_heur,4042,4,42.0
14.0,0.7142857142857143,0.9801324503311258,216,-19.814285714285713,saudi,hiercomm_heur,4042,5,42.0
10.0,0.8571428571428571,0.9977924944812362,147,-12.857142857142858,saudi,hiercomm_heur,4042,6,42.0
4.0,0.8571428571428571,0.9580573951434879,180,-6.857142857142859,saudi,hiercomm_heur,4042,7,42.0
8.0,0.7142857142857143,0.9293598233995585,223,-13.714285714285714,saudi,hiercomm_heur,4042,8,42.0
4.0,0.8571428571428571,0.9911699779249448,320,-6.957142857142857,saudi,hiercomm_heur,4042,9,42.0
3.0,0.8571428571428571,0.9823399558498896,143,-5.957142857142857,saudi,hiercomm_heur,4042,10,42.0
4.0,0.8571428571428571,0.9161147902869757,190,-6.957142857142857,saudi,hiercomm_heur,4042,11,42.0
0.0,1.0,1.0,147,0.0,saudi,hiercomm_heur,4042,12,42.0
0.0,1.0,0.9911699779249448,129,0.0,saudi,hiercomm_heur,4042,13,42.0
8.0,0.7142857142857143,0.9823399558498896,378,-13.714285714285714,saudi,hiercomm_heur,4042,14,42.0
8.0,0.7142857142857143,0.9646799116997793,287,-14.014285714285714,saudi,hiercomm_heur,42,0,1042.0
9.0,0.7142857142857143,1.0,121,-14.714285714285714,saudi,hiercomm_heur,42,1,1042.0
14.0,0.7142857142857143,0.972972972972973,191,-19.814285714285713,saudi,hiercomm_heur,42,2,1042.0
14.0,0.7142857142857143,0.9690949227373068,174,-20.01428571428572,saudi,hiercomm_heur,42,3,1042.0
13.0,0.5714285714285714,1.0,320,-21.571428571428573,saudi,hiercomm_heur,42,4,1042.0
10.0,0.8571428571428571,1.0,183,-12.857142857142858,saudi,hiercomm_heur,42,5,1042.0
0.0,1.0,1.0,0,0.0,saudi,hiercomm_heur,42,6,1042.0
13.0,0.7142857142857143,0.9514348785871964,173,-18.714285714285715,saudi,hiercomm_heur,42,7,1042.0
9.0,0.7142857142857143,0.9973544973544973,175,-14.714285714285714,saudi,hiercomm_heur,42,8,1042.0
8.0,0.7142857142857143,0.9249448123620309,444,-13.714285714285714,saudi,hiercomm_heur,42,9,1042.0
4.0,0.8571428571428571,0.9911699779249448,227,-6.857142857142858,saudi,hiercomm_heur,42,10,1042.0
8.0,0.7142857142857143,0.9580573951434879,317,-13.914285714285715,saudi,hiercomm_heur,42,11,1042.0
14.0,0.7142857142857143,0.9853479853479854,193,-19.814285714285713,saudi,hiercomm_heur,42,12,1042.0
4.0,0.8571428571428571,0.9050772626931567,227,-6.857142857142858,saudi,hiercomm_heur,42,13,1042.0
0.0,1.0,1.0,0,0.0,saudi,hiercomm_heur,42,14,1042.0
8.0,0.7142857142857143,0.9668874172185431,290,-13.814285714285715,saudi,hiercomm_heur,1042,0,1042.0
4.0,0.8571428571428571,1.0,207,-6.857142857142859,saudi,hiercomm_heur,1042,1,1042.0
19.0,0.5714285714285714,0.9028697571743929,168,-27.571428571428573,saudi,hiercomm_heur,1042,2,1042.0
13.0,0.7142857142857143,0.9580573951434879,369,-18.714285714285715,saudi,hiercomm_heur,1042,3,1042.0
9.0,0.7142857142857143,1.0,132,-14.714285714285714,saudi,hiercomm_heur,1042,4,1042.0
8.0,0.7142857142857143,0.9867549668874173,282,-13.714285714285714,saudi,hiercomm_heur,1042,5,1042.0
14.0,0.7142857142857143,1.0,185,-19.714285714285715,saudi,hiercomm_heur,1042,6,1042.0
0.0,1.0,1.0,0,0.0,saudi,hiercomm_heur,1042,7,1042.0
7.0,0.7142857142857143,0.9933774834437086,354,-12.714285714285714,saudi,hiercomm_heur,1042,8,1042.0
14.0,0.7142857142857143,0.9955849889624724,213,-19.714285714285715,saudi,hiercomm_heur,1042,9,1042.0
14.0,0.7142857142857143,0.9889624724061811,149,-19.814285714285713,saudi,hiercomm_heur,1042,10,1042.0
8.0,0.7142857142857143,0.9977924944812362,280,-13.714285714285715,saudi,hiercomm_heur,1042,11,1042.0
14.0,0.7142857142857143,0.9426048565121413,283,-19.714285714285715,saudi,hiercomm_heur,1042,12,1042.0
0.0,1.0,1.0,0,0.0,saudi,hiercomm_heur,1042,13,1042.0
4.0,0.8571428571428571,0.9933774834437086,220,-6.857142857142858,saudi,hiercomm_heur,1042,14,1042.0
9.0,0.7142857142857143,1.0,194,-14.714285714285714,saudi,hiercomm_heur,2042,0,1042.0
17.0,0.42857142857142855,0.9006622516556292,245,-28.42857142857143,saudi,hiercomm_heur,2042,1,1042.0
19.0,0.5714285714285714,1.0,226,-27.571428571428573,saudi,hiercomm_heur,2042,2,1042.0
19.0,0.5714285714285714,0.9954337899543378,173,-27.671428571428574,saudi,hiercomm_heur,2042,3,1042.0
14.0,0.7142857142857143,0.9823399558498896,206,-19.714285714285715,saudi,hiercomm_heur,2042,4,1042.0
14.0,0.7142857142857143,0.9955849889624724,328,-19.714285714285715,saudi,hiercomm_heur,2042,5,1042.0
14.0,0.7142857142857143,1.0,258,-19.714285714285715,saudi,hiercomm_heur,2042,6,1042.0
0.0,1.0,1.0,0,0.0,saudi,hiercomm_heur,2042,7,1042.0
9.0,0.7142857142857143,1.0,132,-14.714285714285714,saudi,hiercomm_heur,2042,8,1042.0
4.0,0.8571428571428571,0.9977924944812362,241,-6.857142857142859,saudi,hiercomm_heur,2042,9,1042.0
13.0,0.5714285714285714,1.0,259,-21.571428571428573,saudi,hiercomm_heur,2042,10,1042.0
8.0,0.7142857142857143,0.9249448123620309,449,-13.714285714285714,saudi,hiercomm_heur,2042,11,1042.0
0.0,1.0,1.0,0,0.0,saudi,hiercomm_heur,2042,12,1042.0
14.0,0.7142857142857143,0.9977924944812362,214,-19.714285714285715,saudi,hiercomm_heur,2042,13,1042.0
14.0,0.7142857142857143,1.0,202,-19.714285714285715,saudi,hiercomm_heur,2042,14,1042.0
14.0,0.7142857142857143,0.9949494949494949,188,-19.714285714285715,saudi,hiercomm_heur,3042,0,1042.0
4.0,0.8571428571428571,0.9911699779249448,167,-6.857142857142858,saudi,hiercomm_heur,3042,1,1042.0
0.0,1.0,1.0,0,0.0,saudi,hiercomm_heur,3042,2,1042.0
18.0,0.5714285714285714,1.0,256,-26.571428571428577,saudi,hiercomm_heur,3042,3,1042.0
4.0,0.8571428571428571,1.0,372,-6.857142857142859,saudi,hiercomm_heur,3042,4,1042.0
14.0,0.7142857142857143,0.9823399558498896,224,-19.814285714285717,saudi,hiercomm_heur,3042,5,1042.0
14.0,0.7142857142857143,0.9801324503311258,203,-19.814285714285717,saudi,hiercomm_heur,3042,6,1042.0
13.0,0.5714285714285714,0.8741721854304636,212,-21.571428571428573,saudi,hiercomm_heur,3042,7,1042.0
14.0,0.7142857142857143,1.0,317,-19.714285714285715,saudi,hiercomm_heur,3042,8,1042.0
14.0,0.7142857142857143,0.9602649006622517,246,-19.914285714285718,saudi,hiercomm_heur,3042,9,1042.0
18.0,0.5714285714285714,1.0,403,-26.571428571428573,saudi,hiercomm_heur,3042,10,1042.0
14.0,0.7142857142857143,0.9977924944812362,233,-19.714285714285715,saudi,hiercomm_heur,3042,11,1042.0
0.0,1.0,1.0,0,0.0,saudi,hiercomm_heur,3042,12,1042.0
14.0,0.7142857142857143,1.0,221,-19.714285714285715,saudi,hiercomm_heur,3042,13,1042.0
8.0,0.7142857142857143,0.9403973509933775,252,-13.714285714285714,saudi,hiercomm_heur,3042,14,1042.0
14.0,0.7142857142857143,1.0,185,-19.714285714285715,saudi,hiercomm_heur,4042,0,1042.0
8.0,0.7142857142857143,0.9823399558498896,318,-13.714285714285714,saudi,hiercomm_heur,4042,1,1042.0
8.0,0.7142857142857143,1.0,339,-13.714285714285714,saudi,hiercomm_heur,4042,2,1042.0
19.0,0.5714285714285714,0.9580573951434879,148,-27.971428571428575,saudi,hiercomm_heur,4042,3,1042.0
8.0,0.7142857142857143,1.0,428,-13.714285714285714,saudi,hiercomm_heur,4042,4,1042.0
14.0,0.7142857142857143,0.9911699779249448,186,-19.714285714285715,saudi,hiercomm_heur,4042,5,1042.0
14.0,0.7142857142857143,1.0,210,-19.714285714285715,saudi,hiercomm_heur,4042,6,1042.0
7.0,0.7142857142857143,0.9828178694158075,211,-12.814285714285715,saudi,hiercomm_heur,4042,7,1042.0
14.0,0.7142857142857143,0.9823399558498896,191,-19.814285714285717,saudi,hiercomm_heur,4042,8,1042.0
14.0,0.7142857142857143,0.9801324503311258,304,-19.914285714285718,saudi,hiercomm_heur,4042,9,1042.0
14.0,0.7142857142857143,1.0,267,-19.714285714285715,saudi,hiercomm_heur,4042,10,1042.0
18.0,0.5714285714285714,1.0,352,-26.571428571428577,saudi,hiercomm_heur,4042,11,1042.0
14.0,0.7142857142857143,0.9845474613686535,273,-19.814285714285717,saudi,hiercomm_heur,4042,12,1042.0
14.0,0.7142857142857143,1.0,202,-19.714285714285715,saudi,hiercomm_heur,4042,13,1042.0
8.0,0.7142857142857143,1.0,417,-13.714285714285714,saudi,hiercomm_heur,4042,14,1042.0
4.0,0.8571428571428571,0.9337748344370861,108,-7.357142857142856,saudi,hiercomm_heur,42,0,2042.0
7.0,0.7142857142857143,1.0,96,-12.714285714285714,saudi,hiercomm_heur,42,1,2042.0
13.0,0.7142857142857143,1.0,80,-18.714285714285715,saudi,hiercomm_heur,42,2,2042.0
13.0,0.7142857142857143,0.9911699779249448,133,-18.714285714285715,saudi,hiercomm_heur,42,3,2042.0
4.0,0.8571428571428571,0.9823399558498896,96,-6.857142857142858,saudi,hiercomm_heur,42,4,2042.0
13.0,0.7142857142857143,0.9955849889624724,172,-18.714285714285715,saudi,hiercomm_heur,42,5,2042.0
0.0,1.0,1.0,0,0.0,saudi,hiercomm_heur,42,6,2042.0
0.0,1.0,0.9691358024691358,107,-0.2,saudi,hiercomm_heur,42,7,2042.0
0.0,1.0,0.9977924944812362,78,0.0,saudi,hiercomm_heur,42,8,2042.0
0.0,1.0,1.0,0,0.0,saudi,hiercomm_heur,42,9,2042.0
0.0,1.0,1.0,54,0.0,saudi,hiercomm_heur,42,10,2042.0
4.0,0.8571428571428571,1.0,135,-6.857142857142858,saudi,hiercomm_heur,42,11,2042.0
0.0,1.0,0.9889624724061811,113,-0.1,saudi,hiercomm_heur,42,12,2042.0
0.0,1.0,1.0,0,0.0,saudi,hiercomm_heur,42,13,2042.0
0.0,1.0,1.0,3,0.0,saudi,hiercomm_heur,42,14,2042.0
13.0,0.7142857142857143,0.9757174392935982,129,-18.814285714285717,saudi,hiercomm_heur,1042,0,2042.0
4.0,0.8571428571428571,1.0,98,-6.857142857142858,saudi,hiercomm_heur,1042,1,2042.0
6.0,0.8571428571428571,1.0,37,-8.857142857142858,saudi,hiercomm_heur,1042,2,2042.0
4.0,0.8571428571428571,1.0,165,-6.857142857142858,saudi,hiercomm_heur,1042,3,2042.0
3.0,0.8571428571428571,1.0,37,-5.857142857142858,saudi,hiercomm_heur,1042,4,2042.0
0.0,1.0,1.0,1,0.0,saudi,hiercomm_heur,1042,5,2042.0
10.0,0.8571428571428571,1.0,163,-12.857142857142858,saudi,hiercomm_heur,1042,6,2042.0
0.0,1.0,1.0,0,0.0,saudi,hiercomm_heur,1042,7,2042.0
0.0,1.0,1.0,27,0.0,saudi,hiercomm_heur,1042,8,2042.0
0.0,1.0,1.0,1,0.0,saudi,hiercomm_heur,1042,9,2042.0
10.0,0.8571428571428571,0.9911699779249448,130,-12.857142857142858,saudi,hiercomm_heur,1042,10,2042.0
4.0,0.8571428571428571,1.0,99,-6.857142857142858,saudi,hiercomm_heur,1042,11,2042.0
9.0,0.7142857142857143,1.0,180,-14.714285714285714,saudi,hiercomm_heur,1042,12,2042.0
0.0,1.0,1.0,3,0.0,saudi,hiercomm_heur,1042,13,2042.0
23.0,0.42857142857142855,0.9116997792494481,352,-35.128571428571426,saudi,hiercomm_heur,1042,14,2042.0
4.0,0.8571428571428571,0.9977924944812362,146,-6.857142857142858,saudi,hiercomm_heur,2042,0,2042.0
0.0,1.0,0.9977924944812362,30,0.0,saudi,hiercomm_heur,2042,1,2042.0
10.0,0.8571428571428571,0.9558498896247241,141,-12.85714285714286,saudi,hiercomm_heur,2042,2,2042.0
14.0,0.7142857142857143,0.9668874172185431,234,-19.814285714285713,saudi,hiercomm_heur,2042,3,2042.0
0.0,1.0,1.0,0,0.0,saudi,hiercomm_heur,2042,4,2042.0
0.0,1.0,1.0,57,0.0,saudi,hiercomm_heur,2042,5,2042.0
4.0,0.8571428571428571,0.9381898454746137,298,-7.257142857142856,saudi,hiercomm_heur,2042,6,2042.0
0.0,1.0,1.0,3,0.0,saudi,hiercomm_heur,2042,7,2042.0
3.0,0.8571428571428571,1.0,87,-5.857142857142858,saudi,hiercomm_heur,2042,8,2042.0
14.0,0.7142857142857143,1.0,117,-19.714285714285715,saudi,hiercomm_heur,2042,9,2042.0
13.0,0.5714285714285714,0.9668874172185431,239,-21.571428571428573,saudi,hiercomm_heur,2042,10,2042.0
0.0,1.0,1.0,0,0.0,saudi,hiercomm_heur,2042,11,2042.0
4.0,0.8571428571428571,0.9801324503311258,327,-6.957142857142857,saudi,hiercomm_heur,2042,12,2042.0
4.0,0.8571428571428571,1.0,268,-6.857142857142858,saudi,hiercomm_heur,2042,13,2042.0
3.0,0.8571428571428571,0.9690949227373068,134,-6.057142857142857,saudi,hiercomm_heur,2042,14,2042.0
0.0,1.0,0.9953379953379954,130,0.0,saudi,hiercomm_heur,3042,0,2042.0
0.0,1.0,1.0,40,0.0,saudi,hiercomm_heur,3042,1,2042.0
0.0,1.0,1.0,3,0.0,saudi,hiercomm_heur,3042,2,2042.0
10.0,0.8571428571428571,0.977924944812362,173,-12.857142857142858,saudi,hiercomm_heur,3042,3,2042.0
0.0,1.0,1.0,117,0.0,saudi,hiercomm_heur,3042,4,2042.0
4.0,0.8571428571428571,1.0,145,-6.857142857142858,saudi,hiercomm_heur,3042,5,2042.0
8.0,0.7142857142857143,1.0,207,-13.714285714285714,saudi,hiercomm_heur,3042,6,2042.0
9.0,0.7142857142857143,1.0,72,-14.714285714285714,saudi,hiercomm_heur,3042,7,2042.0
0.0,1.0,1.0,105,0.0,saudi,hiercomm_heur,3042,8,2042.0
0.0,1.0,1.0,107,0.0,saudi,hiercomm_heur,3042,9,2042.0
0.0,1.0,1.0,239,0.0,saudi,hiercomm_heur,3042,10,2042.0
3.0,0.8571428571428571,1.0,164,-5.857142857142858,saudi,hiercomm_heur,3042,11,2042.0
0.0,1.0,1.0,0,0.0,saudi,hiercomm_heur,3042,12,2042.0
0.0,1.0,1.0,51,0.0,saudi,hiercomm_heur,3042,13,2042.0
4.0,0.8571428571428571,0.9757174392935982,107,-7.057142857142857,saudi,hiercomm_heur,3042,14,2042.0
10.0,0.8571428571428571,1.0,162,-12.857142857142858,saudi,hiercomm_heur,4042,0,2042.0
0.0,1.0,1.0,9,0.0,saudi,hiercomm_heur,4042,1,2042.0
4.0,0.8571428571428571,1.0,140,-6.857142857142858,saudi,hiercomm_heur,4042,2,2042.0
10.0,0.8571428571428571,0.9487179487179487,79,-12.957142857142857,saudi,hiercomm_heur,4042,3,2042.0
0.0,1.0,1.0,6,0.0,saudi,hiercomm_heur,4042,4,2042.0
16.0,0.7142857142857143,0.9977924944812362,108,-21.714285714285715,saudi,hiercomm_heur,4042,5,2042.0
10.0,0.8571428571428571,1.0,96,-12.857142857142858,saudi,hiercomm_heur,4042,6,2042.0
19.0,0.5714285714285714,1.0,118,-27.571428571428577,saudi,hiercomm_heur,4042,7,2042.0
0.0,1.0,1.0,140,0.0,saudi,hiercomm_heur,4042,8,2042.0
4.0,0.8571428571428571,1.0,137,-6.857142857142858,saudi,hiercomm_heur,4042,9,2042.0
0.0,1.0,1.0,76,0.0,saudi,hiercomm_heur,4042,10,2042.0
4.0,0.8571428571428571,1.0,182,-6.857142857142858,saudi,hiercomm_heur,4042,11,2042.0
0.0,1.0,1.0,35,0.0,saudi,hiercomm_heur,4042,12,2042.0
8.0,0.7142857142857143,1.0,249,-13.714285714285714,saudi,hiercomm_heur,4042,13,2042.0
6.0,0.8571428571428571,1.0,51,-8.857142857142858,saudi,hiercomm_heur,4042,14,2042.0
0.0,1.0,1.0,95,0.0,saudi,hiercomm_heur,42,0,3042.0
9.0,0.7142857142857143,1.0,88,-14.714285714285714,saudi,hiercomm_heur,42,1,3042.0
17.0,0.5714285714285714,1.0,169,-25.571428571428577,saudi,hiercomm_heur,42,2,3042.0
10.0,0.8571428571428571,1.0,123,-12.857142857142858,saudi,hiercomm_heur,42,3,3042.0
0.0,1.0,1.0,37,0.0,saudi,hiercomm_heur,42,4,3042.0
0.0,1.0,1.0,0,0.0,saudi,hiercomm_heur,42,5,3042.0
0.0,1.0,1.0,3,0.0,saudi,hiercomm_heur,42,6,3042.0
3.0,0.8571428571428571,0.8631346578366446,151,-6.057142857142857,saudi,hiercomm_heur,42,7,3042.0
13.0,0.5714285714285714,0.9889624724061811,174,-21.67142857142857,saudi,hiercomm_heur,42,8,3042.0
4.0,0.8571428571428571,1.0,221,-6.857142857142858,saudi,hiercomm_heur,42,9,3042.0
9.0,0.7142857142857143,0.9624724061810155,119,-15.114285714285712,saudi,hiercomm_heur,42,10,3042.0
0.0,1.0,1.0,104,0.0,saudi,hiercomm_heur,42,11,3042.0
0.0,1.0,0.9889624724061811,166,0.0,saudi,hiercomm_heur,42,12,3042.0
8.0,0.7142857142857143,0.9381898454746137,371,-14.214285714285712,saudi,hiercomm_heur,42,13,3042.0
4.0,0.8571428571428571,1.0,135,-6.857142857142858,saudi,hiercomm_heur,42,14,3042.0
3.0,0.8571428571428571,0.7836644591611479,196,-6.557142857142858,saudi,hiercomm_heur,1042,0,3042.0
0.0,1.0,1.0,104,0.0,saudi,hiercomm_heur,1042,1,3042.0
9.0,0.7142857142857143,1.0,84,-14.714285714285714,saudi,hiercomm_heur,1042,2,3042.0
13.0,0.5714285714285714,1.0,203,-21.571428571428573,saudi,hiercomm_heur,1042,3,3042.0
9.0,0.7142857142857143,0.996969696969697,93,-14.714285714285714,saudi,hiercomm_heur,1042,4,3042.0
0.0,1.0,0.9977924944812362,214,0.0,saudi,hiercomm_heur,1042,5,3042.0
13.0,0.7142857142857143,0.9930555555555556,91,-18.714285714285715,saudi,hiercomm_heur,1042,6,3042.0
0.0,1.0,1.0,0,0.0,saudi,hiercomm_heur,1042,7,3042.0
4.0,0.8571428571428571,0.9315673289183223,366,-6.857142857142858,saudi,hiercomm_heur,1042,8,3042.0
8.0,0.7142857142857143,0.9977924944812362,148,-13.714285714285714,saudi,hiercomm_heur,1042,9,3042.0
13.0,0.7142857142857143,1.0,130,-18.714285714285715,saudi,hiercomm_heur,1042,10,3042.0
4.0,0.8571428571428571,1.0,153,-6.857142857142859,saudi,hiercomm_heur,1042,11,3042.0
0.0,1.0,1.0,238,0.0,saudi,hiercomm_heur,1042,12,3042.0
4.0,0.8571428571428571,1.0,124,-6.857142857142858,saudi,hiercomm_heur,1042,13,3042.0
0.0,1.0,1.0,0,0.0,saudi,hiercomm_heur,1042,14,3042.0
3.0,0.8571428571428571,0.9558498896247241,130,-6.257142857142856,saudi,hiercomm_heur,2042,0,3042.0
9.0,0.7142857142857143,0.9933774834437086,121,-14.714285714285714,saudi,hiercomm_heur,2042,1,3042.0
7.0,0.7142857142857143,1.0,332,-12.714285714285714,saudi,hiercomm_heur,2042,2,3042.0
4.0,0.8571428571428571,0.9626865671641791,222,-6.857142857142858,saudi,hiercomm_heur,2042,3,3042.0
0.0,1.0,0.9933774834437086,235,-0.1,saudi,hiercomm_heur,2042,4,3042.0
0.0,1.0,0.9977924944812362,44,0.0,saudi,hiercomm_heur,2042,5,3042.0
14.0,0.7142857142857143,0.9602649006622517,183,-20.214285714285722,saudi,hiercomm_heur,2042,6,3042.0
0.0,1.0,0.9880952380952381,1,-0.1,saudi,hiercomm_heur,2042,7,3042.0
9.0,0.7142857142857143,0.996969696969697,93,-14.714285714285714,saudi,hiercomm_heur,2042,8,3042.0
3.0,0.8571428571428571,1.0,174,-5.857142857142858,saudi,hiercomm_heur,2042,9,3042.0
9.0,0.7142857142857143,0.9713024282560706,91,-14.814285714285713,saudi,hiercomm_heur,2042,10,3042.0
4.0,0.8571428571428571,1.0,221,-6.857142857142858,saudi,hiercomm_heur,2042,11,3042.0
13.0,0.5714285714285714,1.0,193,-21.571428571428573,saudi,hiercomm_heur,2042,12,3042.0
10.0,0.8571428571428571,0.9953051643192489,85,-12.857142857142858,saudi,hiercomm_heur,2042,13,3042.0
9.0,0.7142857142857143,0.9646799116997793,140,-14.914285714285713,saudi,hiercomm_heur,2042,14,3042.0
0.0,1.0,0.9948320413436692,85,0.0,saudi,hiercomm_heur,3042,0,3042.0
0.0,1.0,1.0,49,0.0,saudi,hiercomm_heur,3042,1,3042.0
0.0,1.0,0.9874213836477987,1,-0.1,saudi,hiercomm_heur,3042,2,3042.0
13.0,0.7142857142857143,0.9955849889624724,118,-18.714285714285715,saudi,hiercomm_heur,3042,3,3042.0
0.0,1.0,1.0,155,0.0,saudi,hiercomm_heur,3042,4,3042.0
10.0,0.8571428571428571,0.9977924944812362,130,-12.857142857142858,saudi,hiercomm_heur,3042,5,3042.0
0.0,1.0,1.0,73,0.0,saudi,hiercomm_heur,3042,6,3042.0
9.0,0.7142857142857143,1.0,65,-14.714285714285714,saudi,hiercomm_heur,3042,7,3042.0
10.0,0.8571428571428571,0.9713024282560706,144,-13.057142857142857,saudi,hiercomm_heur,3042,8,3042.0
9.0,0.7142857142857143,0.9858156028368794,69,-14.714285714285714,saudi,hiercomm_heur,3042,9,3042.0
0.0,1.0,1.0,219,0.0,saudi,hiercomm_heur,3042,10,3042.0
0.0,1.0,0.9690949227373068,168,-0.1,saudi,hiercomm_heur,3042,11,3042.0
0.0,1.0,1.0,0,0.0,saudi,hiercomm_heur,3042,12,3042.0
0.0,1.0,0.9977924944812362,29,0.0,saudi,hiercomm_heur,3042,13,3042.0
4.0,0.8571428571428571,0.9887005649717514,75,-6.857142857142858,saudi,hiercomm_heur,3042,14,3042.0
13.0,0.7142857142857143,0.9955849889624724,115,-18.714285714285715,saudi,hiercomm_heur,4042,0,3042.0
4.0,0.8571428571428571,1.0,85,-6.857142857142858,saudi,hiercomm_heur,4042,1,3042.0
4.0,0.8571428571428571,0.9977924944812362,146,-6.857142857142858,saudi,hiercomm_heur,4042,2,3042.0
3.0,0.8571428571428571,1.0,125,-5.857142857142858,saudi,hiercomm_heur,4042,3,3042.0
4.0,0.8571428571428571,0.9845474613686535,272,-6.857142857142858,saudi,hiercomm_heur,4042,4,3042.0
13.0,0.7142857142857143,1.0,78,-18.714285714285715,saudi,hiercomm_heur,4042,5,3042.0
0.0,1.0,0.9924242424242424,93,0.0,saudi,hiercomm_heur,4042,6,3042.0
9.0,0.7142857142857143,1.0,89,-14.714285714285714,saudi,hiercomm_heur,4042,7,3042.0
10.0,0.8571428571428571,0.8817966903073287,67,-12.857142857142858,saudi,hiercomm_heur,4042,8,3042.0
4.0,0.8571428571428571,0.9977924944812362,137,-6.857142857142858,saudi,hiercomm_heur,4042,9,3042.0
0.0,1.0,0.9977924944812362,43,0.0,saudi,hiercomm_heur,4042,10,3042.0
13.0,0.5714285714285714,0.9845474613686535,297,-21.571428571428573,saudi,hiercomm_heur,4042,11,3042.0
0.0,1.0,0.9947089947089947,33,0.0,saudi,hiercomm_heur,4042,12,3042.0
9.0,0.7142857142857143,0.9602649006622517,207,-15.114285714285712,saudi,hiercomm_heur,4042,13,3042.0
8.0,0.7142857142857143,1.0,265,-13.714285714285714,saudi,hiercomm_heur,4042,14,3042.0
23.0,0.42857142857142855,0.9911699779249448,198,-34.528571428571425,saudi,hiercomm_heur,42,0,4042.0
9.0,0.7142857142857143,0.9763779527559056,86,-14.914285714285713,saudi,hiercomm_heur,42,1,4042.0
10.0,0.8571428571428571,0.9178082191780822,56,-13.257142857142856,saudi,hiercomm_heur,42,2,4042.0
10.0,0.8571428571428571,0.9735099337748344,79,-13.057142857142857,saudi,hiercomm_heur,42,3,4042.0
6.0,0.8571428571428571,0.9885057471264368,38,-8.957142857142857,saudi,hiercomm_heur,42,4,4042.0
8.0,0.7142857142857143,1.0,318,-13.714285714285714,saudi,hiercomm_heur,42,5,4042.0
4.0,0.8571428571428571,0.9977924944812362,109,-6.857142857142858,saudi,hiercomm_heur,42,6,4042.0
9.0,0.7142857142857143,0.4481236203090508,84,-15.314285714285713,saudi,hiercomm_heur,42,7,4042.0
9.0,0.7142857142857143,0.977924944812362,100,-14.914285714285713,saudi,hiercomm_heur,42,8,4042.0
4.0,0.8571428571428571,0.9955849889624724,271,-6.957142857142857,saudi,hiercomm_heur,42,9,4042.0
14.0,0.7142857142857143,0.8896247240618101,180,-20.014285714285712,saudi,hiercomm_heur,42,10,4042.0
23.0,0.42857142857142855,0.9911699779249448,210,-34.528571428571425,saudi,hiercomm_heur,42,11,4042.0
4.0,0.8571428571428571,0.7991169977924945,325,-6.857142857142858,saudi,hiercomm_heur,42,12,4042.0
4.0,0.8571428571428571,1.0,308,-6.857142857142858,saudi,hiercomm_heur,42,13,4042.0
0.0,1.0,0.9757174392935982,25,-0.2,saudi,hiercomm_heur,42,14,4042.0
23.0,0.42857142857142855,0.4856512141280353,385,-34.628571428571426,saudi,hiercomm_heur,1042,0,4042.0
0.0,1.0,1.0,74,0.0,saudi,hiercomm_heur,1042,1,4042.0
9.0,0.7142857142857143,0.9735099337748344,102,-14.914285714285713,saudi,hiercomm_heur,1042,2,4042.0
13.0,0.5714285714285714,0.7262693156732892,208,-21.97142857142857,saudi,hiercomm_heur,1042,3,4042.0
9.0,0.7142857142857143,0.8404558404558404,53,-15.014285714285712,saudi,hiercomm_heur,1042,4,4042.0
4.0,0.8571428571428571,0.9977924944812362,214,-6.857142857142858,saudi,hiercomm_heur,1042,5,4042.0
10.0,0.8571428571428571,0.7770419426048565,133,-13.257142857142856,saudi,hiercomm_heur,1042,6,4042.0
4.0,0.8571428571428571,1.0,333,-6.857142857142858,saudi,hiercomm_heur,1042,7,4042.0
14.0,0.7142857142857143,0.9757174392935982,193,-19.714285714285715,saudi,hiercomm_heur,1042,8,4042.0
4.0,0.8571428571428571,0.9977924944812362,216,-6.857142857142858,saudi,hiercomm_heur,1042,9,4042.0
13.0,0.7142857142857143,0.9976019184652278,87,-18.714285714285715,saudi,hiercomm_heur,1042,10,4042.0
0.0,1.0,0.9646799116997793,71,-0.1,saudi,hiercomm_heur,1042,11,4042.0
13.0,0.5714285714285714,0.7328918322295805,185,-21.971428571428575,saudi,hiercomm_heur,1042,12,4042.0
0.0,1.0,0.9735099337748344,12,-0.30000000000000004,saudi,hiercomm_heur,1042,13,4042.0
8.0,0.7142857142857143,1.0,353,-13.714285714285714,saudi,hiercomm_heur,1042,14,4042.0
17.0,0.42857142857142855,0.8322295805739515,216,-28.728571428571428,saudi,hiercomm_heur,2042,0,4042.0
6.0,0.8571428571428571,0.978494623655914,42,-8.957142857142857,saudi,hiercomm_heur,2042,1,4042.0
9.0,0.7142857142857143,0.9602649006622517,118,-15.114285714285712,saudi,hiercomm_heur,2042,2,4042.0
9.0,0.7142857142857143,0.9359823399558499,120,-15.214285714285714,saudi,hiercomm_heur,2042,3,4042.0
4.0,0.8571428571428571,1.0,211,-6.857142857142858,saudi,hiercomm_heur,2042,4,4042.0
7.0,0.7142857142857143,0.9690949227373068,234,-12.914285714285715,saudi,hiercomm_heur,2042,5,4042.0
17.0,0.5714285714285714,0.9139072847682119,188,-25.771428571428572,saudi,hiercomm_heur,2042,6,4042.0
8.0,0.7142857142857143,1.0,304,-13.714285714285714,saudi,hiercomm_heur,2042,7,4042.0
9.0,0.7142857142857143,0.8404558404558404,53,-15.014285714285712,saudi,hiercomm_heur,2042,8,4042.0
23.0,0.42857142857142855,0.47902869757174393,376,-34.72857142857143,saudi,hiercomm_heur,2042,9,4042.0
9.0,0.7142857142857143,0.7439293598233996,82,-14.714285714285714,saudi,hiercomm_heur,2042,10,4042.0
4.0,0.8571428571428571,1.0,273,-6.857142857142858,saudi,hiercomm_heur,2042,11,4042.0
4.0,0.8571428571428571,1.0,405,-6.857142857142858,saudi,hiercomm_heur,2042,12,4042.0
23.0,0.42857142857142855,0.739514348785872,166,-34.628571428571426,saudi,hiercomm_heur,2042,13,4042.0
3.0,0.8571428571428571,0.6975717439293598,102,-6.357142857142856,saudi,hiercomm_heur,2042,14,4042.0
0.0,1.0,1.0,9,0.0,saudi,hiercomm_heur,3042,0,4042.0
0.0,1.0,0.9602649006622517,20,0.0,saudi,hiercomm_heur,3042,1,4042.0
0.0,1.0,1.0,45,0.0,saudi,hiercomm_heur,3042,2,4042.0
10.0,0.8571428571428571,0.7924944812362031,134,-13.057142857142857,saudi,hiercomm_heur,3042,3,4042.0
0.0,1.0,0.9911699779249448,138,0.0,saudi,hiercomm_heur,3042,4,4042.0
13.0,0.7142857142857143,0.7328918322295805,95,-18.91428571428571,saudi,hiercomm_heur,3042,5,4042.0
4.0,0.8571428571428571,1.0,267,-6.857142857142858,saudi,hiercomm_heur,3042,6,4042.0
9.0,0.7142857142857143,0.9602649006622517,86,-15.214285714285712,saudi,hiercomm_heur,3042,7,4042.0
13.0,0.5714285714285714,0.7417218543046358,159,-21.571428571428573,saudi,hiercomm_heur,3042,8,4042.0
13.0,0.5714285714285714,0.8322295805739515,203,-22.17142857142857,saudi,hiercomm_heur,3042,9,4042.0
4.0,0.8571428571428571,1.0,363,-6.857142857142858,saudi,hiercomm_heur,3042,10,4042.0
9.0,0.7142857142857143,0.9359823399558499,85,-15.414285714285713,saudi,hiercomm_heur,3042,11,4042.0
4.0,0.8571428571428571,1.0,305,-6.857142857142858,saudi,hiercomm_heur,3042,12,4042.0
7.0,0.7142857142857143,0.9690949227373068,235,-12.914285714285715,saudi,hiercomm_heur,3042,13,4042.0
4.0,0.8571428571428571,0.9552238805970149,91,-7.057142857142857,saudi,hiercomm_heur,3042,14,4042.0
10.0,0.8571428571428571,0.7770419426048565,133,-13.257142857142856,saudi,hiercomm_heur,4042,0,4042.0
4.0,0.8571428571428571,1.0,192,-6.857142857142858,saudi,hiercomm_heur,4042,1,4042.0
7.0,0.7142857142857143,0.9845474613686535,160,-12.714285714285714,saudi,hiercomm_heur,4042,2,4042.0
9.0,0.7142857142857143,0.7019867549668874,91,-15.014285714285712,saudi,hiercomm_heur,4042,3,4042.0
0.0,1.0,1.0,13,0.0,saudi,hiercomm_heur,4042,4,4042.0
10.0,0.8571428571428571,0.9529914529914529,59,-13.057142857142857,saudi,hiercomm_heur,4042,5,4042.0
10.0,0.8571428571428571,0.9845474613686535,81,-12.957142857142857,saudi,hiercomm_heur,4042,6,4042.0
23.0,0.42857142857142855,0.7262693156732892,273,-34.82857142857143,saudi,hiercomm_heur,4042,7,4042.0
14.0,0.7142857142857143,0.9816849816849816,96,-19.714285714285715,saudi,hiercomm_heur,4042,8,4042.0
3.0,0.8571428571428571,0.9801324503311258,154,-5.857142857142858,saudi,hiercomm_heur,4042,9,4042.0
3.0,0.8571428571428571,0.7306843267108167,130,-6.057142857142858,saudi,hiercomm_heur,4042,10,4042.0
13.0,0.5714285714285714,0.7328918322295805,176,-21.971428571428575,saudi,hiercomm_heur,4042,11,4042.0
0.0,1.0,0.9573643410852714,56,0.0,saudi,hiercomm_heur,4042,12,4042.0
13.0,0.5714285714285714,0.7108167770419426,311,-21.871428571428574,saudi,hiercomm_heur,4042,13,4042.0
0.0,1.0,0.9949494949494949,16,0.0,saudi,hiercomm_heur,4042,14,4042.0
27.0,0.2857142857142857,1.0,483,-41.285714285714285,saudi,noop,42,0,
27.0,0.2857142857142857,1.0,374,-41.285714285714285,saudi,noop,42,1,
27.0,0.2857142857142857,1.0,441,-41.285714285714285,saudi,noop,42,2,
27.0,0.2857142857142857,1.0,454,-41.285714285714285,saudi,noop,42,3,
27.0,0.2857142857142857,1.0,428,-41.285714285714285,saudi,noop,42,4,
27.0,0.2857142857142857,1.0,543,-41.285714285714285,saudi,noop,42,5,
27.0,0.2857142857142857,1.0,493,-41.285714285714285,saudi,noop,42,6,
27.0,0.2857142857142857,1.0,421,-41.285714285714285,saudi,noop,42,7,
27.0,0.2857142857142857,1.0,459,-41.285714285714285,saudi,noop,42,8,
27.0,0.2857142857142857,1.0,597,-41.285714285714285,saudi,noop,42,9,
27.0,0.2857142857142857,1.0,526,-41.285714285714285,saudi,noop,42,10,
27.0,0.2857142857142857,1.0,487,-41.285714285714285,saudi,noop,42,11,
27.0,0.2857142857142857,1.0,606,-41.285714285714285,saudi,noop,42,12,
27.0,0.2857142857142857,1.0,639,-41.285714285714285,saudi,noop,42,13,
27.0,0.2857142857142857,1.0,524,-41.285714285714285,saudi,noop,42,14,
27.0,0.2857142857142857,1.0,524,-41.285714285714285,saudi,noop,1042,0,
27.0,0.2857142857142857,1.0,440,-41.285714285714285,saudi,noop,1042,1,
27.0,0.2857142857142857,1.0,465,-41.285714285714285,saudi,noop,1042,2,
27.0,0.2857142857142857,1.0,526,-41.285714285714285,saudi,noop,1042,3,
27.0,0.2857142857142857,1.0,408,-41.285714285714285,saudi,noop,1042,4,
27.0,0.2857142857142857,1.0,528,-41.28571428571429,saudi,noop,1042,5,
27.0,0.2857142857142857,1.0,447,-41.285714285714285,saudi,noop,1042,6,
27.0,0.2857142857142857,1.0,544,-41.285714285714285,saudi,noop,1042,7,
27.0,0.2857142857142857,1.0,537,-41.28571428571429,saudi,noop,1042,8,
27.0,0.2857142857142857,1.0,534,-41.285714285714285,saudi,noop,1042,9,
27.0,0.2857142857142857,1.0,415,-41.285714285714285,saudi,noop,1042,10,
27.0,0.2857142857142857,1.0,444,-41.285714285714285,saudi,noop,1042,11,
27.0,0.2857142857142857,1.0,518,-41.285714285714285,saudi,noop,1042,12,
27.0,0.2857142857142857,1.0,518,-41.285714285714285,saudi,noop,1042,13,
27.0,0.2857142857142857,1.0,583,-41.285714285714285,saudi,noop,1042,14,
27.0,0.2857142857142857,1.0,512,-41.285714285714285,saudi,noop,2042,0,
27.0,0.2857142857142857,1.0,436,-41.285714285714285,saudi,noop,2042,1,
27.0,0.2857142857142857,1.0,488,-41.285714285714285,saudi,noop,2042,2,
27.0,0.2857142857142857,1.0,501,-41.285714285714285,saudi,noop,2042,3,
27.0,0.2857142857142857,1.0,615,-41.285714285714285,saudi,noop,2042,4,
27.0,0.2857142857142857,1.0,493,-41.285714285714285,saudi,noop,2042,5,
27.0,0.2857142857142857,1.0,520,-41.285714285714285,saudi,noop,2042,6,
27.0,0.2857142857142857,1.0,555,-41.285714285714285,saudi,noop,2042,7,
27.0,0.2857142857142857,1.0,407,-41.285714285714285,saudi,noop,2042,8,
27.0,0.2857142857142857,1.0,516,-41.285714285714285,saudi,noop,2042,9,
27.0,0.2857142857142857,1.0,383,-41.285714285714285,saudi,noop,2042,10,
27.0,0.2857142857142857,1.0,598,-41.285714285714285,saudi,noop,2042,11,
27.0,0.2857142857142857,1.0,608,-41.28571428571429,saudi,noop,2042,12,
27.0,0.2857142857142857,1.0,468,-41.285714285714285,saudi,noop,2042,13,
27.0,0.2857142857142857,1.0,447,-41.285714285714285,saudi,noop,2042,14,
27.0,0.2857142857142857,1.0,480,-41.285714285714285,saudi,noop,3042,0,
27.0,0.2857142857142857,1.0,466,-41.28571428571429,saudi,noop,3042,1,
27.0,0.2857142857142857,1.0,571,-41.285714285714285,saudi,noop,3042,2,
27.0,0.2857142857142857,1.0,448,-41.285714285714285,saudi,noop,3042,3,
27.0,0.2857142857142857,1.0,556,-41.285714285714285,saudi,noop,3042,4,
27.0,0.2857142857142857,1.0,466,-41.285714285714285,saudi,noop,3042,5,
27.0,0.2857142857142857,1.0,551,-41.285714285714285,saudi,noop,3042,6,
27.0,0.2857142857142857,1.0,389,-41.285714285714285,saudi,noop,3042,7,
27.0,0.2857142857142857,1.0,523,-41.285714285714285,saudi,noop,3042,8,
27.0,0.2857142857142857,1.0,496,-41.285714285714285,saudi,noop,3042,9,
27.0,0.2857142857142857,1.0,580,-41.28571428571429,saudi,noop,3042,10,
27.0,0.2857142857142857,1.0,440,-41.285714285714285,saudi,noop,3042,11,
27.0,0.2857142857142857,1.0,519,-41.285714285714285,saudi,noop,3042,12,
27.0,0.2857142857142857,1.0,494,-41.285714285714285,saudi,noop,3042,13,
27.0,0.2857142857142857,1.0,436,-41.285714285714285,saudi,noop,3042,14,
27.0,0.2857142857142857,1.0,447,-41.285714285714285,saudi,noop,4042,0,
27.0,0.2857142857142857,1.0,492,-41.28571428571429,saudi,noop,4042,1,
27.0,0.2857142857142857,1.0,565,-41.285714285714285,saudi,noop,4042,2,
27.0,0.2857142857142857,1.0,391,-41.285714285714285,saudi,noop,4042,3,
27.0,0.2857142857142857,1.0,612,-41.285714285714285,saudi,noop,4042,4,
27.0,0.2857142857142857,1.0,423,-41.285714285714285,saudi,noop,4042,5,
27.0,0.2857142857142857,1.0,451,-41.285714285714285,saudi,noop,4042,6,
27.0,0.2857142857142857,1.0,497,-41.285714285714285,saudi,noop,4042,7,
27.0,0.2857142857142857,1.0,483,-41.285714285714285,saudi,noop,4042,8,
27.0,0.2857142857142857,1.0,564,-41.285714285714285,saudi,noop,4042,9,
27.0,0.2857142857142857,1.0,504,-41.285714285714285,saudi,noop,4042,10,
27.0,0.2857142857142857,1.0,514,-41.285714285714285,saudi,noop,4042,11,
27.0,0.2857142857142857,1.0,541,-41.285714285714285,saudi,noop,4042,12,
27.0,0.2857142857142857,1.0,543,-41.285714285714285,saudi,noop,4042,13,
27.0,0.2857142857142857,1.0,599,-41.285714285714285,saudi,noop,4042,14,
18.0,0.5714285714285714,0.9955849889624724,467,-26.571428571428577,saudi,value_first,42,0,
27.0,0.2857142857142857,0.9977924944812362,349,-41.285714285714285,saudi,value_first,42,1,
18.0,0.5714285714285714,0.9955849889624724,428,-26.571428571428577,saudi,value_first,42,2,
18.0,0.5714285714285714,1.0,431,-26.571428571428577,saudi,value_first,42,3,
18.0,0.5714285714285714,0.9977924944812362,412,-26.571428571428577,saudi,value_first,42,4,
18.0,0.5714285714285714,0.9933774834437086,527,-26.571428571428573,saudi,value_first,42,5,
18.0,0.5714285714285714,0.9977924944812362,468,-26.571428571428577,saudi,value_first,42,6,
18.0,0.5714285714285714,1.0,407,-26.571428571428577,saudi,value_first,42,7,
18.0,0.5714285714285714,0.9977924944812362,426,-26.571428571428577,saudi,value_first,42,8,
18.0,0.5714285714285714,0.9933774834437086,581,-26.571428571428573,saudi,value_first,42,9,
18.0,0.5714285714285714,0.9977924944812362,512,-26.571428571428577,saudi,value_first,42,10,
18.0,0.5714285714285714,0.9955849889624724,471,-26.571428571428577,saudi,value_first,42,11,
18.0,0.5714285714285714,0.9977924944812362,599,-26.571428571428577,saudi,value_first,42,12,
18.0,0.5714285714285714,0.9955849889624724,623,-26.571428571428577,saudi,value_first,42,13,
18.0,0.5714285714285714,0.9955849889624724,508,-26.571428571428573,saudi,value_first,42,14,
18.0,0.5714285714285714,0.9955849889624724,510,-26.571428571428577,saudi,value_first,1042,0,
18.0,0.5714285714285714,0.9955849889624724,424,-26.571428571428577,saudi,value_first,1042,1,
18.0,0.5714285714285714,0.9977924944812362,435,-26.571428571428577,saudi,value_first,1042,2,
18.0,0.5714285714285714,0.9977924944812362,510,-26.571428571428577,saudi,value_first,1042,3,
27.0,0.2857142857142857,0.9977924944812362,380,-41.285714285714285,saudi,value_first,1042,4,
18.0,0.5714285714285714,0.9977924944812362,503,-26.571428571428577,saudi,value_first,1042,5,
18.0,0.5714285714285714,0.9955849889624724,424,-26.571428571428577,saudi,value_first,1042,6,
18.0,0.5714285714285714,0.9955849889624724,528,-26.571428571428573,saudi,value_first,1042,7,
18.0,0.5714285714285714,0.9955849889624724,523,-26.571428571428577,saudi,value_first,1042,8,
18.0,0.5714285714285714,0.9977924944812362,509,-26.571428571428577,saudi,value_first,1042,9,
18.0,0.5714285714285714,0.9955849889624724,395,-26.571428571428577,saudi,value_first,1042,10,
18.0,0.5714285714285714,0.9955849889624724,428,-26.571428571428577,saudi,value_first,1042,11,
18.0,0.5714285714285714,0.9977924944812362,495,-26.571428571428577,saudi,value_first,1042,12,
18.0,0.5714285714285714,0.9955849889624724,502,-26.571428571428573,saudi,value_first,1042,13,
18.0,0.5714285714285714,0.9955849889624724,567,-26.571428571428573,saudi,value_first,1042,14,
27.0,0.2857142857142857,0.9977924944812362,486,-41.285714285714285,saudi,value_first,2042,0,
27.0,0.2857142857142857,0.9977924944812362,427,-41.285714285714285,saudi,value_first,2042,1,
18.0,0.5714285714285714,0.9977924944812362,451,-26.571428571428577,saudi,value_first,2042,2,
18.0,0.5714285714285714,0.9977924944812362,478,-26.571428571428577,saudi,value_first,2042,3,
18.0,0.5714285714285714,0.9933774834437086,599,-26.571428571428573,saudi,value_first,2042,4,
18.0,0.5714285714285714,1.0,479,-26.571428571428577,saudi,value_first,2042,5,
18.0,0.5714285714285714,0.9955849889624724,506,-26.571428571428577,saudi,value_first,2042,6,
18.0,0.5714285714285714,0.9977924944812362,539,-26.571428571428573,saudi,value_first,2042,7,
27.0,0.2857142857142857,0.9977924944812362,379,-41.285714285714285,saudi,value_first,2042,8,
18.0,0.5714285714285714,0.9955849889624724,502,-26.571428571428577,saudi,value_first,2042,9,
27.0,0.2857142857142857,1.0,356,-41.285714285714285,saudi,value_first,2042,10,
18.0,0.5714285714285714,0.9933774834437086,582,-26.571428571428573,saudi,value_first,2042,11,
18.0,0.5714285714285714,0.9933774834437086,601,-26.571428571428577,saudi,value_first,2042,12,
18.0,0.5714285714285714,0.9955849889624724,445,-26.571428571428577,saudi,value_first,2042,13,
18.0,0.5714285714285714,1.0,414,-26.571428571428577,saudi,value_first,2042,14,
18.0,0.5714285714285714,0.9955849889624724,455,-26.571428571428573,saudi,value_first,3042,0,
18.0,0.5714285714285714,0.9911699779249448,459,-26.571428571428577,saudi,value_first,3042,1,
18.0,0.5714285714285714,0.9977924944812362,546,-26.571428571428573,saudi,value_first,3042,2,
18.0,0.5714285714285714,0.9955849889624724,425,-26.571428571428577,saudi,value_first,3042,3,
18.0,0.5714285714285714,0.9977924944812362,533,-26.571428571428577,saudi,value_first,3042,4,
18.0,0.5714285714285714,0.9955849889624724,443,-26.571428571428577,saudi,value_first,3042,5,
18.0,0.5714285714285714,0.9977924944812362,535,-26.571428571428577,saudi,value_first,3042,6,
27.0,0.2857142857142857,0.9977924944812362,360,-41.285714285714285,saudi,value_first,3042,7,
18.0,0.5714285714285714,1.0,509,-26.571428571428577,saudi,value_first,3042,8,
18.0,0.5714285714285714,0.9977924944812362,473,-26.571428571428577,saudi,value_first,3042,9,
18.0,0.5714285714285714,0.9911699779249448,573,-26.571428571428577,saudi,value_first,3042,10,
18.0,0.5714285714285714,1.0,407,-26.571428571428577,saudi,value_first,3042,11,
18.0,0.5714285714285714,0.9955849889624724,503,-26.571428571428573,saudi,value_first,3042,12,
18.0,0.5714285714285714,1.0,480,-26.571428571428577,saudi,value_first,3042,13,
18.0,0.5714285714285714,0.9955849889624724,420,-26.571428571428577,saudi,value_first,3042,14,
18.0,0.5714285714285714,0.9955849889624724,424,-26.571428571428577,saudi,value_first,4042,0,
18.0,0.5714285714285714,0.9955849889624724,476,-26.571428571428577,saudi,value_first,4042,1,
18.0,0.5714285714285714,0.9977924944812362,551,-26.571428571428577,saudi,value_first,4042,2,
18.0,0.5714285714285714,0.9977924944812362,357,-26.571428571428577,saudi,value_first,4042,3,
18.0,0.5714285714285714,0.9955849889624724,596,-26.571428571428573,saudi,value_first,4042,4,
18.0,0.5714285714285714,0.9955849889624724,402,-26.571428571428577,saudi,value_first,4042,5,
18.0,0.5714285714285714,0.9955849889624724,428,-26.571428571428577,saudi,value_first,4042,6,
18.0,0.5714285714285714,0.9955849889624724,482,-26.571428571428577,saudi,value_first,4042,7,
18.0,0.5714285714285714,1.0,460,-26.571428571428577,saudi,value_first,4042,8,
18.0,0.5714285714285714,0.9977924944812362,541,-26.571428571428577,saudi,value_first,4042,9,
18.0,0.5714285714285714,1.0,490,-26.571428571428577,saudi,value_first,4042,10,
18.0,0.5714285714285714,0.9977924944812362,491,-26.571428571428577,saudi,value_first,4042,11,
18.0,0.5714285714285714,0.9977924944812362,518,-26.571428571428577,saudi,value_first,4042,12,
18.0,0.5714285714285714,0.9977924944812362,520,-26.571428571428577,saudi,value_first,4042,13,
18.0,0.5714285714285714,0.9977924944812362,583,-26.571428571428573,saudi,value_first,4042,14,
27.0,0.2857142857142857,0.9933774834437086,474,-41.285714285714285,saudi,greedy_risk,42,0,
27.0,0.2857142857142857,0.9867549668874173,357,-41.285714285714285,saudi,greedy_risk,42,1,
18.0,0.5714285714285714,0.9889624724061811,434,-26.571428571428577,saudi,greedy_risk,42,2,
27.0,0.2857142857142857,0.9889624724061811,443,-41.285714285714285,saudi,greedy_risk,42,3,
27.0,0.2857142857142857,0.9889624724061811,414,-41.285714285714285,saudi,greedy_risk,42,4,
27.0,0.2857142857142857,0.9933774834437086,522,-41.285714285714285,saudi,greedy_risk,42,5,
27.0,0.2857142857142857,0.9911699779249448,484,-41.28571428571429,saudi,greedy_risk,42,6,
27.0,0.2857142857142857,0.9867549668874173,403,-41.285714285714285,saudi,greedy_risk,42,7,
27.0,0.2857142857142857,0.9823399558498896,431,-41.285714285714285,saudi,greedy_risk,42,8,
27.0,0.2857142857142857,0.9911699779249448,578,-41.285714285714285,saudi,greedy_risk,42,9,
18.0,0.5714285714285714,0.9933774834437086,512,-26.571428571428577,saudi,greedy_risk,42,10,
27.0,0.2857142857142857,0.9933774834437086,478,-41.285714285714285,saudi,greedy_risk,42,11,
27.0,0.2857142857142857,0.9911699779249448,599,-41.285714285714285,saudi,greedy_risk,42,12,
27.0,0.2857142857142857,0.9911699779249448,627,-41.285714285714285,saudi,greedy_risk,42,13,
27.0,0.2857142857142857,0.9933774834437086,515,-41.285714285714285,saudi,greedy_risk,42,14,
27.0,0.2857142857142857,0.9911699779249448,524,-41.285714285714285,saudi,greedy_risk,1042,0,
27.0,0.2857142857142857,0.9933774834437086,431,-41.285714285714285,saudi,greedy_risk,1042,1,
27.0,0.2857142857142857,0.9867549668874173,441,-41.285714285714285,saudi,greedy_risk,1042,2,
27.0,0.2857142857142857,0.9867549668874173,517,-41.285714285714285,saudi,greedy_risk,1042,3,
27.0,0.2857142857142857,0.9911699779249448,387,-41.285714285714285,saudi,greedy_risk,1042,4,
27.0,0.2857142857142857,0.9911699779249448,519,-41.28571428571429,saudi,greedy_risk,1042,5,
18.0,0.5714285714285714,0.9933774834437086,431,-26.571428571428577,saudi,greedy_risk,1042,6,
27.0,0.2857142857142857,0.9911699779249448,535,-41.285714285714285,saudi,greedy_risk,1042,7,
18.0,0.5714285714285714,0.9955849889624724,530,-26.571428571428577,saudi,greedy_risk,1042,8,
27.0,0.2857142857142857,0.9889624724061811,525,-41.285714285714285,saudi,greedy_risk,1042,9,
18.0,0.5714285714285714,0.9977924944812362,396,-26.571428571428577,saudi,greedy_risk,1042,10,
27.0,0.2857142857142857,0.9933774834437086,435,-41.285714285714285,saudi,greedy_risk,1042,11,
27.0,0.2857142857142857,0.9933774834437086,511,-41.285714285714285,saudi,greedy_risk,1042,12,
27.0,0.2857142857142857,0.9911699779249448,509,-41.285714285714285,saudi,greedy_risk,1042,13,
27.0,0.2857142857142857,0.9955849889624724,563,-41.285714285714285,saudi,greedy_risk,1042,14,
27.0,0.2857142857142857,0.9933774834437086,512,-41.285714285714285,saudi,greedy_risk,2042,0,
27.0,0.2857142857142857,0.9867549668874173,435,-41.285714285714285,saudi,greedy_risk,2042,1,
27.0,0.2857142857142857,0.9867549668874173,488,-41.285714285714285,saudi,greedy_risk,2042,2,
27.0,0.2857142857142857,0.9801324503311258,485,-41.285714285714285,saudi,greedy_risk,2042,3,
27.0,0.2857142857142857,0.9889624724061811,554,-41.285714285714285,saudi,greedy_risk,2042,4,
27.0,0.2857142857142857,0.9889624724061811,486,-41.285714285714285,saudi,greedy_risk,2042,5,
18.0,0.5714285714285714,0.9933774834437086,504,-26.571428571428577,saudi,greedy_risk,2042,6,
27.0,0.2857142857142857,0.9933774834437086,532,-41.285714285714285,saudi,greedy_risk,2042,7,
27.0,0.2857142857142857,0.9911699779249448,385,-41.285714285714285,saudi,greedy_risk,2042,8,
27.0,0.2857142857142857,0.9911699779249448,516,-41.285714285714285,saudi,greedy_risk,2042,9,
27.0,0.2857142857142857,0.9911699779249448,371,-41.285714285714285,saudi,greedy_risk,2042,10,
27.0,0.2857142857142857,0.9911699779249448,578,-41.285714285714285,saudi,greedy_risk,2042,11,
27.0,0.2857142857142857,0.9911699779249448,587,-41.28571428571429,saudi,greedy_risk,2042,12,
18.0,0.5714285714285714,0.9911699779249448,452,-26.571428571428577,saudi,greedy_risk,2042,13,
27.0,0.2857142857142857,0.9867549668874173,437,-41.285714285714285,saudi,greedy_risk,2042,14,
27.0,0.2857142857142857,0.9889624724061811,471,-41.285714285714285,saudi,greedy_risk,3042,0,
27.0,0.2857142857142857,0.9955849889624724,457,-41.28571428571429,saudi,greedy_risk,3042,1,
27.0,0.2857142857142857,0.9889624724061811,551,-41.285714285714285,saudi,greedy_risk,3042,2,
18.0,0.5714285714285714,0.9933774834437086,432,-26.571428571428577,saudi,greedy_risk,3042,3,
18.0,0.5714285714285714,0.9933774834437086,549,-26.571428571428577,saudi,greedy_risk,3042,4,
18.0,0.5714285714285714,0.9911699779249448,450,-26.571428571428577,saudi,greedy_risk,3042,5,
18.0,0.5714285714285714,0.9889624724061811,544,-26.571428571428577,saudi,greedy_risk,3042,6,
27.0,0.2857142857142857,0.9889624724061811,370,-41.285714285714285,saudi,greedy_risk,3042,7,
27.0,0.2857142857142857,0.9889624724061811,516,-41.285714285714285,saudi,greedy_risk,3042,8,
27.0,0.2857142857142857,0.9889624724061811,489,-41.285714285714285,saudi,greedy_risk,3042,9,
27.0,0.2857142857142857,0.9911699779249448,559,-41.28571428571429,saudi,greedy_risk,3042,10,
27.0,0.2857142857142857,0.9867549668874173,428,-41.285714285714285,saudi,greedy_risk,3042,11,
27.0,0.2857142857142857,0.9911699779249448,510,-41.285714285714285,saudi,greedy_risk,3042,12,
27.0,0.2857142857142857,0.9889624724061811,487,-41.285714285714285,saudi,greedy_risk,3042,13,
27.0,0.2857142857142857,0.9911699779249448,427,-41.285714285714285,saudi,greedy_risk,3042,14,
18.0,0.5714285714285714,0.9933774834437086,431,-26.571428571428577,saudi,greedy_risk,4042,0,
27.0,0.2857142857142857,0.9889624724061811,492,-41.28571428571429,saudi,greedy_risk,4042,1,
18.0,0.5714285714285714,0.9933774834437086,558,-26.571428571428577,saudi,greedy_risk,4042,2,
27.0,0.2857142857142857,0.9889624724061811,371,-41.285714285714285,saudi,greedy_risk,4042,3,
27.0,0.2857142857142857,0.9955849889624724,589,-41.285714285714285,saudi,greedy_risk,4042,4,
18.0,0.5714285714285714,0.9889624724061811,416,-26.571428571428577,saudi,greedy_risk,4042,5,
18.0,0.5714285714285714,0.9889624724061811,435,-26.571428571428577,saudi,greedy_risk,4042,6,
27.0,0.2857142857142857,0.9911699779249448,497,-41.285714285714285,saudi,greedy_risk,4042,7,
18.0,0.5714285714285714,0.9911699779249448,467,-26.571428571428577,saudi,greedy_risk,4042,8,
18.0,0.5714285714285714,0.9933774834437086,557,-26.571428571428577,saudi,greedy_risk,4042,9,
18.0,0.5714285714285714,0.977924944812362,497,-26.571428571428577,saudi,greedy_risk,4042,10,
27.0,0.2857142857142857,0.9889624724061811,507,-41.285714285714285,saudi,greedy_risk,4042,11,
18.0,0.5714285714285714,0.9933774834437086,534,-26.571428571428577,saudi,greedy_risk,4042,12,
27.0,0.2857142857142857,0.9955849889624724,543,-41.285714285714285,saudi,greedy_risk,4042,13,
27.0,0.2857142857142857,0.9933774834437086,578,-41.285714285714285,saudi,greedy_risk,4042,14,
23.0,0.42857142857142855,0.4188034188034188,116,-37.02857142857143,saudi,local_reactive,42,0,
9.0,0.7142857142857143,0.4345991561181435,47,-16.614285714285707,saudi,local_reactive,42,1,
17.0,0.5714285714285714,0.42424242424242425,149,-27.871428571428567,saudi,local_reactive,42,2,
13.0,0.7142857142857143,0.656084656084656,84,-19.81428571428571,saudi,local_reactive,42,3,
9.0,0.7142857142857143,0.39849624060150374,79,-17.614285714285707,saudi,local_reactive,42,4,
0.0,1.0,1.0,0,0.0,saudi,local_reactive,42,5,
0.0,1.0,1.0,0,0.0,saudi,local_reactive,42,6,
19.0,0.5714285714285714,0.5897435897435898,72,-29.371428571428567,saudi,local_reactive,42,7,
19.0,0.5714285714285714,0.5113636363636364,87,-30.971428571428568,saudi,local_reactive,42,8,
0.0,1.0,1.0,0,0.0,saudi,local_reactive,42,9,
17.0,0.5714285714285714,0.42857142857142855,190,-28.67142857142856,saudi,local_reactive,42,10,
23.0,0.42857142857142855,0.4188034188034188,116,-37.02857142857143,saudi,local_reactive,42,11,
20.0,0.5714285714285714,0.5233644859813084,139,-31.671428571428578,saudi,local_reactive,42,12,
0.0,1.0,1.0,0,0.0,saudi,local_reactive,42,13,
0.0,1.0,1.0,0,0.0,saudi,local_reactive,42,14,
17.0,0.5714285714285714,0.37777777777777777,226,-29.77142857142856,saudi,local_reactive,1042,0,
4.0,0.8571428571428571,0.5458333333333333,75,-8.457142857142852,saudi,local_reactive,1042,1,
19.0,0.5714285714285714,0.5077519379844961,87,-30.971428571428568,saudi,local_reactive,1042,2,
23.0,0.42857142857142855,0.41304347826086957,172,-38.628571428571476,saudi,local_reactive,1042,3,
9.0,0.7142857142857143,0.4603174603174603,57,-17.414285714285704,saudi,local_reactive,1042,4,
14.0,0.7142857142857143,0.39172749391727496,111,-24.8142857142857,saudi,local_reactive,1042,5,
16.0,0.7142857142857143,0.47246376811594204,79,-23.51428571428571,saudi,local_reactive,1042,6,
0.0,1.0,1.0,0,0.0,saudi,local_reactive,1042,7,
23.0,0.42857142857142855,0.4567901234567901,136,-36.42857142857144,saudi,local_reactive,1042,8,
14.0,0.7142857142857143,0.4345991561181435,111,-22.214285714285708,saudi,local_reactive,1042,9,
13.0,0.7142857142857143,0.5089605734767025,59,-20.61428571428571,saudi,local_reactive,1042,10,
4.0,0.8571428571428571,0.5324675324675324,77,-8.457142857142859,saudi,local_reactive,1042,11,
23.0,0.42857142857142855,0.4523809523809524,199,-37.52857142857147,saudi,local_reactive,1042,12,
0.0,1.0,1.0,0,0.0,saudi,local_reactive,1042,13,
0.0,1.0,1.0,0,0.0,saudi,local_reactive,1042,14,
19.0,0.5714285714285714,0.3825503355704698,99,-32.67142857142857,saudi,local_reactive,2042,0,
9.0,0.7142857142857143,0.48095238095238096,56,-17.314285714285706,saudi,local_reactive,2042,1,
19.0,0.5714285714285714,0.3841059602649007,110,-30.571428571428562,saudi,local_reactive,2042,2,
19.0,0.5714285714285714,0.5748792270531401,96,-29.871428571428574,saudi,local_reactive,2042,3,
0.0,1.0,0.9444444444444444,0,0.0,saudi,local_reactive,2042,4,
14.0,0.7142857142857143,0.40591397849462363,201,-24.0142857142857,saudi,local_reactive,2042,5,
14.0,0.7142857142857143,0.43137254901960786,219,-22.614285714285703,saudi,local_reactive,2042,6,
0.0,1.0,1.0,0,0.0,saudi,local_reactive,2042,7,
9.0,0.7142857142857143,0.44,59,-17.814285714285706,saudi,local_reactive,2042,8,
14.0,0.7142857142857143,0.3968253968253968,239,-22.914285714285707,saudi,local_reactive,2042,9,
9.0,0.7142857142857143,0.39880952380952384,66,-17.214285714285708,saudi,local_reactive,2042,10,
0.0,1.0,1.0,0,0.0,saudi,local_reactive,2042,11,
4.0,0.8571428571428571,0.7037037037037037,113,-8.457142857142854,saudi,local_reactive,2042,12,
20.0,0.5714285714285714,0.39166666666666666,168,-33.27142857142858,saudi,local_reactive,2042,13,
13.0,0.7142857142857143,0.639344262295082,75,-19.81428571428571,saudi,local_reactive,2042,14,
14.0,0.7142857142857143,0.4292237442922374,109,-21.91428571428571,saudi,local_reactive,3042,0,
0.0,1.0,0.6073059360730594,52,-1.4999999999999987,saudi,local_reactive,3042,1,
0.0,1.0,1.0,0,0.0,saudi,local_reactive,3042,2,
16.0,0.7142857142857143,0.48427672955974843,75,-24.114285714285707,saudi,local_reactive,3042,3,
14.0,0.7142857142857143,0.592156862745098,105,-22.514285714285716,saudi,local_reactive,3042,4,
20.0,0.5714285714285714,0.3926553672316384,166,-33.27142857142858,saudi,local_reactive,3042,5,
14.0,0.7142857142857143,0.5607843137254902,95,-21.51428571428572,saudi,local_reactive,3042,6,
9.0,0.7142857142857143,0.5192307692307693,46,-16.51428571428571,saudi,local_reactive,3042,7,
17.0,0.5714285714285714,0.39770114942528734,211,-31.471428571428554,saudi,local_reactive,3042,8,
23.0,0.42857142857142855,0.44074074074074077,195,-37.928571428571466,saudi,local_reactive,3042,9,
4.0,0.8571428571428571,0.78125,83,-8.057142857142857,saudi,local_reactive,3042,10,
19.0,0.5714285714285714,0.6025641025641025,76,-29.571428571428566,saudi,local_reactive,3042,11,
0.0,1.0,1.0,0,0.0,saudi,local_reactive,3042,12,
14.0,0.7142857142857143,0.4356060606060606,206,-22.814285714285703,saudi,local_reactive,3042,13,
4.0,0.8571428571428571,0.3824561403508772,136,-10.057142857142853,saudi,local_reactive,3042,14,
16.0,0.7142857142857143,0.47126436781609193,79,-23.714285714285708,saudi,local_reactive,4042,0,
0.0,1.0,0.5657894736842105,63,-1.6999999999999968,saudi,local_reactive,4042,1,
23.0,0.42857142857142855,0.45689655172413796,149,-36.928571428571445,saudi,local_reactive,4042,2,
19.0,0.5714285714285714,0.39775910364145656,83,-29.971428571428564,saudi,local_reactive,4042,3,
0.0,1.0,1.0,0,0.0,saudi,local_reactive,4042,4,
13.0,0.7142857142857143,0.5487179487179488,69,-20.01428571428571,saudi,local_reactive,4042,5,
16.0,0.7142857142857143,0.5261044176706827,80,-23.31428571428571,saudi,local_reactive,4042,6,
17.0,0.5714285714285714,0.4009009009009009,197,-28.57142857142856,saudi,local_reactive,4042,7,
10.0,0.8571428571428571,0.6772486772486772,93,-13.757142857142853,saudi,local_reactive,4042,8,
23.0,0.42857142857142855,0.45689655172413796,145,-36.928571428571445,saudi,local_reactive,4042,9,
14.0,0.7142857142857143,0.437984496124031,209,-22.814285714285703,saudi,local_reactive,4042,10,
23.0,0.42857142857142855,0.4583333333333333,200,-37.12857142857146,saudi,local_reactive,4042,11,
17.0,0.5714285714285714,0.4175824175824176,241,-28.87142857142856,saudi,local_reactive,4042,12,
23.0,0.42857142857142855,0.41025641025641024,234,-39.12857142857149,saudi,local_reactive,4042,13,
0.0,1.0,1.0,0,0.0,saudi,local_reactive,4042,14,
22.0,0.5,0.8432671081677704,736,-32.099999999999994,california,mappo,42,0,42.0
10.0,0.8333333333333334,0.6868008948545862,735,-13.533333333333331,california,mappo,42,1,42.0
22.0,0.5,0.9381898454746137,685,-32.400000000000006,california,mappo,42,2,42.0
6.0,0.8333333333333334,0.972027972027972,736,-9.433333333333332,california,mappo,42,3,42.0
10.0,0.8333333333333334,0.6909492273730684,627,-13.633333333333333,california,mappo,42,4,42.0
6.0,0.8333333333333334,0.977924944812362,155,-9.533333333333331,california,mappo,42,5,42.0
12.0,0.6666666666666666,0.695364238410596,539,-19.06666666666667,california,mappo,42,6,42.0
16.0,0.6666666666666666,0.8366445916114791,731,-22.766666666666666,california,mappo,42,7,42.0
16.0,0.6666666666666666,0.6909492273730684,676,-22.96666666666667,california,mappo,42,8,42.0
12.0,0.6666666666666666,0.6975717439293598,744,-18.96666666666667,california,mappo,42,9,42.0
12.0,0.6666666666666666,0.9293598233995585,626,-19.06666666666667,california,mappo,42,10,42.0
12.0,0.6666666666666666,0.9381898454746137,632,-19.06666666666667,california,mappo,42,11,42.0
6.0,0.8333333333333334,0.8763796909492274,505,-10.233333333333329,california,mappo,42,12,42.0
6.0,0.8333333333333334,0.9646799116997793,605,-9.533333333333331,california,mappo,42,13,42.0
12.0,0.6666666666666666,0.9867549668874173,486,-18.766666666666666,california,mappo,42,14,42.0
16.0,0.6666666666666666,0.6988505747126437,745,-22.866666666666667,california,mappo,1042,0,42.0
6.0,0.8333333333333334,0.695364238410596,405,-9.733333333333333,california,mappo,1042,1,42.0
16.0,0.6666666666666666,0.8057395143487859,669,-22.766666666666666,california,mappo,1042,2,42.0
6.0,0.8333333333333334,0.869757174392936,424,-10.43333333333333,california,mappo,1042,3,42.0
10.0,0.8333333333333334,0.7066666666666667,678,-13.433333333333332,california,mappo,1042,4,42.0
12.0,0.6666666666666666,0.9713024282560706,461,-18.96666666666667,california,mappo,1042,5,42.0
6.0,0.8333333333333334,0.9911699779249448,514,-9.433333333333332,california,mappo,1042,6,42.0
6.0,0.8333333333333334,0.9801324503311258,462,-9.533333333333331,california,mappo,1042,7,42.0
22.0,0.5,0.9293598233995585,631,-32.400000000000006,california,mappo,1042,8,42.0
22.0,0.5,0.695364238410596,737,-32.2,california,mappo,1042,9,42.0
12.0,0.6666666666666666,0.8962472406181016,574,-19.06666666666667,california,mappo,1042,10,42.0
6.0,0.8333333333333334,0.695364238410596,419,-9.733333333333333,california,mappo,1042,11,42.0
16.0,0.6666666666666666,0.8520971302428256,730,-22.766666666666666,california,mappo,1042,12,42.0
12.0,0.6666666666666666,0.6909492273730684,474,-19.366666666666667,california,mappo,1042,13,42.0
12.0,0.6666666666666666,0.7019867549668874,561,-19.166666666666668,california,mappo,1042,14,42.0
16.0,0.6666666666666666,0.8498896247240618,724,-22.766666666666666,california,mappo,2042,0,42.0
10.0,0.8333333333333334,0.6909492273730684,672,-13.633333333333333,california,mappo,2042,1,42.0
16.0,0.6666666666666666,0.6909492273730684,716,-22.96666666666667,california,mappo,2042,2,42.0
16.0,0.6666666666666666,0.6909492273730684,739,-22.96666666666667,california,mappo,2042,3,42.0
6.0,0.8333333333333334,0.8565121412803532,420,-10.233333333333329,california,mappo,2042,4,42.0
22.0,0.5,0.9249448123620309,609,-32.400000000000006,california,mappo,2042,5,42.0
22.0,0.5,0.9337748344370861,651,-32.400000000000006,california,mappo,2042,6,42.0
12.0,0.6666666666666666,0.9514348785871964,462,-18.96666666666667,california,mappo,2042,7,42.0
10.0,0.8333333333333334,0.6909492273730684,678,-13.633333333333333,california,mappo,2042,8,42.0
22.0,0.5,0.8123620309050773,664,-32.400000000000006,california,mappo,2042,9,42.0
10.0,0.8333333333333334,0.9933774834437086,586,-13.333333333333332,california,mappo,2042,10,42.0
12.0,0.6666666666666666,0.6887417218543046,744,-18.96666666666667,california,mappo,2042,11,42.0
22.0,0.5,0.869757174392936,752,-32.099999999999994,california,mappo,2042,12,42.0
16.0,0.6666666666666666,0.9646799116997793,699,-22.766666666666666,california,mappo,2042,13,42.0
6.0,0.8333333333333334,0.9514348785871964,615,-9.733333333333333,california,mappo,2042,14,42.0
12.0,0.6666666666666666,0.6909492273730684,527,-19.166666666666668,california,mappo,3042,0,42.0
12.0,0.6666666666666666,0.695364238410596,553,-19.06666666666667,california,mappo,3042,1,42.0
12.0,0.6666666666666666,0.9735099337748344,485,-18.866666666666667,california,mappo,3042,2,42.0
6.0,0.8333333333333334,0.7660044150110376,313,-10.133333333333331,california,mappo,3042,3,42.0
6.0,0.8333333333333334,0.8685897435897436,242,-9.93333333333333,california,mappo,3042,4,42.0
16.0,0.6666666666666666,0.7924944812362031,630,-23.666666666666664,california,mappo,3042,5,42.0
16.0,0.6666666666666666,0.8322295805739515,722,-22.766666666666666,california,mappo,3042,6,42.0
16.0,0.6666666666666666,0.6887417218543046,694,-23.166666666666664,california,mappo,3042,7,42.0
6.0,0.8333333333333334,0.9514348785871964,666,-9.733333333333333,california,mappo,3042,8,42.0
16.0,0.6666666666666666,0.8322295805739515,722,-22.766666666666666,california,mappo,3042,9,42.0
16.0,0.6666666666666666,0.8609271523178808,726,-22.766666666666666,california,mappo,3042,10,42.0
16.0,0.6666666666666666,1.0,630,-22.666666666666668,california,mappo,3042,11,42.0
12.0,0.6666666666666666,0.6909492273730684,498,-19.366666666666667,california,mappo,3042,12,42.0
12.0,0.6666666666666666,0.9293598233995585,618,-19.06666666666667,california,mappo,3042,13,42.0
9.0,0.6666666666666666,0.695364238410596,556,-16.06666666666667,california,mappo,3042,14,42.0
6.0,0.8333333333333334,0.7660044150110376,306,-10.133333333333331,california,mappo,4042,0,42.0
12.0,0.6666666666666666,0.7240618101545254,688,-18.96666666666667,california,mappo,4042,1,42.0
16.0,0.6666666666666666,0.7880794701986755,618,-23.46666666666667,california,mappo,4042,2,42.0
16.0,0.6666666666666666,0.8233995584988962,515,-22.866666666666667,california,mappo,4042,3,42.0
6.0,0.8333333333333334,0.9713024282560706,371,-9.533333333333331,california,mappo,4042,4,42.0
22.0,0.5,0.9337748344370861,673,-32.400000000000006,california,mappo,4042,5,42.0
6.0,0.8333333333333334,0.7660044150110376,318,-10.133333333333331,california,mappo,4042,6,42.0
16.0,0.6666666666666666,0.8388520971302428,727,-22.766666666666666,california,mappo,4042,7,42.0
16.0,0.6666666666666666,0.8388520971302428,664,-22.96666666666667,california,mappo,4042,8,42.0
6.0,0.8333333333333334,0.9713024282560706,505,-9.533333333333331,california,mappo,4042,9,42.0
12.0,0.6666666666666666,0.9337748344370861,632,-19.06666666666667,california,mappo,4042,10,42.0
16.0,0.6666666666666666,0.8454746136865342,732,-22.766666666666666,california,mappo,4042,11,42.0
12.0,0.6666666666666666,0.9293598233995585,636,-19.06666666666667,california,mappo,4042,12,42.0
16.0,0.6666666666666666,0.8300220750551877,718,-22.766666666666666,california,mappo,4042,13,42.0
6.0,0.8333333333333334,0.9624724061810155,353,-9.633333333333331,california,mappo,4042,14,42.0
25.0,0.3333333333333333,0.7196467991169978,703,-38.93333333333333,california,mappo,42,0,1042.0
0.0,1.0,0.9646799116997793,44,-0.30000000000000004,california,mappo,42,1,1042.0
6.0,0.8333333333333334,0.9977924944812362,411,-9.333333333333332,california,mappo,42,2,1042.0
6.0,0.8333333333333334,1.0,424,-9.333333333333332,california,mappo,42,3,1042.0
19.0,0.5,1.0,576,-29.0,california,mappo,42,4,1042.0
6.0,0.8333333333333334,1.0,78,-9.333333333333332,california,mappo,42,5,1042.0
19.0,0.5,0.847682119205298,499,-29.7,california,mappo,42,6,1042.0
19.0,0.5,0.9094922737306843,524,-29.2,california,mappo,42,7,1042.0
13.0,0.6666666666666666,1.0,355,-19.666666666666668,california,mappo,42,8,1042.0
6.0,0.8333333333333334,1.0,86,-9.333333333333332,california,mappo,42,9,1042.0
19.0,0.5,0.9867549668874173,573,-29.0,california,mappo,42,10,1042.0
6.0,0.8333333333333334,1.0,386,-9.333333333333332,california,mappo,42,11,1042.0
19.0,0.5,0.7218543046357616,592,-29.499999999999996,california,mappo,42,12,1042.0
19.0,0.5,1.0,505,-29.0,california,mappo,42,13,1042.0
16.0,0.6666666666666666,0.717439293598234,373,-23.066666666666666,california,mappo,42,14,1042.0
19.0,0.5,0.8807947019867549,628,-29.599999999999998,california,mappo,1042,0,1042.0
0.0,1.0,1.0,0,0.0,california,mappo,1042,1,1042.0
19.0,0.5,1.0,524,-29.0,california,mappo,1042,2,1042.0
19.0,0.5,0.9977924944812362,547,-29.0,california,mappo,1042,3,1042.0
12.0,0.6666666666666666,1.0,99,-18.666666666666668,california,mappo,1042,4,1042.0
16.0,0.6666666666666666,0.8123620309050773,387,-23.266666666666666,california,mappo,1042,5,1042.0
6.0,0.8333333333333334,1.0,382,-9.333333333333332,california,mappo,1042,6,1042.0
19.0,0.5,0.9977924944812362,420,-29.0,california,mappo,1042,7,1042.0
19.0,0.5,0.9867549668874173,602,-29.0,california,mappo,1042,8,1042.0
19.0,0.5,0.7108167770419426,526,-29.499999999999996,california,mappo,1042,9,1042.0
16.0,0.6666666666666666,1.0,607,-22.666666666666668,california,mappo,1042,10,1042.0
0.0,1.0,1.0,0,0.0,california,mappo,1042,11,1042.0
25.0,0.3333333333333333,1.0,709,-38.333333333333336,california,mappo,1042,12,1042.0
9.0,0.6666666666666666,1.0,203,-15.666666666666668,california,mappo,1042,13,1042.0
12.0,0.6666666666666666,1.0,539,-18.666666666666668,california,mappo,1042,14,1042.0
19.0,0.5,0.7615894039735099,628,-29.2,california,mappo,2042,0,1042.0
13.0,0.6666666666666666,1.0,458,-19.666666666666668,california,mappo,2042,1,1042.0
13.0,0.6666666666666666,1.0,444,-19.666666666666668,california,mappo,2042,2,1042.0
13.0,0.6666666666666666,1.0,490,-19.666666666666668,california,mappo,2042,3,1042.0
16.0,0.6666666666666666,1.0,374,-22.666666666666668,california,mappo,2042,4,1042.0
19.0,0.5,0.9867549668874173,563,-29.0,california,mappo,2042,5,1042.0
19.0,0.5,0.9889624724061811,644,-29.0,california,mappo,2042,6,1042.0
6.0,0.8333333333333334,1.0,71,-9.333333333333332,california,mappo,2042,7,1042.0
13.0,0.6666666666666666,1.0,523,-19.666666666666668,california,mappo,2042,8,1042.0
16.0,0.6666666666666666,0.9823399558498896,671,-22.666666666666668,california,mappo,2042,9,1042.0
25.0,0.3333333333333333,0.7064017660044151,728,-38.73333333333334,california,mappo,2042,10,1042.0
6.0,0.8333333333333334,1.0,86,-9.333333333333332,california,mappo,2042,11,1042.0
19.0,0.5,1.0,561,-29.0,california,mappo,2042,12,1042.0
12.0,0.6666666666666666,0.9911699779249448,455,-18.766666666666666,california,mappo,2042,13,1042.0
6.0,0.8333333333333334,1.0,388,-9.333333333333332,california,mappo,2042,14,1042.0
6.0,0.8333333333333334,1.0,91,-9.333333333333332,california,mappo,3042,0,1042.0
19.0,0.5,0.8741721854304636,510,-29.599999999999998,california,mappo,3042,1,1042.0
16.0,0.6666666666666666,0.9646799116997793,382,-23.166666666666664,california,mappo,3042,2,1042.0
6.0,0.8333333333333334,1.0,93,-9.333333333333332,california,mappo,3042,3,1042.0
19.0,0.5,0.7152317880794702,464,-29.800000000000008,california,mappo,3042,4,1042.0
19.0,0.5,0.7108167770419426,610,-29.099999999999998,california,mappo,3042,5,1042.0
19.0,0.5,1.0,491,-29.0,california,mappo,3042,6,1042.0
22.0,0.5,0.9668874172185431,742,-32.0,california,mappo,3042,7,1042.0
12.0,0.6666666666666666,1.0,139,-18.666666666666668,california,mappo,3042,8,1042.0
19.0,0.5,1.0,509,-29.0,california,mappo,3042,9,1042.0
19.0,0.5,1.0,505,-29.0,california,mappo,3042,10,1042.0
22.0,0.5,0.7108167770419426,693,-32.599999999999994,california,mappo,3042,11,1042.0
9.0,0.6666666666666666,1.0,465,-15.666666666666668,california,mappo,3042,12,1042.0
6.0,0.8333333333333334,1.0,372,-9.333333333333332,california,mappo,3042,13,1042.0
6.0,0.8333333333333334,1.0,477,-9.333333333333332,california,mappo,3042,14,1042.0
6.0,0.8333333333333334,1.0,93,-9.333333333333332,california,mappo,4042,0,1042.0
19.0,0.5,0.9955849889624724,578,-29.0,california,mappo,4042,1,1042.0
19.0,0.5,0.7218543046357616,503,-29.499999999999996,california,mappo,4042,2,1042.0
19.0,0.5,1.0,543,-29.0,california,mappo,4042,3,1042.0
19.0,0.5,0.717439293598234,407,-29.499999999999996,california,mappo,4042,4,1042.0
6.0,0.8333333333333334,0.9977924944812362,382,-9.333333333333332,california,mappo,4042,5,1042.0
6.0,0.8333333333333334,1.0,93,-9.333333333333332,california,mappo,4042,6,1042.0
19.0,0.5,0.9823399558498896,558,-29.2,california,mappo,4042,7,1042.0
6.0,0.8333333333333334,1.0,429,-9.333333333333332,california,mappo,4042,8,1042.0
19.0,0.5,0.9403973509933775,431,-29.2,california,mappo,4042,9,1042.0
16.0,0.6666666666666666,1.0,455,-22.666666666666668,california,mappo,4042,10,1042.0
25.0,0.3333333333333333,1.0,704,-38.333333333333336,california,mappo,4042,11,1042.0
19.0,0.5,0.9867549668874173,586,-29.0,california,mappo,4042,12,1042.0
19.0,0.5,0.7417218543046358,542,-29.2,california,mappo,4042,13,1042.0
6.0,0.8333333333333334,1.0,57,-9.333333333333332,california,mappo,4042,14,1042.0
25.0,0.3333333333333333,1.0,684,-38.333333333333336,california,mappo,42,0,2042.0
13.0,0.6666666666666666,0.7527593818984547,507,-20.06666666666667,california,mappo,42,1,2042.0
9.0,0.6666666666666666,1.0,644,-15.666666666666668,california,mappo,42,2,2042.0
9.0,0.6666666666666666,1.0,652,-15.666666666666668,california,mappo,42,3,2042.0
13.0,0.6666666666666666,0.891832229580574,406,-19.666666666666668,california,mappo,42,4,2042.0
25.0,0.3333333333333333,0.6997792494481236,667,-38.43333333333334,california,mappo,42,5,2042.0
9.0,0.6666666666666666,1.0,586,-15.666666666666668,california,mappo,42,6,2042.0
3.0,0.8333333333333334,1.0,406,-6.333333333333332,california,mappo,42,7,2042.0
10.0,0.8333333333333334,0.9249448123620309,308,-13.333333333333332,california,mappo,42,8,2042.0
25.0,0.3333333333333333,0.8741721854304636,719,-38.43333333333334,california,mappo,42,9,2042.0
9.0,0.6666666666666666,1.0,607,-15.666666666666668,california,mappo,42,10,2042.0
9.0,0.6666666666666666,1.0,642,-15.666666666666668,california,mappo,42,11,2042.0
19.0,0.5,0.7792494481236203,639,-29.2,california,mappo,42,12,2042.0
15.0,0.5,0.9536423841059603,697,-25.3,california,mappo,42,13,2042.0
19.0,0.5,1.0,654,-29.0,california,mappo,42,14,2042.0
15.0,0.5,1.0,687,-25.0,california,mappo,1042,0,2042.0
0.0,1.0,1.0,0,0.0,california,mappo,1042,1,2042.0
3.0,0.8333333333333334,1.0,430,-6.333333333333332,california,mappo,1042,2,2042.0
19.0,0.5,1.0,461,-29.0,california,mappo,1042,3,2042.0
3.0,0.8333333333333334,1.0,492,-6.333333333333332,california,mappo,1042,4,2042.0
19.0,0.5,0.6997792494481236,655,-29.099999999999998,california,mappo,1042,5,2042.0
13.0,0.6666666666666666,1.0,499,-19.666666666666668,california,mappo,1042,6,2042.0
25.0,0.3333333333333333,1.0,710,-38.333333333333336,california,mappo,1042,7,2042.0
15.0,0.5,1.0,707,-25.0,california,mappo,1042,8,2042.0
25.0,0.3333333333333333,1.0,678,-38.333333333333336,california,mappo,1042,9,2042.0
13.0,0.6666666666666666,0.9933774834437086,236,-19.666666666666668,california,mappo,1042,10,2042.0
0.0,1.0,1.0,0,0.0,california,mappo,1042,11,2042.0
3.0,0.8333333333333334,1.0,475,-6.333333333333332,california,mappo,1042,12,2042.0
25.0,0.3333333333333333,1.0,644,-38.333333333333336,california,mappo,1042,13,2042.0
25.0,0.3333333333333333,0.8597701149425288,720,-38.43333333333334,california,mappo,1042,14,2042.0
9.0,0.6666666666666666,1.0,700,-15.666666666666668,california,mappo,2042,0,2042.0
13.0,0.6666666666666666,0.8874172185430463,426,-19.666666666666668,california,mappo,2042,1,2042.0
13.0,0.6666666666666666,0.7660044150110376,386,-19.666666666666668,california,mappo,2042,2,2042.0
13.0,0.6666666666666666,0.7637969094922737,427,-19.666666666666668,california,mappo,2042,3,2042.0
15.0,0.5,0.9602649006622517,649,-25.3,california,mappo,2042,4,2042.0
9.0,0.6666666666666666,1.0,693,-15.666666666666668,california,mappo,2042,5,2042.0
15.0,0.5,1.0,715,-25.0,california,mappo,2042,6,2042.0
6.0,0.8333333333333334,0.9492273730684326,367,-9.73333333333333,california,mappo,2042,7,2042.0
13.0,0.6666666666666666,1.0,495,-19.666666666666668,california,mappo,2042,8,2042.0
9.0,0.6666666666666666,1.0,544,-15.666666666666668,california,mappo,2042,9,2042.0
3.0,0.8333333333333334,1.0,458,-6.333333333333332,california,mappo,2042,10,2042.0
25.0,0.3333333333333333,0.869757174392936,719,-38.43333333333334,california,mappo,2042,11,2042.0
25.0,0.3333333333333333,1.0,686,-38.333333333333336,california,mappo,2042,12,2042.0
13.0,0.6666666666666666,1.0,548,-19.666666666666668,california,mappo,2042,13,2042.0
9.0,0.6666666666666666,1.0,521,-15.666666666666668,california,mappo,2042,14,2042.0
9.0,0.6666666666666666,1.0,572,-15.666666666666668,california,mappo,3042,0,2042.0
19.0,0.5,1.0,702,-29.0,california,mappo,3042,1,2042.0
16.0,0.6666666666666666,0.9977924944812362,634,-22.666666666666668,california,mappo,3042,2,2042.0
9.0,0.6666666666666666,1.0,652,-15.666666666666668,california,mappo,3042,3,2042.0
6.0,0.8333333333333334,1.0,580,-9.333333333333332,california,mappo,3042,4,2042.0
9.0,0.6666666666666666,1.0,503,-15.666666666666668,california,mappo,3042,5,2042.0
19.0,0.5,1.0,444,-29.0,california,mappo,3042,6,2042.0
3.0,0.8333333333333334,1.0,514,-6.333333333333332,california,mappo,3042,7,2042.0
9.0,0.6666666666666666,1.0,536,-15.666666666666668,california,mappo,3042,8,2042.0
3.0,0.8333333333333334,1.0,421,-6.333333333333332,california,mappo,3042,9,2042.0
15.0,0.5,1.0,607,-25.0,california,mappo,3042,10,2042.0
0.0,1.0,1.0,611,0.0,california,mappo,3042,11,2042.0
25.0,0.3333333333333333,1.0,673,-38.333333333333336,california,mappo,3042,12,2042.0
9.0,0.6666666666666666,1.0,471,-15.666666666666668,california,mappo,3042,13,2042.0
0.0,1.0,1.0,81,0.0,california,mappo,3042,14,2042.0
9.0,0.6666666666666666,1.0,648,-15.666666666666668,california,mappo,4042,0,2042.0
19.0,0.5,1.0,714,-29.0,california,mappo,4042,1,2042.0
6.0,0.8333333333333334,1.0,596,-9.333333333333332,california,mappo,4042,2,2042.0
3.0,0.8333333333333334,1.0,450,-6.333333333333332,california,mappo,4042,3,2042.0
15.0,0.5,0.9580573951434879,638,-25.3,california,mappo,4042,4,2042.0
9.0,0.6666666666666666,1.0,624,-15.666666666666668,california,mappo,4042,5,2042.0
9.0,0.6666666666666666,1.0,657,-15.666666666666668,california,mappo,4042,6,2042.0
15.0,0.5,0.9823399558498896,671,-25.099999999999998,california,mappo,4042,7,2042.0
13.0,0.6666666666666666,1.0,573,-19.666666666666668,california,mappo,4042,8,2042.0
19.0,0.5,0.9492273730684326,409,-29.0,california,mappo,4042,9,2042.0
9.0,0.6666666666666666,1.0,495,-15.666666666666668,california,mappo,4042,10,2042.0
3.0,0.8333333333333334,1.0,462,-6.333333333333332,california,mappo,4042,11,2042.0
9.0,0.6666666666666666,1.0,700,-15.666666666666668,california,mappo,4042,12,2042.0
3.0,0.8333333333333334,1.0,447,-6.333333333333332,california,mappo,4042,13,2042.0
25.0,0.3333333333333333,1.0,621,-38.333333333333336,california,mappo,4042,14,2042.0
25.0,0.3333333333333333,0.7660044150110376,722,-38.53333333333333,california,mappo,42,0,3042.0
15.0,0.5,0.7064017660044151,450,-25.099999999999998,california,mappo,42,1,3042.0
25.0,0.3333333333333333,0.6931567328918322,743,-38.53333333333333,california,mappo,42,2,3042.0
25.0,0.3333333333333333,0.6931567328918322,758,-38.53333333333333,california,mappo,42,3,3042.0
12.0,0.6666666666666666,0.6931567328918322,242,-18.96666666666667,california,mappo,42,4,3042.0
15.0,0.5,0.9735099337748344,476,-25.3,california,mappo,42,5,3042.0
15.0,0.5,0.58719646799117,492,-25.3,california,mappo,42,6,3042.0
15.0,0.5,0.6423841059602649,439,-25.3,california,mappo,42,7,3042.0
15.0,0.5,0.6578366445916115,413,-25.3,california,mappo,42,8,3042.0
15.0,0.5,0.695364238410596,553,-25.3,california,mappo,42,9,3042.0
25.0,0.3333333333333333,0.695364238410596,725,-38.53333333333333,california,mappo,42,10,3042.0
25.0,0.3333333333333333,0.6931567328918322,694,-38.53333333333333,california,mappo,42,11,3042.0
15.0,0.5,0.7726269315673289,518,-25.3,california,mappo,42,12,3042.0
15.0,0.5,0.9801324503311258,476,-25.2,california,mappo,42,13,3042.0
15.0,0.5,0.5827814569536424,504,-25.3,california,mappo,42,14,3042.0
25.0,0.3333333333333333,0.6931567328918322,762,-38.53333333333333,california,mappo,1042,0,3042.0
15.0,0.5,0.6931567328918322,334,-25.3,california,mappo,1042,1,3042.0
25.0,0.3333333333333333,0.6975717439293598,738,-38.53333333333334,california,mappo,1042,2,3042.0
15.0,0.5,0.7726269315673289,484,-25.3,california,mappo,1042,3,3042.0
13.0,0.6666666666666666,0.9713024282560706,701,-19.866666666666667,california,mappo,1042,4,3042.0
15.0,0.5,0.695364238410596,464,-25.3,california,mappo,1042,5,3042.0
25.0,0.3333333333333333,0.6931567328918322,669,-38.53333333333333,california,mappo,1042,6,3042.0
15.0,0.5,0.6931567328918322,564,-25.3,california,mappo,1042,7,3042.0
25.0,0.3333333333333333,0.695364238410596,747,-38.53333333333333,california,mappo,1042,8,3042.0
25.0,0.3333333333333333,0.6931567328918322,715,-38.53333333333333,california,mappo,1042,9,3042.0
3.0,0.8333333333333334,0.9911699779249448,420,-6.433333333333332,california,mappo,1042,10,3042.0
15.0,0.5,0.6931567328918322,339,-25.3,california,mappo,1042,11,3042.0
25.0,0.3333333333333333,0.6975717439293598,750,-38.53333333333334,california,mappo,1042,12,3042.0
15.0,0.5,0.6931567328918322,490,-25.3,california,mappo,1042,13,3042.0
9.0,0.6666666666666666,0.6931567328918322,581,-15.966666666666669,california,mappo,1042,14,3042.0
25.0,0.3333333333333333,0.6931567328918322,762,-38.53333333333334,california,mappo,2042,0,3042.0
6.0,0.8333333333333334,0.9841269841269841,70,-9.433333333333332,california,mappo,2042,1,3042.0
15.0,0.5,0.6357615894039735,454,-25.3,california,mappo,2042,2,3042.0
15.0,0.5,0.6247240618101545,469,-25.3,california,mappo,2042,3,3042.0
15.0,0.5,0.6931567328918322,502,-25.3,california,mappo,2042,4,3042.0
25.0,0.3333333333333333,0.6975717439293598,718,-38.53333333333333,california,mappo,2042,5,3042.0
25.0,0.3333333333333333,0.9536423841059603,752,-38.53333333333333,california,mappo,2042,6,3042.0
15.0,0.5,0.6931567328918322,480,-25.3,california,mappo,2042,7,3042.0
25.0,0.3333333333333333,0.7593818984547461,733,-38.53333333333334,california,mappo,2042,8,3042.0
25.0,0.3333333333333333,0.6931567328918322,759,-38.53333333333333,california,mappo,2042,9,3042.0
15.0,0.5,0.6534216335540839,450,-25.099999999999998,california,mappo,2042,10,3042.0
15.0,0.5,0.695364238410596,553,-25.3,california,mappo,2042,11,3042.0
15.0,0.5,0.8013245033112583,471,-25.3,california,mappo,2042,12,3042.0
25.0,0.3333333333333333,0.6931567328918322,736,-38.53333333333333,california,mappo,2042,13,3042.0
25.0,0.3333333333333333,0.6931567328918322,740,-38.53333333333333,california,mappo,2042,14,3042.0
15.0,0.5,0.5938189845474614,482,-25.3,california,mappo,3042,0,3042.0
15.0,0.5,0.5849889624724062,502,-25.3,california,mappo,3042,1,3042.0
15.0,0.5,0.6931567328918322,513,-25.3,california,mappo,3042,2,3042.0
25.0,0.3333333333333333,0.6931567328918322,700,-38.53333333333333,california,mappo,3042,3,3042.0
15.0,0.5,0.7902869757174393,448,-25.3,california,mappo,3042,4,3042.0
25.0,0.3333333333333333,0.6931567328918322,724,-38.53333333333333,california,mappo,3042,5,3042.0
15.0,0.5,0.8189845474613686,460,-25.3,california,mappo,3042,6,3042.0
31.0,0.16666666666666666,0.8830022075055187,712,-47.66666666666667,california,mappo,3042,7,3042.0
25.0,0.3333333333333333,0.6931567328918322,749,-38.53333333333333,california,mappo,3042,8,3042.0
25.0,0.3333333333333333,0.6975717439293598,735,-38.53333333333334,california,mappo,3042,9,3042.0
15.0,0.5,0.8035320088300221,467,-25.3,california,mappo,3042,10,3042.0
25.0,0.3333333333333333,0.7704194260485652,712,-38.53333333333333,california,mappo,3042,11,3042.0
9.0,0.6666666666666666,0.6931567328918322,482,-15.966666666666669,california,mappo,3042,12,3042.0
25.0,0.3333333333333333,0.9492273730684326,694,-38.53333333333333,california,mappo,3042,13,3042.0
9.0,0.6666666666666666,0.6931567328918322,459,-15.966666666666669,california,mappo,3042,14,3042.0
25.0,0.3333333333333333,0.695364238410596,694,-38.53333333333333,california,mappo,4042,0,3042.0
15.0,0.5,0.7814569536423841,559,-25.3,california,mappo,4042,1,3042.0
15.0,0.5,0.7947019867549668,463,-25.3,california,mappo,4042,2,3042.0
25.0,0.3333333333333333,0.7593818984547461,675,-38.53333333333333,california,mappo,4042,3,3042.0
15.0,0.5,0.6931567328918322,455,-25.3,california,mappo,4042,4,3042.0
25.0,0.3333333333333333,0.6931567328918322,724,-38.53333333333333,california,mappo,4042,5,3042.0
25.0,0.3333333333333333,0.6931567328918322,704,-38.53333333333333,california,mappo,4042,6,3042.0
25.0,0.3333333333333333,0.6931567328918322,739,-38.53333333333333,california,mappo,4042,7,3042.0
25.0,0.3333333333333333,0.6931567328918322,756,-38.53333333333333,california,mappo,4042,8,3042.0
15.0,0.5,0.6335540838852097,446,-25.3,california,mappo,4042,9,3042.0
25.0,0.3333333333333333,0.9514348785871964,714,-38.53333333333333,california,mappo,4042,10,3042.0
25.0,0.3333333333333333,0.6975717439293598,746,-38.53333333333334,california,mappo,4042,11,3042.0
25.0,0.3333333333333333,0.695364238410596,745,-38.53333333333334,california,mappo,4042,12,3042.0
25.0,0.3333333333333333,0.6975717439293598,740,-38.53333333333334,california,mappo,4042,13,3042.0
15.0,0.5,0.7218543046357616,463,-25.3,california,mappo,4042,14,3042.0
16.0,0.6666666666666666,1.0,290,-22.666666666666668,california,mappo,42,0,4042.0
22.0,0.5,1.0,376,-32.0,california,mappo,42,1,4042.0
6.0,0.8333333333333334,1.0,187,-9.333333333333332,california,mappo,42,2,4042.0
22.0,0.5,1.0,382,-32.0,california,mappo,42,3,4042.0
16.0,0.6666666666666666,1.0,311,-22.666666666666668,california,mappo,42,4,4042.0
6.0,0.8333333333333334,1.0,222,-9.333333333333332,california,mappo,42,5,4042.0
6.0,0.8333333333333334,1.0,214,-9.333333333333332,california,mappo,42,6,4042.0
16.0,0.6666666666666666,1.0,396,-22.666666666666668,california,mappo,42,7,4042.0
16.0,0.6666666666666666,1.0,240,-22.666666666666668,california,mappo,42,8,4042.0
16.0,0.6666666666666666,1.0,298,-22.666666666666668,california,mappo,42,9,4042.0
6.0,0.8333333333333334,1.0,188,-9.333333333333332,california,mappo,42,10,4042.0
6.0,0.8333333333333334,1.0,188,-9.333333333333332,california,mappo,42,11,4042.0
16.0,0.6666666666666666,1.0,408,-22.666666666666668,california,mappo,42,12,4042.0
16.0,0.6666666666666666,1.0,335,-22.666666666666668,california,mappo,42,13,4042.0
6.0,0.8333333333333334,1.0,222,-9.333333333333332,california,mappo,42,14,4042.0
16.0,0.6666666666666666,1.0,375,-22.666666666666668,california,mappo,1042,0,4042.0
6.0,0.8333333333333334,1.0,178,-9.333333333333332,california,mappo,1042,1,4042.0
16.0,0.6666666666666666,1.0,388,-22.666666666666668,california,mappo,1042,2,4042.0
16.0,0.6666666666666666,1.0,388,-22.666666666666668,california,mappo,1042,3,4042.0
22.0,0.5,1.0,437,-32.0,california,mappo,1042,4,4042.0
6.0,0.8333333333333334,1.0,219,-9.333333333333332,california,mappo,1042,5,4042.0
6.0,0.8333333333333334,1.0,187,-9.333333333333332,california,mappo,1042,6,4042.0
16.0,0.6666666666666666,1.0,280,-22.666666666666668,california,mappo,1042,7,4042.0
6.0,0.8333333333333334,1.0,188,-9.333333333333332,california,mappo,1042,8,4042.0
16.0,0.6666666666666666,1.0,297,-22.666666666666668,california,mappo,1042,9,4042.0
6.0,0.8333333333333334,1.0,181,-9.333333333333332,california,mappo,1042,10,4042.0
6.0,0.8333333333333334,1.0,178,-9.333333333333332,california,mappo,1042,11,4042.0
16.0,0.6666666666666666,1.0,409,-22.666666666666668,california,mappo,1042,12,4042.0
6.0,0.8333333333333334,1.0,185,-9.333333333333332,california,mappo,1042,13,4042.0
16.0,0.6666666666666666,1.0,312,-22.666666666666668,california,mappo,1042,14,4042.0
6.0,0.8333333333333334,1.0,181,-9.333333333333332,california,mappo,2042,0,4042.0
6.0,0.8333333333333334,1.0,57,-9.333333333333332,california,mappo,2042,1,4042.0
16.0,0.6666666666666666,1.0,316,-22.666666666666668,california,mappo,2042,2,4042.0
16.0,0.6666666666666666,1.0,341,-22.666666666666668,california,mappo,2042,3,4042.0
16.0,0.6666666666666666,1.0,230,-22.666666666666668,california,mappo,2042,4,4042.0
6.0,0.8333333333333334,1.0,188,-9.333333333333332,california,mappo,2042,5,4042.0
6.0,0.8333333333333334,1.0,188,-9.333333333333332,california,mappo,2042,6,4042.0
6.0,0.8333333333333334,1.0,194,-9.333333333333332,california,mappo,2042,7,4042.0
22.0,0.5,1.0,462,-32.0,california,mappo,2042,8,4042.0
6.0,0.8333333333333334,1.0,188,-9.333333333333332,california,mappo,2042,9,4042.0
22.0,0.5,1.0,281,-32.0,california,mappo,2042,10,4042.0
16.0,0.6666666666666666,1.0,299,-22.666666666666668,california,mappo,2042,11,4042.0
16.0,0.6666666666666666,1.0,363,-22.666666666666668,california,mappo,2042,12,4042.0
22.0,0.5,1.0,493,-32.0,california,mappo,2042,13,4042.0
6.0,0.8333333333333334,1.0,187,-9.333333333333332,california,mappo,2042,14,4042.0
6.0,0.8333333333333334,1.0,207,-9.333333333333332,california,mappo,3042,0,4042.0
6.0,0.8333333333333334,1.0,222,-9.333333333333332,california,mappo,3042,1,4042.0
6.0,0.8333333333333334,1.0,227,-9.333333333333332,california,mappo,3042,2,4042.0
16.0,0.6666666666666666,1.0,243,-22.666666666666668,california,mappo,3042,3,4042.0
16.0,0.6666666666666666,1.0,354,-22.666666666666668,california,mappo,3042,4,4042.0
6.0,0.8333333333333334,1.0,188,-9.333333333333332,california,mappo,3042,5,4042.0
16.0,0.6666666666666666,1.0,288,-22.666666666666668,california,mappo,3042,6,4042.0
22.0,0.5,1.0,464,-32.0,california,mappo,3042,7,4042.0
6.0,0.8333333333333334,1.0,187,-9.333333333333332,california,mappo,3042,8,4042.0
16.0,0.6666666666666666,1.0,380,-22.666666666666668,california,mappo,3042,9,4042.0
16.0,0.6666666666666666,1.0,309,-22.666666666666668,california,mappo,3042,10,4042.0
22.0,0.5,1.0,367,-32.0,california,mappo,3042,11,4042.0
6.0,0.8333333333333334,1.0,213,-9.333333333333332,california,mappo,3042,12,4042.0
6.0,0.8333333333333334,1.0,188,-9.333333333333332,california,mappo,3042,13,4042.0
6.0,0.8333333333333334,1.0,186,-9.333333333333332,california,mappo,3042,14,4042.0
16.0,0.6666666666666666,1.0,233,-22.666666666666668,california,mappo,4042,0,4042.0
16.0,0.6666666666666666,1.0,294,-22.666666666666668,california,mappo,4042,1,4042.0
16.0,0.6666666666666666,1.0,363,-22.666666666666668,california,mappo,4042,2,4042.0
22.0,0.5,1.0,318,-32.0,california,mappo,4042,3,4042.0
16.0,0.6666666666666666,1.0,282,-22.666666666666668,california,mappo,4042,4,4042.0
6.0,0.8333333333333334,1.0,188,-9.333333333333332,california,mappo,4042,5,4042.0
16.0,0.6666666666666666,1.0,255,-22.666666666666668,california,mappo,4042,6,4042.0
16.0,0.6666666666666666,1.0,325,-22.666666666666668,california,mappo,4042,7,4042.0
25.0,0.3333333333333333,1.0,515,-38.333333333333336,california,mappo,4042,8,4042.0
16.0,0.6666666666666666,1.0,359,-22.666666666666668,california,mappo,4042,9,4042.0
6.0,0.8333333333333334,1.0,188,-9.333333333333332,california,mappo,4042,10,4042.0
16.0,0.6666666666666666,1.0,403,-22.666666666666668,california,mappo,4042,11,4042.0
6.0,0.8333333333333334,1.0,182,-9.333333333333332,california,mappo,4042,12,4042.0
16.0,0.6666666666666666,1.0,381,-22.666666666666668,california,mappo,4042,13,4042.0
6.0,0.8333333333333334,1.0,187,-9.333333333333332,california,mappo,4042,14,4042.0
15.0,0.5,0.9845474613686535,422,-25.099999999999998,california,commnet,42,0,42.0
19.0,0.5,0.9646799116997793,560,-29.4,california,commnet,42,1,42.0
6.0,0.8333333333333334,0.7670250896057348,178,-10.13333333333333,california,commnet,42,2,42.0
6.0,0.8333333333333334,0.9017543859649123,167,-9.533333333333331,california,commnet,42,3,42.0
10.0,0.8333333333333334,0.9271523178807947,436,-13.733333333333333,california,commnet,42,4,42.0
12.0,0.6666666666666666,0.9801324503311258,380,-18.866666666666667,california,commnet,42,5,42.0
6.0,0.8333333333333334,0.9719298245614035,145,-9.433333333333332,california,commnet,42,6,42.0
6.0,0.8333333333333334,0.9420289855072463,151,-9.433333333333332,california,commnet,42,7,42.0
0.0,1.0,0.9845474613686535,91,0.0,california,commnet,42,8,42.0
12.0,0.6666666666666666,0.9094922737306843,433,-19.06666666666667,california,commnet,42,9,42.0
9.0,0.6666666666666666,0.9889624724061811,300,-15.666666666666668,california,commnet,42,10,42.0
12.0,0.6666666666666666,0.8587196467991169,406,-18.666666666666668,california,commnet,42,11,42.0
12.0,0.6666666666666666,0.9801324503311258,419,-18.766666666666666,california,commnet,42,12,42.0
6.0,0.8333333333333334,0.9239130434782609,144,-9.433333333333332,california,commnet,42,13,42.0
6.0,0.8333333333333334,0.7991169977924945,386,-9.333333333333332,california,commnet,42,14,42.0
9.0,0.6666666666666666,0.9911699779249448,374,-15.666666666666668,california,commnet,1042,0,42.0
0.0,1.0,0.9111111111111111,0,-0.30000000000000004,california,commnet,1042,1,42.0
9.0,0.6666666666666666,0.5827814569536424,419,-16.366666666666667,california,commnet,1042,2,42.0
9.0,0.6666666666666666,0.7108167770419426,313,-15.866666666666667,california,commnet,1042,3,42.0
15.0,0.5,0.9006622516556292,492,-25.300000000000004,california,commnet,1042,4,42.0
6.0,0.8333333333333334,0.9668874172185431,259,-9.533333333333331,california,commnet,1042,5,42.0
9.0,0.6666666666666666,1.0,312,-15.666666666666668,california,commnet,1042,6,42.0
12.0,0.6666666666666666,0.9183222958057395,405,-18.96666666666667,california,commnet,1042,7,42.0
9.0,0.6666666666666666,0.9889624724061811,356,-15.666666666666668,california,commnet,1042,8,42.0
9.0,0.6666666666666666,0.9094922737306843,291,-15.766666666666667,california,commnet,1042,9,42.0
0.0,1.0,0.9823399558498896,98,-0.2,california,commnet,1042,10,42.0
0.0,1.0,0.9111111111111111,0,-0.30000000000000004,california,commnet,1042,11,42.0
6.0,0.8333333333333334,0.9243986254295533,151,-9.533333333333331,california,commnet,1042,12,42.0
6.0,0.8333333333333334,0.7505518763796909,145,-9.633333333333331,california,commnet,1042,13,42.0
12.0,0.6666666666666666,0.9801324503311258,437,-18.866666666666667,california,commnet,1042,14,42.0
9.0,0.6666666666666666,0.9492273730684326,379,-15.766666666666667,california,commnet,2042,0,42.0
0.0,1.0,1.0,11,0.0,california,commnet,2042,1,42.0
6.0,0.8333333333333334,0.8013245033112583,126,-9.333333333333332,california,commnet,2042,2,42.0
6.0,0.8333333333333334,0.9933774834437086,367,-9.333333333333332,california,commnet,2042,3,42.0
12.0,0.6666666666666666,0.7902869757174393,333,-19.06666666666667,california,commnet,2042,4,42.0
9.0,0.6666666666666666,0.9293598233995585,284,-15.966666666666667,california,commnet,2042,5,42.0
6.0,0.8333333333333334,0.9838187702265372,174,-9.333333333333332,california,commnet,2042,6,42.0
12.0,0.6666666666666666,0.8763796909492274,392,-18.866666666666667,california,commnet,2042,7,42.0
0.0,1.0,0.9713024282560706,63,0.0,california,commnet,2042,8,42.0
6.0,0.8333333333333334,1.0,173,-9.333333333333332,california,commnet,2042,9,42.0
0.0,1.0,1.0,38,0.0,california,commnet,2042,10,42.0
12.0,0.6666666666666666,0.8145695364238411,416,-18.96666666666667,california,commnet,2042,11,42.0
6.0,0.8333333333333334,0.9032258064516129,156,-9.433333333333332,california,commnet,2042,12,42.0
6.0,0.8333333333333334,0.8771929824561403,165,-9.433333333333332,california,commnet,2042,13,42.0
6.0,0.8333333333333334,0.941747572815534,171,-9.433333333333332,california,commnet,2042,14,42.0
6.0,0.8333333333333334,1.0,141,-9.333333333333332,california,commnet,3042,0,42.0
6.0,0.8333333333333334,0.8936170212765957,159,-9.433333333333332,california,commnet,3042,1,42.0
12.0,0.6666666666666666,0.8830022075055187,366,-18.866666666666667,california,commnet,3042,2,42.0
6.0,0.8333333333333334,0.897196261682243,150,-9.433333333333332,california,commnet,3042,3,42.0
6.0,0.8333333333333334,0.9937694704049844,134,-9.333333333333332,california,commnet,3042,4,42.0
6.0,0.8333333333333334,0.9052631578947369,179,-9.533333333333331,california,commnet,3042,5,42.0
9.0,0.6666666666666666,0.9359823399558499,196,-15.866666666666667,california,commnet,3042,6,42.0
25.0,0.3333333333333333,0.8145695364238411,583,-39.033333333333346,california,commnet,3042,7,42.0
9.0,0.6666666666666666,0.7417218543046358,382,-16.066666666666666,california,commnet,3042,8,42.0
9.0,0.6666666666666666,0.5849889624724062,416,-16.366666666666667,california,commnet,3042,9,42.0
9.0,0.6666666666666666,0.9426048565121413,250,-15.966666666666667,california,commnet,3042,10,42.0
6.0,0.8333333333333334,0.7549019607843137,154,-9.633333333333331,california,commnet,3042,11,42.0
12.0,0.6666666666666666,0.7615894039735099,287,-18.96666666666667,california,commnet,3042,12,42.0
9.0,0.6666666666666666,0.9889624724061811,304,-15.666666666666668,california,commnet,3042,13,42.0
6.0,0.8333333333333334,0.9646799116997793,351,-9.633333333333333,california,commnet,3042,14,42.0
6.0,0.8333333333333334,0.8459119496855346,157,-9.73333333333333,california,commnet,4042,0,42.0
6.0,0.8333333333333334,0.9017543859649123,156,-9.333333333333332,california,commnet,4042,1,42.0
9.0,0.6666666666666666,0.9514348785871964,228,-15.766666666666667,california,commnet,4042,2,42.0
6.0,0.8333333333333334,0.8725490196078431,152,-9.533333333333331,california,commnet,4042,3,42.0
6.0,0.8333333333333334,0.8031746031746032,149,-9.633333333333331,california,commnet,4042,4,42.0
6.0,0.8333333333333334,0.89937106918239,158,-9.533333333333331,california,commnet,4042,5,42.0
9.0,0.6666666666666666,0.847682119205298,267,-16.166666666666668,california,commnet,4042,6,42.0
9.0,0.6666666666666666,0.7947019867549668,307,-15.866666666666667,california,commnet,4042,7,42.0
9.0,0.6666666666666666,0.8719646799116998,362,-15.966666666666667,california,commnet,4042,8,42.0
6.0,0.8333333333333334,0.9155555555555556,147,-9.433333333333332,california,commnet,4042,9,42.0
6.0,0.8333333333333334,0.9157894736842105,167,-9.433333333333332,california,commnet,4042,10,42.0
9.0,0.6666666666666666,0.9867549668874173,301,-15.766666666666667,california,commnet,4042,11,42.0
6.0,0.8333333333333334,0.7578947368421053,166,-9.633333333333331,california,commnet,4042,12,42.0
9.0,0.6666666666666666,0.977924944812362,287,-15.666666666666668,california,commnet,4042,13,42.0
6.0,0.8333333333333334,0.9735099337748344,319,-9.533333333333331,california,commnet,4042,14,42.0
21.0,0.3333333333333333,0.7130242825607064,526,-34.333333333333336,california,commnet,42,0,1042.0
21.0,0.3333333333333333,1.0,504,-34.333333333333336,california,commnet,42,1,1042.0
21.0,0.3333333333333333,1.0,587,-34.333333333333336,california,commnet,42,2,1042.0
21.0,0.3333333333333333,1.0,601,-34.333333333333336,california,commnet,42,3,1042.0
21.0,0.3333333333333333,0.7130242825607064,304,-34.333333333333336,california,commnet,42,4,1042.0
21.0,0.3333333333333333,0.7152317880794702,513,-34.333333333333336,california,commnet,42,5,1042.0
21.0,0.3333333333333333,0.717439293598234,513,-34.333333333333336,california,commnet,42,6,1042.0
21.0,0.3333333333333333,0.7130242825607064,491,-34.333333333333336,california,commnet,42,7,1042.0
21.0,0.3333333333333333,0.7152317880794702,452,-34.333333333333336,california,commnet,42,8,1042.0
21.0,0.3333333333333333,0.717439293598234,587,-34.333333333333336,california,commnet,42,9,1042.0
21.0,0.3333333333333333,0.7130242825607064,545,-34.333333333333336,california,commnet,42,10,1042.0
21.0,0.3333333333333333,0.7240618101545254,564,-34.333333333333336,california,commnet,42,11,1042.0
21.0,0.3333333333333333,0.7328918322295805,578,-34.333333333333336,california,commnet,42,12,1042.0
21.0,0.3333333333333333,0.717439293598234,524,-34.333333333333336,california,commnet,42,13,1042.0
21.0,0.3333333333333333,0.717439293598234,525,-34.333333333333336,california,commnet,42,14,1042.0
21.0,0.3333333333333333,0.7505518763796909,601,-34.333333333333336,california,commnet,1042,0,1042.0
21.0,0.3333333333333333,0.7130242825607064,364,-34.333333333333336,california,commnet,1042,1,1042.0
21.0,0.3333333333333333,0.7130242825607064,513,-34.333333333333336,california,commnet,1042,2,1042.0
21.0,0.3333333333333333,0.7152317880794702,551,-34.333333333333336,california,commnet,1042,3,1042.0
21.0,0.3333333333333333,1.0,504,-34.333333333333336,california,commnet,1042,4,1042.0
21.0,0.3333333333333333,0.7130242825607064,502,-34.333333333333336,california,commnet,1042,5,1042.0
21.0,0.3333333333333333,1.0,536,-34.333333333333336,california,commnet,1042,6,1042.0
21.0,0.3333333333333333,0.717439293598234,581,-34.333333333333336,california,commnet,1042,7,1042.0
21.0,0.3333333333333333,0.7284768211920529,570,-34.333333333333336,california,commnet,1042,8,1042.0
21.0,0.3333333333333333,0.7130242825607064,523,-34.333333333333336,california,commnet,1042,9,1042.0
21.0,0.3333333333333333,0.7814569536423841,519,-34.333333333333336,california,commnet,1042,10,1042.0
21.0,0.3333333333333333,0.7130242825607064,373,-34.333333333333336,california,commnet,1042,11,1042.0
21.0,0.3333333333333333,0.7196467991169978,559,-34.333333333333336,california,commnet,1042,12,1042.0
21.0,0.3333333333333333,0.7152317880794702,513,-34.333333333333336,california,commnet,1042,13,1042.0
21.0,0.3333333333333333,0.717439293598234,602,-34.333333333333336,california,commnet,1042,14,1042.0
21.0,0.3333333333333333,0.7505518763796909,601,-34.333333333333336,california,commnet,2042,0,1042.0
21.0,0.3333333333333333,0.7130242825607064,422,-34.333333333333336,california,commnet,2042,1,1042.0
21.0,0.3333333333333333,0.7130242825607064,491,-34.333333333333336,california,commnet,2042,2,1042.0
21.0,0.3333333333333333,0.7130242825607064,504,-34.333333333333336,california,commnet,2042,3,1042.0
21.0,0.3333333333333333,0.7196467991169978,524,-34.333333333333336,california,commnet,2042,4,1042.0
21.0,0.3333333333333333,0.7130242825607064,531,-34.333333333333336,california,commnet,2042,5,1042.0
21.0,0.3333333333333333,0.7461368653421634,600,-34.333333333333336,california,commnet,2042,6,1042.0
21.0,0.3333333333333333,0.7130242825607064,504,-34.333333333333336,california,commnet,2042,7,1042.0
21.0,0.3333333333333333,1.0,479,-34.333333333333336,california,commnet,2042,8,1042.0
21.0,0.3333333333333333,0.7461368653421634,600,-34.333333333333336,california,commnet,2042,9,1042.0
21.0,0.3333333333333333,1.0,497,-34.333333333333336,california,commnet,2042,10,1042.0
21.0,0.3333333333333333,0.717439293598234,587,-34.333333333333336,california,commnet,2042,11,1042.0
21.0,0.3333333333333333,0.7196467991169978,558,-34.333333333333336,california,commnet,2042,12,1042.0
21.0,0.3333333333333333,1.0,578,-34.333333333333336,california,commnet,2042,13,1042.0
21.0,0.3333333333333333,1.0,584,-34.333333333333336,california,commnet,2042,14,1042.0
21.0,0.3333333333333333,0.7130242825607064,505,-34.333333333333336,california,commnet,3042,0,1042.0
21.0,0.3333333333333333,0.7196467991169978,523,-34.333333333333336,california,commnet,3042,1,1042.0
21.0,0.3333333333333333,0.7196467991169978,533,-34.333333333333336,california,commnet,3042,2,1042.0
21.0,0.3333333333333333,0.7130242825607064,520,-34.333333333333336,california,commnet,3042,3,1042.0
21.0,0.3333333333333333,0.7130242825607064,495,-34.333333333333336,california,commnet,3042,4,1042.0
21.0,0.3333333333333333,0.7196467991169978,558,-34.333333333333336,california,commnet,3042,5,1042.0
21.0,0.3333333333333333,0.7130242825607064,501,-34.333333333333336,california,commnet,3042,6,1042.0
21.0,0.3333333333333333,1.0,521,-34.333333333333336,california,commnet,3042,7,1042.0
21.0,0.3333333333333333,1.0,592,-34.333333333333336,california,commnet,3042,8,1042.0
21.0,0.3333333333333333,0.7130242825607064,512,-34.333333333333336,california,commnet,3042,9,1042.0
21.0,0.3333333333333333,0.7130242825607064,506,-34.333333333333336,california,commnet,3042,10,1042.0
21.0,0.3333333333333333,1.0,558,-34.333333333333336,california,commnet,3042,11,1042.0
21.0,0.3333333333333333,0.717439293598234,537,-34.333333333333336,california,commnet,3042,12,1042.0
21.0,0.3333333333333333,0.7130242825607064,539,-34.333333333333336,california,commnet,3042,13,1042.0
21.0,0.3333333333333333,0.717439293598234,525,-34.333333333333336,california,commnet,3042,14,1042.0
21.0,0.3333333333333333,0.7130242825607064,513,-34.333333333333336,california,commnet,4042,0,1042.0
21.0,0.3333333333333333,0.7284768211920529,571,-34.333333333333336,california,commnet,4042,1,1042.0
21.0,0.3333333333333333,0.7130242825607064,504,-34.333333333333336,california,commnet,4042,2,1042.0
21.0,0.3333333333333333,1.0,507,-34.333333333333336,california,commnet,4042,3,1042.0
21.0,0.3333333333333333,0.7130242825607064,498,-34.333333333333336,california,commnet,4042,4,1042.0
21.0,0.3333333333333333,1.0,557,-34.333333333333336,california,commnet,4042,5,1042.0
21.0,0.3333333333333333,0.7130242825607064,525,-34.333333333333336,california,commnet,4042,6,1042.0
21.0,0.3333333333333333,0.717439293598234,552,-34.333333333333336,california,commnet,4042,7,1042.0
21.0,0.3333333333333333,1.0,601,-34.333333333333336,california,commnet,4042,8,1042.0
21.0,0.3333333333333333,0.7130242825607064,493,-34.333333333333336,california,commnet,4042,9,1042.0
21.0,0.3333333333333333,1.0,553,-34.333333333333336,california,commnet,4042,10,1042.0
21.0,0.3333333333333333,0.7152317880794702,551,-34.333333333333336,california,commnet,4042,11,1042.0
21.0,0.3333333333333333,0.717439293598234,557,-34.333333333333336,california,commnet,4042,12,1042.0
21.0,0.3333333333333333,0.7130242825607064,537,-34.333333333333336,california,commnet,4042,13,1042.0
21.0,0.3333333333333333,0.7130242825607064,493,-34.333333333333336,california,commnet,4042,14,1042.0
18.0,0.5,1.0,204,-28.0,california,commnet,42,0,2042.0
18.0,0.5,1.0,206,-28.0,california,commnet,42,1,2042.0
21.0,0.3333333333333333,0.9690949227373068,581,-34.333333333333336,california,commnet,42,2,2042.0
21.0,0.3333333333333333,1.0,542,-34.333333333333336,california,commnet,42,3,2042.0
12.0,0.6666666666666666,1.0,198,-18.666666666666668,california,commnet,42,4,2042.0
18.0,0.5,1.0,202,-28.0,california,commnet,42,5,2042.0
12.0,0.6666666666666666,1.0,198,-18.666666666666668,california,commnet,42,6,2042.0
18.0,0.5,1.0,206,-28.0,california,commnet,42,7,2042.0
12.0,0.6666666666666666,1.0,198,-18.666666666666668,california,commnet,42,8,2042.0
18.0,0.5,1.0,204,-28.0,california,commnet,42,9,2042.0
21.0,0.3333333333333333,0.9690949227373068,539,-34.333333333333336,california,commnet,42,10,2042.0
21.0,0.3333333333333333,0.9690949227373068,558,-34.333333333333336,california,commnet,42,11,2042.0
18.0,0.5,1.0,204,-28.0,california,commnet,42,12,2042.0
12.0,0.6666666666666666,1.0,198,-18.666666666666668,california,commnet,42,13,2042.0
18.0,0.5,1.0,202,-28.0,california,commnet,42,14,2042.0
21.0,0.3333333333333333,1.0,466,-34.333333333333336,california,commnet,1042,0,2042.0
12.0,0.6666666666666666,1.0,198,-18.666666666666668,california,commnet,1042,1,2042.0
18.0,0.5,1.0,210,-28.0,california,commnet,1042,2,2042.0
12.0,0.6666666666666666,1.0,198,-18.666666666666668,california,commnet,1042,3,2042.0
18.0,0.5,0.847682119205298,459,-28.1,california,commnet,1042,4,2042.0
18.0,0.5,1.0,202,-28.0,california,commnet,1042,5,2042.0
21.0,0.3333333333333333,1.0,423,-34.333333333333336,california,commnet,1042,6,2042.0
18.0,0.5,1.0,204,-28.0,california,commnet,1042,7,2042.0
21.0,0.3333333333333333,0.9690949227373068,558,-34.333333333333336,california,commnet,1042,8,2042.0
18.0,0.5,1.0,204,-28.0,california,commnet,1042,9,2042.0
18.0,0.5,1.0,204,-28.0,california,commnet,1042,10,2042.0
12.0,0.6666666666666666,1.0,198,-18.666666666666668,california,commnet,1042,11,2042.0
18.0,0.5,1.0,210,-28.0,california,commnet,1042,12,2042.0
18.0,0.5,1.0,202,-28.0,california,commnet,1042,13,2042.0
21.0,0.3333333333333333,1.0,525,-34.333333333333336,california,commnet,1042,14,2042.0
18.0,0.5,0.7902869757174393,527,-28.1,california,commnet,2042,0,2042.0
12.0,0.6666666666666666,1.0,198,-18.666666666666668,california,commnet,2042,1,2042.0
12.0,0.6666666666666666,1.0,198,-18.666666666666668,california,commnet,2042,2,2042.0
12.0,0.6666666666666666,1.0,198,-18.666666666666668,california,commnet,2042,3,2042.0
18.0,0.5,1.0,202,-28.0,california,commnet,2042,4,2042.0
21.0,0.3333333333333333,0.8940397350993378,488,-34.333333333333336,california,commnet,2042,5,2042.0
21.0,0.3333333333333333,1.0,507,-34.333333333333336,california,commnet,2042,6,2042.0
18.0,0.5,1.0,202,-28.0,california,commnet,2042,7,2042.0
18.0,0.5,1.0,204,-28.0,california,commnet,2042,8,2042.0
21.0,0.3333333333333333,0.9735099337748344,594,-34.333333333333336,california,commnet,2042,9,2042.0
18.0,0.5,1.0,206,-28.0,california,commnet,2042,10,2042.0
18.0,0.5,1.0,204,-28.0,california,commnet,2042,11,2042.0
21.0,0.3333333333333333,1.0,458,-34.333333333333336,california,commnet,2042,12,2042.0
21.0,0.3333333333333333,1.0,572,-34.333333333333336,california,commnet,2042,13,2042.0
18.0,0.5,1.0,477,-28.0,california,commnet,2042,14,2042.0
12.0,0.6666666666666666,1.0,198,-18.666666666666668,california,commnet,3042,0,2042.0
12.0,0.6666666666666666,1.0,186,-18.666666666666668,california,commnet,3042,1,2042.0
18.0,0.5,1.0,202,-28.0,california,commnet,3042,2,2042.0
21.0,0.3333333333333333,0.9006622516556292,477,-34.333333333333336,california,commnet,3042,3,2042.0
18.0,0.5,1.0,202,-28.0,california,commnet,3042,4,2042.0
21.0,0.3333333333333333,1.0,490,-34.333333333333336,california,commnet,3042,5,2042.0
12.0,0.6666666666666666,1.0,198,-18.666666666666668,california,commnet,3042,6,2042.0
18.0,0.5,1.0,204,-28.0,california,commnet,3042,7,2042.0
18.0,0.5,1.0,474,-28.0,california,commnet,3042,8,2042.0
18.0,0.5,1.0,210,-28.0,california,commnet,3042,9,2042.0
12.0,0.6666666666666666,1.0,198,-18.666666666666668,california,commnet,3042,10,2042.0
18.0,0.5,0.9315673289183223,388,-28.0,california,commnet,3042,11,2042.0
18.0,0.5,1.0,204,-28.0,california,commnet,3042,12,2042.0
21.0,0.3333333333333333,0.9690949227373068,533,-34.333333333333336,california,commnet,3042,13,2042.0
18.0,0.5,1.0,202,-28.0,california,commnet,3042,14,2042.0
21.0,0.3333333333333333,0.9050772626931567,470,-34.333333333333336,california,commnet,4042,0,2042.0
18.0,0.5,1.0,204,-28.0,california,commnet,4042,1,2042.0
12.0,0.6666666666666666,1.0,198,-18.666666666666668,california,commnet,4042,2,2042.0
21.0,0.3333333333333333,0.8211920529801324,472,-34.53333333333334,california,commnet,4042,3,2042.0
12.0,0.6666666666666666,1.0,198,-18.666666666666668,california,commnet,4042,4,2042.0
21.0,0.3333333333333333,1.0,554,-34.333333333333336,california,commnet,4042,5,2042.0
21.0,0.3333333333333333,1.0,468,-34.333333333333336,california,commnet,4042,6,2042.0
18.0,0.5,0.8,202,-28.0,california,commnet,4042,7,2042.0
18.0,0.5,1.0,206,-28.0,california,commnet,4042,8,2042.0
12.0,0.6666666666666666,1.0,198,-18.666666666666668,california,commnet,4042,9,2042.0
18.0,0.5,1.0,461,-28.0,california,commnet,4042,10,2042.0
18.0,0.5,1.0,204,-28.0,california,commnet,4042,11,2042.0
18.0,0.5,0.8410596026490066,492,-28.1,california,commnet,4042,12,2042.0
18.0,0.5,1.0,336,-28.0,california,commnet,4042,13,2042.0
12.0,0.6666666666666666,1.0,198,-18.666666666666668,california,commnet,4042,14,2042.0
21.0,0.3333333333333333,0.7461368653421634,500,-34.53333333333333,california,commnet,42,0,3042.0
21.0,0.3333333333333333,0.8454746136865342,464,-34.53333333333333,california,commnet,42,1,3042.0
31.0,0.16666666666666666,0.9028697571743929,678,-47.86666666666667,california,commnet,42,2,3042.0
21.0,0.3333333333333333,0.9757174392935982,514,-34.53333333333333,california,commnet,42,3,3042.0
21.0,0.3333333333333333,0.7461368653421634,288,-34.63333333333333,california,commnet,42,4,3042.0
21.0,0.3333333333333333,0.9536423841059603,456,-34.53333333333333,california,commnet,42,5,3042.0
21.0,0.3333333333333333,0.977924944812362,491,-34.53333333333333,california,commnet,42,6,3042.0
31.0,0.16666666666666666,0.9183222958057395,575,-47.86666666666667,california,commnet,42,7,3042.0
21.0,0.3333333333333333,0.9403973509933775,436,-34.63333333333333,california,commnet,42,8,3042.0
21.0,0.3333333333333333,0.9183222958057395,513,-34.63333333333333,california,commnet,42,9,3042.0
21.0,0.3333333333333333,0.9646799116997793,523,-34.53333333333333,california,commnet,42,10,3042.0
31.0,0.16666666666666666,0.9381898454746137,687,-47.86666666666667,california,commnet,42,11,3042.0
21.0,0.3333333333333333,0.9624724061810155,526,-34.53333333333333,california,commnet,42,12,3042.0
21.0,0.3333333333333333,0.9646799116997793,462,-34.53333333333333,california,commnet,42,13,3042.0
21.0,0.3333333333333333,0.8807947019867549,446,-34.53333333333333,california,commnet,42,14,3042.0
21.0,0.3333333333333333,0.9646799116997793,552,-34.53333333333333,california,commnet,1042,0,3042.0
21.0,0.3333333333333333,0.7615894039735099,348,-34.53333333333333,california,commnet,1042,1,3042.0
21.0,0.3333333333333333,0.7770419426048565,480,-34.63333333333333,california,commnet,1042,2,3042.0
21.0,0.3333333333333333,0.9205298013245033,524,-34.53333333333333,california,commnet,1042,3,3042.0
21.0,0.3333333333333333,0.9757174392935982,488,-34.43333333333333,california,commnet,1042,4,3042.0
21.0,0.3333333333333333,0.7902869757174393,467,-34.53333333333333,california,commnet,1042,5,3042.0
31.0,0.16666666666666666,0.9337748344370861,621,-47.86666666666667,california,commnet,1042,6,3042.0
21.0,0.3333333333333333,0.8520971302428256,524,-34.53333333333333,california,commnet,1042,7,3042.0
21.0,0.3333333333333333,0.9646799116997793,548,-34.53333333333333,california,commnet,1042,8,3042.0
21.0,0.3333333333333333,0.8388520971302428,487,-34.53333333333333,california,commnet,1042,9,3042.0
21.0,0.3333333333333333,0.9315673289183223,459,-34.53333333333333,california,commnet,1042,10,3042.0
21.0,0.3333333333333333,0.7615894039735099,357,-34.53333333333333,california,commnet,1042,11,3042.0
21.0,0.3333333333333333,0.9757174392935982,469,-34.53333333333333,california,commnet,1042,12,3042.0
21.0,0.3333333333333333,0.9139072847682119,491,-34.53333333333333,california,commnet,1042,13,3042.0
21.0,0.3333333333333333,0.9536423841059603,519,-34.53333333333333,california,commnet,1042,14,3042.0
21.0,0.3333333333333333,0.9757174392935982,505,-34.53333333333333,california,commnet,2042,0,3042.0
18.0,0.5,0.9359823399558499,336,-28.2,california,commnet,2042,1,3042.0
21.0,0.3333333333333333,0.9514348785871964,448,-34.53333333333333,california,commnet,2042,2,3042.0
21.0,0.3333333333333333,0.9646799116997793,479,-34.53333333333333,california,commnet,2042,3,3042.0
21.0,0.3333333333333333,0.9492273730684326,451,-34.53333333333333,california,commnet,2042,4,3042.0
21.0,0.3333333333333333,0.9646799116997793,509,-34.53333333333333,california,commnet,2042,5,3042.0
21.0,0.3333333333333333,0.9790209790209791,574,-34.43333333333333,california,commnet,2042,6,3042.0
21.0,0.3333333333333333,0.9470198675496688,440,-34.53333333333333,california,commnet,2042,7,3042.0
21.0,0.3333333333333333,0.7064017660044151,447,-34.63333333333333,california,commnet,2042,8,3042.0
31.0,0.16666666666666666,0.9558498896247241,723,-47.86666666666667,california,commnet,2042,9,3042.0
21.0,0.3333333333333333,0.8322295805739515,462,-34.53333333333333,california,commnet,2042,10,3042.0
21.0,0.3333333333333333,0.9315673289183223,519,-34.53333333333333,california,commnet,2042,11,3042.0
21.0,0.3333333333333333,0.6975717439293598,534,-34.53333333333333,california,commnet,2042,12,3042.0
31.0,0.16666666666666666,0.9403973509933775,713,-47.86666666666667,california,commnet,2042,13,3042.0
21.0,0.3333333333333333,0.9646799116997793,532,-34.53333333333333,california,commnet,2042,14,3042.0
21.0,0.3333333333333333,0.9558498896247241,453,-34.53333333333333,california,commnet,3042,0,3042.0
21.0,0.3333333333333333,0.9271523178807947,499,-34.733333333333334,california,commnet,3042,1,3042.0
21.0,0.3333333333333333,0.9514348785871964,467,-34.53333333333333,california,commnet,3042,2,3042.0
31.0,0.16666666666666666,0.9227373068432672,521,-47.86666666666667,california,commnet,3042,3,3042.0
21.0,0.3333333333333333,0.9492273730684326,474,-34.53333333333333,california,commnet,3042,4,3042.0
31.0,0.16666666666666666,0.9448123620309051,669,-47.86666666666667,california,commnet,3042,5,3042.0
21.0,0.3333333333333333,0.7924944812362031,480,-34.53333333333333,california,commnet,3042,6,3042.0
28.0,0.3333333333333333,0.9801324503311258,489,-41.43333333333334,california,commnet,3042,7,3042.0
31.0,0.16666666666666666,0.9801324503311258,577,-47.766666666666666,california,commnet,3042,8,3042.0
21.0,0.3333333333333333,0.7770419426048565,479,-34.63333333333333,california,commnet,3042,9,3042.0
21.0,0.3333333333333333,0.9426048565121413,453,-34.733333333333334,california,commnet,3042,10,3042.0
31.0,0.16666666666666666,0.9801324503311258,661,-47.766666666666666,california,commnet,3042,11,3042.0
21.0,0.3333333333333333,0.9028697571743929,461,-34.733333333333334,california,commnet,3042,12,3042.0
21.0,0.3333333333333333,0.7682119205298014,585,-34.43333333333333,california,commnet,3042,13,3042.0
21.0,0.3333333333333333,0.8830022075055187,500,-34.53333333333333,california,commnet,3042,14,3042.0
21.0,0.3333333333333333,0.9227373068432672,513,-34.53333333333333,california,commnet,4042,0,3042.0
21.0,0.3333333333333333,0.7770419426048565,543,-34.63333333333333,california,commnet,4042,1,3042.0
21.0,0.3333333333333333,0.9492273730684326,482,-34.53333333333333,california,commnet,4042,2,3042.0
31.0,0.16666666666666666,0.9315673289183223,612,-47.86666666666667,california,commnet,4042,3,3042.0
21.0,0.3333333333333333,0.7041942604856513,477,-34.833333333333336,california,commnet,4042,4,3042.0
31.0,0.16666666666666666,0.9337748344370861,665,-47.86666666666667,california,commnet,4042,5,3042.0
31.0,0.16666666666666666,0.9227373068432672,530,-47.86666666666667,california,commnet,4042,6,3042.0
21.0,0.3333333333333333,0.8189845474613686,526,-34.53333333333333,california,commnet,4042,7,3042.0
21.0,0.3333333333333333,0.8344370860927153,531,-34.733333333333334,california,commnet,4042,8,3042.0
21.0,0.3333333333333333,0.9690949227373068,457,-34.53333333333333,california,commnet,4042,9,3042.0
21.0,0.3333333333333333,0.7682119205298014,609,-34.43333333333333,california,commnet,4042,10,3042.0
21.0,0.3333333333333333,0.9757174392935982,465,-34.53333333333333,california,commnet,4042,11,3042.0
21.0,0.3333333333333333,0.9757174392935982,467,-34.53333333333333,california,commnet,4042,12,3042.0
21.0,0.3333333333333333,0.9492273730684326,506,-34.53333333333333,california,commnet,4042,13,3042.0
21.0,0.3333333333333333,0.9403973509933775,437,-34.53333333333333,california,commnet,4042,14,3042.0
34.0,0.0,1.0,740,-54.0,california,commnet,42,0,4042.0
34.0,0.0,0.8167770419426048,721,-54.0,california,commnet,42,1,4042.0
34.0,0.0,0.88,757,-54.30000000000001,california,commnet,42,2,4042.0
24.0,0.16666666666666666,1.0,611,-40.66666666666667,california,commnet,42,3,4042.0
22.0,0.3333333333333333,1.0,709,-35.333333333333336,california,commnet,42,4,4042.0
34.0,0.0,1.0,744,-54.0,california,commnet,42,5,4042.0
24.0,0.16666666666666666,1.0,697,-40.66666666666667,california,commnet,42,6,4042.0
34.0,0.0,1.0,754,-54.0,california,commnet,42,7,4042.0
24.0,0.16666666666666666,1.0,607,-40.66666666666667,california,commnet,42,8,4042.0
34.0,0.0,1.0,714,-54.0,california,commnet,42,9,4042.0
34.0,0.0,1.0,642,-54.0,california,commnet,42,10,4042.0
34.0,0.0,1.0,745,-54.0,california,commnet,42,11,4042.0
34.0,0.0,1.0,752,-54.0,california,commnet,42,12,4042.0
24.0,0.16666666666666666,1.0,624,-40.66666666666667,california,commnet,42,13,4042.0
34.0,0.0,1.0,711,-54.0,california,commnet,42,14,4042.0
34.0,0.0,0.9757174392935982,704,-54.0,california,commnet,1042,0,4042.0
24.0,0.16666666666666666,1.0,550,-40.66666666666667,california,commnet,1042,1,4042.0
24.0,0.16666666666666666,0.8145695364238411,623,-41.36666666666668,california,commnet,1042,2,4042.0
34.0,0.0,1.0,790,-54.0,california,commnet,1042,3,4042.0
34.0,0.0,0.963963963963964,760,-54.0,california,commnet,1042,4,4042.0
24.0,0.16666666666666666,1.0,718,-40.66666666666667,california,commnet,1042,5,4042.0
24.0,0.16666666666666666,1.0,595,-40.66666666666667,california,commnet,1042,6,4042.0
34.0,0.0,1.0,724,-54.0,california,commnet,1042,7,4042.0
24.0,0.16666666666666666,1.0,644,-40.66666666666667,california,commnet,1042,8,4042.0
34.0,0.0,1.0,714,-54.0,california,commnet,1042,9,4042.0
24.0,0.16666666666666666,1.0,371,-40.66666666666667,california,commnet,1042,10,4042.0
21.0,0.3333333333333333,1.0,509,-34.333333333333336,california,commnet,1042,11,4042.0
34.0,0.0,1.0,720,-54.0,california,commnet,1042,12,4042.0
34.0,0.0,1.0,715,-54.0,california,commnet,1042,13,4042.0
24.0,0.16666666666666666,1.0,662,-40.66666666666667,california,commnet,1042,14,4042.0
24.0,0.16666666666666666,0.924119241192412,651,-40.66666666666667,california,commnet,2042,0,4042.0
18.0,0.3333333333333333,0.9713024282560706,639,-31.333333333333336,california,commnet,2042,1,4042.0
24.0,0.16666666666666666,1.0,702,-40.66666666666667,california,commnet,2042,2,4042.0
24.0,0.16666666666666666,0.8959810874704491,653,-40.866666666666674,california,commnet,2042,3,4042.0
24.0,0.16666666666666666,1.0,719,-40.66666666666667,california,commnet,2042,4,4042.0
34.0,0.0,1.0,790,-54.0,california,commnet,2042,5,4042.0
24.0,0.16666666666666666,1.0,679,-40.66666666666667,california,commnet,2042,6,4042.0
34.0,0.0,1.0,721,-54.0,california,commnet,2042,7,4042.0
34.0,0.0,1.0,766,-54.0,california,commnet,2042,8,4042.0
24.0,0.16666666666666666,1.0,603,-40.66666666666667,california,commnet,2042,9,4042.0
31.0,0.16666666666666666,1.0,631,-47.66666666666667,california,commnet,2042,10,4042.0
34.0,0.0,1.0,714,-54.0,california,commnet,2042,11,4042.0
34.0,0.0,1.0,733,-54.0,california,commnet,2042,12,4042.0
18.0,0.3333333333333333,1.0,557,-31.333333333333336,california,commnet,2042,13,4042.0
24.0,0.16666666666666666,1.0,679,-40.66666666666667,california,commnet,2042,14,4042.0
34.0,0.0,1.0,759,-54.0,california,commnet,3042,0,4042.0
34.0,0.0,1.0,768,-54.0,california,commnet,3042,1,4042.0
24.0,0.16666666666666666,1.0,636,-40.66666666666667,california,commnet,3042,2,4042.0
34.0,0.0,1.0,790,-54.0,california,commnet,3042,3,4042.0
34.0,0.0,1.0,760,-54.0,california,commnet,3042,4,4042.0
34.0,0.0,1.0,723,-54.0,california,commnet,3042,5,4042.0
24.0,0.16666666666666666,1.0,644,-40.66666666666667,california,commnet,3042,6,4042.0
24.0,0.16666666666666666,0.9116997792494481,655,-40.66666666666667,california,commnet,3042,7,4042.0
24.0,0.16666666666666666,0.9301075268817204,676,-40.66666666666667,california,commnet,3042,8,4042.0
24.0,0.16666666666666666,1.0,650,-40.66666666666667,california,commnet,3042,9,4042.0
24.0,0.16666666666666666,1.0,660,-40.66666666666667,california,commnet,3042,10,4042.0
34.0,0.0,1.0,722,-54.0,california,commnet,3042,11,4042.0
24.0,0.16666666666666666,1.0,664,-40.66666666666667,california,commnet,3042,12,4042.0
24.0,0.16666666666666666,1.0,420,-40.66666666666667,california,commnet,3042,13,4042.0
31.0,0.16666666666666666,1.0,704,-47.66666666666667,california,commnet,3042,14,4042.0
34.0,0.0,1.0,615,-54.0,california,commnet,4042,0,4042.0
24.0,0.16666666666666666,0.9651741293532339,628,-40.66666666666667,california,commnet,4042,1,4042.0
34.0,0.0,1.0,772,-54.0,california,commnet,4042,2,4042.0
34.0,0.0,1.0,772,-54.0,california,commnet,4042,3,4042.0
24.0,0.16666666666666666,1.0,598,-40.66666666666667,california,commnet,4042,4,4042.0
24.0,0.16666666666666666,1.0,643,-40.66666666666667,california,commnet,4042,5,4042.0
34.0,0.0,1.0,716,-54.0,california,commnet,4042,6,4042.0
34.0,0.0,1.0,759,-54.0,california,commnet,4042,7,4042.0
24.0,0.16666666666666666,1.0,661,-40.66666666666667,california,commnet,4042,8,4042.0
34.0,0.0,1.0,760,-54.0,california,commnet,4042,9,4042.0
24.0,0.16666666666666666,1.0,718,-40.66666666666667,california,commnet,4042,10,4042.0
24.0,0.16666666666666666,0.8980099502487562,590,-40.866666666666674,california,commnet,4042,11,4042.0
34.0,0.0,1.0,790,-54.0,california,commnet,4042,12,4042.0
34.0,0.0,1.0,720,-54.0,california,commnet,4042,13,4042.0
34.0,0.0,1.0,713,-54.0,california,commnet,4042,14,4042.0
6.0,0.8333333333333334,1.0,109,-9.333333333333332,california,hiercomm_heur,42,0,42.0
9.0,0.6666666666666666,0.9977924944812362,138,-15.666666666666668,california,hiercomm_heur,42,1,42.0
6.0,0.8333333333333334,1.0,58,-9.333333333333332,california,hiercomm_heur,42,2,42.0
6.0,0.8333333333333334,0.9883040935672515,86,-9.333333333333332,california,hiercomm_heur,42,3,42.0
0.0,1.0,1.0,0,0.0,california,hiercomm_heur,42,4,42.0
6.0,0.8333333333333334,0.900497512437811,64,-9.73333333333333,california,hiercomm_heur,42,5,42.0
9.0,0.6666666666666666,1.0,335,-15.666666666666668,california,hiercomm_heur,42,6,42.0
0.0,1.0,0.9933774834437086,106,0.0,california,hiercomm_heur,42,7,42.0
0.0,1.0,1.0,16,0.0,california,hiercomm_heur,42,8,42.0
6.0,0.8333333333333334,0.9403973509933775,301,-9.333333333333332,california,hiercomm_heur,42,9,42.0
6.0,0.8333333333333334,0.98,77,-9.433333333333332,california,hiercomm_heur,42,10,42.0
6.0,0.8333333333333334,1.0,293,-9.333333333333332,california,hiercomm_heur,42,11,42.0
6.0,0.8333333333333334,1.0,65,-9.333333333333332,california,hiercomm_heur,42,12,42.0
6.0,0.8333333333333334,1.0,83,-9.333333333333332,california,hiercomm_heur,42,13,42.0
6.0,0.8333333333333334,0.9939393939393939,52,-9.333333333333332,california,hiercomm_heur,42,14,42.0
6.0,0.8333333333333334,0.9953703703703703,91,-9.333333333333332,california,hiercomm_heur,1042,0,42.0
9.0,0.6666666666666666,1.0,241,-15.666666666666668,california,hiercomm_heur,1042,1,42.0
15.0,0.5,1.0,298,-25.0,california,hiercomm_heur,1042,2,42.0
6.0,0.8333333333333334,1.0,71,-9.333333333333332,california,hiercomm_heur,1042,3,42.0
0.0,1.0,0.8868501529051988,34,0.0,california,hiercomm_heur,1042,4,42.0
6.0,0.8333333333333334,0.9859154929577465,78,-9.333333333333332,california,hiercomm_heur,1042,5,42.0
0.0,1.0,1.0,20,0.0,california,hiercomm_heur,1042,6,42.0
6.0,0.8333333333333334,0.9791666666666666,65,-9.333333333333332,california,hiercomm_heur,1042,7,42.0
15.0,0.5,0.9889624724061811,460,-25.099999999999998,california,hiercomm_heur,1042,8,42.0
6.0,0.8333333333333334,0.9799196787148594,99,-9.433333333333332,california,hiercomm_heur,1042,9,42.0
0.0,1.0,1.0,0,0.0,california,hiercomm_heur,1042,10,42.0
9.0,0.6666666666666666,1.0,248,-15.666666666666668,california,hiercomm_heur,1042,11,42.0
12.0,0.6666666666666666,0.8785871964679912,289,-18.766666666666666,california,hiercomm_heur,1042,12,42.0
0.0,1.0,1.0,69,0.0,california,hiercomm_heur,1042,13,42.0
6.0,0.8333333333333334,1.0,86,-9.333333333333332,california,hiercomm_heur,1042,14,42.0
6.0,0.8333333333333334,1.0,80,-9.333333333333332,california,hiercomm_heur,2042,0,42.0
0.0,1.0,1.0,0,0.0,california,hiercomm_heur,2042,1,42.0
0.0,1.0,1.0,22,0.0,california,hiercomm_heur,2042,2,42.0
12.0,0.5,0.9977924944812362,433,-22.0,california,hiercomm_heur,2042,3,42.0
6.0,0.8333333333333334,0.9693486590038314,71,-9.433333333333332,california,hiercomm_heur,2042,4,42.0
6.0,0.8333333333333334,0.906392694063927,102,-9.533333333333331,california,hiercomm_heur,2042,5,42.0
6.0,0.8333333333333334,0.987012987012987,116,-9.433333333333332,california,hiercomm_heur,2042,6,42.0
6.0,0.8333333333333334,0.9866666666666667,74,-9.333333333333332,california,hiercomm_heur,2042,7,42.0
0.0,1.0,1.0,14,0.0,california,hiercomm_heur,2042,8,42.0
18.0,0.3333333333333333,1.0,501,-31.333333333333336,california,hiercomm_heur,2042,9,42.0
0.0,1.0,1.0,0,0.0,california,hiercomm_heur,2042,10,42.0
6.0,0.8333333333333334,0.9580573951434879,219,-9.333333333333332,california,hiercomm_heur,2042,11,42.0
6.0,0.8333333333333334,0.9878787878787879,102,-9.333333333333332,california,hiercomm_heur,2042,12,42.0
9.0,0.6666666666666666,0.9735449735449735,123,-15.866666666666667,california,hiercomm_heur,2042,13,42.0
15.0,0.5,0.9911699779249448,386,-25.1,california,hiercomm_heur,2042,14,42.0
6.0,0.8333333333333334,1.0,112,-9.333333333333332,california,hiercomm_heur,3042,0,42.0
0.0,1.0,1.0,70,0.0,california,hiercomm_heur,3042,1,42.0
6.0,0.8333333333333334,1.0,87,-9.333333333333332,california,hiercomm_heur,3042,2,42.0
6.0,0.8333333333333334,0.9958333333333333,115,-9.333333333333332,california,hiercomm_heur,3042,3,42.0
6.0,0.8333333333333334,1.0,65,-9.333333333333332,california,hiercomm_heur,3042,4,42.0
6.0,0.8333333333333334,0.991869918699187,74,-9.333333333333332,california,hiercomm_heur,3042,5,42.0
6.0,0.8333333333333334,0.9878787878787879,83,-9.333333333333332,california,hiercomm_heur,3042,6,42.0
0.0,1.0,0.9888888888888889,67,0.0,california,hiercomm_heur,3042,7,42.0
6.0,0.8333333333333334,0.9911699779249448,248,-9.433333333333332,california,hiercomm_heur,3042,8,42.0
6.0,0.8333333333333334,0.9777777777777777,78,-9.333333333333332,california,hiercomm_heur,3042,9,42.0
6.0,0.8333333333333334,0.9874213836477987,72,-9.433333333333332,california,hiercomm_heur,3042,10,42.0
18.0,0.3333333333333333,0.9470198675496688,415,-31.53333333333334,california,hiercomm_heur,3042,11,42.0
6.0,0.8333333333333334,0.9583333333333334,75,-9.433333333333332,california,hiercomm_heur,3042,12,42.0
6.0,0.8333333333333334,0.9317269076305221,89,-9.433333333333332,california,hiercomm_heur,3042,13,42.0
0.0,1.0,0.9950248756218906,29,0.0,california,hiercomm_heur,3042,14,42.0
6.0,0.8333333333333334,1.0,116,-9.333333333333332,california,hiercomm_heur,4042,0,42.0
6.0,0.8333333333333334,1.0,83,-9.333333333333332,california,hiercomm_heur,4042,1,42.0
6.0,0.8333333333333334,1.0,65,-9.333333333333332,california,hiercomm_heur,4042,2,42.0
6.0,0.8333333333333334,0.9823399558498896,171,-9.433333333333332,california,hiercomm_heur,4042,3,42.0
6.0,0.8333333333333334,1.0,62,-9.333333333333332,california,hiercomm_heur,4042,4,42.0
6.0,0.8333333333333334,1.0,49,-9.333333333333332,california,hiercomm_heur,4042,5,42.0
12.0,0.6666666666666666,1.0,283,-18.666666666666668,california,hiercomm_heur,4042,6,42.0
6.0,0.8333333333333334,1.0,106,-9.333333333333332,california,hiercomm_heur,4042,7,42.0
6.0,0.8333333333333334,0.9646799116997793,272,-9.333333333333332,california,hiercomm_heur,4042,8,42.0
6.0,0.8333333333333334,0.9878787878787879,60,-9.333333333333332,california,hiercomm_heur,4042,9,42.0
6.0,0.8333333333333334,0.9906759906759907,111,-9.433333333333332,california,hiercomm_heur,4042,10,42.0
12.0,0.6666666666666666,0.8763796909492274,285,-18.766666666666666,california,hiercomm_heur,4042,11,42.0
12.0,0.6666666666666666,0.9448123620309051,264,-18.666666666666668,california,hiercomm_heur,4042,12,42.0
6.0,0.8333333333333334,1.0,78,-9.333333333333332,california,hiercomm_heur,4042,13,42.0
6.0,0.8333333333333334,0.9907407407407407,46,-9.333333333333332,california,hiercomm_heur,4042,14,42.0
12.0,0.6666666666666666,0.9823399558498896,246,-18.666666666666668,california,hiercomm_heur,42,0,1042.0
9.0,0.6666666666666666,0.9933774834437086,413,-15.666666666666668,california,hiercomm_heur,42,1,1042.0
0.0,1.0,1.0,67,0.0,california,hiercomm_heur,42,2,1042.0
6.0,0.8333333333333334,0.9977924944812362,323,-9.333333333333332,california,hiercomm_heur,42,3,1042.0
0.0,1.0,0.9897435897435898,7,0.0,california,hiercomm_heur,42,4,1042.0
6.0,0.8333333333333334,0.976401179941003,78,-9.333333333333332,california,hiercomm_heur,42,5,1042.0
6.0,0.8333333333333334,1.0,73,-9.333333333333332,california,hiercomm_heur,42,6,1042.0
6.0,0.8333333333333334,0.9823399558498896,64,-9.333333333333332,california,hiercomm_heur,42,7,1042.0
0.0,1.0,1.0,17,0.0,california,hiercomm_heur,42,8,1042.0
6.0,0.8333333333333334,0.9977924944812362,123,-9.333333333333332,california,hiercomm_heur,42,9,1042.0
6.0,0.8333333333333334,1.0,103,-9.333333333333332,california,hiercomm_heur,42,10,1042.0
0.0,1.0,0.94,119,0.0,california,hiercomm_heur,42,11,1042.0
6.0,0.8333333333333334,1.0,55,-9.333333333333332,california,hiercomm_heur,42,12,1042.0
6.0,0.8333333333333334,1.0,65,-9.333333333333332,california,hiercomm_heur,42,13,1042.0
0.0,1.0,1.0,60,0.0,california,hiercomm_heur,42,14,1042.0
6.0,0.8333333333333334,0.9116997792494481,238,-9.83333333333333,california,hiercomm_heur,1042,0,1042.0
9.0,0.6666666666666666,0.9624724061810155,410,-15.966666666666667,california,hiercomm_heur,1042,1,1042.0
9.0,0.6666666666666666,0.9580573951434879,346,-15.866666666666667,california,hiercomm_heur,1042,2,1042.0
6.0,0.8333333333333334,0.9889624724061811,361,-9.433333333333332,california,hiercomm_heur,1042,3,1042.0
15.0,0.5,0.9955849889624724,301,-25.0,california,hiercomm_heur,1042,4,1042.0
6.0,0.8333333333333334,0.9580573951434879,105,-9.633333333333331,california,hiercomm_heur,1042,5,1042.0
6.0,0.8333333333333334,0.9823399558498896,135,-9.433333333333332,california,hiercomm_heur,1042,6,1042.0
3.0,0.8333333333333334,0.8609271523178808,267,-7.133333333333329,california,hiercomm_heur,1042,7,1042.0
0.0,1.0,0.9924242424242424,133,0.0,california,hiercomm_heur,1042,8,1042.0
6.0,0.8333333333333334,0.9494949494949495,85,-9.533333333333331,california,hiercomm_heur,1042,9,1042.0
12.0,0.6666666666666666,0.9558498896247241,212,-19.06666666666667,california,hiercomm_heur,1042,10,1042.0
9.0,0.6666666666666666,0.9911699779249448,418,-15.666666666666668,california,hiercomm_heur,1042,11,1042.0
19.0,0.5,1.0,397,-29.0,california,hiercomm_heur,1042,12,1042.0
0.0,1.0,0.9907407407407407,65,0.0,california,hiercomm_heur,1042,13,1042.0
0.0,1.0,0.9911699779249448,398,0.0,california,hiercomm_heur,1042,14,1042.0
0.0,1.0,0.8609271523178808,166,-0.6,california,hiercomm_heur,2042,0,1042.0
0.0,1.0,0.9375,8,-0.2,california,hiercomm_heur,2042,1,1042.0
0.0,1.0,0.978021978021978,66,-0.1,california,hiercomm_heur,2042,2,1042.0
0.0,1.0,0.9403973509933775,136,-0.4,california,hiercomm_heur,2042,3,1042.0
6.0,0.8333333333333334,0.9801324503311258,106,-9.433333333333332,california,hiercomm_heur,2042,4,1042.0
6.0,0.8333333333333334,1.0,104,-9.333333333333332,california,hiercomm_heur,2042,5,1042.0
6.0,0.8333333333333334,0.9690949227373068,220,-9.533333333333331,california,hiercomm_heur,2042,6,1042.0
6.0,0.8333333333333334,0.9666666666666667,54,-9.333333333333332,california,hiercomm_heur,2042,7,1042.0
6.0,0.8333333333333334,0.9823399558498896,178,-9.633333333333333,california,hiercomm_heur,2042,8,1042.0
3.0,0.8333333333333334,0.9205298013245033,347,-6.633333333333331,california,hiercomm_heur,2042,9,1042.0
0.0,1.0,0.9824561403508771,0,0.0,california,hiercomm_heur,2042,10,1042.0
6.0,0.8333333333333334,0.9977924944812362,121,-9.333333333333332,california,hiercomm_heur,2042,11,1042.0
6.0,0.8333333333333334,0.9757174392935982,228,-9.433333333333332,california,hiercomm_heur,2042,12,1042.0
25.0,0.3333333333333333,1.0,486,-38.333333333333336,california,hiercomm_heur,2042,13,1042.0
0.0,1.0,0.9845474613686535,348,-0.1,california,hiercomm_heur,2042,14,1042.0
6.0,0.8333333333333334,1.0,67,-9.333333333333332,california,hiercomm_heur,3042,0,1042.0
0.0,1.0,1.0,79,0.0,california,hiercomm_heur,3042,1,1042.0
6.0,0.8333333333333334,0.9799196787148594,98,-9.333333333333332,california,hiercomm_heur,3042,2,1042.0
0.0,1.0,1.0,324,0.0,california,hiercomm_heur,3042,3,1042.0
6.0,0.8333333333333334,0.9514348785871964,326,-9.733333333333333,california,hiercomm_heur,3042,4,1042.0
6.0,0.8333333333333334,0.9359823399558499,319,-9.93333333333333,california,hiercomm_heur,3042,5,1042.0
6.0,0.8333333333333334,0.9602649006622517,238,-9.533333333333331,california,hiercomm_heur,3042,6,1042.0
0.0,1.0,1.0,23,0.0,california,hiercomm_heur,3042,7,1042.0
10.0,0.8333333333333334,0.9955849889624724,300,-13.333333333333332,california,hiercomm_heur,3042,8,1042.0
0.0,1.0,0.9735099337748344,292,0.0,california,hiercomm_heur,3042,9,1042.0
15.0,0.5,0.9492273730684326,496,-25.500000000000007,california,hiercomm_heur,3042,10,1042.0
0.0,1.0,0.9889624724061811,115,0.0,california,hiercomm_heur,3042,11,1042.0
0.0,1.0,0.9800995024875622,63,0.0,california,hiercomm_heur,3042,12,1042.0
9.0,0.6666666666666666,1.0,292,-15.666666666666668,california,hiercomm_heur,3042,13,1042.0
0.0,1.0,0.9646799116997793,160,-0.30000000000000004,california,hiercomm_heur,3042,14,1042.0
0.0,1.0,0.9977924944812362,308,0.0,california,hiercomm_heur,4042,0,1042.0
0.0,1.0,0.9403973509933775,178,-0.09999999999999964,california,hiercomm_heur,4042,1,1042.0
6.0,0.8333333333333334,1.0,63,-9.333333333333332,california,hiercomm_heur,4042,2,1042.0
0.0,1.0,0.9933774834437086,237,0.0,california,hiercomm_heur,4042,3,1042.0
6.0,0.8333333333333334,0.8562091503267973,72,-9.633333333333331,california,hiercomm_heur,4042,4,1042.0
0.0,1.0,0.9426048565121413,300,-0.2,california,hiercomm_heur,4042,5,1042.0
0.0,1.0,1.0,94,0.0,california,hiercomm_heur,4042,6,1042.0
9.0,0.6666666666666666,0.926509186351706,189,-15.866666666666667,california,hiercomm_heur,4042,7,1042.0
0.0,1.0,0.9711934156378601,100,-0.2,california,hiercomm_heur,4042,8,1042.0
6.0,0.8333333333333334,1.0,40,-9.333333333333332,california,hiercomm_heur,4042,9,1042.0
19.0,0.5,1.0,333,-29.0,california,hiercomm_heur,4042,10,1042.0
0.0,1.0,1.0,151,0.0,california,hiercomm_heur,4042,11,1042.0
6.0,0.8333333333333334,0.9448123620309051,226,-9.83333333333333,california,hiercomm_heur,4042,12,1042.0
0.0,1.0,0.9743589743589743,48,0.0,california,hiercomm_heur,4042,13,1042.0
6.0,0.8333333333333334,0.9911699779249448,93,-9.333333333333332,california,hiercomm_heur,4042,14,1042.0
6.0,0.8333333333333334,0.9940476190476191,77,-9.333333333333332,california,hiercomm_heur,42,0,2042.0
6.0,0.8333333333333334,1.0,1,-9.333333333333332,california,hiercomm_heur,42,1,2042.0
12.0,0.6666666666666666,1.0,88,-18.666666666666668,california,hiercomm_heur,42,2,2042.0
6.0,0.8333333333333334,1.0,231,-9.333333333333332,california,hiercomm_heur,42,3,2042.0
0.0,1.0,1.0,0,0.0,california,hiercomm_heur,42,4,2042.0
6.0,0.8333333333333334,1.0,70,-9.333333333333332,california,hiercomm_heur,42,5,2042.0
6.0,0.8333333333333334,1.0,81,-9.333333333333332,california,hiercomm_heur,42,6,2042.0
0.0,1.0,1.0,60,0.0,california,hiercomm_heur,42,7,2042.0
0.0,1.0,0.9929078014184397,17,0.0,california,hiercomm_heur,42,8,2042.0
16.0,0.6666666666666666,0.7682119205298014,366,-22.666666666666668,california,hiercomm_heur,42,9,2042.0
19.0,0.5,0.9933774834437086,400,-29.0,california,hiercomm_heur,42,10,2042.0
6.0,0.8333333333333334,0.9969418960244648,74,-9.333333333333332,california,hiercomm_heur,42,11,2042.0
6.0,0.8333333333333334,0.9420289855072463,61,-9.533333333333331,california,hiercomm_heur,42,12,2042.0
6.0,0.8333333333333334,1.0,67,-9.333333333333332,california,hiercomm_heur,42,13,2042.0
6.0,0.8333333333333334,0.9848484848484849,88,-9.533333333333331,california,hiercomm_heur,42,14,2042.0
6.0,0.8333333333333334,0.9955849889624724,166,-9.333333333333332,california,hiercomm_heur,1042,0,2042.0
0.0,1.0,1.0,0,0.0,california,hiercomm_heur,1042,1,2042.0
0.0,1.0,1.0,50,0.0,california,hiercomm_heur,1042,2,2042.0
6.0,0.8333333333333334,1.0,46,-9.333333333333332,california,hiercomm_heur,1042,3,2042.0
6.0,0.8333333333333334,0.9625,44,-9.433333333333332,california,hiercomm_heur,1042,4,2042.0
6.0,0.8333333333333334,0.9861111111111112,81,-9.333333333333332,california,hiercomm_heur,1042,5,2042.0
0.0,1.0,1.0,49,0.0,california,hiercomm_heur,1042,6,2042.0
6.0,0.8333333333333334,1.0,102,-9.333333333333332,california,hiercomm_heur,1042,7,2042.0
6.0,0.8333333333333334,1.0,78,-9.333333333333332,california,hiercomm_heur,1042,8,2042.0
6.0,0.8333333333333334,0.9939393939393939,101,-9.333333333333332,california,hiercomm_heur,1042,9,2042.0
0.0,1.0,1.0,13,0.0,california,hiercomm_heur,1042,10,2042.0
0.0,1.0,1.0,0,0.0,california,hiercomm_heur,1042,11,2042.0
10.0,0.8333333333333334,0.9977924944812362,331,-13.333333333333332,california,hiercomm_heur,1042,12,2042.0
6.0,0.8333333333333334,0.9906103286384976,80,-9.333333333333332,california,hiercomm_heur,1042,13,2042.0
9.0,0.6666666666666666,1.0,397,-15.666666666666668,california,hiercomm_heur,1042,14,2042.0
6.0,0.8333333333333334,1.0,84,-9.333333333333332,california,hiercomm_heur,2042,0,2042.0
0.0,1.0,0.9876543209876543,0,0.0,california,hiercomm_heur,2042,1,2042.0
0.0,1.0,0.990990990990991,12,0.0,california,hiercomm_heur,2042,2,2042.0
0.0,1.0,0.990990990990991,9,0.0,california,hiercomm_heur,2042,3,2042.0
6.0,0.8333333333333334,0.9874213836477987,63,-9.333333333333332,california,hiercomm_heur,2042,4,2042.0
16.0,0.6666666666666666,0.9955849889624724,164,-22.666666666666668,california,hiercomm_heur,2042,5,2042.0
6.0,0.8333333333333334,1.0,78,-9.333333333333332,california,hiercomm_heur,2042,6,2042.0
6.0,0.8333333333333334,1.0,62,-9.333333333333332,california,hiercomm_heur,2042,7,2042.0
0.0,1.0,1.0,29,0.0,california,hiercomm_heur,2042,8,2042.0
6.0,0.8333333333333334,0.9904761904761905,124,-9.333333333333332,california,hiercomm_heur,2042,9,2042.0
0.0,1.0,1.0,3,0.0,california,hiercomm_heur,2042,10,2042.0
16.0,0.6666666666666666,0.7682119205298014,366,-22.666666666666668,california,hiercomm_heur,2042,11,2042.0
6.0,0.8333333333333334,0.9351851851851852,74,-9.533333333333331,california,hiercomm_heur,2042,12,2042.0
15.0,0.5,0.9911699779249448,318,-25.0,california,hiercomm_heur,2042,13,2042.0
6.0,0.8333333333333334,1.0,110,-9.333333333333332,california,hiercomm_heur,2042,14,2042.0
6.0,0.8333333333333334,1.0,81,-9.333333333333332,california,hiercomm_heur,3042,0,2042.0
6.0,0.8333333333333334,0.9823399558498896,107,-9.533333333333331,california,hiercomm_heur,3042,1,2042.0
6.0,0.8333333333333334,1.0,66,-9.333333333333332,california,hiercomm_heur,3042,2,2042.0
6.0,0.8333333333333334,1.0,188,-9.333333333333332,california,hiercomm_heur,3042,3,2042.0
6.0,0.8333333333333334,0.9801324503311258,219,-9.533333333333331,california,hiercomm_heur,3042,4,2042.0
19.0,0.5,1.0,428,-29.0,california,hiercomm_heur,3042,5,2042.0
6.0,0.8333333333333334,0.9833333333333333,69,-9.333333333333332,california,hiercomm_heur,3042,6,2042.0
6.0,0.8333333333333334,0.9402985074626866,42,-9.433333333333332,california,hiercomm_heur,3042,7,2042.0
6.0,0.8333333333333334,1.0,90,-9.333333333333332,california,hiercomm_heur,3042,8,2042.0
0.0,1.0,1.0,52,0.0,california,hiercomm_heur,3042,9,2042.0
6.0,0.8333333333333334,1.0,67,-9.333333333333332,california,hiercomm_heur,3042,10,2042.0
28.0,0.16666666666666666,0.9867549668874173,465,-44.766666666666666,california,hiercomm_heur,3042,11,2042.0
6.0,0.8333333333333334,0.9848484848484849,108,-9.533333333333331,california,hiercomm_heur,3042,12,2042.0
6.0,0.8333333333333334,0.996969696969697,83,-9.333333333333332,california,hiercomm_heur,3042,13,2042.0
0.0,1.0,0.9911699779249448,310,-0.1,california,hiercomm_heur,3042,14,2042.0
6.0,0.8333333333333334,0.9835390946502057,106,-9.333333333333332,california,hiercomm_heur,4042,0,2042.0
6.0,0.8333333333333334,0.9777777777777777,98,-9.333333333333332,california,hiercomm_heur,4042,1,2042.0
6.0,0.8333333333333334,1.0,57,-9.333333333333332,california,hiercomm_heur,4042,2,2042.0
22.0,0.3333333333333333,0.9690949227373068,370,-35.63333333333333,california,hiercomm_heur,4042,3,2042.0
6.0,0.8333333333333334,1.0,65,-9.333333333333332,california,hiercomm_heur,4042,4,2042.0
6.0,0.8333333333333334,1.0,79,-9.333333333333332,california,hiercomm_heur,4042,5,2042.0
6.0,0.8333333333333334,1.0,113,-9.333333333333332,california,hiercomm_heur,4042,6,2042.0
6.0,0.8333333333333334,0.9927536231884058,78,-9.333333333333332,california,hiercomm_heur,4042,7,2042.0
12.0,0.6666666666666666,0.9530516431924883,89,-18.96666666666667,california,hiercomm_heur,4042,8,2042.0
6.0,0.8333333333333334,1.0,38,-9.333333333333332,california,hiercomm_heur,4042,9,2042.0
6.0,0.8333333333333334,1.0,111,-9.333333333333332,california,hiercomm_heur,4042,10,2042.0
6.0,0.8333333333333334,1.0,58,-9.333333333333332,california,hiercomm_heur,4042,11,2042.0
16.0,0.6666666666666666,0.9977924944812362,274,-22.666666666666668,california,hiercomm_heur,4042,12,2042.0
0.0,1.0,0.9935897435897436,48,0.0,california,hiercomm_heur,4042,13,2042.0
6.0,0.8333333333333334,1.0,58,-9.333333333333332,california,hiercomm_heur,4042,14,2042.0
6.0,0.8333333333333334,1.0,85,-9.333333333333332,california,hiercomm_heur,42,0,3042.0
9.0,0.6666666666666666,1.0,587,-15.666666666666668,california,hiercomm_heur,42,1,3042.0
6.0,0.8333333333333334,0.9894736842105263,83,-9.333333333333332,california,hiercomm_heur,42,2,3042.0
13.0,0.6666666666666666,0.9867549668874173,471,-19.766666666666666,california,hiercomm_heur,42,3,3042.0
0.0,1.0,1.0,238,0.0,california,hiercomm_heur,42,4,3042.0
6.0,0.8333333333333334,1.0,58,-9.333333333333332,california,hiercomm_heur,42,5,3042.0
0.0,1.0,1.0,114,0.0,california,hiercomm_heur,42,6,3042.0
16.0,0.6666666666666666,0.9514348785871964,299,-22.96666666666667,california,hiercomm_heur,42,7,3042.0
0.0,1.0,1.0,2,0.0,california,hiercomm_heur,42,8,3042.0
6.0,0.8333333333333334,0.9305555555555556,69,-9.533333333333331,california,hiercomm_heur,42,9,3042.0
6.0,0.8333333333333334,1.0,77,-9.333333333333332,california,hiercomm_heur,42,10,3042.0
6.0,0.8333333333333334,0.9801324503311258,121,-9.333333333333332,california,hiercomm_heur,42,11,3042.0
6.0,0.8333333333333334,1.0,63,-9.333333333333332,california,hiercomm_heur,42,12,3042.0
6.0,0.8333333333333334,1.0,61,-9.333333333333332,california,hiercomm_heur,42,13,3042.0
16.0,0.6666666666666666,0.9227373068432672,183,-22.866666666666667,california,hiercomm_heur,42,14,3042.0
6.0,0.8333333333333334,0.9844961240310077,89,-9.333333333333332,california,hiercomm_heur,1042,0,3042.0
6.0,0.8333333333333334,0.9757174392935982,260,-9.433333333333332,california,hiercomm_heur,1042,1,3042.0
6.0,0.8333333333333334,1.0,82,-9.333333333333332,california,hiercomm_heur,1042,2,3042.0
6.0,0.8333333333333334,0.9743589743589743,68,-9.333333333333332,california,hiercomm_heur,1042,3,3042.0
16.0,0.6666666666666666,0.9757174392935982,273,-22.766666666666666,california,hiercomm_heur,1042,4,3042.0
6.0,0.8333333333333334,1.0,67,-9.333333333333332,california,hiercomm_heur,1042,5,3042.0
0.0,1.0,1.0,139,0.0,california,hiercomm_heur,1042,6,3042.0
12.0,0.6666666666666666,1.0,403,-18.666666666666668,california,hiercomm_heur,1042,7,3042.0
6.0,0.8333333333333334,1.0,89,-9.333333333333332,california,hiercomm_heur,1042,8,3042.0
6.0,0.8333333333333334,0.9920634920634921,113,-9.333333333333332,california,hiercomm_heur,1042,9,3042.0
0.0,1.0,1.0,15,0.0,california,hiercomm_heur,1042,10,3042.0
6.0,0.8333333333333334,0.9867549668874173,221,-9.333333333333332,california,hiercomm_heur,1042,11,3042.0
6.0,0.8333333333333334,1.0,73,-9.333333333333332,california,hiercomm_heur,1042,12,3042.0
9.0,0.6666666666666666,1.0,372,-15.666666666666668,california,hiercomm_heur,1042,13,3042.0
15.0,0.5,1.0,401,-25.0,california,hiercomm_heur,1042,14,3042.0
6.0,0.8333333333333334,1.0,82,-9.333333333333332,california,hiercomm_heur,2042,0,3042.0
10.0,0.8333333333333334,1.0,219,-13.333333333333332,california,hiercomm_heur,2042,1,3042.0
0.0,1.0,0.9848484848484849,15,0.0,california,hiercomm_heur,2042,2,3042.0
19.0,0.5,1.0,453,-29.0,california,hiercomm_heur,2042,3,3042.0
6.0,0.8333333333333334,0.9607843137254902,68,-9.433333333333332,california,hiercomm_heur,2042,4,3042.0
6.0,0.8333333333333334,1.0,77,-9.333333333333332,california,hiercomm_heur,2042,5,3042.0
9.0,0.6666666666666666,1.0,210,-15.666666666666668,california,hiercomm_heur,2042,6,3042.0
6.0,0.8333333333333334,0.9894179894179894,50,-9.333333333333332,california,hiercomm_heur,2042,7,3042.0
13.0,0.6666666666666666,0.9977924944812362,492,-19.666666666666668,california,hiercomm_heur,2042,8,3042.0
12.0,0.6666666666666666,0.975609756097561,104,-18.666666666666668,california,hiercomm_heur,2042,9,3042.0
0.0,1.0,1.0,0,0.0,california,hiercomm_heur,2042,10,3042.0
6.0,0.8333333333333334,0.9645390070921985,67,-9.433333333333332,california,hiercomm_heur,2042,11,3042.0
6.0,0.8333333333333334,1.0,76,-9.333333333333332,california,hiercomm_heur,2042,12,3042.0
3.0,0.8333333333333334,0.9977924944812362,179,-6.333333333333332,california,hiercomm_heur,2042,13,3042.0
6.0,0.8333333333333334,1.0,73,-9.333333333333332,california,hiercomm_heur,2042,14,3042.0
0.0,1.0,1.0,114,0.0,california,hiercomm_heur,3042,0,3042.0
0.0,1.0,1.0,112,0.0,california,hiercomm_heur,3042,1,3042.0
6.0,0.8333333333333334,0.8952380952380953,82,-9.633333333333331,california,hiercomm_heur,3042,2,3042.0
12.0,0.6666666666666666,0.9761904761904762,98,-18.666666666666668,california,hiercomm_heur,3042,3,3042.0
6.0,0.8333333333333334,1.0,47,-9.333333333333332,california,hiercomm_heur,3042,4,3042.0
12.0,0.6666666666666666,0.9704641350210971,100,-18.666666666666668,california,hiercomm_heur,3042,5,3042.0
6.0,0.8333333333333334,1.0,67,-9.333333333333332,california,hiercomm_heur,3042,6,3042.0
6.0,0.8333333333333334,0.9883040935672515,11,-9.333333333333332,california,hiercomm_heur,3042,7,3042.0
22.0,0.3333333333333333,0.9139072847682119,508,-35.53333333333333,california,hiercomm_heur,3042,8,3042.0
6.0,0.8333333333333334,1.0,67,-9.333333333333332,california,hiercomm_heur,3042,9,3042.0
6.0,0.8333333333333334,1.0,63,-9.333333333333332,california,hiercomm_heur,3042,10,3042.0
6.0,0.8333333333333334,0.989247311827957,70,-9.333333333333332,california,hiercomm_heur,3042,11,3042.0
0.0,1.0,1.0,394,0.0,california,hiercomm_heur,3042,12,3042.0
6.0,0.8333333333333334,0.9122807017543859,94,-9.433333333333332,california,hiercomm_heur,3042,13,3042.0
6.0,0.8333333333333334,1.0,69,-9.333333333333332,california,hiercomm_heur,3042,14,3042.0
12.0,0.6666666666666666,0.9822222222222222,93,-18.666666666666668,california,hiercomm_heur,4042,0,3042.0
0.0,1.0,1.0,83,0.0,california,hiercomm_heur,4042,1,3042.0
6.0,0.8333333333333334,0.9523809523809523,61,-9.333333333333332,california,hiercomm_heur,4042,2,3042.0
6.0,0.8333333333333334,0.9933774834437086,66,-9.333333333333332,california,hiercomm_heur,4042,3,3042.0
6.0,0.8333333333333334,1.0,61,-9.333333333333332,california,hiercomm_heur,4042,4,3042.0
6.0,0.8333333333333334,1.0,112,-9.333333333333332,california,hiercomm_heur,4042,5,3042.0
12.0,0.6666666666666666,0.9487179487179487,100,-18.666666666666668,california,hiercomm_heur,4042,6,3042.0
6.0,0.8333333333333334,1.0,100,-9.333333333333332,california,hiercomm_heur,4042,7,3042.0
0.0,1.0,0.9812206572769953,80,-0.1,california,hiercomm_heur,4042,8,3042.0
0.0,1.0,1.0,35,0.0,california,hiercomm_heur,4042,9,3042.0
22.0,0.3333333333333333,0.9448123620309051,457,-35.53333333333333,california,hiercomm_heur,4042,10,3042.0
6.0,0.8333333333333334,1.0,73,-9.333333333333332,california,hiercomm_heur,4042,11,3042.0
19.0,0.5,0.9161147902869757,448,-30.000000000000004,california,hiercomm_heur,4042,12,3042.0
6.0,0.8333333333333334,0.9703703703703703,79,-9.333333333333332,california,hiercomm_heur,4042,13,3042.0
12.0,0.6666666666666666,1.0,405,-18.666666666666668,california,hiercomm_heur,4042,14,3042.0
6.0,0.8333333333333334,0.9942528735632183,92,-9.333333333333332,california,hiercomm_heur,42,0,4042.0
6.0,0.8333333333333334,0.8869047619047619,14,-9.83333333333333,california,hiercomm_heur,42,1,4042.0
6.0,0.8333333333333334,1.0,85,-9.333333333333332,california,hiercomm_heur,42,2,4042.0
6.0,0.8333333333333334,1.0,90,-9.333333333333332,california,hiercomm_heur,42,3,4042.0
0.0,1.0,1.0,0,0.0,california,hiercomm_heur,42,4,4042.0
6.0,0.8333333333333334,1.0,63,-9.333333333333332,california,hiercomm_heur,42,5,4042.0
0.0,1.0,0.9761904761904762,65,0.0,california,hiercomm_heur,42,6,4042.0
0.0,1.0,0.9852941176470589,22,-0.1,california,hiercomm_heur,42,7,4042.0
0.0,1.0,1.0,8,0.0,california,hiercomm_heur,42,8,4042.0
6.0,0.8333333333333334,1.0,67,-9.333333333333332,california,hiercomm_heur,42,9,4042.0
6.0,0.8333333333333334,0.9722222222222222,94,-9.333333333333332,california,hiercomm_heur,42,10,4042.0
6.0,0.8333333333333334,1.0,86,-9.333333333333332,california,hiercomm_heur,42,11,4042.0
6.0,0.8333333333333334,0.9803921568627451,64,-9.333333333333332,california,hiercomm_heur,42,12,4042.0
6.0,0.8333333333333334,1.0,57,-9.333333333333332,california,hiercomm_heur,42,13,4042.0
6.0,0.8333333333333334,0.996969696969697,86,-9.333333333333332,california,hiercomm_heur,42,14,4042.0
6.0,0.8333333333333334,0.9622641509433962,126,-9.333333333333332,california,hiercomm_heur,1042,0,4042.0
0.0,1.0,1.0,0,0.0,california,hiercomm_heur,1042,1,4042.0
6.0,0.8333333333333334,1.0,93,-9.333333333333332,california,hiercomm_heur,1042,2,4042.0
6.0,0.8333333333333334,1.0,57,-9.333333333333332,california,hiercomm_heur,1042,3,4042.0
6.0,0.8333333333333334,0.9770114942528736,71,-9.433333333333332,california,hiercomm_heur,1042,4,4042.0
6.0,0.8333333333333334,1.0,64,-9.333333333333332,california,hiercomm_heur,1042,5,4042.0
6.0,0.8333333333333334,1.0,92,-9.333333333333332,california,hiercomm_heur,1042,6,4042.0
6.0,0.8333333333333334,0.8660436137071651,58,-9.333333333333332,california,hiercomm_heur,1042,7,4042.0
6.0,0.8333333333333334,0.9829059829059829,84,-9.333333333333332,california,hiercomm_heur,1042,8,4042.0
6.0,0.8333333333333334,0.9487179487179487,69,-9.433333333333332,california,hiercomm_heur,1042,9,4042.0
0.0,1.0,1.0,0,0.0,california,hiercomm_heur,1042,10,4042.0
0.0,1.0,1.0,0,0.0,california,hiercomm_heur,1042,11,4042.0
6.0,0.8333333333333334,1.0,77,-9.333333333333332,california,hiercomm_heur,1042,12,4042.0
6.0,0.8333333333333334,1.0,54,-9.333333333333332,california,hiercomm_heur,1042,13,4042.0
6.0,0.8333333333333334,1.0,69,-9.333333333333332,california,hiercomm_heur,1042,14,4042.0
6.0,0.8333333333333334,1.0,67,-9.333333333333332,california,hiercomm_heur,2042,0,4042.0
0.0,1.0,1.0,4,0.0,california,hiercomm_heur,2042,1,4042.0
0.0,1.0,1.0,16,0.0,california,hiercomm_heur,2042,2,4042.0
0.0,1.0,1.0,20,0.0,california,hiercomm_heur,2042,3,4042.0
6.0,0.8333333333333334,0.9935897435897436,69,-9.333333333333332,california,hiercomm_heur,2042,4,4042.0
6.0,0.8333333333333334,0.9861111111111112,90,-9.333333333333332,california,hiercomm_heur,2042,5,4042.0
6.0,0.8333333333333334,0.9798850574712644,178,-9.333333333333332,california,hiercomm_heur,2042,6,4042.0
6.0,0.8333333333333334,1.0,58,-9.333333333333332,california,hiercomm_heur,2042,7,4042.0
0.0,1.0,1.0,7,0.0,california,hiercomm_heur,2042,8,4042.0
6.0,0.8333333333333334,0.9813084112149533,73,-9.333333333333332,california,hiercomm_heur,2042,9,4042.0
0.0,1.0,1.0,0,0.0,california,hiercomm_heur,2042,10,4042.0
6.0,0.8333333333333334,1.0,67,-9.333333333333332,california,hiercomm_heur,2042,11,4042.0
6.0,0.8333333333333334,0.954954954954955,68,-9.433333333333332,california,hiercomm_heur,2042,12,4042.0
6.0,0.8333333333333334,0.9607843137254902,95,-9.533333333333331,california,hiercomm_heur,2042,13,4042.0
6.0,0.8333333333333334,0.9876543209876543,91,-9.333333333333332,california,hiercomm_heur,2042,14,4042.0
6.0,0.8333333333333334,1.0,72,-9.333333333333332,california,hiercomm_heur,3042,0,4042.0
0.0,1.0,0.9806763285024155,65,0.0,california,hiercomm_heur,3042,1,4042.0
6.0,0.8333333333333334,1.0,58,-9.333333333333332,california,hiercomm_heur,3042,2,4042.0
6.0,0.8333333333333334,1.0,84,-9.333333333333332,california,hiercomm_heur,3042,3,4042.0
6.0,0.8333333333333334,0.9907407407407407,59,-9.333333333333332,california,hiercomm_heur,3042,4,4042.0
6.0,0.8333333333333334,1.0,83,-9.333333333333332,california,hiercomm_heur,3042,5,4042.0
6.0,0.8333333333333334,0.937984496124031,77,-9.533333333333331,california,hiercomm_heur,3042,6,4042.0
6.0,0.8333333333333334,0.9890710382513661,95,-9.333333333333332,california,hiercomm_heur,3042,7,4042.0
6.0,0.8333333333333334,0.9753086419753086,94,-9.533333333333331,california,hiercomm_heur,3042,8,4042.0
12.0,0.5,0.9713024282560706,369,-22.2,california,hiercomm_heur,3042,9,4042.0
6.0,0.8333333333333334,0.9572649572649573,67,-9.433333333333332,california,hiercomm_heur,3042,10,4042.0
0.0,1.0,0.9869281045751634,63,0.0,california,hiercomm_heur,3042,11,4042.0
6.0,0.8333333333333334,1.0,54,-9.333333333333332,california,hiercomm_heur,3042,12,4042.0
0.0,1.0,0.9878787878787879,63,0.0,california,hiercomm_heur,3042,13,4042.0
12.0,0.5,0.9977924944812362,406,-22.0,california,hiercomm_heur,3042,14,4042.0
6.0,0.8333333333333334,0.9947916666666666,74,-9.333333333333332,california,hiercomm_heur,4042,0,4042.0
6.0,0.8333333333333334,1.0,95,-9.333333333333332,california,hiercomm_heur,4042,1,4042.0
6.0,0.8333333333333334,0.9809523809523809,63,-9.333333333333332,california,hiercomm_heur,4042,2,4042.0
0.0,1.0,0.9537037037037037,72,0.0,california,hiercomm_heur,4042,3,4042.0
6.0,0.8333333333333334,0.9841269841269841,62,-9.433333333333332,california,hiercomm_heur,4042,4,4042.0
6.0,0.8333333333333334,0.9788359788359788,86,-9.433333333333332,california,hiercomm_heur,4042,5,4042.0
6.0,0.8333333333333334,1.0,85,-9.333333333333332,california,hiercomm_heur,4042,6,4042.0
6.0,0.8333333333333334,0.9954337899543378,100,-9.333333333333332,california,hiercomm_heur,4042,7,4042.0
6.0,0.8333333333333334,0.9345238095238095,98,-9.533333333333331,california,hiercomm_heur,4042,8,4042.0
0.0,1.0,1.0,37,0.0,california,hiercomm_heur,4042,9,4042.0
6.0,0.8333333333333334,1.0,90,-9.333333333333332,california,hiercomm_heur,4042,10,4042.0
6.0,0.8333333333333334,1.0,86,-9.333333333333332,california,hiercomm_heur,4042,11,4042.0
0.0,1.0,1.0,60,0.0,california,hiercomm_heur,4042,12,4042.0
6.0,0.8333333333333334,1.0,68,-9.333333333333332,california,hiercomm_heur,4042,13,4042.0
6.0,0.8333333333333334,0.9925093632958801,83,-9.333333333333332,california,hiercomm_heur,4042,14,4042.0
34.0,0.0,1.0,827,-54.0,california,noop,42,0,
34.0,0.0,1.0,827,-54.0,california,noop,42,1,
34.0,0.0,1.0,827,-54.0,california,noop,42,2,
34.0,0.0,1.0,827,-54.0,california,noop,42,3,
34.0,0.0,1.0,789,-54.0,california,noop,42,4,
34.0,0.0,1.0,826,-54.0,california,noop,42,5,
34.0,0.0,1.0,827,-54.0,california,noop,42,6,
34.0,0.0,1.0,827,-54.0,california,noop,42,7,
34.0,0.0,1.0,824,-54.0,california,noop,42,8,
34.0,0.0,1.0,827,-54.0,california,noop,42,9,
34.0,0.0,1.0,827,-54.0,california,noop,42,10,
34.0,0.0,1.0,827,-54.0,california,noop,42,11,
34.0,0.0,1.0,827,-54.0,california,noop,42,12,
34.0,0.0,1.0,827,-54.0,california,noop,42,13,
34.0,0.0,1.0,826,-54.0,california,noop,42,14,
34.0,0.0,1.0,827,-54.0,california,noop,1042,0,
34.0,0.0,1.0,649,-54.0,california,noop,1042,1,
34.0,0.0,1.0,827,-54.0,california,noop,1042,2,
34.0,0.0,1.0,827,-54.0,california,noop,1042,3,
34.0,0.0,1.0,827,-54.0,california,noop,1042,4,
34.0,0.0,1.0,826,-54.0,california,noop,1042,5,
34.0,0.0,1.0,827,-54.0,california,noop,1042,6,
34.0,0.0,1.0,827,-54.0,california,noop,1042,7,
34.0,0.0,1.0,827,-54.0,california,noop,1042,8,
34.0,0.0,1.0,827,-54.0,california,noop,1042,9,
34.0,0.0,1.0,827,-54.0,california,noop,1042,10,
34.0,0.0,1.0,660,-54.0,california,noop,1042,11,
34.0,0.0,1.0,827,-54.0,california,noop,1042,12,
34.0,0.0,1.0,825,-54.0,california,noop,1042,13,
34.0,0.0,1.0,827,-54.0,california,noop,1042,14,
34.0,0.0,1.0,827,-54.0,california,noop,2042,0,
34.0,0.0,1.0,820,-54.0,california,noop,2042,1,
34.0,0.0,1.0,827,-54.0,california,noop,2042,2,
34.0,0.0,1.0,827,-54.0,california,noop,2042,3,
34.0,0.0,1.0,826,-54.0,california,noop,2042,4,
34.0,0.0,1.0,827,-54.0,california,noop,2042,5,
34.0,0.0,1.0,827,-54.0,california,noop,2042,6,
34.0,0.0,1.0,825,-54.0,california,noop,2042,7,
34.0,0.0,1.0,827,-54.0,california,noop,2042,8,
34.0,0.0,1.0,827,-54.0,california,noop,2042,9,
34.0,0.0,1.0,827,-54.0,california,noop,2042,10,
34.0,0.0,1.0,827,-54.0,california,noop,2042,11,
34.0,0.0,1.0,827,-54.0,california,noop,2042,12,
34.0,0.0,1.0,827,-54.0,california,noop,2042,13,
34.0,0.0,1.0,827,-54.0,california,noop,2042,14,
34.0,0.0,1.0,826,-54.0,california,noop,3042,0,
34.0,0.0,1.0,827,-54.0,california,noop,3042,1,
34.0,0.0,1.0,826,-54.0,california,noop,3042,2,
34.0,0.0,1.0,827,-54.0,california,noop,3042,3,
34.0,0.0,1.0,827,-54.0,california,noop,3042,4,
34.0,0.0,1.0,827,-54.0,california,noop,3042,5,
34.0,0.0,1.0,827,-54.0,california,noop,3042,6,
34.0,0.0,1.0,827,-54.0,california,noop,3042,7,
34.0,0.0,1.0,827,-54.0,california,noop,3042,8,
34.0,0.0,1.0,827,-54.0,california,noop,3042,9,
34.0,0.0,1.0,827,-54.0,california,noop,3042,10,
34.0,0.0,1.0,827,-54.0,california,noop,3042,11,
34.0,0.0,1.0,826,-54.0,california,noop,3042,12,
34.0,0.0,1.0,827,-54.0,california,noop,3042,13,
34.0,0.0,1.0,802,-54.0,california,noop,3042,14,
34.0,0.0,1.0,827,-54.0,california,noop,4042,0,
34.0,0.0,1.0,827,-54.0,california,noop,4042,1,
34.0,0.0,1.0,827,-54.0,california,noop,4042,2,
34.0,0.0,1.0,827,-54.0,california,noop,4042,3,
34.0,0.0,1.0,827,-54.0,california,noop,4042,4,
34.0,0.0,1.0,827,-54.0,california,noop,4042,5,
34.0,0.0,1.0,827,-54.0,california,noop,4042,6,
34.0,0.0,1.0,827,-54.0,california,noop,4042,7,
34.0,0.0,1.0,827,-54.0,california,noop,4042,8,
34.0,0.0,1.0,827,-54.0,california,noop,4042,9,
34.0,0.0,1.0,827,-54.0,california,noop,4042,10,
34.0,0.0,1.0,827,-54.0,california,noop,4042,11,
34.0,0.0,1.0,827,-54.0,california,noop,4042,12,
34.0,0.0,1.0,827,-54.0,california,noop,4042,13,
34.0,0.0,1.0,824,-54.0,california,noop,4042,14,
28.0,0.16666666666666666,0.9952038369304557,818,-44.66666666666667,california,value_first,42,0,
34.0,0.0,0.9974747474747475,800,-54.0,california,value_first,42,1,
28.0,0.16666666666666666,0.9893333333333333,809,-44.66666666666667,california,value_first,42,2,
28.0,0.16666666666666666,0.9944444444444445,809,-44.66666666666667,california,value_first,42,3,
28.0,0.16666666666666666,0.9977924944812362,740,-44.66666666666667,california,value_first,42,4,
28.0,0.16666666666666666,0.9977924944812362,790,-44.66666666666667,california,value_first,42,5,
28.0,0.16666666666666666,0.9933333333333333,782,-44.66666666666667,california,value_first,42,6,
28.0,0.16666666666666666,0.9911699779249448,790,-44.66666666666667,california,value_first,42,7,
28.0,0.16666666666666666,0.9889624724061811,797,-44.66666666666667,california,value_first,42,8,
28.0,0.16666666666666666,0.9976359338061466,791,-44.66666666666667,california,value_first,42,9,
28.0,0.16666666666666666,0.9925925925925926,809,-44.66666666666667,california,value_first,42,10,
28.0,0.16666666666666666,0.989821882951654,809,-44.66666666666667,california,value_first,42,11,
28.0,0.16666666666666666,0.9921259842519685,791,-44.66666666666667,california,value_first,42,12,
28.0,0.16666666666666666,0.9976019184652278,791,-44.66666666666667,california,value_first,42,13,
28.0,0.16666666666666666,0.9977924944812362,781,-44.66666666666667,california,value_first,42,14,
28.0,0.16666666666666666,0.994535519125683,818,-44.66666666666667,california,value_first,1042,0,
28.0,0.16666666666666666,0.9911699779249448,581,-44.66666666666667,california,value_first,1042,1,
28.0,0.16666666666666666,0.9929577464788732,809,-44.66666666666667,california,value_first,1042,2,
28.0,0.16666666666666666,0.9925373134328358,818,-44.66666666666667,california,value_first,1042,3,
34.0,0.0,0.9873737373737373,809,-54.0,california,value_first,1042,4,
28.0,0.16666666666666666,0.9977924944812362,790,-44.66666666666667,california,value_first,1042,5,
28.0,0.16666666666666666,0.9950980392156863,800,-44.66666666666667,california,value_first,1042,6,
28.0,0.16666666666666666,0.9929078014184397,800,-44.66666666666667,california,value_first,1042,7,
28.0,0.16666666666666666,0.9922480620155039,809,-44.66666666666667,california,value_first,1042,8,
28.0,0.16666666666666666,0.9976190476190476,818,-44.66666666666667,california,value_first,1042,9,
28.0,0.16666666666666666,0.9905437352245863,800,-44.66666666666667,california,value_first,1042,10,
28.0,0.16666666666666666,0.9977924944812362,600,-44.66666666666667,california,value_first,1042,11,
28.0,0.16666666666666666,0.9974747474747475,818,-44.66666666666667,california,value_first,1042,12,
28.0,0.16666666666666666,0.9977924944812362,780,-44.66666666666667,california,value_first,1042,13,
28.0,0.16666666666666666,0.9951338199513382,809,-44.66666666666667,california,value_first,1042,14,
28.0,0.16666666666666666,0.9918032786885246,818,-44.66666666666667,california,value_first,2042,0,
28.0,0.16666666666666666,0.9911699779249448,775,-44.66666666666667,california,value_first,2042,1,
28.0,0.16666666666666666,0.990990990990991,791,-44.66666666666667,california,value_first,2042,2,
28.0,0.16666666666666666,0.9929078014184397,791,-44.66666666666667,california,value_first,2042,3,
28.0,0.16666666666666666,0.9977924944812362,790,-44.66666666666667,california,value_first,2042,4,
28.0,0.16666666666666666,0.9927007299270073,809,-44.66666666666667,california,value_first,2042,5,
28.0,0.16666666666666666,0.9919354838709677,809,-44.66666666666667,california,value_first,2042,6,
28.0,0.16666666666666666,0.9977924944812362,789,-44.66666666666667,california,value_first,2042,7,
28.0,0.16666666666666666,0.9933774834437086,799,-44.66666666666667,california,value_first,2042,8,
28.0,0.16666666666666666,0.991869918699187,809,-44.66666666666667,california,value_first,2042,9,
28.0,0.16666666666666666,0.9911699779249448,790,-44.66666666666667,california,value_first,2042,10,
28.0,0.16666666666666666,0.9976359338061466,791,-44.66666666666667,california,value_first,2042,11,
34.0,0.0,0.98989898989899,800,-54.0,california,value_first,2042,12,
28.0,0.16666666666666666,0.9894179894179894,809,-44.66666666666667,california,value_first,2042,13,
28.0,0.16666666666666666,0.9894179894179894,809,-44.66666666666667,california,value_first,2042,14,
28.0,0.16666666666666666,0.9933774834437086,781,-44.66666666666667,california,value_first,3042,0,
28.0,0.16666666666666666,0.9932432432432432,782,-44.66666666666667,california,value_first,3042,1,
28.0,0.16666666666666666,0.9977924944812362,790,-44.66666666666667,california,value_first,3042,2,
28.0,0.16666666666666666,0.9928571428571429,818,-44.66666666666667,california,value_first,3042,3,
28.0,0.16666666666666666,0.9911699779249448,791,-44.66666666666667,california,value_first,3042,4,
28.0,0.16666666666666666,0.9924242424242424,809,-44.66666666666667,california,value_first,3042,5,
28.0,0.16666666666666666,0.9931506849315068,818,-44.66666666666667,california,value_first,3042,6,
34.0,0.0,0.9921875,800,-54.0,california,value_first,3042,7,
34.0,0.0,0.9946236559139785,818,-54.0,california,value_first,3042,8,
28.0,0.16666666666666666,0.993006993006993,809,-44.66666666666667,california,value_first,3042,9,
28.0,0.16666666666666666,0.9930555555555556,791,-44.66666666666667,california,value_first,3042,10,
28.0,0.16666666666666666,0.9924242424242424,791,-44.66666666666667,california,value_first,3042,11,
28.0,0.16666666666666666,0.9933774834437086,799,-44.66666666666667,california,value_first,3042,12,
28.0,0.16666666666666666,0.9925925925925926,809,-44.66666666666667,california,value_first,3042,13,
28.0,0.16666666666666666,0.9911699779249448,758,-44.66666666666667,california,value_first,3042,14,
28.0,0.16666666666666666,0.9929577464788732,818,-44.66666666666667,california,value_first,4042,0,
28.0,0.16666666666666666,0.9975124378109452,782,-44.66666666666667,california,value_first,4042,1,
28.0,0.16666666666666666,0.993103448275862,791,-44.66666666666667,california,value_first,4042,2,
28.0,0.16666666666666666,0.9907407407407407,791,-44.66666666666667,california,value_first,4042,3,
28.0,0.16666666666666666,0.9932432432432432,800,-44.66666666666667,california,value_first,4042,4,
28.0,0.16666666666666666,0.989821882951654,809,-44.66666666666667,california,value_first,4042,5,
28.0,0.16666666666666666,0.9928057553956835,818,-44.66666666666667,california,value_first,4042,6,
28.0,0.16666666666666666,0.9950248756218906,818,-44.66666666666667,california,value_first,4042,7,
28.0,0.16666666666666666,0.9889807162534435,800,-44.66666666666667,california,value_first,4042,8,
28.0,0.16666666666666666,0.9933333333333333,800,-44.66666666666667,california,value_first,4042,9,
28.0,0.16666666666666666,0.9923664122137404,809,-44.66666666666667,california,value_first,4042,10,
28.0,0.16666666666666666,0.9925373134328358,818,-44.66666666666667,california,value_first,4042,11,
28.0,0.16666666666666666,0.9924242424242424,809,-44.66666666666667,california,value_first,4042,12,
28.0,0.16666666666666666,0.9926470588235294,818,-44.66666666666667,california,value_first,4042,13,
28.0,0.16666666666666666,0.9977924944812362,788,-44.66666666666667,california,value_first,4042,14,
28.0,0.16666666666666666,0.9928057553956835,809,-44.66666666666667,california,greedy_risk,42,0,
34.0,0.0,0.9975124378109452,800,-54.0,california,greedy_risk,42,1,
28.0,0.16666666666666666,0.992,800,-44.66666666666667,california,greedy_risk,42,2,
28.0,0.16666666666666666,0.9888888888888889,800,-44.66666666666667,california,greedy_risk,42,3,
28.0,0.16666666666666666,0.9933774834437086,742,-44.66666666666667,california,greedy_risk,42,4,
28.0,0.16666666666666666,0.9911699779249448,808,-44.66666666666667,california,greedy_risk,42,5,
28.0,0.16666666666666666,0.9911111111111112,802,-44.66666666666667,california,greedy_risk,42,6,
28.0,0.16666666666666666,0.9911699779249448,799,-44.66666666666667,california,greedy_risk,42,7,
28.0,0.16666666666666666,0.9933774834437086,788,-44.66666666666667,california,greedy_risk,42,8,
28.0,0.16666666666666666,0.9952718676122931,809,-44.66666666666667,california,greedy_risk,42,9,
28.0,0.16666666666666666,0.9950617283950617,809,-44.66666666666667,california,greedy_risk,42,10,
28.0,0.16666666666666666,0.9923664122137404,800,-44.66666666666667,california,greedy_risk,42,11,
28.0,0.16666666666666666,0.9921259842519685,809,-44.66666666666667,california,greedy_risk,42,12,
28.0,0.16666666666666666,0.9928057553956835,809,-44.66666666666667,california,greedy_risk,42,13,
28.0,0.16666666666666666,0.9889624724061811,799,-44.66666666666667,california,greedy_risk,42,14,
28.0,0.16666666666666666,0.9918032786885246,818,-44.66666666666667,california,greedy_risk,1042,0,
28.0,0.16666666666666666,0.9911699779249448,599,-44.66666666666667,california,greedy_risk,1042,1,
28.0,0.16666666666666666,0.9976525821596244,791,-44.66666666666667,california,greedy_risk,1042,2,
28.0,0.16666666666666666,0.9950248756218906,809,-44.66666666666667,california,greedy_risk,1042,3,
34.0,0.0,0.9924242424242424,809,-54.0,california,greedy_risk,1042,4,
28.0,0.16666666666666666,0.9911699779249448,808,-44.66666666666667,california,greedy_risk,1042,5,
28.0,0.16666666666666666,0.9877450980392157,800,-44.66666666666667,california,greedy_risk,1042,6,
28.0,0.16666666666666666,0.9952718676122931,802,-44.66666666666667,california,greedy_risk,1042,7,
28.0,0.16666666666666666,0.9948320413436692,809,-44.66666666666667,california,greedy_risk,1042,8,
28.0,0.16666666666666666,0.9928571428571429,809,-44.66666666666667,california,greedy_risk,1042,9,
28.0,0.16666666666666666,0.9881796690307328,800,-44.66666666666667,california,greedy_risk,1042,10,
28.0,0.16666666666666666,0.9933774834437086,618,-44.66666666666667,california,greedy_risk,1042,11,
28.0,0.16666666666666666,0.9949494949494949,809,-44.66666666666667,california,greedy_risk,1042,12,
28.0,0.16666666666666666,0.9911699779249448,791,-44.66666666666667,california,greedy_risk,1042,13,
28.0,0.16666666666666666,0.9902676399026764,809,-44.66666666666667,california,greedy_risk,1042,14,
28.0,0.16666666666666666,0.994535519125683,809,-44.66666666666667,california,greedy_risk,2042,0,
28.0,0.16666666666666666,0.9977924944812362,784,-44.66666666666667,california,greedy_risk,2042,1,
28.0,0.16666666666666666,0.990990990990991,800,-44.66666666666667,california,greedy_risk,2042,2,
28.0,0.16666666666666666,0.9952718676122931,800,-44.66666666666667,california,greedy_risk,2042,3,
28.0,0.16666666666666666,0.9911699779249448,808,-44.66666666666667,california,greedy_risk,2042,4,
28.0,0.16666666666666666,0.9951338199513382,809,-44.66666666666667,california,greedy_risk,2042,5,
28.0,0.16666666666666666,0.9946236559139785,809,-44.66666666666667,california,greedy_risk,2042,6,
28.0,0.16666666666666666,0.9977924944812362,807,-44.66666666666667,california,greedy_risk,2042,7,
28.0,0.16666666666666666,0.9867549668874173,799,-44.66666666666667,california,greedy_risk,2042,8,
28.0,0.16666666666666666,0.986449864498645,809,-44.66666666666667,california,greedy_risk,2042,9,
28.0,0.16666666666666666,0.9911699779249448,799,-44.66666666666667,california,greedy_risk,2042,10,
28.0,0.16666666666666666,0.9952718676122931,809,-44.66666666666667,california,greedy_risk,2042,11,
28.0,0.16666666666666666,0.9924242424242424,809,-44.66666666666667,california,greedy_risk,2042,12,
28.0,0.16666666666666666,0.9894179894179894,800,-44.66666666666667,california,greedy_risk,2042,13,
28.0,0.16666666666666666,0.9920634920634921,809,-44.66666666666667,california,greedy_risk,2042,14,
28.0,0.16666666666666666,0.9823399558498896,792,-44.66666666666667,california,greedy_risk,3042,0,
28.0,0.16666666666666666,0.9932432432432432,802,-44.66666666666667,california,greedy_risk,3042,1,
28.0,0.16666666666666666,0.9911699779249448,808,-44.66666666666667,california,greedy_risk,3042,2,
28.0,0.16666666666666666,0.9880952380952381,809,-44.66666666666667,california,greedy_risk,3042,3,
28.0,0.16666666666666666,0.9911699779249448,809,-44.66666666666667,california,greedy_risk,3042,4,
28.0,0.16666666666666666,0.9873737373737373,809,-44.66666666666667,california,greedy_risk,3042,5,
28.0,0.16666666666666666,0.997716894977169,800,-44.66666666666667,california,greedy_risk,3042,6,
34.0,0.0,0.9869791666666666,809,-54.0,california,greedy_risk,3042,7,
34.0,0.0,0.989247311827957,818,-54.0,california,greedy_risk,3042,8,
28.0,0.16666666666666666,0.9976689976689976,791,-44.66666666666667,california,greedy_risk,3042,9,
28.0,0.16666666666666666,0.9907407407407407,809,-44.66666666666667,california,greedy_risk,3042,10,
28.0,0.16666666666666666,0.98989898989899,800,-44.66666666666667,california,greedy_risk,3042,11,
28.0,0.16666666666666666,0.9933774834437086,801,-44.66666666666667,california,greedy_risk,3042,12,
28.0,0.16666666666666666,0.9925925925925926,809,-44.66666666666667,california,greedy_risk,3042,13,
34.0,0.0,0.9911699779249448,759,-54.0,california,greedy_risk,3042,14,
28.0,0.16666666666666666,0.9929577464788732,809,-44.66666666666667,california,greedy_risk,4042,0,
28.0,0.16666666666666666,0.9875621890547264,809,-44.66666666666667,california,greedy_risk,4042,1,
28.0,0.16666666666666666,0.993103448275862,809,-44.66666666666667,california,greedy_risk,4042,2,
28.0,0.16666666666666666,0.9907407407407407,800,-44.66666666666667,california,greedy_risk,4042,3,
28.0,0.16666666666666666,0.9954954954954955,809,-44.66666666666667,california,greedy_risk,4042,4,
28.0,0.16666666666666666,0.9847328244274809,800,-44.66666666666667,california,greedy_risk,4042,5,
28.0,0.16666666666666666,0.988009592326139,809,-44.66666666666667,california,greedy_risk,4042,6,
28.0,0.16666666666666666,0.9900497512437811,809,-44.66666666666667,california,greedy_risk,4042,7,
28.0,0.16666666666666666,0.9917355371900827,818,-44.66666666666667,california,greedy_risk,4042,8,
28.0,0.16666666666666666,0.9911111111111112,809,-44.66666666666667,california,greedy_risk,4042,9,
28.0,0.16666666666666666,0.9872773536895675,809,-44.66666666666667,california,greedy_risk,4042,10,
28.0,0.16666666666666666,0.9950248756218906,809,-44.66666666666667,california,greedy_risk,4042,11,
28.0,0.16666666666666666,0.98989898989899,809,-44.66666666666667,california,greedy_risk,4042,12,
28.0,0.16666666666666666,0.9950980392156863,809,-44.66666666666667,california,greedy_risk,4042,13,
28.0,0.16666666666666666,0.9911699779249448,806,-44.66666666666667,california,greedy_risk,4042,14,
28.0,0.16666666666666666,0.41280353200883,515,-49.36666666666667,california,local_reactive,42,0,
6.0,0.8333333333333334,0.803030303030303,1,-9.533333333333331,california,local_reactive,42,1,
22.0,0.3333333333333333,0.4282560706401766,664,-39.033333333333346,california,local_reactive,42,2,
22.0,0.3333333333333333,0.4257907542579075,675,-39.13333333333334,california,local_reactive,42,3,
0.0,1.0,1.0,0,0.0,california,local_reactive,42,4,
25.0,0.3333333333333333,0.41501103752759383,497,-44.03333333333333,california,local_reactive,42,5,
0.0,1.0,0.48123620309050774,129,-4.400000000000001,california,local_reactive,42,6,
18.0,0.3333333333333333,0.4260485651214128,566,-36.233333333333334,california,local_reactive,42,7,
0.0,1.0,0.6037735849056604,8,-0.8,california,local_reactive,42,8,
24.0,0.16666666666666666,0.5205479452054794,349,-44.3666666666667,california,local_reactive,42,9,
6.0,0.8333333333333334,0.5060606060606061,58,-13.933333333333318,california,local_reactive,42,10,
16.0,0.5,0.41721854304635764,643,-30.299999999999994,california,local_reactive,42,11,
6.0,0.8333333333333334,0.7301587301587301,67,-9.93333333333333,california,local_reactive,42,12,
6.0,0.8333333333333334,0.9032258064516129,55,-9.533333333333331,california,local_reactive,42,13,
6.0,0.8333333333333334,0.8282828282828283,36,-9.633333333333331,california,local_reactive,42,14,
25.0,0.3333333333333333,0.42133333333333334,667,-42.83333333333335,california,local_reactive,1042,0,
0.0,1.0,1.0,0,0.0,california,local_reactive,1042,1,
16.0,0.6666666666666666,0.445916114790287,488,-27.166666666666654,california,local_reactive,1042,2,
0.0,1.0,0.8076923076923077,35,-0.6000000000000001,california,local_reactive,1042,3,
6.0,0.8333333333333334,0.5864197530864198,7,-11.033333333333326,california,local_reactive,1042,4,
12.0,0.6666666666666666,0.4365079365079365,209,-22.866666666666653,california,local_reactive,1042,5,
16.0,0.5,0.4304635761589404,600,-30.199999999999992,california,local_reactive,1042,6,
0.0,1.0,0.4774774774774775,186,-3.3000000000000007,california,local_reactive,1042,7,
6.0,0.8333333333333334,0.5061728395061729,67,-14.033333333333317,california,local_reactive,1042,8,
6.0,0.8333333333333334,0.7121212121212122,66,-12.033333333333323,california,local_reactive,1042,9,
0.0,1.0,0.9803921568627451,0,0.0,california,local_reactive,1042,10,
0.0,1.0,1.0,0,0.0,california,local_reactive,1042,11,
0.0,1.0,0.6729559748427673,49,-1.2999999999999998,california,local_reactive,1042,12,
0.0,1.0,0.4453551912568306,144,-4.4,california,local_reactive,1042,13,
0.0,1.0,0.8095238095238095,32,-0.29999999999999893,california,local_reactive,1042,14,
6.0,0.8333333333333334,0.6440677966101694,64,-10.63333333333333,california,local_reactive,2042,0,
0.0,1.0,0.9696969696969697,0,0.0,california,local_reactive,2042,1,
0.0,1.0,0.7428571428571429,3,-0.4,california,local_reactive,2042,2,
0.0,1.0,0.8373983739837398,3,-0.4,california,local_reactive,2042,3,
12.0,0.6666666666666666,0.4194260485651214,179,-23.86666666666665,california,local_reactive,2042,4,
6.0,0.8333333333333334,0.5212121212121212,62,-13.833333333333318,california,local_reactive,2042,5,
6.0,0.8333333333333334,0.5517241379310345,90,-11.033333333333328,california,local_reactive,2042,6,
6.0,0.8333333333333334,0.7916666666666666,33,-9.73333333333333,california,local_reactive,2042,7,
12.0,0.6666666666666666,0.5025641025641026,53,-23.066666666666652,california,local_reactive,2042,8,
25.0,0.3333333333333333,0.4091954022988506,637,-43.43333333333335,california,local_reactive,2042,9,
0.0,1.0,0.8253968253968254,0,-0.2,california,local_reactive,2042,10,
21.0,0.3333333333333333,0.5717439293598234,333,-37.73333333333335,california,local_reactive,2042,11,
34.0,0.0,0.4370860927152318,645,-58.10000000000002,california,local_reactive,2042,12,
16.0,0.5,0.4856512141280353,591,-30.199999999999985,california,local_reactive,2042,13,
22.0,0.3333333333333333,0.4045977011494253,668,-39.63333333333334,california,local_reactive,2042,14,
3.0,0.8333333333333334,0.41501103752759383,214,-11.633333333333333,california,local_reactive,3042,0,
0.0,1.0,0.6994535519125683,33,-0.8,california,local_reactive,3042,1,
6.0,0.8333333333333334,0.819047619047619,37,-9.533333333333331,california,local_reactive,3042,2,
25.0,0.3333333333333333,0.4392935982339956,643,-42.23333333333335,california,local_reactive,3042,3,
6.0,0.8333333333333334,0.47147147147147145,65,-14.533333333333314,california,local_reactive,3042,4,
25.0,0.3333333333333333,0.41721854304635764,639,-42.73333333333335,california,local_reactive,3042,5,
6.0,0.8333333333333334,0.725,68,-9.83333333333333,california,local_reactive,3042,6,
19.0,0.5,0.4746136865342163,488,-33.3,california,local_reactive,3042,7,
22.0,0.3333333333333333,0.42857142857142855,669,-39.433333333333344,california,local_reactive,3042,8,
21.0,0.3333333333333333,0.49448123620309054,524,-38.533333333333324,california,local_reactive,3042,9,
15.0,0.5,0.5143487858719646,315,-29.299999999999986,california,local_reactive,3042,10,
22.0,0.3333333333333333,0.4878587196467991,609,-38.63333333333335,california,local_reactive,3042,11,
9.0,0.6666666666666666,0.423841059602649,233,-20.066666666666656,california,local_reactive,3042,12,
22.0,0.3333333333333333,0.41721854304635764,669,-39.03333333333334,california,local_reactive,3042,13,
0.0,1.0,1.0,0,0.0,california,local_reactive,3042,14,
13.0,0.6666666666666666,0.4392935982339956,550,-23.966666666666658,california,local_reactive,4042,0,
0.0,1.0,0.8095238095238095,27,-0.4,california,local_reactive,4042,1,
6.0,0.8333333333333334,0.9333333333333333,51,-9.333333333333332,california,local_reactive,4042,2,
16.0,0.5,0.47902869757174393,565,-30.19999999999999,california,local_reactive,4042,3,
6.0,0.8333333333333334,0.7753623188405797,65,-9.633333333333331,california,local_reactive,4042,4,
0.0,1.0,0.6636363636363637,32,-3.3000000000000016,california,local_reactive,4042,5,
19.0,0.5,0.4392935982339956,542,-33.70000000000002,california,local_reactive,4042,6,
25.0,0.3333333333333333,0.44362745098039214,668,-42.43333333333335,california,local_reactive,4042,7,
6.0,0.8333333333333334,0.5216049382716049,38,-13.933333333333318,california,local_reactive,4042,8,
6.0,0.8333333333333334,0.8461538461538461,55,-9.333333333333332,california,local_reactive,4042,9,
25.0,0.3333333333333333,0.41721854304635764,611,-42.63333333333335,california,local_reactive,4042,10,
0.0,1.0,0.6666666666666666,49,-1.2999999999999998,california,local_reactive,4042,11,
0.0,1.0,0.4923547400611621,58,-4.600000000000001,california,local_reactive,4042,12,
0.0,1.0,0.735632183908046,53,-0.5,california,local_reactive,4042,13,
6.0,0.8333333333333334,0.5321100917431193,47,-12.73333333333332,california,local_reactive,4042,14,
