WEL,ISR,CE,burned,return,region,policy,seed,episode
27.0,0.2857142857142857,1.0,483,-41.285714285714285,saudi,noop,42,0
27.0,0.2857142857142857,1.0,374,-41.285714285714285,saudi,noop,42,1
27.0,0.2857142857142857,1.0,441,-41.285714285714285,saudi,noop,42,2
27.0,0.2857142857142857,1.0,454,-41.285714285714285,saudi,noop,42,3
27.0,0.2857142857142857,1.0,428,-41.285714285714285,saudi,noop,42,4
27.0,0.2857142857142857,1.0,543,-41.285714285714285,saudi,noop,42,5
27.0,0.2857142857142857,1.0,493,-41.285714285714285,saudi,noop,42,6
27.0,0.2857142857142857,1.0,421,-41.285714285714285,saudi,noop,42,7
27.0,0.2857142857142857,1.0,459,-41.285714285714285,saudi,noop,42,8
27.0,0.2857142857142857,1.0,597,-41.285714285714285,saudi,noop,42,9
27.0,0.2857142857142857,1.0,526,-41.285714285714285,saudi,noop,42,10
27.0,0.2857142857142857,1.0,487,-41.285714285714285,saudi,noop,42,11
27.0,0.2857142857142857,1.0,606,-41.285714285714285,saudi,noop,42,12
27.0,0.2857142857142857,1.0,639,-41.285714285714285,saudi,noop,42,13
27.0,0.2857142857142857,1.0,524,-41.285714285714285,saudi,noop,42,14
27.0,0.2857142857142857,1.0,524,-41.285714285714285,saudi,noop,1042,0
27.0,0.2857142857142857,1.0,440,-41.285714285714285,saudi,noop,1042,1
27.0,0.2857142857142857,1.0,465,-41.285714285714285,saudi,noop,1042,2
27.0,0.2857142857142857,1.0,526,-41.285714285714285,saudi,noop,1042,3
27.0,0.2857142857142857,1.0,408,-41.285714285714285,saudi,noop,1042,4
27.0,0.2857142857142857,1.0,528,-41.28571428571429,saudi,noop,1042,5
27.0,0.2857142857142857,1.0,447,-41.285714285714285,saudi,noop,1042,6
27.0,0.2857142857142857,1.0,544,-41.285714285714285,saudi,noop,1042,7
27.0,0.2857142857142857,1.0,537,-41.28571428571429,saudi,noop,1042,8
27.0,0.2857142857142857,1.0,534,-41.285714285714285,saudi,noop,1042,9
27.0,0.2857142857142857,1.0,415,-41.285714285714285,saudi,noop,1042,10
27.0,0.2857142857142857,1.0,444,-41.285714285714285,saudi,noop,1042,11
27.0,0.2857142857142857,1.0,518,-41.285714285714285,saudi,noop,1042,12
27.0,0.2857142857142857,1.0,518,-41.285714285714285,saudi,noop,1042,13
27.0,0.2857142857142857,1.0,583,-41.285714285714285,saudi,noop,1042,14
27.0,0.2857142857142857,1.0,512,-41.285714285714285,saudi,noop,2042,0
27.0,0.2857142857142857,1.0,436,-41.285714285714285,saudi,noop,2042,1
27.0,0.2857142857142857,1.0,488,-41.285714285714285,saudi,noop,2042,2
27.0,0.2857142857142857,1.0,501,-41.285714285714285,saudi,noop,2042,3
27.0,0.2857142857142857,1.0,615,-41.285714285714285,saudi,noop,2042,4
27.0,0.2857142857142857,1.0,493,-41.285714285714285,saudi,noop,2042,5
27.0,0.2857142857142857,1.0,520,-41.285714285714285,saudi,noop,2042,6
27.0,0.2857142857142857,1.0,555,-41.285714285714285,saudi,noop,2042,7
27.0,0.2857142857142857,1.0,407,-41.285714285714285,saudi,noop,2042,8
27.0,0.2857142857142857,1.0,516,-41.285714285714285,saudi,noop,2042,9
27.0,0.2857142857142857,1.0,383,-41.285714285714285,saudi,noop,2042,10
27.0,0.2857142857142857,1.0,598,-41.285714285714285,saudi,noop,2042,11
27.0,0.2857142857142857,1.0,608,-41.28571428571429,saudi,noop,2042,12
27.0,0.2857142857142857,1.0,468,-41.285714285714285,saudi,noop,2042,13
27.0,0.2857142857142857,1.0,447,-41.285714285714285,saudi,noop,2042,14
27.0,0.2857142857142857,1.0,480,-41.285714285714285,saudi,noop,3042,0
27.0,0.2857142857142857,1.0,466,-41.28571428571429,saudi,noop,3042,1
27.0,0.2857142857142857,1.0,571,-41.285714285714285,saudi,noop,3042,2
27.0,0.2857142857142857,1.0,448,-41.285714285714285,saudi,noop,3042,3
27.0,0.2857142857142857,1.0,556,-41.285714285714285,saudi,noop,3042,4
27.0,0.2857142857142857,1.0,466,-41.285714285714285,saudi,noop,3042,5
27.0,0.2857142857142857,1.0,551,-41.285714285714285,saudi,noop,3042,6
27.0,0.2857142857142857,1.0,389,-41.285714285714285,saudi,noop,3042,7
27.0,0.2857142857142857,1.0,523,-41.285714285714285,saudi,noop,3042,8
27.0,0.2857142857142857,1.0,496,-41.285714285714285,saudi,noop,3042,9
27.0,0.2857142857142857,1.0,580,-41.28571428571429,saudi,noop,3042,10
27.0,0.2857142857142857,1.0,440,-41.285714285714285,saudi,noop,3042,11
27.0,0.2857142857142857,1.0,519,-41.285714285714285,saudi,noop,3042,12
27.0,0.2857142857142857,1.0,494,-41.285714285714285,saudi,noop,3042,13
27.0,0.2857142857142857,1.0,436,-41.285714285714285,saudi,noop,3042,14
27.0,0.2857142857142857,1.0,447,-41.285714285714285,saudi,noop,4042,0
27.0,0.2857142857142857,1.0,492,-41.28571428571429,saudi,noop,4042,1
27.0,0.2857142857142857,1.0,565,-41.285714285714285,saudi,noop,4042,2
27.0,0.2857142857142857,1.0,391,-41.285714285714285,saudi,noop,4042,3
27.0,0.2857142857142857,1.0,612,-41.285714285714285,saudi,noop,4042,4
27.0,0.2857142857142857,1.0,423,-41.285714285714285,saudi,noop,4042,5
27.0,0.2857142857142857,1.0,451,-41.285714285714285,saudi,noop,4042,6
27.0,0.2857142857142857,1.0,497,-41.285714285714285,saudi,noop,4042,7
27.0,0.2857142857142857,1.0,483,-41.285714285714285,saudi,noop,4042,8
27.0,0.2857142857142857,1.0,564,-41.285714285714285,saudi,noop,4042,9
27.0,0.2857142857142857,1.0,504,-41.285714285714285,saudi,noop,4042,10
27.0,0.2857142857142857,1.0,514,-41.285714285714285,saudi,noop,4042,11
27.0,0.2857142857142857,1.0,541,-41.285714285714285,saudi,noop,4042,12
27.0,0.2857142857142857,1.0,543,-41.285714285714285,saudi,noop,4042,13
27.0,0.2857142857142857,1.0,599,-41.285714285714285,saudi,noop,4042,14
18.0,0.5714285714285714,0.9955849889624724,467,-26.571428571428577,saudi,value_first,42,0
27.0,0.2857142857142857,0.9977924944812362,349,-41.285714285714285,saudi,value_first,42,1
18.0,0.5714285714285714,0.9955849889624724,428,-26.571428571428577,saudi,value_first,42,2
18.0,0.5714285714285714,1.0,431,-26.571428571428577,saudi,value_first,42,3
18.0,0.5714285714285714,0.9977924944812362,412,-26.571428571428577,saudi,value_first,42,4
18.0,0.5714285714285714,0.9933774834437086,527,-26.571428571428573,saudi,value_first,42,5
18.0,0.5714285714285714,0.9977924944812362,468,-26.571428571428577,saudi,value_first,42,6
18.0,0.5714285714285714,1.0,407,-26.571428571428577,saudi,value_first,42,7
18.0,0.5714285714285714,0.9977924944812362,426,-26.571428571428577,saudi,value_first,42,8
18.0,0.5714285714285714,0.9933774834437086,581,-26.571428571428573,saudi,value_first,42,9
18.0,0.5714285714285714,0.9977924944812362,512,-26.571428571428577,saudi,value_first,42,10
18.0,0.5714285714285714,0.9955849889624724,471,-26.571428571428577,saudi,value_first,42,11
18.0,0.5714285714285714,0.9977924944812362,599,-26.571428571428577,saudi,value_first,42,12
18.0,0.5714285714285714,0.9955849889624724,623,-26.571428571428577,saudi,value_first,42,13
18.0,0.5714285714285714,0.9955849889624724,508,-26.571428571428573,saudi,value_first,42,14
18.0,0.5714285714285714,0.9955849889624724,510,-26.571428571428577,saudi,value_first,1042,0
18.0,0.5714285714285714,0.9955849889624724,424,-26.571428571428577,saudi,value_first,1042,1
18.0,0.5714285714285714,0.9977924944812362,435,-26.571428571428577,saudi,value_first,1042,2
18.0,0.5714285714285714,0.9977924944812362,510,-26.571428571428577,saudi,value_first,1042,3
27.0,0.2857142857142857,0.9977924944812362,380,-41.285714285714285,saudi,value_first,1042,4
18.0,0.5714285714285714,0.9977924944812362,503,-26.571428571428577,saudi,value_first,1042,5
18.0,0.5714285714285714,0.9955849889624724,424,-26.571428571428577,saudi,value_first,1042,6
18.0,0.5714285714285714,0.9955849889624724,528,-26.571428571428573,saudi,value_first,1042,7
18.0,0.5714285714285714,0.9955849889624724,523,-26.571428571428577,saudi,value_first,1042,8
18.0,0.5714285714285714,0.9977924944812362,509,-26.571428571428577,saudi,value_first,1042,9
18.0,0.5714285714285714,0.9955849889624724,395,-26.571428571428577,saudi,value_first,1042,10
18.0,0.5714285714285714,0.9955849889624724,428,-26.571428571428577,saudi,value_first,1042,11
18.0,0.5714285714285714,0.9977924944812362,495,-26.571428571428577,saudi,value_first,1042,12
18.0,0.5714285714285714,0.9955849889624724,502,-26.571428571428573,saudi,value_first,1042,13
18.0,0.5714285714285714,0.9955849889624724,567,-26.571428571428573,saudi,value_first,1042,14
27.0,0.2857142857142857,0.9977924944812362,486,-41.285714285714285,saudi,value_first,2042,0
27.0,0.2857142857142857,0.9977924944812362,427,-41.285714285714285,saudi,value_first,2042,1
18.0,0.5714285714285714,0.9977924944812362,451,-26.571428571428577,saudi,value_first,2042,2
18.0,0.5714285714285714,0.9977924944812362,478,-26.571428571428577,saudi,value_first,2042,3
18.0,0.5714285714285714,0.9933774834437086,599,-26.571428571428573,saudi,value_first,2042,4
18.0,0.5714285714285714,1.0,479,-26.571428571428577,saudi,value_first,2042,5
18.0,0.5714285714285714,0.9955849889624724,506,-26.571428571428577,saudi,value_first,2042,6
18.0,0.5714285714285714,0.9977924944812362,539,-26.571428571428573,saudi,value_first,2042,7
27.0,0.2857142857142857,0.9977924944812362,379,-41.285714285714285,saudi,value_first,2042,8
18.0,0.5714285714285714,0.9955849889624724,502,-26.571428571428577,saudi,value_first,2042,9
27.0,0.2857142857142857,1.0,356,-41.285714285714285,saudi,value_first,2042,10
18.0,0.5714285714285714,0.9933774834437086,582,-26.571428571428573,saudi,value_first,2042,11
18.0,0.5714285714285714,0.9933774834437086,601,-26.571428571428577,saudi,value_first,2042,12
18.0,0.5714285714285714,0.9955849889624724,445,-26.571428571428577,saudi,value_first,2042,13
18.0,0.5714285714285714,1.0,414,-26.571428571428577,saudi,value_first,2042,14
18.0,0.5714285714285714,0.9955849889624724,455,-26.571428571428573,saudi,value_first,3042,0
18.0,0.5714285714285714,0.9911699779249448,459,-26.571428571428577,saudi,value_first,3042,1
18.0,0.5714285714285714,0.9977924944812362,546,-26.571428571428573,saudi,value_first,3042,2
18.0,0.5714285714285714,0.9955849889624724,425,-26.571428571428577,saudi,value_first,3042,3
18.0,0.5714285714285714,0.9977924944812362,533,-26.571428571428577,saudi,value_first,3042,4
18.0,0.5714285714285714,0.9955849889624724,443,-26.571428571428577,saudi,value_first,3042,5
18.0,0.5714285714285714,0.9977924944812362,535,-26.571428571428577,saudi,value_first,3042,6
27.0,0.2857142857142857,0.9977924944812362,360,-41.285714285714285,saudi,value_first,3042,7
18.0,0.5714285714285714,1.0,509,-26.571428571428577,saudi,value_first,3042,8
18.0,0.5714285714285714,0.9977924944812362,473,-26.571428571428577,saudi,value_first,3042,9
18.0,0.5714285714285714,0.9911699779249448,573,-26.571428571428577,saudi,value_first,3042,10
18.0,0.5714285714285714,1.0,407,-26.571428571428577,saudi,value_first,3042,11
18.0,0.5714285714285714,0.9955849889624724,503,-26.571428571428573,saudi,value_first,3042,12
18.0,0.5714285714285714,1.0,480,-26.571428571428577,saudi,value_first,3042,13
18.0,0.5714285714285714,0.9955849889624724,420,-26.571428571428577,saudi,value_first,3042,14
18.0,0.5714285714285714,0.9955849889624724,424,-26.571428571428577,saudi,value_first,4042,0
18.0,0.5714285714285714,0.9955849889624724,476,-26.571428571428577,saudi,value_first,4042,1
18.0,0.5714285714285714,0.9977924944812362,551,-26.571428571428577,saudi,value_first,4042,2
18.0,0.5714285714285714,0.9977924944812362,357,-26.571428571428577,saudi,value_first,4042,3
18.0,0.5714285714285714,0.9955849889624724,596,-26.571428571428573,saudi,value_first,4042,4
18.0,0.5714285714285714,0.9955849889624724,402,-26.571428571428577,saudi,value_first,4042,5
18.0,0.5714285714285714,0.9955849889624724,428,-26.571428571428577,saudi,value_first,4042,6
18.0,0.5714285714285714,0.9955849889624724,482,-26.571428571428577,saudi,value_first,4042,7
18.0,0.5714285714285714,1.0,460,-26.571428571428577,saudi,value_first,4042,8
18.0,0.5714285714285714,0.9977924944812362,541,-26.571428571428577,saudi,value_first,4042,9
18.0,0.5714285714285714,1.0,490,-26.571428571428577,saudi,value_first,4042,10
18.0,0.5714285714285714,0.9977924944812362,491,-26.571428571428577,saudi,value_first,4042,11
18.0,0.5714285714285714,0.9977924944812362,518,-26.571428571428577,saudi,value_first,4042,12
18.0,0.5714285714285714,0.9977924944812362,520,-26.571428571428577,saudi,value_first,4042,13
18.0,0.5714285714285714,0.9977924944812362,583,-26.571428571428573,saudi,value_first,4042,14
27.0,0.2857142857142857,0.9933774834437086,474,-41.285714285714285,saudi,greedy_risk,42,0
27.0,0.2857142857142857,0.9867549668874173,357,-41.285714285714285,saudi,greedy_risk,42,1
18.0,0.5714285714285714,0.9889624724061811,434,-26.571428571428577,saudi,greedy_risk,42,2
27.0,0.2857142857142857,0.9889624724061811,443,-41.285714285714285,saudi,greedy_risk,42,3
27.0,0.2857142857142857,0.9889624724061811,414,-41.285714285714285,saudi,greedy_risk,42,4
27.0,0.2857142857142857,0.9933774834437086,522,-41.285714285714285,saudi,greedy_risk,42,5
27.0,0.2857142857142857,0.9911699779249448,484,-41.28571428571429,saudi,greedy_risk,42,6
27.0,0.2857142857142857,0.9867549668874173,403,-41.285714285714285,saudi,greedy_risk,42,7
27.0,0.2857142857142857,0.9823399558498896,431,-41.285714285714285,saudi,greedy_risk,42,8
27.0,0.2857142857142857,0.9911699779249448,578,-41.285714285714285,saudi,greedy_risk,42,9
18.0,0.5714285714285714,0.9933774834437086,512,-26.571428571428577,saudi,greedy_risk,42,10
27.0,0.2857142857142857,0.9933774834437086,478,-41.285714285714285,saudi,greedy_risk,42,11
27.0,0.2857142857142857,0.9911699779249448,599,-41.285714285714285,saudi,greedy_risk,42,12
27.0,0.2857142857142857,0.9911699779249448,627,-41.285714285714285,saudi,greedy_risk,42,13
27.0,0.2857142857142857,0.9933774834437086,515,-41.285714285714285,saudi,greedy_risk,42,14
27.0,0.2857142857142857,0.9911699779249448,524,-41.285714285714285,saudi,greedy_risk,1042,0
27.0,0.2857142857142857,0.9933774834437086,431,-41.285714285714285,saudi,greedy_risk,1042,1
27.0,0.2857142857142857,0.9867549668874173,441,-41.285714285714285,saudi,greedy_risk,1042,2
27.0,0.2857142857142857,0.9867549668874173,517,-41.285714285714285,saudi,greedy_risk,1042,3
27.0,0.2857142857142857,0.9911699779249448,387,-41.285714285714285,saudi,greedy_risk,1042,4
27.0,0.2857142857142857,0.9911699779249448,519,-41.28571428571429,saudi,greedy_risk,1042,5
18.0,0.5714285714285714,0.9933774834437086,431,-26.571428571428577,saudi,greedy_risk,1042,6
27.0,0.2857142857142857,0.9911699779249448,535,-41.285714285714285,saudi,greedy_risk,1042,7
18.0,0.5714285714285714,0.9955849889624724,530,-26.571428571428577,saudi,greedy_risk,1042,8
27.0,0.2857142857142857,0.9889624724061811,525,-41.285714285714285,saudi,greedy_risk,1042,9
18.0,0.5714285714285714,0.9977924944812362,396,-26.571428571428577,saudi,greedy_risk,1042,10
27.0,0.2857142857142857,0.9933774834437086,435,-41.285714285714285,saudi,greedy_risk,1042,11
27.0,0.2857142857142857,0.9933774834437086,511,-41.285714285714285,saudi,greedy_risk,1042,12
27.0,0.2857142857142857,0.9911699779249448,509,-41.285714285714285,saudi,greedy_risk,1042,13
27.0,0.2857142857142857,0.9955849889624724,563,-41.285714285714285,saudi,greedy_risk,1042,14
27.0,0.2857142857142857,0.9933774834437086,512,-41.285714285714285,saudi,greedy_risk,2042,0
27.0,0.2857142857142857,0.9867549668874173,435,-41.285714285714285,saudi,greedy_risk,2042,1
27.0,0.2857142857142857,0.9867549668874173,488,-41.285714285714285,saudi,greedy_risk,2042,2
27.0,0.2857142857142857,0.9801324503311258,485,-41.285714285714285,saudi,greedy_risk,2042,3
27.0,0.2857142857142857,0.9889624724061811,554,-41.285714285714285,saudi,greedy_risk,2042,4
27.0,0.2857142857142857,0.9889624724061811,486,-41.285714285714285,saudi,greedy_risk,2042,5
18.0,0.5714285714285714,0.9933774834437086,504,-26.571428571428577,saudi,greedy_risk,2042,6
27.0,0.2857142857142857,0.9933774834437086,532,-41.285714285714285,saudi,greedy_risk,2042,7
27.0,0.2857142857142857,0.9911699779249448,385,-41.285714285714285,saudi,greedy_risk,2042,8
27.0,0.2857142857142857,0.9911699779249448,516,-41.285714285714285,saudi,greedy_risk,2042,9
27.0,0.2857142857142857,0.9911699779249448,371,-41.285714285714285,saudi,greedy_risk,2042,10
27.0,0.2857142857142857,0.9911699779249448,578,-41.285714285714285,saudi,greedy_risk,2042,11
27.0,0.2857142857142857,0.9911699779249448,587,-41.28571428571429,saudi,greedy_risk,2042,12
18.0,0.5714285714285714,0.9911699779249448,452,-26.571428571428577,saudi,greedy_risk,2042,13
27.0,0.2857142857142857,0.9867549668874173,437,-41.285714285714285,saudi,greedy_risk,2042,14
27.0,0.2857142857142857,0.9889624724061811,471,-41.285714285714285,saudi,greedy_risk,3042,0
27.0,0.2857142857142857,0.9955849889624724,457,-41.28571428571429,saudi,greedy_risk,3042,1
27.0,0.2857142857142857,0.9889624724061811,551,-41.285714285714285,saudi,greedy_risk,3042,2
18.0,0.5714285714285714,0.9933774834437086,432,-26.571428571428577,saudi,greedy_risk,3042,3
18.0,0.5714285714285714,0.9933774834437086,549,-26.571428571428577,saudi,greedy_risk,3042,4
18.0,0.5714285714285714,0.9911699779249448,450,-26.571428571428577,saudi,greedy_risk,3042,5
18.0,0.5714285714285714,0.9889624724061811,544,-26.571428571428577,saudi,greedy_risk,3042,6
27.0,0.2857142857142857,0.9889624724061811,370,-41.285714285714285,saudi,greedy_risk,3042,7
27.0,0.2857142857142857,0.9889624724061811,516,-41.285714285714285,saudi,greedy_risk,3042,8
27.0,0.2857142857142857,0.9889624724061811,489,-41.285714285714285,saudi,greedy_risk,3042,9
27.0,0.2857142857142857,0.9911699779249448,559,-41.28571428571429,saudi,greedy_risk,3042,10
27.0,0.2857142857142857,0.9867549668874173,428,-41.285714285714285,saudi,greedy_risk,3042,11
27.0,0.2857142857142857,0.9911699779249448,510,-41.285714285714285,saudi,greedy_risk,3042,12
27.0,0.2857142857142857,0.9889624724061811,487,-41.285714285714285,saudi,greedy_risk,3042,13
27.0,0.2857142857142857,0.9911699779249448,427,-41.285714285714285,saudi,greedy_risk,3042,14
18.0,0.5714285714285714,0.9933774834437086,431,-26.571428571428577,saudi,greedy_risk,4042,0
27.0,0.2857142857142857,0.9889624724061811,492,-41.28571428571429,saudi,greedy_risk,4042,1
18.0,0.5714285714285714,0.9933774834437086,558,-26.571428571428577,saudi,greedy_risk,4042,2
27.0,0.2857142857142857,0.9889624724061811,371,-41.285714285714285,saudi,greedy_risk,4042,3
27.0,0.2857142857142857,0.9955849889624724,589,-41.285714285714285,saudi,greedy_risk,4042,4
18.0,0.5714285714285714,0.9889624724061811,416,-26.571428571428577,saudi,greedy_risk,4042,5
18.0,0.5714285714285714,0.9889624724061811,435,-26.571428571428577,saudi,greedy_risk,4042,6
27.0,0.2857142857142857,0.9911699779249448,497,-41.285714285714285,saudi,greedy_risk,4042,7
18.0,0.5714285714285714,0.9911699779249448,467,-26.571428571428577,saudi,greedy_risk,4042,8
18.0,0.5714285714285714,0.9933774834437086,557,-26.571428571428577,saudi,greedy_risk,4042,9
18.0,0.5714285714285714,0.977924944812362,497,-26.571428571428577,saudi,greedy_risk,4042,10
27.0,0.2857142857142857,0.9889624724061811,507,-41.285714285714285,saudi,greedy_risk,4042,11
18.0,0.5714285714285714,0.9933774834437086,534,-26.571428571428577,saudi,greedy_risk,4042,12
27.0,0.2857142857142857,0.9955849889624724,543,-41.285714285714285,saudi,greedy_risk,4042,13
27.0,0.2857142857142857,0.9933774834437086,578,-41.285714285714285,saudi,greedy_risk,4042,14
23.0,0.42857142857142855,0.4188034188034188,116,-37.02857142857143,saudi,local_reactive,42,0
9.0,0.7142857142857143,0.4345991561181435,47,-16.614285714285707,saudi,local_reactive,42,1
17.0,0.5714285714285714,0.42424242424242425,149,-27.871428571428567,saudi,local_reactive,42,2
13.0,0.7142857142857143,0.656084656084656,84,-19.81428571428571,saudi,local_reactive,42,3
9.0,0.7142857142857143,0.39849624060150374,79,-17.614285714285707,saudi,local_reactive,42,4
0.0,1.0,1.0,0,0.0,saudi,local_reactive,42,5
0.0,1.0,1.0,0,0.0,saudi,local_reactive,42,6
19.0,0.5714285714285714,0.5897435897435898,72,-29.371428571428567,saudi,local_reactive,42,7
19.0,0.5714285714285714,0.5113636363636364,87,-30.971428571428568,saudi,local_reactive,42,8
0.0,1.0,1.0,0,0.0,saudi,local_reactive,42,9
17.0,0.5714285714285714,0.42857142857142855,190,-28.67142857142856,saudi,local_reactive,42,10
23.0,0.42857142857142855,0.4188034188034188,116,-37.02857142857143,saudi,local_reactive,42,11
20.0,0.5714285714285714,0.5233644859813084,139,-31.671428571428578,saudi,local_reactive,42,12
0.0,1.0,1.0,0,0.0,saudi,local_reactive,42,13
0.0,1.0,1.0,0,0.0,saudi,local_reactive,42,14
17.0,0.5714285714285714,0.37777777777777777,226,-29.77142857142856,saudi,local_reactive,1042,0
4.0,0.8571428571428571,0.5458333333333333,75,-8.457142857142852,saudi,local_reactive,1042,1
19.0,0.5714285714285714,0.5077519379844961,87,-30.971428571428568,saudi,local_reactive,1042,2
23.0,0.42857142857142855,0.41304347826086957,172,-38.628571428571476,saudi,local_reactive,1042,3
9.0,0.7142857142857143,0.4603174603174603,57,-17.414285714285704,saudi,local_reactive,1042,4
14.0,0.7142857142857143,0.39172749391727496,111,-24.8142857142857,saudi,local_reactive,1042,5
16.0,0.7142857142857143,0.47246376811594204,79,-23.51428571428571,saudi,local_reactive,1042,6
0.0,1.0,1.0,0,0.0,saudi,local_reactive,1042,7
23.0,0.42857142857142855,0.4567901234567901,136,-36.42857142857144,saudi,local_reactive,1042,8
14.0,0.7142857142857143,0.4345991561181435,111,-22.214285714285708,saudi,local_reactive,1042,9
13.0,0.7142857142857143,0.5089605734767025,59,-20.61428571428571,saudi,local_reactive,1042,10
4.0,0.8571428571428571,0.5324675324675324,77,-8.457142857142859,saudi,local_reactive,1042,11
23.0,0.42857142857142855,0.4523809523809524,199,-37.52857142857147,saudi,local_reactive,1042,12
0.0,1.0,1.0,0,0.0,saudi,local_reactive,1042,13
0.0,1.0,1.0,0,0.0,saudi,local_reactive,1042,14
19.0,0.5714285714285714,0.3825503355704698,99,-32.67142857142857,saudi,local_reactive,2042,0
9.0,0.7142857142857143,0.48095238095238096,56,-17.314285714285706,saudi,local_reactive,2042,1
19.0,0.5714285714285714,0.3841059602649007,110,-30.571428571428562,saudi,local_reactive,2042,2
19.0,0.5714285714285714,0.5748792270531401,96,-29.871428571428574,saudi,local_reactive,2042,3
0.0,1.0,0.9444444444444444,0,0.0,saudi,local_reactive,2042,4
14.0,0.7142857142857143,0.40591397849462363,201,-24.0142857142857,saudi,local_reactive,2042,5
14.0,0.7142857142857143,0.43137254901960786,219,-22.614285714285703,saudi,local_reactive,2042,6
0.0,1.0,1.0,0,0.0,saudi,local_reactive,2042,7
9.0,0.7142857142857143,0.44,59,-17.814285714285706,saudi,local_reactive,2042,8
14.0,0.7142857142857143,0.3968253968253968,239,-22.914285714285707,saudi,local_reactive,2042,9
9.0,0.7142857142857143,0.39880952380952384,66,-17.214285714285708,saudi,local_reactive,2042,10
0.0,1.0,1.0,0,0.0,saudi,local_reactive,2042,11
4.0,0.8571428571428571,0.7037037037037037,113,-8.457142857142854,saudi,local_reactive,2042,12
20.0,0.5714285714285714,0.39166666666666666,168,-33.27142857142858,saudi,local_reactive,2042,13
13.0,0.7142857142857143,0.639344262295082,75,-19.81428571428571,saudi,local_reactive,2042,14
14.0,0.7142857142857143,0.4292237442922374,109,-21.91428571428571,saudi,local_reactive,3042,0
0.0,1.0,0.6073059360730594,52,-1.4999999999999987,saudi,local_reactive,3042,1
0.0,1.0,1.0,0,0.0,saudi,local_reactive,3042,2
16.0,0.7142857142857143,0.48427672955974843,75,-24.114285714285707,saudi,local_reactive,3042,3
14.0,0.7142857142857143,0.592156862745098,105,-22.514285714285716,saudi,local_reactive,3042,4
20.0,0.5714285714285714,0.3926553672316384,166,-33.27142857142858,saudi,local_reactive,3042,5
14.0,0.7142857142857143,0.5607843137254902,95,-21.51428571428572,saudi,local_reactive,3042,6
9.0,0.7142857142857143,0.5192307692307693,46,-16.51428571428571,saudi,local_reactive,3042,7
17.0,0.5714285714285714,0.39770114942528734,211,-31.471428571428554,saudi,local_reactive,3042,8
23.0,0.42857142857142855,0.44074074074074077,195,-37.928571428571466,saudi,local_reactive,3042,9
4.0,0.8571428571428571,0.78125,83,-8.057142857142857,saudi,local_reactive,3042,10
19.0,0.5714285714285714,0.6025641025641025,76,-29.571428571428566,saudi,local_reactive,3042,11
0.0,1.0,1.0,0,0.0,saudi,local_reactive,3042,12
14.0,0.7142857142857143,0.4356060606060606,206,-22.814285714285703,saudi,local_reactive,3042,13
4.0,0.8571428571428571,0.3824561403508772,136,-10.057142857142853,saudi,local_reactive,3042,14
16.0,0.7142857142857143,0.47126436781609193,79,-23.714285714285708,saudi,local_reactive,4042,0
0.0,1.0,0.5657894736842105,63,-1.6999999999999968,saudi,local_reactive,4042,1
23.0,0.42857142857142855,0.45689655172413796,149,-36.928571428571445,saudi,local_reactive,4042,2
19.0,0.5714285714285714,0.39775910364145656,83,-29.971428571428564,saudi,local_reactive,4042,3
0.0,1.0,1.0,0,0.0,saudi,local_reactive,4042,4
13.0,0.7142857142857143,0.5487179487179488,69,-20.01428571428571,saudi,local_reactive,4042,5
16.0,0.7142857142857143,0.5261044176706827,80,-23.31428571428571,saudi,local_reactive,4042,6
17.0,0.5714285714285714,0.4009009009009009,197,-28.57142857142856,saudi,local_reactive,4042,7
10.0,0.8571428571428571,0.6772486772486772,93,-13.757142857142853,saudi,local_reactive,4042,8
23.0,0.42857142857142855,0.45689655172413796,145,-36.928571428571445,saudi,local_reactive,4042,9
14.0,0.7142857142857143,0.437984496124031,209,-22.814285714285703,saudi,local_reactive,4042,10
23.0,0.42857142857142855,0.4583333333333333,200,-37.12857142857146,saudi,local_reactive,4042,11
17.0,0.5714285714285714,0.4175824175824176,241,-28.87142857142856,saudi,local_reactive,4042,12
23.0,0.42857142857142855,0.41025641025641024,234,-39.12857142857149,saudi,local_reactive,4042,13
0.0,1.0,1.0,0,0.0,saudi,local_reactive,4042,14
4.0,0.8571428571428571,0.6821192052980133,422,-7.257142857142858,saudi,mappo,42,0
17.0,0.42857142857142855,0.8145695364238411,358,-28.42857142857143,saudi,mappo,42,1
14.0,0.7142857142857143,1.0,395,-19.714285714285715,saudi,mappo,42,2
4.0,0.8571428571428571,0.9315673289183223,409,-6.957142857142857,saudi,mappo,42,3
18.0,0.5714285714285714,1.0,416,-26.571428571428577,saudi,mappo,42,4
8.0,0.7142857142857143,0.7902869757174393,473,-13.714285714285714,saudi,mappo,42,5
8.0,0.7142857142857143,0.4105960264900662,425,-14.414285714285715,saudi,mappo,42,6
4.0,0.8571428571428571,0.695364238410596,389,-6.957142857142857,saudi,mappo,42,7
8.0,0.7142857142857143,0.6975717439293598,420,-13.714285714285714,saudi,mappo,42,8
8.0,0.7142857142857143,1.0,529,-13.714285714285714,saudi,mappo,42,9
8.0,0.7142857142857143,0.8300220750551877,479,-13.714285714285714,saudi,mappo,42,10
4.0,0.8571428571428571,0.6821192052980133,426,-7.257142857142858,saudi,mappo,42,11
8.0,0.7142857142857143,1.0,562,-13.714285714285714,saudi,mappo,42,12
8.0,0.7142857142857143,0.7991169977924945,572,-13.714285714285714,saudi,mappo,42,13
8.0,0.7142857142857143,0.5783664459161147,465,-14.114285714285714,saudi,mappo,42,14
8.0,0.7142857142857143,0.7108167770419426,477,-13.714285714285714,saudi,mappo,1042,0
8.0,0.7142857142857143,0.423841059602649,392,-13.914285714285715,saudi,mappo,1042,1
8.0,0.7142857142857143,0.6975717439293598,426,-13.714285714285714,saudi,mappo,1042,2
8.0,0.7142857142857143,0.6975717439293598,487,-13.714285714285714,saudi,mappo,1042,3
17.0,0.42857142857142855,0.49448123620309054,392,-28.42857142857143,saudi,mappo,1042,4
8.0,0.7142857142857143,0.5298013245033113,466,-13.714285714285714,saudi,mappo,1042,5
8.0,0.7142857142857143,0.8233995584988962,416,-13.814285714285713,saudi,mappo,1042,6
8.0,0.7142857142857143,0.434878587196468,480,-13.814285714285713,saudi,mappo,1042,7
8.0,0.7142857142857143,1.0,493,-13.714285714285714,saudi,mappo,1042,8
8.0,0.7142857142857143,0.9116997792494481,478,-14.314285714285713,saudi,mappo,1042,9
8.0,0.7142857142857143,0.4105960264900662,379,-13.814285714285713,saudi,mappo,1042,10
8.0,0.7142857142857143,0.4260485651214128,396,-13.914285714285715,saudi,mappo,1042,11
8.0,0.7142857142857143,0.7505518763796909,485,-13.714285714285714,saudi,mappo,1042,12
8.0,0.7142857142857143,0.5783664459161147,459,-14.114285714285714,saudi,mappo,1042,13
8.0,0.7142857142857143,0.7748344370860927,513,-13.714285714285714,saudi,mappo,1042,14
8.0,0.7142857142857143,0.6975717439293598,473,-13.714285714285714,saudi,mappo,2042,0
18.0,0.5714285714285714,0.6887417218543046,426,-26.67142857142857,saudi,mappo,2042,1
8.0,0.7142857142857143,0.6975717439293598,449,-13.714285714285714,saudi,mappo,2042,2
4.0,0.8571428571428571,0.9249448123620309,469,-6.957142857142857,saudi,mappo,2042,3
8.0,0.7142857142857143,0.6423841059602649,538,-13.714285714285714,saudi,mappo,2042,4
8.0,0.7142857142857143,0.7328918322295805,457,-13.714285714285714,saudi,mappo,2042,5
8.0,0.7142857142857143,0.7019867549668874,482,-13.714285714285714,saudi,mappo,2042,6
8.0,0.7142857142857143,0.7086092715231788,480,-13.914285714285715,saudi,mappo,2042,7
17.0,0.42857142857142855,0.49448123620309054,391,-28.42857142857143,saudi,mappo,2042,8
8.0,0.7142857142857143,1.0,469,-13.714285714285714,saudi,mappo,2042,9
4.0,0.8571428571428571,0.6975717439293598,346,-6.857142857142858,saudi,mappo,2042,10
8.0,0.7142857142857143,1.0,530,-13.714285714285714,saudi,mappo,2042,11
8.0,0.7142857142857143,0.9315673289183223,548,-13.714285714285714,saudi,mappo,2042,12
8.0,0.7142857142857143,0.7019867549668874,430,-13.714285714285714,saudi,mappo,2042,13
21.0,0.42857142857142855,0.6997792494481236,423,-32.42857142857143,saudi,mappo,2042,14
8.0,0.7142857142857143,0.7086092715231788,403,-13.914285714285715,saudi,mappo,3042,0
4.0,0.8571428571428571,0.9933774834437086,382,-6.857142857142858,saudi,mappo,3042,1
8.0,0.7142857142857143,0.7218543046357616,498,-14.014285714285712,saudi,mappo,3042,2
8.0,0.7142857142857143,0.8675496688741722,417,-13.814285714285713,saudi,mappo,3042,3
8.0,0.7142857142857143,0.717439293598234,507,-13.714285714285714,saudi,mappo,3042,4
8.0,0.7142857142857143,0.7019867549668874,428,-13.714285714285714,saudi,mappo,3042,5
8.0,0.7142857142857143,0.7019867549668874,518,-13.714285714285714,saudi,mappo,3042,6
14.0,0.5714285714285714,1.0,369,-22.571428571428573,saudi,mappo,3042,7
8.0,0.7142857142857143,0.7284768211920529,487,-13.714285714285714,saudi,mappo,3042,8
8.0,0.7142857142857143,1.0,460,-13.714285714285714,saudi,mappo,3042,9
8.0,0.7142857142857143,0.9227373068432672,520,-13.714285714285714,saudi,mappo,3042,10
11.0,0.5714285714285714,0.7019867549668874,406,-19.67142857142857,saudi,mappo,3042,11
8.0,0.7142857142857143,0.434878587196468,454,-13.814285714285713,saudi,mappo,3042,12
8.0,0.7142857142857143,0.7328918322295805,458,-13.714285714285714,saudi,mappo,3042,13
4.0,0.8571428571428571,0.9845474613686535,290,-6.857142857142858,saudi,mappo,3042,14
8.0,0.7142857142857143,0.8233995584988962,416,-13.814285714285713,saudi,mappo,4042,0
4.0,0.8571428571428571,0.8763796909492274,422,-7.557142857142858,saudi,mappo,4042,1
8.0,0.7142857142857143,0.4481236203090508,516,-13.714285714285714,saudi,mappo,4042,2
8.0,0.7142857142857143,0.41721854304635764,364,-13.714285714285714,saudi,mappo,4042,3
8.0,0.7142857142857143,0.9072847682119205,549,-13.914285714285715,saudi,mappo,4042,4
18.0,0.5714285714285714,0.6865342163355408,391,-26.67142857142857,saudi,mappo,4042,5
8.0,0.7142857142857143,0.7019867549668874,413,-13.714285714285714,saudi,mappo,4042,6
8.0,0.7142857142857143,1.0,450,-13.714285714285714,saudi,mappo,4042,7
8.0,0.7142857142857143,0.7748344370860927,447,-13.814285714285713,saudi,mappo,4042,8
8.0,0.7142857142857143,0.4481236203090508,515,-13.714285714285714,saudi,mappo,4042,9
8.0,0.7142857142857143,0.7328918322295805,468,-13.714285714285714,saudi,mappo,4042,10
8.0,0.7142857142857143,0.7218543046357616,481,-13.714285714285714,saudi,mappo,4042,11
8.0,0.7142857142857143,0.7328918322295805,505,-13.714285714285714,saudi,mappo,4042,12
8.0,0.7142857142857143,0.7218543046357616,512,-13.714285714285714,saudi,mappo,4042,13
8.0,0.7142857142857143,0.7130242825607064,546,-13.814285714285713,saudi,mappo,4042,14
27.0,0.2857142857142857,0.9492273730684326,483,-41.285714285714285,saudi,qmix,42,0
27.0,0.2857142857142857,0.9116997792494481,374,-41.285714285714285,saudi,qmix,42,1
27.0,0.2857142857142857,0.9646799116997793,441,-41.285714285714285,saudi,qmix,42,2
27.0,0.2857142857142857,0.9470198675496688,422,-41.285714285714285,saudi,qmix,42,3
27.0,0.2857142857142857,0.9426048565121413,428,-41.285714285714285,saudi,qmix,42,4
27.0,0.2857142857142857,0.7549668874172185,532,-41.285714285714285,saudi,qmix,42,5
27.0,0.2857142857142857,0.9602649006622517,465,-41.285714285714285,saudi,qmix,42,6
27.0,0.2857142857142857,0.9337748344370861,421,-41.285714285714285,saudi,qmix,42,7
27.0,0.2857142857142857,0.9359823399558499,459,-41.285714285714285,saudi,qmix,42,8
27.0,0.2857142857142857,0.5253863134657837,586,-41.285714285714285,saudi,qmix,42,9
27.0,0.2857142857142857,0.9426048565121413,526,-41.285714285714285,saudi,qmix,42,10
27.0,0.2857142857142857,0.9470198675496688,487,-41.285714285714285,saudi,qmix,42,11
27.0,0.2857142857142857,0.9602649006622517,606,-41.285714285714285,saudi,qmix,42,12
27.0,0.2857142857142857,0.8896247240618101,639,-41.285714285714285,saudi,qmix,42,13
27.0,0.2857142857142857,0.9271523178807947,513,-41.285714285714285,saudi,qmix,42,14
27.0,0.2857142857142857,0.9668874172185431,524,-41.285714285714285,saudi,qmix,1042,0
27.0,0.2857142857142857,0.9889624724061811,421,-41.285714285714285,saudi,qmix,1042,1
27.0,0.2857142857142857,0.9646799116997793,465,-41.285714285714285,saudi,qmix,1042,2
27.0,0.2857142857142857,0.9713024282560706,526,-41.285714285714285,saudi,qmix,1042,3
27.0,0.2857142857142857,0.9558498896247241,408,-41.285714285714285,saudi,qmix,1042,4
27.0,0.2857142857142857,0.9050772626931567,528,-41.28571428571429,saudi,qmix,1042,5
27.0,0.2857142857142857,0.9514348785871964,447,-41.285714285714285,saudi,qmix,1042,6
27.0,0.2857142857142857,0.8211920529801324,532,-41.285714285714285,saudi,qmix,1042,7
27.0,0.2857142857142857,0.9161147902869757,537,-41.28571428571429,saudi,qmix,1042,8
27.0,0.2857142857142857,0.9359823399558499,534,-41.285714285714285,saudi,qmix,1042,9
27.0,0.2857142857142857,0.9227373068432672,415,-41.285714285714285,saudi,qmix,1042,10
27.0,0.2857142857142857,0.9889624724061811,425,-41.285714285714285,saudi,qmix,1042,11
27.0,0.2857142857142857,0.9602649006622517,518,-41.285714285714285,saudi,qmix,1042,12
27.0,0.2857142857142857,0.9249448123620309,508,-41.285714285714285,saudi,qmix,1042,13
27.0,0.2857142857142857,0.7858719646799117,571,-41.285714285714285,saudi,qmix,1042,14
27.0,0.2857142857142857,0.9668874172185431,512,-41.285714285714285,saudi,qmix,2042,0
27.0,0.2857142857142857,0.9646799116997793,436,-41.285714285714285,saudi,qmix,2042,1
27.0,0.2857142857142857,0.9602649006622517,488,-41.285714285714285,saudi,qmix,2042,2
27.0,0.2857142857142857,0.977924944812362,501,-41.285714285714285,saudi,qmix,2042,3
27.0,0.2857142857142857,0.8587196467991169,581,-41.285714285714285,saudi,qmix,2042,4
27.0,0.2857142857142857,0.9580573951434879,493,-41.285714285714285,saudi,qmix,2042,5
27.0,0.2857142857142857,0.9646799116997793,520,-41.285714285714285,saudi,qmix,2042,6
27.0,0.2857142857142857,0.9492273730684326,555,-41.285714285714285,saudi,qmix,2042,7
27.0,0.2857142857142857,0.9558498896247241,407,-41.285714285714285,saudi,qmix,2042,8
27.0,0.2857142857142857,0.9580573951434879,516,-41.285714285714285,saudi,qmix,2042,9
27.0,0.2857142857142857,0.9139072847682119,383,-41.285714285714285,saudi,qmix,2042,10
27.0,0.2857142857142857,0.6004415011037527,587,-41.285714285714285,saudi,qmix,2042,11
27.0,0.2857142857142857,0.8675496688741722,608,-41.28571428571429,saudi,qmix,2042,12
27.0,0.2857142857142857,0.8984547461368654,468,-41.285714285714285,saudi,qmix,2042,13
27.0,0.2857142857142857,0.9536423841059603,447,-41.285714285714285,saudi,qmix,2042,14
27.0,0.2857142857142857,0.7814569536423841,468,-41.385714285714286,saudi,qmix,3042,0
27.0,0.2857142857142857,1.0,447,-41.28571428571429,saudi,qmix,3042,1
27.0,0.2857142857142857,0.9337748344370861,571,-41.285714285714285,saudi,qmix,3042,2
27.0,0.2857142857142857,0.9514348785871964,448,-41.285714285714285,saudi,qmix,3042,3
27.0,0.2857142857142857,0.9359823399558499,556,-41.285714285714285,saudi,qmix,3042,4
27.0,0.2857142857142857,0.9514348785871964,466,-41.285714285714285,saudi,qmix,3042,5
27.0,0.2857142857142857,0.8366445916114791,551,-41.285714285714285,saudi,qmix,3042,6
27.0,0.2857142857142857,0.9271523178807947,389,-41.285714285714285,saudi,qmix,3042,7
27.0,0.2857142857142857,0.9580573951434879,523,-41.285714285714285,saudi,qmix,3042,8
27.0,0.2857142857142857,0.9624724061810155,496,-41.285714285714285,saudi,qmix,3042,9
27.0,0.2857142857142857,0.9139072847682119,580,-41.28571428571429,saudi,qmix,3042,10
27.0,0.2857142857142857,0.9646799116997793,440,-41.285714285714285,saudi,qmix,3042,11
27.0,0.2857142857142857,0.8057395143487859,507,-41.285714285714285,saudi,qmix,3042,12
27.0,0.2857142857142857,0.9470198675496688,494,-41.285714285714285,saudi,qmix,3042,13
27.0,0.2857142857142857,0.7549668874172185,419,-41.285714285714285,saudi,qmix,3042,14
27.0,0.2857142857142857,0.9514348785871964,447,-41.285714285714285,saudi,qmix,4042,0
27.0,0.2857142857142857,0.9558498896247241,468,-41.28571428571429,saudi,qmix,4042,1
27.0,0.2857142857142857,0.9448123620309051,565,-41.285714285714285,saudi,qmix,4042,2
27.0,0.2857142857142857,0.9580573951434879,391,-41.285714285714285,saudi,qmix,4042,3
27.0,0.2857142857142857,0.9072847682119205,612,-41.285714285714285,saudi,qmix,4042,4
27.0,0.2857142857142857,0.9249448123620309,423,-41.285714285714285,saudi,qmix,4042,5
27.0,0.2857142857142857,0.9514348785871964,451,-41.285714285714285,saudi,qmix,4042,6
27.0,0.2857142857142857,0.9514348785871964,497,-41.285714285714285,saudi,qmix,4042,7
27.0,0.2857142857142857,0.9514348785871964,483,-41.285714285714285,saudi,qmix,4042,8
27.0,0.2857142857142857,0.9403973509933775,564,-41.285714285714285,saudi,qmix,4042,9
27.0,0.2857142857142857,0.8874172185430463,504,-41.285714285714285,saudi,qmix,4042,10
27.0,0.2857142857142857,0.9713024282560706,514,-41.285714285714285,saudi,qmix,4042,11
27.0,0.2857142857142857,0.9668874172185431,541,-41.285714285714285,saudi,qmix,4042,12
27.0,0.2857142857142857,0.9713024282560706,543,-41.285714285714285,saudi,qmix,4042,13
27.0,0.2857142857142857,0.9337748344370861,599,-41.285714285714285,saudi,qmix,4042,14
14.0,0.7142857142857143,0.847682119205298,267,-19.714285714285715,saudi,commnet,42,0
27.0,0.2857142857142857,0.7218543046357616,263,-41.285714285714285,saudi,commnet,42,1
18.0,0.5714285714285714,0.543046357615894,271,-26.571428571428577,saudi,commnet,42,2
14.0,0.7142857142857143,1.0,318,-19.714285714285715,saudi,commnet,42,3
13.0,0.7142857142857143,1.0,273,-18.714285714285715,saudi,commnet,42,4
8.0,0.7142857142857143,0.9646799116997793,390,-13.714285714285714,saudi,commnet,42,5
0.0,1.0,1.0,0,0.0,saudi,commnet,42,6
13.0,0.7142857142857143,1.0,238,-18.714285714285715,saudi,commnet,42,7
13.0,0.7142857142857143,0.7593818984547461,261,-18.714285714285715,saudi,commnet,42,8
8.0,0.7142857142857143,0.8741721854304636,524,-13.714285714285714,saudi,commnet,42,9
8.0,0.7142857142857143,1.0,402,-13.714285714285714,saudi,commnet,42,10
4.0,0.8571428571428571,0.7748344370860927,265,-7.1571428571428575,saudi,commnet,42,11
17.0,0.5714285714285714,1.0,491,-25.571428571428577,saudi,commnet,42,12
8.0,0.7142857142857143,1.0,520,-13.714285714285714,saudi,commnet,42,13
8.0,0.7142857142857143,1.0,422,-13.714285714285714,saudi,commnet,42,14
21.0,0.42857142857142855,1.0,368,-32.42857142857143,saudi,commnet,1042,0
14.0,0.7142857142857143,1.0,269,-19.714285714285715,saudi,commnet,1042,1
13.0,0.7142857142857143,0.9845474613686535,295,-18.714285714285715,saudi,commnet,1042,2
21.0,0.42857142857142855,0.7615894039735099,395,-32.42857142857143,saudi,commnet,1042,3
17.0,0.42857142857142855,1.0,311,-28.42857142857143,saudi,commnet,1042,4
8.0,0.7142857142857143,1.0,355,-13.714285714285714,saudi,commnet,1042,5
21.0,0.42857142857142855,1.0,301,-32.42857142857143,saudi,commnet,1042,6
0.0,1.0,1.0,0,0.0,saudi,commnet,1042,7
18.0,0.5714285714285714,1.0,405,-26.571428571428577,saudi,commnet,1042,8
8.0,0.7142857142857143,1.0,373,-13.714285714285714,saudi,commnet,1042,9
17.0,0.5714285714285714,1.0,293,-25.571428571428577,saudi,commnet,1042,10
8.0,0.7142857142857143,0.9933774834437086,270,-13.714285714285714,saudi,commnet,1042,11
17.0,0.5714285714285714,1.0,405,-25.571428571428577,saudi,commnet,1042,12
8.0,0.7142857142857143,1.0,408,-13.714285714285714,saudi,commnet,1042,13
8.0,0.7142857142857143,0.9845474613686535,461,-13.814285714285713,saudi,commnet,1042,14
18.0,0.5714285714285714,0.7240618101545254,375,-26.571428571428577,saudi,commnet,2042,0
0.0,1.0,0.9621212121212122,63,0.0,saudi,commnet,2042,1
11.0,0.5714285714285714,1.0,364,-19.571428571428573,saudi,commnet,2042,2
17.0,0.5714285714285714,0.7770419426048565,321,-25.671428571428578,saudi,commnet,2042,3
8.0,0.7142857142857143,0.7748344370860927,542,-13.714285714285714,saudi,commnet,2042,4
4.0,0.8571428571428571,0.7902869757174393,147,-7.057142857142858,saudi,commnet,2042,5
21.0,0.42857142857142855,0.8852097130242825,380,-32.42857142857143,saudi,commnet,2042,6
8.0,0.7142857142857143,1.0,472,-13.714285714285714,saudi,commnet,2042,7
17.0,0.42857142857142855,1.0,310,-28.42857142857143,saudi,commnet,2042,8
21.0,0.42857142857142855,1.0,360,-32.42857142857143,saudi,commnet,2042,9
14.0,0.7142857142857143,0.8233995584988962,260,-19.714285714285715,saudi,commnet,2042,10
8.0,0.7142857142857143,0.7836644591611479,525,-13.714285714285714,saudi,commnet,2042,11
18.0,0.5714285714285714,1.0,518,-26.571428571428577,saudi,commnet,2042,12
4.0,0.8571428571428571,1.0,289,-6.857142857142858,saudi,commnet,2042,13
13.0,0.7142857142857143,0.7483443708609272,262,-18.714285714285715,saudi,commnet,2042,14
0.0,1.0,1.0,0,0.0,saudi,commnet,3042,0
17.0,0.42857142857142855,1.0,294,-28.42857142857143,saudi,commnet,3042,1
8.0,0.7142857142857143,1.0,489,-13.714285714285714,saudi,commnet,3042,2
21.0,0.42857142857142855,1.0,294,-32.42857142857143,saudi,commnet,3042,3
17.0,0.5714285714285714,1.0,411,-25.571428571428577,saudi,commnet,3042,4
4.0,0.8571428571428571,1.0,288,-6.857142857142858,saudi,commnet,3042,5
4.0,0.8571428571428571,0.7240618101545254,393,-6.857142857142858,saudi,commnet,3042,6
17.0,0.42857142857142855,1.0,302,-28.42857142857143,saudi,commnet,3042,7
14.0,0.7142857142857143,0.7637969094922737,352,-19.714285714285715,saudi,commnet,3042,8
14.0,0.7142857142857143,0.7417218543046358,335,-19.714285714285715,saudi,commnet,3042,9
18.0,0.5714285714285714,1.0,460,-26.571428571428577,saudi,commnet,3042,10
17.0,0.5714285714285714,0.8874172185430463,247,-25.571428571428577,saudi,commnet,3042,11
0.0,1.0,1.0,0,0.0,saudi,commnet,3042,12
4.0,0.8571428571428571,0.7902869757174393,151,-7.057142857142858,saudi,commnet,3042,13
18.0,0.5714285714285714,0.8322295805739515,295,-26.571428571428577,saudi,commnet,3042,14
21.0,0.42857142857142855,1.0,293,-32.42857142857143,saudi,commnet,4042,0
17.0,0.42857142857142855,1.0,308,-28.42857142857143,saudi,commnet,4042,1
17.0,0.5714285714285714,1.0,427,-25.571428571428577,saudi,commnet,4042,2
14.0,0.7142857142857143,1.0,269,-19.714285714285715,saudi,commnet,4042,3
8.0,0.7142857142857143,1.0,487,-13.714285714285714,saudi,commnet,4042,4
21.0,0.42857142857142855,1.0,263,-32.42857142857143,saudi,commnet,4042,5
21.0,0.42857142857142855,1.0,304,-32.42857142857143,saudi,commnet,4042,6
21.0,0.42857142857142855,0.7991169977924945,353,-32.42857142857143,saudi,commnet,4042,7
14.0,0.7142857142857143,1.0,265,-19.714285714285715,saudi,commnet,4042,8
17.0,0.5714285714285714,1.0,425,-25.571428571428577,saudi,commnet,4042,9
4.0,0.8571428571428571,0.9823399558498896,178,-6.857142857142858,saudi,commnet,4042,10
17.0,0.5714285714285714,1.0,399,-25.571428571428577,saudi,commnet,4042,11
14.0,0.7142857142857143,0.8609271523178808,412,-20.01428571428572,saudi,commnet,4042,12
14.0,0.7142857142857143,0.7439293598233996,397,-20.014285714285712,saudi,commnet,4042,13
8.0,0.7142857142857143,1.0,478,-13.714285714285714,saudi,commnet,4042,14
0.0,1.0,0.982078853046595,120,-0.1,saudi,hiercomm,42,0
9.0,0.7142857142857143,1.0,55,-14.714285714285714,saudi,hiercomm,42,1
4.0,0.8571428571428571,0.9858757062146892,221,-6.957142857142857,saudi,hiercomm,42,2
0.0,1.0,0.977924944812362,169,0.0,saudi,hiercomm,42,3
0.0,1.0,0.9638888888888889,128,-0.2,saudi,hiercomm,42,4
4.0,0.8571428571428571,0.9337748344370861,131,-6.857142857142858,saudi,hiercomm,42,5
0.0,1.0,1.0,0,0.0,saudi,hiercomm,42,6
7.0,0.7142857142857143,1.0,121,-12.714285714285714,saudi,hiercomm,42,7
7.0,0.7142857142857143,0.9977924944812362,126,-12.714285714285714,saudi,hiercomm,42,8
0.0,1.0,0.8763796909492274,239,-0.1,saudi,hiercomm,42,9
14.0,0.7142857142857143,1.0,339,-19.714285714285715,saudi,hiercomm,42,10
0.0,1.0,1.0,138,0.0,saudi,hiercomm,42,11
4.0,0.8571428571428571,0.9955849889624724,358,-6.857142857142858,saudi,hiercomm,42,12
0.0,1.0,0.9889624724061811,317,0.0,saudi,hiercomm,42,13
0.0,1.0,1.0,0,0.0,saudi,hiercomm,42,14
10.0,0.8571428571428571,1.0,161,-12.857142857142858,saudi,hiercomm,1042,0
0.0,1.0,0.9977924944812362,114,0.0,saudi,hiercomm,1042,1
11.0,0.5714285714285714,0.9911699779249448,179,-19.571428571428573,saudi,hiercomm,1042,2
13.0,0.5714285714285714,0.9845474613686535,341,-21.67142857142857,saudi,hiercomm,1042,3
9.0,0.7142857142857143,1.0,66,-14.714285714285714,saudi,hiercomm,1042,4
0.0,1.0,1.0,2,0.0,saudi,hiercomm,1042,5
0.0,1.0,0.9955849889624724,237,0.0,saudi,hiercomm,1042,6
0.0,1.0,1.0,0,0.0,saudi,hiercomm,1042,7
0.0,1.0,1.0,273,0.0,saudi,hiercomm,1042,8
0.0,1.0,1.0,2,0.0,saudi,hiercomm,1042,9
0.0,1.0,0.9737827715355806,152,-0.1,saudi,hiercomm,1042,10
0.0,1.0,1.0,164,0.0,saudi,hiercomm,1042,11
7.0,0.7142857142857143,0.9845474613686535,248,-12.714285714285714,saudi,hiercomm,1042,12
0.0,1.0,1.0,0,0.0,saudi,hiercomm,1042,13
4.0,0.8571428571428571,0.9322493224932249,92,-7.1571428571428575,saudi,hiercomm,1042,14
7.0,0.7142857142857143,0.9757174392935982,369,-12.714285714285714,saudi,hiercomm,2042,0
3.0,0.8571428571428571,0.9867549668874173,107,-5.857142857142858,saudi,hiercomm,2042,1
11.0,0.5714285714285714,0.9955849889624724,238,-19.571428571428573,saudi,hiercomm,2042,2
4.0,0.8571428571428571,1.0,321,-6.857142857142858,saudi,hiercomm,2042,3
4.0,0.8571428571428571,1.0,322,-6.857142857142858,saudi,hiercomm,2042,4
3.0,0.8571428571428571,1.0,85,-5.857142857142858,saudi,hiercomm,2042,5
4.0,0.8571428571428571,0.9337748344370861,333,-6.857142857142858,saudi,hiercomm,2042,6
0.0,1.0,1.0,162,0.0,saudi,hiercomm,2042,7
9.0,0.7142857142857143,1.0,66,-14.714285714285714,saudi,hiercomm,2042,8
10.0,0.8571428571428571,0.9933774834437086,261,-12.85714285714286,saudi,hiercomm,2042,9
13.0,0.5714285714285714,1.0,161,-21.571428571428573,saudi,hiercomm,2042,10
4.0,0.8571428571428571,0.8123620309050773,260,-7.357142857142856,saudi,hiercomm,2042,11
0.0,1.0,0.9977924944812362,182,0.0,saudi,hiercomm,2042,12
4.0,0.8571428571428571,0.9470198675496688,240,-7.257142857142857,saudi,hiercomm,2042,13
0.0,1.0,1.0,163,0.0,saudi,hiercomm,2042,14
8.0,0.7142857142857143,1.0,181,-13.714285714285714,saudi,hiercomm,3042,0
0.0,1.0,0.9911699779249448,155,-0.1,saudi,hiercomm,3042,1
4.0,0.8571428571428571,0.977924944812362,240,-7.057142857142857,saudi,hiercomm,3042,2
0.0,1.0,0.7991169977924945,227,0.0,saudi,hiercomm,3042,3
8.0,0.7142857142857143,0.9933774834437086,429,-13.714285714285714,saudi,hiercomm,3042,4
10.0,0.8571428571428571,0.9959839357429718,107,-12.857142857142858,saudi,hiercomm,3042,5
0.0,1.0,0.9845474613686535,188,-0.1,saudi,hiercomm,3042,6
9.0,0.7142857142857143,1.0,85,-14.714285714285714,saudi,hiercomm,3042,7
4.0,0.8571428571428571,0.9977924944812362,248,-6.857142857142858,saudi,hiercomm,3042,8
0.0,1.0,1.0,203,0.0,saudi,hiercomm,3042,9
4.0,0.8571428571428571,1.0,289,-6.857142857142858,saudi,hiercomm,3042,10
3.0,0.8571428571428571,0.9959839357429718,83,-5.857142857142858,saudi,hiercomm,3042,11
0.0,1.0,1.0,0,0.0,saudi,hiercomm,3042,12
3.0,0.8571428571428571,0.9722222222222222,82,-5.857142857142858,saudi,hiercomm,3042,13
0.0,1.0,1.0,139,0.0,saudi,hiercomm,3042,14
0.0,1.0,0.9955849889624724,237,0.0,saudi,hiercomm,4042,0
8.0,0.7142857142857143,1.0,191,-13.714285714285714,saudi,hiercomm,4042,1
0.0,1.0,1.0,224,0.0,saudi,hiercomm,4042,2
7.0,0.7142857142857143,1.0,114,-12.714285714285714,saudi,hiercomm,4042,3
14.0,0.7142857142857143,0.9314420803782506,366,-20.214285714285715,saudi,hiercomm,4042,4
0.0,1.0,0.9713024282560706,166,-0.09999999999999964,saudi,hiercomm,4042,5
0.0,1.0,0.9977924944812362,116,0.0,saudi,hiercomm,4042,6
13.0,0.7142857142857143,0.9823399558498896,229,-18.714285714285715,saudi,hiercomm,4042,7
7.0,0.7142857142857143,0.9911699779249448,148,-12.714285714285714,saudi,hiercomm,4042,8
4.0,0.8571428571428571,0.977924944812362,267,-6.857142857142858,saudi,hiercomm,4042,9
0.0,1.0,1.0,113,0.0,saudi,hiercomm,4042,10
7.0,0.7142857142857143,1.0,229,-12.714285714285714,saudi,hiercomm,4042,11
0.0,1.0,1.0,202,0.0,saudi,hiercomm,4042,12
0.0,1.0,0.9867549668874173,249,-0.1,saudi,hiercomm,4042,13
4.0,0.8571428571428571,0.9426048565121413,329,-7.057142857142857,saudi,hiercomm,4042,14
0.0,1.0,0.9602649006622517,150,-0.4,saudi,hiercomm_heur,42,0
3.0,0.8571428571428571,0.9867549668874173,146,-5.957142857142857,saudi,hiercomm_heur,42,1
10.0,0.8571428571428571,0.9302325581395349,130,-12.957142857142857,saudi,hiercomm_heur,42,2
0.0,1.0,0.9911699779249448,161,0.0,saudi,hiercomm_heur,42,3
0.0,1.0,1.0,18,0.0,saudi,hiercomm_heur,42,4
0.0,1.0,0.9955849889624724,208,0.0,saudi,hiercomm_heur,42,5
0.0,1.0,0.9558498896247241,56,-0.2,saudi,hiercomm_heur,42,6
0.0,1.0,0.9227373068432672,111,0.0,saudi,hiercomm_heur,42,7
0.0,1.0,0.9955849889624724,110,0.0,saudi,hiercomm_heur,42,8
0.0,1.0,0.9955849889624724,237,0.0,saudi,hiercomm_heur,42,9
0.0,1.0,0.9964539007092199,75,0.0,saudi,hiercomm_heur,42,10
0.0,1.0,1.0,146,0.0,saudi,hiercomm_heur,42,11
0.0,1.0,1.0,236,0.0,saudi,hiercomm_heur,42,12
4.0,0.8571428571428571,0.9801324503311258,253,-6.857142857142858,saudi,hiercomm_heur,42,13
4.0,0.8571428571428571,0.9973544973544973,163,-6.857142857142858,saudi,hiercomm_heur,42,14
7.0,0.7142857142857143,1.0,217,-12.714285714285714,saudi,hiercomm_heur,1042,0
0.0,1.0,0.9977924944812362,153,0.0,saudi,hiercomm_heur,1042,1
0.0,1.0,0.986449864498645,104,0.0,saudi,hiercomm_heur,1042,2
3.0,0.8571428571428571,1.0,168,-5.857142857142858,saudi,hiercomm_heur,1042,3
11.0,0.5714285714285714,0.9072847682119205,298,-19.571428571428573,saudi,hiercomm_heur,1042,4
4.0,0.8571428571428571,1.0,47,-6.857142857142858,saudi,hiercomm_heur,1042,5
0.0,1.0,1.0,119,0.0,saudi,hiercomm_heur,1042,6
4.0,0.8571428571428571,0.9733333333333334,184,-6.857142857142858,saudi,hiercomm_heur,1042,7
0.0,1.0,0.9977924944812362,174,0.0,saudi,hiercomm_heur,1042,8
0.0,1.0,0.9801324503311258,36,-0.1,saudi,hiercomm_heur,1042,9
13.0,0.7142857142857143,0.8987654320987655,144,-18.714285714285715,saudi,hiercomm_heur,1042,10
10.0,0.8571428571428571,0.9977924944812362,159,-12.857142857142858,saudi,hiercomm_heur,1042,11
0.0,1.0,1.0,135,0.0,saudi,hiercomm_heur,1042,12
4.0,0.8571428571428571,0.9612403100775194,161,-6.857142857142858,saudi,hiercomm_heur,1042,13
14.0,0.7142857142857143,1.0,195,-19.714285714285715,saudi,hiercomm_heur,1042,14
0.0,1.0,0.847682119205298,257,-0.5,saudi,hiercomm_heur,2042,0
0.0,1.0,1.0,16,0.0,saudi,hiercomm_heur,2042,1
0.0,1.0,1.0,97,0.0,saudi,hiercomm_heur,2042,2
0.0,1.0,0.98,198,-0.2,saudi,hiercomm_heur,2042,3
0.0,1.0,0.9911699779249448,219,0.0,saudi,hiercomm_heur,2042,4
0.0,1.0,0.9713024282560706,191,-0.1,saudi,hiercomm_heur,2042,5
4.0,0.8571428571428571,0.9933774834437086,239,-6.857142857142858,saudi,hiercomm_heur,2042,6
4.0,0.8571428571428571,0.9514348785871964,197,-6.957142857142857,saudi,hiercomm_heur,2042,7
11.0,0.5714285714285714,0.9072847682119205,297,-19.571428571428573,saudi,hiercomm_heur,2042,8
3.0,0.8571428571428571,0.9301587301587302,129,-5.957142857142857,saudi,hiercomm_heur,2042,9
9.0,0.7142857142857143,0.9955849889624724,167,-14.714285714285714,saudi,hiercomm_heur,2042,10
0.0,1.0,0.9955849889624724,320,0.0,saudi,hiercomm_heur,2042,11
0.0,1.0,0.891832229580574,203,0.0,saudi,hiercomm_heur,2042,12
10.0,0.8571428571428571,1.0,135,-12.857142857142858,saudi,hiercomm_heur,2042,13
0.0,1.0,0.9580573951434879,177,-0.4,saudi,hiercomm_heur,2042,14
4.0,0.8571428571428571,0.9801324503311258,239,-6.957142857142857,saudi,hiercomm_heur,3042,0
4.0,0.8571428571428571,0.9668874172185431,165,-7.057142857142858,saudi,hiercomm_heur,3042,1
8.0,0.7142857142857143,0.9690949227373068,374,-13.914285714285713,saudi,hiercomm_heur,3042,2
0.0,1.0,1.0,126,0.0,saudi,hiercomm_heur,3042,3
0.0,1.0,1.0,185,0.0,saudi,hiercomm_heur,3042,4
10.0,0.8571428571428571,0.9933333333333333,121,-12.857142857142858,saudi,hiercomm_heur,3042,5
4.0,0.8571428571428571,0.9933774834437086,237,-6.857142857142858,saudi,hiercomm_heur,3042,6
9.0,0.7142857142857143,1.0,106,-14.714285714285714,saudi,hiercomm_heur,3042,7
0.0,1.0,0.9359823399558499,200,-0.4,saudi,hiercomm_heur,3042,8
0.0,1.0,0.977924944812362,134,-0.1,saudi,hiercomm_heur,3042,9
0.0,1.0,0.9757174392935982,365,0.0,saudi,hiercomm_heur,3042,10
0.0,1.0,0.9911699779249448,170,-0.1,saudi,hiercomm_heur,3042,11
0.0,1.0,0.9823399558498896,213,0.0,saudi,hiercomm_heur,3042,12
0.0,1.0,0.9713024282560706,140,-0.30000000000000004,saudi,hiercomm_heur,3042,13
0.0,1.0,0.9955849889624724,126,0.0,saudi,hiercomm_heur,3042,14
0.0,1.0,1.0,119,0.0,saudi,hiercomm_heur,4042,0
0.0,1.0,0.9006622516556292,133,0.0,saudi,hiercomm_heur,4042,1
0.0,1.0,0.9955849889624724,178,0.0,saudi,hiercomm_heur,4042,2
0.0,1.0,0.8211920529801324,138,-0.30000000000000004,saudi,hiercomm_heur,4042,3
8.0,0.7142857142857143,0.9977924944812362,292,-13.714285714285714,saudi,hiercomm_heur,4042,4
10.0,0.8571428571428571,1.0,144,-12.857142857142858,saudi,hiercomm_heur,4042,5
0.0,1.0,0.990990990990991,106,0.0,saudi,hiercomm_heur,4042,6
0.0,1.0,1.0,116,0.0,saudi,hiercomm_heur,4042,7
0.0,1.0,0.9116997792494481,172,-0.1,saudi,hiercomm_heur,4042,8
0.0,1.0,0.9955849889624724,175,0.0,saudi,hiercomm_heur,4042,9
4.0,0.8571428571428571,0.9635416666666666,222,-7.1571428571428575,saudi,hiercomm_heur,4042,10
0.0,1.0,0.977924944812362,185,-0.2,saudi,hiercomm_heur,4042,11
0.0,1.0,0.9911699779249448,105,-0.1,saudi,hiercomm_heur,4042,12
0.0,1.0,1.0,105,0.0,saudi,hiercomm_heur,4042,13
4.0,0.8571428571428571,0.9624724061810155,287,-7.157142857142857,saudi,hiercomm_heur,4042,14
34.0,0.0,1.0,827,-54.0,california,noop,42,0
34.0,0.0,1.0,827,-54.0,california,noop,42,1
34.0,0.0,1.0,827,-54.0,california,noop,42,2
34.0,0.0,1.0,827,-54.0,california,noop,42,3
34.0,0.0,1.0,789,-54.0,california,noop,42,4
34.0,0.0,1.0,826,-54.0,california,noop,42,5
34.0,0.0,1.0,827,-54.0,california,noop,42,6
34.0,0.0,1.0,827,-54.0,california,noop,42,7
34.0,0.0,1.0,824,-54.0,california,noop,42,8
34.0,0.0,1.0,827,-54.0,california,noop,42,9
34.0,0.0,1.0,827,-54.0,california,noop,42,10
34.0,0.0,1.0,827,-54.0,california,noop,42,11
34.0,0.0,1.0,827,-54.0,california,noop,42,12
34.0,0.0,1.0,827,-54.0,california,noop,42,13
34.0,0.0,1.0,826,-54.0,california,noop,42,14
34.0,0.0,1.0,827,-54.0,california,noop,1042,0
34.0,0.0,1.0,649,-54.0,california,noop,1042,1
34.0,0.0,1.0,827,-54.0,california,noop,1042,2
34.0,0.0,1.0,827,-54.0,california,noop,1042,3
34.0,0.0,1.0,827,-54.0,california,noop,1042,4
34.0,0.0,1.0,826,-54.0,california,noop,1042,5
34.0,0.0,1.0,827,-54.0,california,noop,1042,6
34.0,0.0,1.0,827,-54.0,california,noop,1042,7
34.0,0.0,1.0,827,-54.0,california,noop,1042,8
34.0,0.0,1.0,827,-54.0,california,noop,1042,9
34.0,0.0,1.0,827,-54.0,california,noop,1042,10
34.0,0.0,1.0,660,-54.0,california,noop,1042,11
34.0,0.0,1.0,827,-54.0,california,noop,1042,12
34.0,0.0,1.0,825,-54.0,california,noop,1042,13
34.0,0.0,1.0,827,-54.0,california,noop,1042,14
34.0,0.0,1.0,827,-54.0,california,noop,2042,0
34.0,0.0,1.0,820,-54.0,california,noop,2042,1
34.0,0.0,1.0,827,-54.0,california,noop,2042,2
34.0,0.0,1.0,827,-54.0,california,noop,2042,3
34.0,0.0,1.0,826,-54.0,california,noop,2042,4
34.0,0.0,1.0,827,-54.0,california,noop,2042,5
34.0,0.0,1.0,827,-54.0,california,noop,2042,6
34.0,0.0,1.0,825,-54.0,california,noop,2042,7
34.0,0.0,1.0,827,-54.0,california,noop,2042,8
34.0,0.0,1.0,827,-54.0,california,noop,2042,9
34.0,0.0,1.0,827,-54.0,california,noop,2042,10
34.0,0.0,1.0,827,-54.0,california,noop,2042,11
34.0,0.0,1.0,827,-54.0,california,noop,2042,12
34.0,0.0,1.0,827,-54.0,california,noop,2042,13
34.0,0.0,1.0,827,-54.0,california,noop,2042,14
34.0,0.0,1.0,826,-54.0,california,noop,3042,0
34.0,0.0,1.0,827,-54.0,california,noop,3042,1
34.0,0.0,1.0,826,-54.0,california,noop,3042,2
34.0,0.0,1.0,827,-54.0,california,noop,3042,3
34.0,0.0,1.0,827,-54.0,california,noop,3042,4
34.0,0.0,1.0,827,-54.0,california,noop,3042,5
34.0,0.0,1.0,827,-54.0,california,noop,3042,6
34.0,0.0,1.0,827,-54.0,california,noop,3042,7
34.0,0.0,1.0,827,-54.0,california,noop,3042,8
34.0,0.0,1.0,827,-54.0,california,noop,3042,9
34.0,0.0,1.0,827,-54.0,california,noop,3042,10
34.0,0.0,1.0,827,-54.0,california,noop,3042,11
34.0,0.0,1.0,826,-54.0,california,noop,3042,12
34.0,0.0,1.0,827,-54.0,california,noop,3042,13
34.0,0.0,1.0,802,-54.0,california,noop,3042,14
34.0,0.0,1.0,827,-54.0,california,noop,4042,0
34.0,0.0,1.0,827,-54.0,california,noop,4042,1
34.0,0.0,1.0,827,-54.0,california,noop,4042,2
34.0,0.0,1.0,827,-54.0,california,noop,4042,3
34.0,0.0,1.0,827,-54.0,california,noop,4042,4
34.0,0.0,1.0,827,-54.0,california,noop,4042,5
34.0,0.0,1.0,827,-54.0,california,noop,4042,6
34.0,0.0,1.0,827,-54.0,california,noop,4042,7
34.0,0.0,1.0,827,-54.0,california,noop,4042,8
34.0,0.0,1.0,827,-54.0,california,noop,4042,9
34.0,0.0,1.0,827,-54.0,california,noop,4042,10
34.0,0.0,1.0,827,-54.0,california,noop,4042,11
34.0,0.0,1.0,827,-54.0,california,noop,4042,12
34.0,0.0,1.0,827,-54.0,california,noop,4042,13
34.0,0.0,1.0,824,-54.0,california,noop,4042,14
28.0,0.16666666666666666,0.9952038369304557,818,-44.66666666666667,california,value_first,42,0
34.0,0.0,0.9974747474747475,800,-54.0,california,value_first,42,1
28.0,0.16666666666666666,0.9893333333333333,809,-44.66666666666667,california,value_first,42,2
28.0,0.16666666666666666,0.9944444444444445,809,-44.66666666666667,california,value_first,42,3
28.0,0.16666666666666666,0.9977924944812362,740,-44.66666666666667,california,value_first,42,4
28.0,0.16666666666666666,0.9977924944812362,790,-44.66666666666667,california,value_first,42,5
28.0,0.16666666666666666,0.9933333333333333,782,-44.66666666666667,california,value_first,42,6
28.0,0.16666666666666666,0.9911699779249448,790,-44.66666666666667,california,value_first,42,7
28.0,0.16666666666666666,0.9889624724061811,797,-44.66666666666667,california,value_first,42,8
28.0,0.16666666666666666,0.9976359338061466,791,-44.66666666666667,california,value_first,42,9
28.0,0.16666666666666666,0.9925925925925926,809,-44.66666666666667,california,value_first,42,10
28.0,0.16666666666666666,0.989821882951654,809,-44.66666666666667,california,value_first,42,11
28.0,0.16666666666666666,0.9921259842519685,791,-44.66666666666667,california,value_first,42,12
28.0,0.16666666666666666,0.9976019184652278,791,-44.66666666666667,california,value_first,42,13
28.0,0.16666666666666666,0.9977924944812362,781,-44.66666666666667,california,value_first,42,14
28.0,0.16666666666666666,0.994535519125683,818,-44.66666666666667,california,value_first,1042,0
28.0,0.16666666666666666,0.9911699779249448,581,-44.66666666666667,california,value_first,1042,1
28.0,0.16666666666666666,0.9929577464788732,809,-44.66666666666667,california,value_first,1042,2
28.0,0.16666666666666666,0.9925373134328358,818,-44.66666666666667,california,value_first,1042,3
34.0,0.0,0.9873737373737373,809,-54.0,california,value_first,1042,4
28.0,0.16666666666666666,0.9977924944812362,790,-44.66666666666667,california,value_first,1042,5
28.0,0.16666666666666666,0.9950980392156863,800,-44.66666666666667,california,value_first,1042,6
28.0,0.16666666666666666,0.9929078014184397,800,-44.66666666666667,california,value_first,1042,7
28.0,0.16666666666666666,0.9922480620155039,809,-44.66666666666667,california,value_first,1042,8
28.0,0.16666666666666666,0.9976190476190476,818,-44.66666666666667,california,value_first,1042,9
28.0,0.16666666666666666,0.9905437352245863,800,-44.66666666666667,california,value_first,1042,10
28.0,0.16666666666666666,0.9977924944812362,600,-44.66666666666667,california,value_first,1042,11
28.0,0.16666666666666666,0.9974747474747475,818,-44.66666666666667,california,value_first,1042,12
28.0,0.16666666666666666,0.9977924944812362,780,-44.66666666666667,california,value_first,1042,13
28.0,0.16666666666666666,0.9951338199513382,809,-44.66666666666667,california,value_first,1042,14
28.0,0.16666666666666666,0.9918032786885246,818,-44.66666666666667,california,value_first,2042,0
28.0,0.16666666666666666,0.9911699779249448,775,-44.66666666666667,california,value_first,2042,1
28.0,0.16666666666666666,0.990990990990991,791,-44.66666666666667,california,value_first,2042,2
28.0,0.16666666666666666,0.9929078014184397,791,-44.66666666666667,california,value_first,2042,3
28.0,0.16666666666666666,0.9977924944812362,790,-44.66666666666667,california,value_first,2042,4
28.0,0.16666666666666666,0.9927007299270073,809,-44.66666666666667,california,value_first,2042,5
28.0,0.16666666666666666,0.9919354838709677,809,-44.66666666666667,california,value_first,2042,6
28.0,0.16666666666666666,0.9977924944812362,789,-44.66666666666667,california,value_first,2042,7
28.0,0.16666666666666666,0.9933774834437086,799,-44.66666666666667,california,value_first,2042,8
28.0,0.16666666666666666,0.991869918699187,809,-44.66666666666667,california,value_first,2042,9
28.0,0.16666666666666666,0.9911699779249448,790,-44.66666666666667,california,value_first,2042,10
28.0,0.16666666666666666,0.9976359338061466,791,-44.66666666666667,california,value_first,2042,11
34.0,0.0,0.98989898989899,800,-54.0,california,value_first,2042,12
28.0,0.16666666666666666,0.9894179894179894,809,-44.66666666666667,california,value_first,2042,13
28.0,0.16666666666666666,0.9894179894179894,809,-44.66666666666667,california,value_first,2042,14
28.0,0.16666666666666666,0.9933774834437086,781,-44.66666666666667,california,value_first,3042,0
28.0,0.16666666666666666,0.9932432432432432,782,-44.66666666666667,california,value_first,3042,1
28.0,0.16666666666666666,0.9977924944812362,790,-44.66666666666667,california,value_first,3042,2
28.0,0.16666666666666666,0.9928571428571429,818,-44.66666666666667,california,value_first,3042,3
28.0,0.16666666666666666,0.9911699779249448,791,-44.66666666666667,california,value_first,3042,4
28.0,0.16666666666666666,0.9924242424242424,809,-44.66666666666667,california,value_first,3042,5
28.0,0.16666666666666666,0.9931506849315068,818,-44.66666666666667,california,value_first,3042,6
34.0,0.0,0.9921875,800,-54.0,california,value_first,3042,7
34.0,0.0,0.9946236559139785,818,-54.0,california,value_first,3042,8
28.0,0.16666666666666666,0.993006993006993,809,-44.66666666666667,california,value_first,3042,9
28.0,0.16666666666666666,0.9930555555555556,791,-44.66666666666667,california,value_first,3042,10
28.0,0.16666666666666666,0.9924242424242424,791,-44.66666666666667,california,value_first,3042,11
28.0,0.16666666666666666,0.9933774834437086,799,-44.66666666666667,california,value_first,3042,12
28.0,0.16666666666666666,0.9925925925925926,809,-44.66666666666667,california,value_first,3042,13
28.0,0.16666666666666666,0.9911699779249448,758,-44.66666666666667,california,value_first,3042,14
28.0,0.16666666666666666,0.9929577464788732,818,-44.66666666666667,california,value_first,4042,0
28.0,0.16666666666666666,0.9975124378109452,782,-44.66666666666667,california,value_first,4042,1
28.0,0.16666666666666666,0.993103448275862,791,-44.66666666666667,california,value_first,4042,2
28.0,0.16666666666666666,0.9907407407407407,791,-44.66666666666667,california,value_first,4042,3
28.0,0.16666666666666666,0.9932432432432432,800,-44.66666666666667,california,value_first,4042,4
28.0,0.16666666666666666,0.989821882951654,809,-44.66666666666667,california,value_first,4042,5
28.0,0.16666666666666666,0.9928057553956835,818,-44.66666666666667,california,value_first,4042,6
28.0,0.16666666666666666,0.9950248756218906,818,-44.66666666666667,california,value_first,4042,7
28.0,0.16666666666666666,0.9889807162534435,800,-44.66666666666667,california,value_first,4042,8
28.0,0.16666666666666666,0.9933333333333333,800,-44.66666666666667,california,value_first,4042,9
28.0,0.16666666666666666,0.9923664122137404,809,-44.66666666666667,california,value_first,4042,10
28.0,0.16666666666666666,0.9925373134328358,818,-44.66666666666667,california,value_first,4042,11
28.0,0.16666666666666666,0.9924242424242424,809,-44.66666666666667,california,value_first,4042,12
28.0,0.16666666666666666,0.9926470588235294,818,-44.66666666666667,california,value_first,4042,13
28.0,0.16666666666666666,0.9977924944812362,788,-44.66666666666667,california,value_first,4042,14
28.0,0.16666666666666666,0.9928057553956835,809,-44.66666666666667,california,greedy_risk,42,0
34.0,0.0,0.9975124378109452,800,-54.0,california,greedy_risk,42,1
28.0,0.16666666666666666,0.992,800,-44.66666666666667,california,greedy_risk,42,2
28.0,0.16666666666666666,0.9888888888888889,800,-44.66666666666667,california,greedy_risk,42,3
28.0,0.16666666666666666,0.9933774834437086,742,-44.66666666666667,california,greedy_risk,42,4
28.0,0.16666666666666666,0.9911699779249448,808,-44.66666666666667,california,greedy_risk,42,5
28.0,0.16666666666666666,0.9911111111111112,802,-44.66666666666667,california,greedy_risk,42,6
28.0,0.16666666666666666,0.9911699779249448,799,-44.66666666666667,california,greedy_risk,42,7
28.0,0.16666666666666666,0.9933774834437086,788,-44.66666666666667,california,greedy_risk,42,8
28.0,0.16666666666666666,0.9952718676122931,809,-44.66666666666667,california,greedy_risk,42,9
28.0,0.16666666666666666,0.9950617283950617,809,-44.66666666666667,california,greedy_risk,42,10
28.0,0.16666666666666666,0.9923664122137404,800,-44.66666666666667,california,greedy_risk,42,11
28.0,0.16666666666666666,0.9921259842519685,809,-44.66666666666667,california,greedy_risk,42,12
28.0,0.16666666666666666,0.9928057553956835,809,-44.66666666666667,california,greedy_risk,42,13
28.0,0.16666666666666666,0.9889624724061811,799,-44.66666666666667,california,greedy_risk,42,14
28.0,0.16666666666666666,0.9918032786885246,818,-44.66666666666667,california,greedy_risk,1042,0
28.0,0.16666666666666666,0.9911699779249448,599,-44.66666666666667,california,greedy_risk,1042,1
28.0,0.16666666666666666,0.9976525821596244,791,-44.66666666666667,california,greedy_risk,1042,2
28.0,0.16666666666666666,0.9950248756218906,809,-44.66666666666667,california,greedy_risk,1042,3
34.0,0.0,0.9924242424242424,809,-54.0,california,greedy_risk,1042,4
28.0,0.16666666666666666,0.9911699779249448,808,-44.66666666666667,california,greedy_risk,1042,5
28.0,0.16666666666666666,0.9877450980392157,800,-44.66666666666667,california,greedy_risk,1042,6
28.0,0.16666666666666666,0.9952718676122931,802,-44.66666666666667,california,greedy_risk,1042,7
28.0,0.16666666666666666,0.9948320413436692,809,-44.66666666666667,california,greedy_risk,1042,8
28.0,0.16666666666666666,0.9928571428571429,809,-44.66666666666667,california,greedy_risk,1042,9
28.0,0.16666666666666666,0.9881796690307328,800,-44.66666666666667,california,greedy_risk,1042,10
28.0,0.16666666666666666,0.9933774834437086,618,-44.66666666666667,california,greedy_risk,1042,11
28.0,0.16666666666666666,0.9949494949494949,809,-44.66666666666667,california,greedy_risk,1042,12
28.0,0.16666666666666666,0.9911699779249448,791,-44.66666666666667,california,greedy_risk,1042,13
28.0,0.16666666666666666,0.9902676399026764,809,-44.66666666666667,california,greedy_risk,1042,14
28.0,0.16666666666666666,0.994535519125683,809,-44.66666666666667,california,greedy_risk,2042,0
28.0,0.16666666666666666,0.9977924944812362,784,-44.66666666666667,california,greedy_risk,2042,1
28.0,0.16666666666666666,0.990990990990991,800,-44.66666666666667,california,greedy_risk,2042,2
28.0,0.16666666666666666,0.9952718676122931,800,-44.66666666666667,california,greedy_risk,2042,3
28.0,0.16666666666666666,0.9911699779249448,808,-44.66666666666667,california,greedy_risk,2042,4
28.0,0.16666666666666666,0.9951338199513382,809,-44.66666666666667,california,greedy_risk,2042,5
28.0,0.16666666666666666,0.9946236559139785,809,-44.66666666666667,california,greedy_risk,2042,6
28.0,0.16666666666666666,0.9977924944812362,807,-44.66666666666667,california,greedy_risk,2042,7
28.0,0.16666666666666666,0.9867549668874173,799,-44.66666666666667,california,greedy_risk,2042,8
28.0,0.16666666666666666,0.986449864498645,809,-44.66666666666667,california,greedy_risk,2042,9
28.0,0.16666666666666666,0.9911699779249448,799,-44.66666666666667,california,greedy_risk,2042,10
28.0,0.16666666666666666,0.9952718676122931,809,-44.66666666666667,california,greedy_risk,2042,11
28.0,0.16666666666666666,0.9924242424242424,809,-44.66666666666667,california,greedy_risk,2042,12
28.0,0.16666666666666666,0.9894179894179894,800,-44.66666666666667,california,greedy_risk,2042,13
28.0,0.16666666666666666,0.9920634920634921,809,-44.66666666666667,california,greedy_risk,2042,14
28.0,0.16666666666666666,0.9823399558498896,792,-44.66666666666667,california,greedy_risk,3042,0
28.0,0.16666666666666666,0.9932432432432432,802,-44.66666666666667,california,greedy_risk,3042,1
28.0,0.16666666666666666,0.9911699779249448,808,-44.66666666666667,california,greedy_risk,3042,2
28.0,0.16666666666666666,0.9880952380952381,809,-44.66666666666667,california,greedy_risk,3042,3
28.0,0.16666666666666666,0.9911699779249448,809,-44.66666666666667,california,greedy_risk,3042,4
28.0,0.16666666666666666,0.9873737373737373,809,-44.66666666666667,california,greedy_risk,3042,5
28.0,0.16666666666666666,0.997716894977169,800,-44.66666666666667,california,greedy_risk,3042,6
34.0,0.0,0.9869791666666666,809,-54.0,california,greedy_risk,3042,7
34.0,0.0,0.989247311827957,818,-54.0,california,greedy_risk,3042,8
28.0,0.16666666666666666,0.9976689976689976,791,-44.66666666666667,california,greedy_risk,3042,9
28.0,0.16666666666666666,0.9907407407407407,809,-44.66666666666667,california,greedy_risk,3042,10
28.0,0.16666666666666666,0.98989898989899,800,-44.66666666666667,california,greedy_risk,3042,11
28.0,0.16666666666666666,0.9933774834437086,801,-44.66666666666667,california,greedy_risk,3042,12
28.0,0.16666666666666666,0.9925925925925926,809,-44.66666666666667,california,greedy_risk,3042,13
34.0,0.0,0.9911699779249448,759,-54.0,california,greedy_risk,3042,14
28.0,0.16666666666666666,0.9929577464788732,809,-44.66666666666667,california,greedy_risk,4042,0
28.0,0.16666666666666666,0.9875621890547264,809,-44.66666666666667,california,greedy_risk,4042,1
28.0,0.16666666666666666,0.993103448275862,809,-44.66666666666667,california,greedy_risk,4042,2
28.0,0.16666666666666666,0.9907407407407407,800,-44.66666666666667,california,greedy_risk,4042,3
28.0,0.16666666666666666,0.9954954954954955,809,-44.66666666666667,california,greedy_risk,4042,4
28.0,0.16666666666666666,0.9847328244274809,800,-44.66666666666667,california,greedy_risk,4042,5
28.0,0.16666666666666666,0.988009592326139,809,-44.66666666666667,california,greedy_risk,4042,6
28.0,0.16666666666666666,0.9900497512437811,809,-44.66666666666667,california,greedy_risk,4042,7
28.0,0.16666666666666666,0.9917355371900827,818,-44.66666666666667,california,greedy_risk,4042,8
28.0,0.16666666666666666,0.9911111111111112,809,-44.66666666666667,california,greedy_risk,4042,9
28.0,0.16666666666666666,0.9872773536895675,809,-44.66666666666667,california,greedy_risk,4042,10
28.0,0.16666666666666666,0.9950248756218906,809,-44.66666666666667,california,greedy_risk,4042,11
28.0,0.16666666666666666,0.98989898989899,809,-44.66666666666667,california,greedy_risk,4042,12
28.0,0.16666666666666666,0.9950980392156863,809,-44.66666666666667,california,greedy_risk,4042,13
28.0,0.16666666666666666,0.9911699779249448,806,-44.66666666666667,california,greedy_risk,4042,14
28.0,0.16666666666666666,0.41280353200883,515,-49.36666666666667,california,local_reactive,42,0
6.0,0.8333333333333334,0.803030303030303,1,-9.533333333333331,california,local_reactive,42,1
22.0,0.3333333333333333,0.4282560706401766,664,-39.033333333333346,california,local_reactive,42,2
22.0,0.3333333333333333,0.4257907542579075,675,-39.13333333333334,california,local_reactive,42,3
0.0,1.0,1.0,0,0.0,california,local_reactive,42,4
25.0,0.3333333333333333,0.41501103752759383,497,-44.03333333333333,california,local_reactive,42,5
0.0,1.0,0.48123620309050774,129,-4.400000000000001,california,local_reactive,42,6
18.0,0.3333333333333333,0.4260485651214128,566,-36.233333333333334,california,local_reactive,42,7
0.0,1.0,0.6037735849056604,8,-0.8,california,local_reactive,42,8
24.0,0.16666666666666666,0.5205479452054794,349,-44.3666666666667,california,local_reactive,42,9
6.0,0.8333333333333334,0.5060606060606061,58,-13.933333333333318,california,local_reactive,42,10
16.0,0.5,0.41721854304635764,643,-30.299999999999994,california,local_reactive,42,11
6.0,0.8333333333333334,0.7301587301587301,67,-9.93333333333333,california,local_reactive,42,12
6.0,0.8333333333333334,0.9032258064516129,55,-9.533333333333331,california,local_reactive,42,13
6.0,0.8333333333333334,0.8282828282828283,36,-9.633333333333331,california,local_reactive,42,14
25.0,0.3333333333333333,0.42133333333333334,667,-42.83333333333335,california,local_reactive,1042,0
0.0,1.0,1.0,0,0.0,california,local_reactive,1042,1
16.0,0.6666666666666666,0.445916114790287,488,-27.166666666666654,california,local_reactive,1042,2
0.0,1.0,0.8076923076923077,35,-0.6000000000000001,california,local_reactive,1042,3
6.0,0.8333333333333334,0.5864197530864198,7,-11.033333333333326,california,local_reactive,1042,4
12.0,0.6666666666666666,0.4365079365079365,209,-22.866666666666653,california,local_reactive,1042,5
16.0,0.5,0.4304635761589404,600,-30.199999999999992,california,local_reactive,1042,6
0.0,1.0,0.4774774774774775,186,-3.3000000000000007,california,local_reactive,1042,7
6.0,0.8333333333333334,0.5061728395061729,67,-14.033333333333317,california,local_reactive,1042,8
6.0,0.8333333333333334,0.7121212121212122,66,-12.033333333333323,california,local_reactive,1042,9
0.0,1.0,0.9803921568627451,0,0.0,california,local_reactive,1042,10
0.0,1.0,1.0,0,0.0,california,local_reactive,1042,11
0.0,1.0,0.6729559748427673,49,-1.2999999999999998,california,local_reactive,1042,12
0.0,1.0,0.4453551912568306,144,-4.4,california,local_reactive,1042,13
0.0,1.0,0.8095238095238095,32,-0.29999999999999893,california,local_reactive,1042,14
6.0,0.8333333333333334,0.6440677966101694,64,-10.63333333333333,california,local_reactive,2042,0
0.0,1.0,0.9696969696969697,0,0.0,california,local_reactive,2042,1
0.0,1.0,0.7428571428571429,3,-0.4,california,local_reactive,2042,2
0.0,1.0,0.8373983739837398,3,-0.4,california,local_reactive,2042,3
12.0,0.6666666666666666,0.4194260485651214,179,-23.86666666666665,california,local_reactive,2042,4
6.0,0.8333333333333334,0.5212121212121212,62,-13.833333333333318,california,local_reactive,2042,5
6.0,0.8333333333333334,0.5517241379310345,90,-11.033333333333328,california,local_reactive,2042,6
6.0,0.8333333333333334,0.7916666666666666,33,-9.73333333333333,california,local_reactive,2042,7
12.0,0.6666666666666666,0.5025641025641026,53,-23.066666666666652,california,local_reactive,2042,8
25.0,0.3333333333333333,0.4091954022988506,637,-43.43333333333335,california,local_reactive,2042,9
0.0,1.0,0.8253968253968254,0,-0.2,california,local_reactive,2042,10
21.0,0.3333333333333333,0.5717439293598234,333,-37.73333333333335,california,local_reactive,2042,11
34.0,0.0,0.4370860927152318,645,-58.10000000000002,california,local_reactive,2042,12
16.0,0.5,0.4856512141280353,591,-30.199999999999985,california,local_reactive,2042,13
22.0,0.3333333333333333,0.4045977011494253,668,-39.63333333333334,california,local_reactive,2042,14
3.0,0.8333333333333334,0.41501103752759383,214,-11.633333333333333,california,local_reactive,3042,0
0.0,1.0,0.6994535519125683,33,-0.8,california,local_reactive,3042,1
6.0,0.8333333333333334,0.819047619047619,37,-9.533333333333331,california,local_reactive,3042,2
25.0,0.3333333333333333,0.4392935982339956,643,-42.23333333333335,california,local_reactive,3042,3
6.0,0.8333333333333334,0.47147147147147145,65,-14.533333333333314,california,local_reactive,3042,4
25.0,0.3333333333333333,0.41721854304635764,639,-42.73333333333335,california,local_reactive,3042,5
6.0,0.8333333333333334,0.725,68,-9.83333333333333,california,local_reactive,3042,6
19.0,0.5,0.4746136865342163,488,-33.3,california,local_reactive,3042,7
22.0,0.3333333333333333,0.42857142857142855,669,-39.433333333333344,california,local_reactive,3042,8
21.0,0.3333333333333333,0.49448123620309054,524,-38.533333333333324,california,local_reactive,3042,9
15.0,0.5,0.5143487858719646,315,-29.299999999999986,california,local_reactive,3042,10
22.0,0.3333333333333333,0.4878587196467991,609,-38.63333333333335,california,local_reactive,3042,11
9.0,0.6666666666666666,0.423841059602649,233,-20.066666666666656,california,local_reactive,3042,12
22.0,0.3333333333333333,0.41721854304635764,669,-39.03333333333334,california,local_reactive,3042,13
0.0,1.0,1.0,0,0.0,california,local_reactive,3042,14
13.0,0.6666666666666666,0.4392935982339956,550,-23.966666666666658,california,local_reactive,4042,0
0.0,1.0,0.8095238095238095,27,-0.4,california,local_reactive,4042,1
6.0,0.8333333333333334,0.9333333333333333,51,-9.333333333333332,california,local_reactive,4042,2
16.0,0.5,0.47902869757174393,565,-30.19999999999999,california,local_reactive,4042,3
6.0,0.8333333333333334,0.7753623188405797,65,-9.633333333333331,california,local_reactive,4042,4
0.0,1.0,0.6636363636363637,32,-3.3000000000000016,california,local_reactive,4042,5
19.0,0.5,0.4392935982339956,542,-33.70000000000002,california,local_reactive,4042,6
25.0,0.3333333333333333,0.44362745098039214,668,-42.43333333333335,california,local_reactive,4042,7
6.0,0.8333333333333334,0.5216049382716049,38,-13.933333333333318,california,local_reactive,4042,8
6.0,0.8333333333333334,0.8461538461538461,55,-9.333333333333332,california,local_reactive,4042,9
25.0,0.3333333333333333,0.41721854304635764,611,-42.63333333333335,california,local_reactive,4042,10
0.0,1.0,0.6666666666666666,49,-1.2999999999999998,california,local_reactive,4042,11
0.0,1.0,0.4923547400611621,58,-4.600000000000001,california,local_reactive,4042,12
0.0,1.0,0.735632183908046,53,-0.5,california,local_reactive,4042,13
6.0,0.8333333333333334,0.5321100917431193,47,-12.73333333333332,california,local_reactive,4042,14
6.0,0.8333333333333334,1.0,177,-9.333333333333332,california,mappo,42,0
10.0,0.8333333333333334,1.0,497,-13.333333333333332,california,mappo,42,1
6.0,0.8333333333333334,1.0,435,-9.333333333333332,california,mappo,42,2
6.0,0.8333333333333334,1.0,419,-9.333333333333332,california,mappo,42,3
0.0,1.0,1.0,8,0.0,california,mappo,42,4
6.0,0.8333333333333334,1.0,201,-9.333333333333332,california,mappo,42,5
6.0,0.8333333333333334,1.0,177,-9.333333333333332,california,mappo,42,6
0.0,1.0,1.0,95,0.0,california,mappo,42,7
6.0,0.8333333333333334,1.0,102,-9.333333333333332,california,mappo,42,8
6.0,0.8333333333333334,1.0,290,-9.333333333333332,california,mappo,42,9
6.0,0.8333333333333334,1.0,161,-9.333333333333332,california,mappo,42,10
6.0,0.8333333333333334,1.0,169,-9.333333333333332,california,mappo,42,11
6.0,0.8333333333333334,1.0,261,-9.333333333333332,california,mappo,42,12
6.0,0.8333333333333334,1.0,131,-9.333333333333332,california,mappo,42,13
6.0,0.8333333333333334,1.0,177,-9.333333333333332,california,mappo,42,14
6.0,0.8333333333333334,1.0,172,-9.333333333333332,california,mappo,1042,0
6.0,0.8333333333333334,1.0,149,-9.333333333333332,california,mappo,1042,1
6.0,0.8333333333333334,1.0,141,-9.333333333333332,california,mappo,1042,2
6.0,0.8333333333333334,1.0,179,-9.333333333333332,california,mappo,1042,3
12.0,0.6666666666666666,1.0,292,-18.666666666666668,california,mappo,1042,4
6.0,0.8333333333333334,1.0,177,-9.333333333333332,california,mappo,1042,5
6.0,0.8333333333333334,1.0,378,-9.333333333333332,california,mappo,1042,6
6.0,0.8333333333333334,1.0,288,-9.333333333333332,california,mappo,1042,7
6.0,0.8333333333333334,1.0,161,-9.333333333333332,california,mappo,1042,8
6.0,0.8333333333333334,1.0,147,-9.333333333333332,california,mappo,1042,9
6.0,0.8333333333333334,1.0,202,-9.333333333333332,california,mappo,1042,10
6.0,0.8333333333333334,1.0,149,-9.333333333333332,california,mappo,1042,11
0.0,1.0,1.0,240,0.0,california,mappo,1042,12
6.0,0.8333333333333334,1.0,292,-9.333333333333332,california,mappo,1042,13
6.0,0.8333333333333334,1.0,327,-9.333333333333332,california,mappo,1042,14
6.0,0.8333333333333334,1.0,164,-9.333333333333332,california,mappo,2042,0
6.0,0.8333333333333334,1.0,104,-9.333333333333332,california,mappo,2042,1
6.0,0.8333333333333334,1.0,113,-9.333333333333332,california,mappo,2042,2
6.0,0.8333333333333334,1.0,115,-9.333333333333332,california,mappo,2042,3
6.0,0.8333333333333334,1.0,155,-9.333333333333332,california,mappo,2042,4
6.0,0.8333333333333334,1.0,155,-9.333333333333332,california,mappo,2042,5
6.0,0.8333333333333334,1.0,437,-9.333333333333332,california,mappo,2042,6
6.0,0.8333333333333334,1.0,269,-9.333333333333332,california,mappo,2042,7
0.0,1.0,1.0,46,0.0,california,mappo,2042,8
6.0,0.8333333333333334,1.0,174,-9.333333333333332,california,mappo,2042,9
0.0,1.0,1.0,24,0.0,california,mappo,2042,10
6.0,0.8333333333333334,1.0,290,-9.333333333333332,california,mappo,2042,11
6.0,0.8333333333333334,1.0,152,-9.333333333333332,california,mappo,2042,12
6.0,0.8333333333333334,1.0,424,-9.333333333333332,california,mappo,2042,13
6.0,0.8333333333333334,1.0,429,-9.333333333333332,california,mappo,2042,14
6.0,0.8333333333333334,1.0,177,-9.333333333333332,california,mappo,3042,0
6.0,0.8333333333333334,1.0,177,-9.333333333333332,california,mappo,3042,1
6.0,0.8333333333333334,1.0,155,-9.333333333333332,california,mappo,3042,2
6.0,0.8333333333333334,1.0,261,-9.333333333333332,california,mappo,3042,3
6.0,0.8333333333333334,1.0,116,-9.333333333333332,california,mappo,3042,4
6.0,0.8333333333333334,1.0,175,-9.333333333333332,california,mappo,3042,5
6.0,0.8333333333333334,0.8378378378378378,141,-9.333333333333332,california,mappo,3042,6
10.0,0.8333333333333334,1.0,611,-13.333333333333332,california,mappo,3042,7
6.0,0.8333333333333334,1.0,174,-9.333333333333332,california,mappo,3042,8
6.0,0.8333333333333334,1.0,141,-9.333333333333332,california,mappo,3042,9
6.0,0.8333333333333334,1.0,154,-9.333333333333332,california,mappo,3042,10
0.0,1.0,1.0,183,0.0,california,mappo,3042,11
6.0,0.8333333333333334,1.0,171,-9.333333333333332,california,mappo,3042,12
6.0,0.8333333333333334,1.0,348,-9.333333333333332,california,mappo,3042,13
6.0,0.8333333333333334,1.0,242,-9.333333333333332,california,mappo,3042,14
6.0,0.8333333333333334,1.0,250,-9.333333333333332,california,mappo,4042,0
6.0,0.8333333333333334,1.0,175,-9.333333333333332,california,mappo,4042,1
6.0,0.8333333333333334,1.0,182,-9.333333333333332,california,mappo,4042,2
0.0,1.0,1.0,104,0.0,california,mappo,4042,3
6.0,0.8333333333333334,1.0,148,-9.333333333333332,california,mappo,4042,4
6.0,0.8333333333333334,1.0,167,-9.333333333333332,california,mappo,4042,5
6.0,0.8333333333333334,1.0,268,-9.333333333333332,california,mappo,4042,6
6.0,0.8333333333333334,1.0,177,-9.333333333333332,california,mappo,4042,7
6.0,0.8333333333333334,1.0,313,-9.333333333333332,california,mappo,4042,8
6.0,0.8333333333333334,1.0,181,-9.333333333333332,california,mappo,4042,9
6.0,0.8333333333333334,1.0,169,-9.333333333333332,california,mappo,4042,10
0.0,1.0,1.0,229,0.0,california,mappo,4042,11
6.0,0.8333333333333334,1.0,165,-9.333333333333332,california,mappo,4042,12
6.0,0.8333333333333334,0.8441247002398081,141,-9.333333333333332,california,mappo,4042,13
6.0,0.8333333333333334,1.0,248,-9.333333333333332,california,mappo,4042,14
34.0,0.0,0.973621103117506,827,-54.0,california,qmix,42,0
34.0,0.0,0.8181818181818182,827,-54.0,california,qmix,42,1
34.0,0.0,0.7653333333333333,827,-54.0,california,qmix,42,2
34.0,0.0,0.7694444444444445,827,-54.0,california,qmix,42,3
34.0,0.0,0.8520971302428256,789,-54.0,california,qmix,42,4
34.0,0.0,0.5695364238410596,826,-54.0,california,qmix,42,5
34.0,0.0,0.5555555555555556,827,-54.0,california,qmix,42,6
34.0,0.0,0.5607064017660044,827,-54.0,california,qmix,42,7
34.0,0.0,0.6291390728476821,824,-54.0,california,qmix,42,8
34.0,0.0,0.7494089834515366,827,-54.0,california,qmix,42,9
34.0,0.0,0.5308641975308642,827,-54.0,california,qmix,42,10
34.0,0.0,0.7659033078880407,827,-54.0,california,qmix,42,11
34.0,0.0,0.5905511811023622,827,-54.0,california,qmix,42,12
34.0,0.0,0.539568345323741,827,-54.0,california,qmix,42,13
34.0,0.0,0.5584988962472406,826,-54.0,california,qmix,42,14
34.0,0.0,0.76775956284153,827,-54.0,california,qmix,1042,0
34.0,0.0,0.7969094922737306,649,-54.0,california,qmix,1042,1
34.0,0.0,0.5633802816901409,827,-54.0,california,qmix,1042,2
34.0,0.0,0.5870646766169154,827,-54.0,california,qmix,1042,3
34.0,0.0,0.9924242424242424,827,-54.0,california,qmix,1042,4
34.0,0.0,0.5629139072847682,826,-54.0,california,qmix,1042,5
34.0,0.0,0.9705882352941176,827,-54.0,california,qmix,1042,6
34.0,0.0,0.5460992907801419,827,-54.0,california,qmix,1042,7
34.0,0.0,0.7493540051679587,827,-54.0,california,qmix,1042,8
34.0,0.0,0.5476190476190477,827,-54.0,california,qmix,1042,9
34.0,0.0,0.6170212765957447,827,-54.0,california,qmix,1042,10
34.0,0.0,0.7924944812362031,660,-54.0,california,qmix,1042,11
34.0,0.0,0.7626262626262627,827,-54.0,california,qmix,1042,12
34.0,0.0,0.5849889624724062,825,-54.0,california,qmix,1042,13
34.0,0.0,0.7615571776155717,827,-54.0,california,qmix,1042,14
34.0,0.0,0.7622950819672131,827,-54.0,california,qmix,2042,0
34.0,0.0,0.8101545253863135,820,-54.0,california,qmix,2042,1
34.0,0.0,0.6126126126126126,827,-54.0,california,qmix,2042,2
34.0,0.0,0.9692671394799054,827,-54.0,california,qmix,2042,3
34.0,0.0,0.7858719646799117,826,-54.0,california,qmix,2042,4
34.0,0.0,0.5547445255474452,827,-54.0,california,qmix,2042,5
34.0,0.0,0.5591397849462365,827,-54.0,california,qmix,2042,6
34.0,0.0,0.7902869757174393,825,-54.0,california,qmix,2042,7
34.0,0.0,0.9791666666666666,827,-54.0,california,qmix,2042,8
34.0,0.0,0.5420054200542005,827,-54.0,california,qmix,2042,9
34.0,0.0,0.7916666666666666,827,-54.0,california,qmix,2042,10
34.0,0.0,0.9881796690307328,827,-54.0,california,qmix,2042,11
34.0,0.0,0.9646464646464646,827,-54.0,california,qmix,2042,12
34.0,0.0,0.544973544973545,827,-54.0,california,qmix,2042,13
34.0,0.0,0.7592592592592593,827,-54.0,california,qmix,2042,14
34.0,0.0,0.5584988962472406,826,-54.0,california,qmix,3042,0
34.0,0.0,0.5585585585585585,827,-54.0,california,qmix,3042,1
34.0,0.0,0.543046357615894,826,-54.0,california,qmix,3042,2
34.0,0.0,0.5547619047619048,827,-54.0,california,qmix,3042,3
34.0,0.0,0.5695364238410596,827,-54.0,california,qmix,3042,4
34.0,0.0,0.5580808080808081,827,-54.0,california,qmix,3042,5
34.0,0.0,0.8470319634703196,827,-54.0,california,qmix,3042,6
34.0,0.0,0.8958333333333334,827,-54.0,california,qmix,3042,7
34.0,0.0,0.7741935483870968,827,-54.0,california,qmix,3042,8
34.0,0.0,0.7575757575757576,827,-54.0,california,qmix,3042,9
34.0,0.0,0.5578703703703703,827,-54.0,california,qmix,3042,10
34.0,0.0,0.5757575757575758,827,-54.0,california,qmix,3042,11
34.0,0.0,0.5717439293598234,826,-54.0,california,qmix,3042,12
34.0,0.0,0.9728395061728395,827,-54.0,california,qmix,3042,13
34.0,0.0,0.6556291390728477,802,-54.0,california,qmix,3042,14
34.0,0.0,0.9929577464788732,827,-54.0,california,qmix,4042,0
34.0,0.0,0.5671641791044776,827,-54.0,california,qmix,4042,1
34.0,0.0,0.5724137931034483,827,-54.0,california,qmix,4042,2
34.0,0.0,0.5671296296296297,827,-54.0,california,qmix,4042,3
34.0,0.0,0.536036036036036,827,-54.0,california,qmix,4042,4
34.0,0.0,0.9796437659033079,827,-54.0,california,qmix,4042,5
34.0,0.0,0.5539568345323741,827,-54.0,california,qmix,4042,6
34.0,0.0,0.972636815920398,827,-54.0,california,qmix,4042,7
34.0,0.0,0.5482093663911846,827,-54.0,california,qmix,4042,8
34.0,0.0,0.58,827,-54.0,california,qmix,4042,9
34.0,0.0,0.7582697201017812,827,-54.0,california,qmix,4042,10
34.0,0.0,0.7487562189054726,827,-54.0,california,qmix,4042,11
34.0,0.0,0.7449494949494949,827,-54.0,california,qmix,4042,12
34.0,0.0,0.5735294117647058,827,-54.0,california,qmix,4042,13
34.0,0.0,0.5695364238410596,824,-54.0,california,qmix,4042,14
34.0,0.0,1.0,744,-54.0,california,commnet,42,0
24.0,0.16666666666666666,1.0,679,-40.66666666666667,california,commnet,42,1
24.0,0.16666666666666666,1.0,731,-40.66666666666667,california,commnet,42,2
24.0,0.16666666666666666,0.847682119205298,727,-40.96666666666667,california,commnet,42,3
25.0,0.3333333333333333,0.9315673289183223,549,-38.333333333333336,california,commnet,42,4
34.0,0.0,1.0,720,-54.0,california,commnet,42,5
34.0,0.0,1.0,717,-54.0,california,commnet,42,6
34.0,0.0,0.8830022075055187,721,-54.0,california,commnet,42,7
34.0,0.0,1.0,712,-54.0,california,commnet,42,8
34.0,0.0,1.0,735,-54.0,california,commnet,42,9
34.0,0.0,1.0,741,-54.0,california,commnet,42,10
34.0,0.0,1.0,736,-54.0,california,commnet,42,11
34.0,0.0,1.0,750,-54.0,california,commnet,42,12
34.0,0.0,1.0,742,-54.0,california,commnet,42,13
28.0,0.16666666666666666,1.0,707,-44.66666666666667,california,commnet,42,14
34.0,0.0,1.0,759,-54.0,california,commnet,1042,0
24.0,0.16666666666666666,1.0,533,-40.66666666666667,california,commnet,1042,1
34.0,0.0,1.0,739,-54.0,california,commnet,1042,2
34.0,0.0,1.0,749,-54.0,california,commnet,1042,3
21.0,0.3333333333333333,1.0,646,-34.333333333333336,california,commnet,1042,4
34.0,0.0,1.0,719,-54.0,california,commnet,1042,5
24.0,0.16666666666666666,1.0,701,-40.66666666666667,california,commnet,1042,6
34.0,0.0,1.0,735,-54.0,california,commnet,1042,7
34.0,0.0,1.0,747,-54.0,california,commnet,1042,8
34.0,0.0,1.0,718,-54.0,california,commnet,1042,9
24.0,0.16666666666666666,1.0,705,-40.66666666666667,california,commnet,1042,10
24.0,0.16666666666666666,1.0,539,-40.66666666666667,california,commnet,1042,11
34.0,0.0,1.0,749,-54.0,california,commnet,1042,12
34.0,0.0,1.0,710,-54.0,california,commnet,1042,13
34.0,0.0,1.0,740,-54.0,california,commnet,1042,14
31.0,0.16666666666666666,1.0,734,-47.66666666666667,california,commnet,2042,0
31.0,0.16666666666666666,1.0,700,-47.66666666666667,california,commnet,2042,1
34.0,0.0,1.0,731,-54.0,california,commnet,2042,2
34.0,0.0,1.0,741,-54.0,california,commnet,2042,3
34.0,0.0,1.0,720,-54.0,california,commnet,2042,4
34.0,0.0,1.0,740,-54.0,california,commnet,2042,5
24.0,0.16666666666666666,1.0,722,-40.66666666666667,california,commnet,2042,6
34.0,0.0,1.0,710,-54.0,california,commnet,2042,7
31.0,0.16666666666666666,0.9492273730684326,723,-47.66666666666667,california,commnet,2042,8
34.0,0.0,1.0,750,-54.0,california,commnet,2042,9
34.0,0.0,0.8984547461368654,727,-54.0,california,commnet,2042,10
34.0,0.0,1.0,736,-54.0,california,commnet,2042,11
34.0,0.0,1.0,752,-54.0,california,commnet,2042,12
24.0,0.16666666666666666,1.0,711,-40.66666666666667,california,commnet,2042,13
24.0,0.16666666666666666,1.0,730,-40.66666666666667,california,commnet,2042,14
34.0,0.0,1.0,722,-54.0,california,commnet,3042,0
34.0,0.0,1.0,717,-54.0,california,commnet,3042,1
34.0,0.0,1.0,722,-54.0,california,commnet,3042,2
31.0,0.16666666666666666,0.8609271523178808,720,-47.66666666666667,california,commnet,3042,3
34.0,0.0,1.0,735,-54.0,california,commnet,3042,4
34.0,0.0,1.0,739,-54.0,california,commnet,3042,5
34.0,0.0,1.0,733,-54.0,california,commnet,3042,6
31.0,0.16666666666666666,1.0,738,-47.66666666666667,california,commnet,3042,7
24.0,0.16666666666666666,1.0,712,-40.66666666666667,california,commnet,3042,8
34.0,0.0,1.0,739,-54.0,california,commnet,3042,9
34.0,0.0,1.0,732,-54.0,california,commnet,3042,10
24.0,0.16666666666666666,1.0,700,-40.66666666666667,california,commnet,3042,11
34.0,0.0,1.0,719,-54.0,california,commnet,3042,12
34.0,0.0,1.0,738,-54.0,california,commnet,3042,13
24.0,0.16666666666666666,1.0,655,-40.66666666666667,california,commnet,3042,14
34.0,0.0,1.0,707,-54.0,california,commnet,4042,0
34.0,0.0,1.0,724,-54.0,california,commnet,4042,1
34.0,0.0,1.0,738,-54.0,california,commnet,4042,2
34.0,0.0,0.7858719646799117,731,-54.10000000000001,california,commnet,4042,3
34.0,0.0,1.0,732,-54.0,california,commnet,4042,4
24.0,0.16666666666666666,1.0,729,-40.66666666666667,california,commnet,4042,5
34.0,0.0,1.0,710,-54.0,california,commnet,4042,6
34.0,0.0,1.0,743,-54.0,california,commnet,4042,7
24.0,0.16666666666666666,1.0,707,-40.66666666666667,california,commnet,4042,8
34.0,0.0,1.0,730,-54.0,california,commnet,4042,9
24.0,0.16666666666666666,1.0,719,-40.66666666666667,california,commnet,4042,10
34.0,0.0,1.0,749,-54.0,california,commnet,4042,11
34.0,0.0,1.0,747,-54.0,california,commnet,4042,12
34.0,0.0,1.0,746,-54.0,california,commnet,4042,13
34.0,0.0,1.0,708,-54.0,california,commnet,4042,14
6.0,0.8333333333333334,0.9818181818181818,59,-9.333333333333332,california,hiercomm,42,0
0.0,1.0,1.0,0,0.0,california,hiercomm,42,1
6.0,0.8333333333333334,0.9966996699669967,85,-9.333333333333332,california,hiercomm,42,2
6.0,0.8333333333333334,0.9640287769784173,109,-9.333333333333332,california,hiercomm,42,3
0.0,1.0,1.0,6,0.0,california,hiercomm,42,4
6.0,0.8333333333333334,1.0,54,-9.333333333333332,california,hiercomm,42,5
0.0,1.0,1.0,42,0.0,california,hiercomm,42,6
0.0,1.0,1.0,44,0.0,california,hiercomm,42,7
6.0,0.8333333333333334,0.9954337899543378,24,-9.333333333333332,california,hiercomm,42,8
6.0,0.8333333333333334,1.0,69,-9.333333333333332,california,hiercomm,42,9
6.0,0.8333333333333334,1.0,83,-9.333333333333332,california,hiercomm,42,10
6.0,0.8333333333333334,0.9479166666666666,71,-9.433333333333332,california,hiercomm,42,11
0.0,1.0,0.9603174603174603,39,-0.1,california,hiercomm,42,12
6.0,0.8333333333333334,0.9807162534435262,112,-9.433333333333332,california,hiercomm,42,13
6.0,0.8333333333333334,1.0,77,-9.333333333333332,california,hiercomm,42,14
6.0,0.8333333333333334,1.0,70,-9.333333333333332,california,hiercomm,1042,0
0.0,1.0,1.0,0,0.0,california,hiercomm,1042,1
0.0,1.0,0.9818181818181818,41,0.0,california,hiercomm,1042,2
0.0,1.0,0.9710144927536232,39,-0.1,california,hiercomm,1042,3
12.0,0.5,0.9337748344370861,269,-22.60000000000001,california,hiercomm,1042,4
6.0,0.8333333333333334,1.0,65,-9.333333333333332,california,hiercomm,1042,5
6.0,0.8333333333333334,1.0,69,-9.333333333333332,california,hiercomm,1042,6
6.0,0.8333333333333334,0.9908675799086758,68,-9.333333333333332,california,hiercomm,1042,7
6.0,0.8333333333333334,1.0,86,-9.333333333333332,california,hiercomm,1042,8
6.0,0.8333333333333334,0.9851851851851852,79,-9.333333333333332,california,hiercomm,1042,9
0.0,1.0,1.0,6,0.0,california,hiercomm,1042,10
0.0,1.0,1.0,0,0.0,california,hiercomm,1042,11
6.0,0.8333333333333334,0.9922480620155039,70,-9.333333333333332,california,hiercomm,1042,12
6.0,0.8333333333333334,0.9851851851851852,56,-9.333333333333332,california,hiercomm,1042,13
6.0,0.8333333333333334,1.0,182,-9.333333333333332,california,hiercomm,1042,14
6.0,0.8333333333333334,0.825,78,-9.633333333333331,california,hiercomm,2042,0
0.0,1.0,1.0,30,0.0,california,hiercomm,2042,1
0.0,1.0,1.0,23,0.0,california,hiercomm,2042,2
0.0,1.0,1.0,13,0.0,california,hiercomm,2042,3
6.0,0.8333333333333334,1.0,51,-9.333333333333332,california,hiercomm,2042,4
6.0,0.8333333333333334,0.9727891156462585,83,-9.433333333333332,california,hiercomm,2042,5
6.0,0.8333333333333334,0.9689922480620154,90,-9.433333333333332,california,hiercomm,2042,6
6.0,0.8333333333333334,1.0,47,-9.333333333333332,california,hiercomm,2042,7
0.0,1.0,1.0,37,0.0,california,hiercomm,2042,8
6.0,0.8333333333333334,1.0,69,-9.333333333333332,california,hiercomm,2042,9
0.0,1.0,1.0,1,0.0,california,hiercomm,2042,10
6.0,0.8333333333333334,1.0,69,-9.333333333333332,california,hiercomm,2042,11
6.0,0.8333333333333334,0.9689922480620154,84,-9.533333333333331,california,hiercomm,2042,12
12.0,0.5,1.0,513,-22.0,california,hiercomm,2042,13
6.0,0.8333333333333334,1.0,96,-9.333333333333332,california,hiercomm,2042,14
6.0,0.8333333333333334,1.0,74,-9.333333333333332,california,hiercomm,3042,0
0.0,1.0,1.0,43,0.0,california,hiercomm,3042,1
6.0,0.8333333333333334,1.0,60,-9.333333333333332,california,hiercomm,3042,2
6.0,0.8333333333333334,0.9819819819819819,72,-9.333333333333332,california,hiercomm,3042,3
6.0,0.8333333333333334,0.9907407407407407,45,-9.333333333333332,california,hiercomm,3042,4
6.0,0.8333333333333334,0.9923371647509579,66,-9.333333333333332,california,hiercomm,3042,5
6.0,0.8333333333333334,0.967741935483871,80,-9.333333333333332,california,hiercomm,3042,6
9.0,0.6666666666666666,0.9955849889624724,270,-15.666666666666668,california,hiercomm,3042,7
6.0,0.8333333333333334,1.0,79,-9.333333333333332,california,hiercomm,3042,8
0.0,1.0,1.0,41,0.0,california,hiercomm,3042,9
6.0,0.8333333333333334,0.9895833333333334,66,-9.333333333333332,california,hiercomm,3042,10
6.0,0.8333333333333334,1.0,76,-9.333333333333332,california,hiercomm,3042,11
6.0,0.8333333333333334,0.9851851851851852,56,-9.333333333333332,california,hiercomm,3042,12
6.0,0.8333333333333334,0.9829059829059829,85,-9.333333333333332,california,hiercomm,3042,13
0.0,1.0,1.0,28,0.0,california,hiercomm,3042,14
6.0,0.8333333333333334,1.0,65,-9.333333333333332,california,hiercomm,4042,0
6.0,0.8333333333333334,1.0,83,-9.333333333333332,california,hiercomm,4042,1
0.0,1.0,0.9637681159420289,39,-0.1,california,hiercomm,4042,2
6.0,0.8333333333333334,1.0,31,-9.333333333333332,california,hiercomm,4042,3
6.0,0.8333333333333334,0.9757575757575757,71,-9.433333333333332,california,hiercomm,4042,4
0.0,1.0,0.950354609929078,119,-0.30000000000000004,california,hiercomm,4042,5
6.0,0.8333333333333334,0.8791208791208791,79,-9.333333333333332,california,hiercomm,4042,6
6.0,0.8333333333333334,0.9969418960244648,66,-9.333333333333332,california,hiercomm,4042,7
0.0,1.0,0.8715277777777778,105,-0.5,california,hiercomm,4042,8
6.0,0.8333333333333334,0.905982905982906,59,-9.333333333333332,california,hiercomm,4042,9
6.0,0.8333333333333334,0.9880952380952381,89,-9.333333333333332,california,hiercomm,4042,10
0.0,1.0,1.0,58,0.0,california,hiercomm,4042,11
6.0,0.8333333333333334,0.9583333333333334,79,-9.533333333333331,california,hiercomm,4042,12
6.0,0.8333333333333334,1.0,72,-9.333333333333332,california,hiercomm,4042,13
6.0,0.8333333333333334,1.0,41,-9.333333333333332,california,hiercomm,4042,14
6.0,0.8333333333333334,0.9818181818181818,80,-9.333333333333332,california,hiercomm_heur,42,0
0.0,1.0,0.9757174392935982,53,-0.2,california,hiercomm_heur,42,1
0.0,1.0,0.9933333333333333,108,0.0,california,hiercomm_heur,42,2
6.0,0.8333333333333334,0.9731182795698925,101,-9.433333333333332,california,hiercomm_heur,42,3
0.0,1.0,1.0,0,0.0,california,hiercomm_heur,42,4
6.0,0.8333333333333334,0.9583333333333334,59,-9.633333333333331,california,hiercomm_heur,42,5
6.0,0.8333333333333334,1.0,43,-9.333333333333332,california,hiercomm_heur,42,6
6.0,0.8333333333333334,1.0,162,-9.333333333333332,california,hiercomm_heur,42,7
0.0,1.0,1.0,0,0.0,california,hiercomm_heur,42,8
6.0,0.8333333333333334,1.0,281,-9.333333333333332,california,hiercomm_heur,42,9
6.0,0.8333333333333334,1.0,72,-9.333333333333332,california,hiercomm_heur,42,10
6.0,0.8333333333333334,0.9977924944812362,201,-9.333333333333332,california,hiercomm_heur,42,11
6.0,0.8333333333333334,0.956140350877193,59,-9.333333333333332,california,hiercomm_heur,42,12
6.0,0.8333333333333334,0.9057971014492754,69,-9.433333333333332,california,hiercomm_heur,42,13
9.0,0.6666666666666666,0.9006622516556292,162,-15.666666666666668,california,hiercomm_heur,42,14
6.0,0.8333333333333334,1.0,78,-9.333333333333332,california,hiercomm_heur,1042,0
0.0,1.0,1.0,0,0.0,california,hiercomm_heur,1042,1
6.0,0.8333333333333334,0.9407407407407408,75,-9.433333333333332,california,hiercomm_heur,1042,2
6.0,0.8333333333333334,0.9349593495934959,68,-9.433333333333332,california,hiercomm_heur,1042,3
0.0,1.0,0.9755351681957186,50,-0.1,california,hiercomm_heur,1042,4
6.0,0.8333333333333334,1.0,60,-9.333333333333332,california,hiercomm_heur,1042,5
0.0,1.0,1.0,100,0.0,california,hiercomm_heur,1042,6
6.0,0.8333333333333334,0.9428571428571428,40,-9.533333333333331,california,hiercomm_heur,1042,7
6.0,0.8333333333333334,0.9754901960784313,91,-9.433333333333332,california,hiercomm_heur,1042,8
12.0,0.6666666666666666,1.0,105,-18.666666666666668,california,hiercomm_heur,1042,9
3.0,0.8333333333333334,0.9094922737306843,74,-6.733333333333331,california,hiercomm_heur,1042,10
0.0,1.0,1.0,0,0.0,california,hiercomm_heur,1042,11
16.0,0.6666666666666666,0.9713024282560706,290,-22.666666666666668,california,hiercomm_heur,1042,12
0.0,1.0,0.9782608695652174,33,0.0,california,hiercomm_heur,1042,13
0.0,1.0,0.8958333333333334,58,-0.30000000000000004,california,hiercomm_heur,1042,14
6.0,0.8333333333333334,0.9876543209876543,84,-9.333333333333332,california,hiercomm_heur,2042,0
9.0,0.6666666666666666,0.9867549668874173,130,-15.766666666666667,california,hiercomm_heur,2042,1
0.0,1.0,0.9977924944812362,76,0.0,california,hiercomm_heur,2042,2
0.0,1.0,0.9655172413793104,4,-0.1,california,hiercomm_heur,2042,3
6.0,0.8333333333333334,1.0,51,-9.333333333333332,california,hiercomm_heur,2042,4
6.0,0.8333333333333334,1.0,72,-9.333333333333332,california,hiercomm_heur,2042,5
6.0,0.8333333333333334,1.0,79,-9.333333333333332,california,hiercomm_heur,2042,6
6.0,0.8333333333333334,1.0,46,-9.333333333333332,california,hiercomm_heur,2042,7
9.0,0.6666666666666666,0.9977924944812362,323,-15.666666666666668,california,hiercomm_heur,2042,8
6.0,0.8333333333333334,1.0,78,-9.333333333333332,california,hiercomm_heur,2042,9
12.0,0.5,0.9757174392935982,493,-22.099999999999998,california,hiercomm_heur,2042,10
15.0,0.5,0.9757174392935982,330,-25.0,california,hiercomm_heur,2042,11
6.0,0.8333333333333334,0.9649122807017544,74,-9.333333333333332,california,hiercomm_heur,2042,12
0.0,1.0,0.9953703703703703,77,0.0,california,hiercomm_heur,2042,13
6.0,0.8333333333333334,0.9337748344370861,179,-9.73333333333333,california,hiercomm_heur,2042,14
0.0,1.0,1.0,54,0.0,california,hiercomm_heur,3042,0
6.0,0.8333333333333334,1.0,40,-9.333333333333332,california,hiercomm_heur,3042,1
6.0,0.8333333333333334,0.9824561403508771,50,-9.333333333333332,california,hiercomm_heur,3042,2
6.0,0.8333333333333334,0.9226190476190477,81,-9.333333333333332,california,hiercomm_heur,3042,3
6.0,0.8333333333333334,0.991869918699187,58,-9.333333333333332,california,hiercomm_heur,3042,4
6.0,0.8333333333333334,0.9308176100628931,76,-9.333333333333332,california,hiercomm_heur,3042,5
6.0,0.8333333333333334,0.8652482269503546,71,-9.633333333333331,california,hiercomm_heur,3042,6
6.0,0.8333333333333334,0.9889624724061811,38,-9.333333333333332,california,hiercomm_heur,3042,7
6.0,0.8333333333333334,1.0,80,-9.333333333333332,california,hiercomm_heur,3042,8
6.0,0.8333333333333334,0.9791666666666666,73,-9.333333333333332,california,hiercomm_heur,3042,9
6.0,0.8333333333333334,0.9090909090909091,71,-9.433333333333332,california,hiercomm_heur,3042,10
6.0,0.8333333333333334,0.9969135802469136,74,-9.333333333333332,california,hiercomm_heur,3042,11
6.0,0.8333333333333334,0.9509803921568627,42,-9.433333333333332,california,hiercomm_heur,3042,12
6.0,0.8333333333333334,0.9448123620309051,183,-9.633333333333331,california,hiercomm_heur,3042,13
0.0,1.0,1.0,0,0.0,california,hiercomm_heur,3042,14
6.0,0.8333333333333334,0.9239766081871345,81,-9.333333333333332,california,hiercomm_heur,4042,0
0.0,1.0,1.0,39,0.0,california,hiercomm_heur,4042,1
12.0,0.6666666666666666,1.0,129,-18.666666666666668,california,hiercomm_heur,4042,2
6.0,0.8333333333333334,0.9313725490196079,87,-9.333333333333332,california,hiercomm_heur,4042,3
6.0,0.8333333333333334,0.8010752688172043,72,-9.433333333333332,california,hiercomm_heur,4042,4
6.0,0.8333333333333334,0.91005291005291,88,-9.633333333333331,california,hiercomm_heur,4042,5
6.0,0.8333333333333334,0.8988095238095238,75,-9.433333333333332,california,hiercomm_heur,4042,6
6.0,0.8333333333333334,0.8287461773700305,90,-9.333333333333332,california,hiercomm_heur,4042,7
6.0,0.8333333333333334,0.9078014184397163,89,-9.333333333333332,california,hiercomm_heur,4042,8
6.0,0.8333333333333334,1.0,50,-9.333333333333332,california,hiercomm_heur,4042,9
6.0,0.8333333333333334,0.8714285714285714,108,-9.433333333333332,california,hiercomm_heur,4042,10
6.0,0.8333333333333334,0.9841269841269841,71,-9.333333333333332,california,hiercomm_heur,4042,11
6.0,0.8333333333333334,1.0,83,-9.333333333333332,california,hiercomm_heur,4042,12
6.0,0.8333333333333334,0.9358974358974359,77,-9.433333333333332,california,hiercomm_heur,4042,13
6.0,0.8333333333333334,1.0,45,-9.333333333333332,california,hiercomm_heur,4042,14
