WEL,ISR,CE,burned,return,policy,ckpt_region,train_seed,eval_seed,episode,region,condition
27.0,0.2857142857142857,1.0,483,-41.285714285714285,noop,saudi,,42,0,saudi,standard
27.0,0.2857142857142857,1.0,374,-41.285714285714285,noop,saudi,,42,1,saudi,standard
27.0,0.2857142857142857,1.0,441,-41.285714285714285,noop,saudi,,42,2,saudi,standard
27.0,0.2857142857142857,1.0,454,-41.285714285714285,noop,saudi,,42,3,saudi,standard
27.0,0.2857142857142857,1.0,428,-41.285714285714285,noop,saudi,,42,4,saudi,standard
27.0,0.2857142857142857,1.0,543,-41.285714285714285,noop,saudi,,42,5,saudi,standard
27.0,0.2857142857142857,1.0,493,-41.285714285714285,noop,saudi,,42,6,saudi,standard
27.0,0.2857142857142857,1.0,421,-41.285714285714285,noop,saudi,,42,7,saudi,standard
27.0,0.2857142857142857,1.0,459,-41.285714285714285,noop,saudi,,42,8,saudi,standard
27.0,0.2857142857142857,1.0,597,-41.285714285714285,noop,saudi,,42,9,saudi,standard
27.0,0.2857142857142857,1.0,526,-41.285714285714285,noop,saudi,,42,10,saudi,standard
27.0,0.2857142857142857,1.0,487,-41.285714285714285,noop,saudi,,42,11,saudi,standard
27.0,0.2857142857142857,1.0,606,-41.285714285714285,noop,saudi,,42,12,saudi,standard
27.0,0.2857142857142857,1.0,639,-41.285714285714285,noop,saudi,,42,13,saudi,standard
27.0,0.2857142857142857,1.0,524,-41.285714285714285,noop,saudi,,42,14,saudi,standard
27.0,0.2857142857142857,1.0,524,-41.285714285714285,noop,saudi,,1042,0,saudi,standard
27.0,0.2857142857142857,1.0,440,-41.285714285714285,noop,saudi,,1042,1,saudi,standard
27.0,0.2857142857142857,1.0,465,-41.285714285714285,noop,saudi,,1042,2,saudi,standard
27.0,0.2857142857142857,1.0,526,-41.285714285714285,noop,saudi,,1042,3,saudi,standard
27.0,0.2857142857142857,1.0,408,-41.285714285714285,noop,saudi,,1042,4,saudi,standard
27.0,0.2857142857142857,1.0,528,-41.28571428571429,noop,saudi,,1042,5,saudi,standard
27.0,0.2857142857142857,1.0,447,-41.285714285714285,noop,saudi,,1042,6,saudi,standard
27.0,0.2857142857142857,1.0,544,-41.285714285714285,noop,saudi,,1042,7,saudi,standard
27.0,0.2857142857142857,1.0,537,-41.28571428571429,noop,saudi,,1042,8,saudi,standard
27.0,0.2857142857142857,1.0,534,-41.285714285714285,noop,saudi,,1042,9,saudi,standard
27.0,0.2857142857142857,1.0,415,-41.285714285714285,noop,saudi,,1042,10,saudi,standard
27.0,0.2857142857142857,1.0,444,-41.285714285714285,noop,saudi,,1042,11,saudi,standard
27.0,0.2857142857142857,1.0,518,-41.285714285714285,noop,saudi,,1042,12,saudi,standard
27.0,0.2857142857142857,1.0,518,-41.285714285714285,noop,saudi,,1042,13,saudi,standard
27.0,0.2857142857142857,1.0,583,-41.285714285714285,noop,saudi,,1042,14,saudi,standard
27.0,0.2857142857142857,1.0,512,-41.285714285714285,noop,saudi,,2042,0,saudi,standard
27.0,0.2857142857142857,1.0,436,-41.285714285714285,noop,saudi,,2042,1,saudi,standard
27.0,0.2857142857142857,1.0,488,-41.285714285714285,noop,saudi,,2042,2,saudi,standard
27.0,0.2857142857142857,1.0,501,-41.285714285714285,noop,saudi,,2042,3,saudi,standard
27.0,0.2857142857142857,1.0,615,-41.285714285714285,noop,saudi,,2042,4,saudi,standard
27.0,0.2857142857142857,1.0,493,-41.285714285714285,noop,saudi,,2042,5,saudi,standard
27.0,0.2857142857142857,1.0,520,-41.285714285714285,noop,saudi,,2042,6,saudi,standard
27.0,0.2857142857142857,1.0,555,-41.285714285714285,noop,saudi,,2042,7,saudi,standard
27.0,0.2857142857142857,1.0,407,-41.285714285714285,noop,saudi,,2042,8,saudi,standard
27.0,0.2857142857142857,1.0,516,-41.285714285714285,noop,saudi,,2042,9,saudi,standard
27.0,0.2857142857142857,1.0,383,-41.285714285714285,noop,saudi,,2042,10,saudi,standard
27.0,0.2857142857142857,1.0,598,-41.285714285714285,noop,saudi,,2042,11,saudi,standard
27.0,0.2857142857142857,1.0,608,-41.28571428571429,noop,saudi,,2042,12,saudi,standard
27.0,0.2857142857142857,1.0,468,-41.285714285714285,noop,saudi,,2042,13,saudi,standard
27.0,0.2857142857142857,1.0,447,-41.285714285714285,noop,saudi,,2042,14,saudi,standard
27.0,0.2857142857142857,1.0,480,-41.285714285714285,noop,saudi,,3042,0,saudi,standard
27.0,0.2857142857142857,1.0,466,-41.28571428571429,noop,saudi,,3042,1,saudi,standard
27.0,0.2857142857142857,1.0,571,-41.285714285714285,noop,saudi,,3042,2,saudi,standard
27.0,0.2857142857142857,1.0,448,-41.285714285714285,noop,saudi,,3042,3,saudi,standard
27.0,0.2857142857142857,1.0,556,-41.285714285714285,noop,saudi,,3042,4,saudi,standard
27.0,0.2857142857142857,1.0,466,-41.285714285714285,noop,saudi,,3042,5,saudi,standard
27.0,0.2857142857142857,1.0,551,-41.285714285714285,noop,saudi,,3042,6,saudi,standard
27.0,0.2857142857142857,1.0,389,-41.285714285714285,noop,saudi,,3042,7,saudi,standard
27.0,0.2857142857142857,1.0,523,-41.285714285714285,noop,saudi,,3042,8,saudi,standard
27.0,0.2857142857142857,1.0,496,-41.285714285714285,noop,saudi,,3042,9,saudi,standard
27.0,0.2857142857142857,1.0,580,-41.28571428571429,noop,saudi,,3042,10,saudi,standard
27.0,0.2857142857142857,1.0,440,-41.285714285714285,noop,saudi,,3042,11,saudi,standard
27.0,0.2857142857142857,1.0,519,-41.285714285714285,noop,saudi,,3042,12,saudi,standard
27.0,0.2857142857142857,1.0,494,-41.285714285714285,noop,saudi,,3042,13,saudi,standard
27.0,0.2857142857142857,1.0,436,-41.285714285714285,noop,saudi,,3042,14,saudi,standard
27.0,0.2857142857142857,1.0,447,-41.285714285714285,noop,saudi,,4042,0,saudi,standard
27.0,0.2857142857142857,1.0,492,-41.28571428571429,noop,saudi,,4042,1,saudi,standard
27.0,0.2857142857142857,1.0,565,-41.285714285714285,noop,saudi,,4042,2,saudi,standard
27.0,0.2857142857142857,1.0,391,-41.285714285714285,noop,saudi,,4042,3,saudi,standard
27.0,0.2857142857142857,1.0,612,-41.285714285714285,noop,saudi,,4042,4,saudi,standard
27.0,0.2857142857142857,1.0,423,-41.285714285714285,noop,saudi,,4042,5,saudi,standard
27.0,0.2857142857142857,1.0,451,-41.285714285714285,noop,saudi,,4042,6,saudi,standard
27.0,0.2857142857142857,1.0,497,-41.285714285714285,noop,saudi,,4042,7,saudi,standard
27.0,0.2857142857142857,1.0,483,-41.285714285714285,noop,saudi,,4042,8,saudi,standard
27.0,0.2857142857142857,1.0,564,-41.285714285714285,noop,saudi,,4042,9,saudi,standard
27.0,0.2857142857142857,1.0,504,-41.285714285714285,noop,saudi,,4042,10,saudi,standard
27.0,0.2857142857142857,1.0,514,-41.285714285714285,noop,saudi,,4042,11,saudi,standard
27.0,0.2857142857142857,1.0,541,-41.285714285714285,noop,saudi,,4042,12,saudi,standard
27.0,0.2857142857142857,1.0,543,-41.285714285714285,noop,saudi,,4042,13,saudi,standard
27.0,0.2857142857142857,1.0,599,-41.285714285714285,noop,saudi,,4042,14,saudi,standard
18.0,0.5714285714285714,0.9955849889624724,467,-26.571428571428577,value_first,saudi,,42,0,saudi,standard
27.0,0.2857142857142857,0.9977924944812362,349,-41.285714285714285,value_first,saudi,,42,1,saudi,standard
18.0,0.5714285714285714,0.9955849889624724,428,-26.571428571428577,value_first,saudi,,42,2,saudi,standard
18.0,0.5714285714285714,1.0,431,-26.571428571428577,value_first,saudi,,42,3,saudi,standard
18.0,0.5714285714285714,0.9977924944812362,412,-26.571428571428577,value_first,saudi,,42,4,saudi,standard
18.0,0.5714285714285714,0.9933774834437086,527,-26.571428571428573,value_first,saudi,,42,5,saudi,standard
18.0,0.5714285714285714,0.9977924944812362,468,-26.571428571428577,value_first,saudi,,42,6,saudi,standard
18.0,0.5714285714285714,1.0,407,-26.571428571428577,value_first,saudi,,42,7,saudi,standard
18.0,0.5714285714285714,0.9977924944812362,426,-26.571428571428577,value_first,saudi,,42,8,saudi,standard
18.0,0.5714285714285714,0.9933774834437086,581,-26.571428571428573,value_first,saudi,,42,9,saudi,standard
18.0,0.5714285714285714,0.9977924944812362,512,-26.571428571428577,value_first,saudi,,42,10,saudi,standard
18.0,0.5714285714285714,0.9955849889624724,471,-26.571428571428577,value_first,saudi,,42,11,saudi,standard
18.0,0.5714285714285714,0.9977924944812362,599,-26.571428571428577,value_first,saudi,,42,12,saudi,standard
18.0,0.5714285714285714,0.9955849889624724,623,-26.571428571428577,value_first,saudi,,42,13,saudi,standard
18.0,0.5714285714285714,0.9955849889624724,508,-26.571428571428573,value_first,saudi,,42,14,saudi,standard
18.0,0.5714285714285714,0.9955849889624724,510,-26.571428571428577,value_first,saudi,,1042,0,saudi,standard
18.0,0.5714285714285714,0.9955849889624724,424,-26.571428571428577,value_first,saudi,,1042,1,saudi,standard
18.0,0.5714285714285714,0.9977924944812362,435,-26.571428571428577,value_first,saudi,,1042,2,saudi,standard
18.0,0.5714285714285714,0.9977924944812362,510,-26.571428571428577,value_first,saudi,,1042,3,saudi,standard
27.0,0.2857142857142857,0.9977924944812362,380,-41.285714285714285,value_first,saudi,,1042,4,saudi,standard
18.0,0.5714285714285714,0.9977924944812362,503,-26.571428571428577,value_first,saudi,,1042,5,saudi,standard
18.0,0.5714285714285714,0.9955849889624724,424,-26.571428571428577,value_first,saudi,,1042,6,saudi,standard
18.0,0.5714285714285714,0.9955849889624724,528,-26.571428571428573,value_first,saudi,,1042,7,saudi,standard
18.0,0.5714285714285714,0.9955849889624724,523,-26.571428571428577,value_first,saudi,,1042,8,saudi,standard
18.0,0.5714285714285714,0.9977924944812362,509,-26.571428571428577,value_first,saudi,,1042,9,saudi,standard
18.0,0.5714285714285714,0.9955849889624724,395,-26.571428571428577,value_first,saudi,,1042,10,saudi,standard
18.0,0.5714285714285714,0.9955849889624724,428,-26.571428571428577,value_first,saudi,,1042,11,saudi,standard
18.0,0.5714285714285714,0.9977924944812362,495,-26.571428571428577,value_first,saudi,,1042,12,saudi,standard
18.0,0.5714285714285714,0.9955849889624724,502,-26.571428571428573,value_first,saudi,,1042,13,saudi,standard
18.0,0.5714285714285714,0.9955849889624724,567,-26.571428571428573,value_first,saudi,,1042,14,saudi,standard
27.0,0.2857142857142857,0.9977924944812362,486,-41.285714285714285,value_first,saudi,,2042,0,saudi,standard
27.0,0.2857142857142857,0.9977924944812362,427,-41.285714285714285,value_first,saudi,,2042,1,saudi,standard
18.0,0.5714285714285714,0.9977924944812362,451,-26.571428571428577,value_first,saudi,,2042,2,saudi,standard
18.0,0.5714285714285714,0.9977924944812362,478,-26.571428571428577,value_first,saudi,,2042,3,saudi,standard
18.0,0.5714285714285714,0.9933774834437086,599,-26.571428571428573,value_first,saudi,,2042,4,saudi,standard
18.0,0.5714285714285714,1.0,479,-26.571428571428577,value_first,saudi,,2042,5,saudi,standard
18.0,0.5714285714285714,0.9955849889624724,506,-26.571428571428577,value_first,saudi,,2042,6,saudi,standard
18.0,0.5714285714285714,0.9977924944812362,539,-26.571428571428573,value_first,saudi,,2042,7,saudi,standard
27.0,0.2857142857142857,0.9977924944812362,379,-41.285714285714285,value_first,saudi,,2042,8,saudi,standard
18.0,0.5714285714285714,0.9955849889624724,502,-26.571428571428577,value_first,saudi,,2042,9,saudi,standard
27.0,0.2857142857142857,1.0,356,-41.285714285714285,value_first,saudi,,2042,10,saudi,standard
18.0,0.5714285714285714,0.9933774834437086,582,-26.571428571428573,value_first,saudi,,2042,11,saudi,standard
18.0,0.5714285714285714,0.9933774834437086,601,-26.571428571428577,value_first,saudi,,2042,12,saudi,standard
18.0,0.5714285714285714,0.9955849889624724,445,-26.571428571428577,value_first,saudi,,2042,13,saudi,standard
18.0,0.5714285714285714,1.0,414,-26.571428571428577,value_first,saudi,,2042,14,saudi,standard
18.0,0.5714285714285714,0.9955849889624724,455,-26.571428571428573,value_first,saudi,,3042,0,saudi,standard
18.0,0.5714285714285714,0.9911699779249448,459,-26.571428571428577,value_first,saudi,,3042,1,saudi,standard
18.0,0.5714285714285714,0.9977924944812362,546,-26.571428571428573,value_first,saudi,,3042,2,saudi,standard
18.0,0.5714285714285714,0.9955849889624724,425,-26.571428571428577,value_first,saudi,,3042,3,saudi,standard
18.0,0.5714285714285714,0.9977924944812362,533,-26.571428571428577,value_first,saudi,,3042,4,saudi,standard
18.0,0.5714285714285714,0.9955849889624724,443,-26.571428571428577,value_first,saudi,,3042,5,saudi,standard
18.0,0.5714285714285714,0.9977924944812362,535,-26.571428571428577,value_first,saudi,,3042,6,saudi,standard
27.0,0.2857142857142857,0.9977924944812362,360,-41.285714285714285,value_first,saudi,,3042,7,saudi,standard
18.0,0.5714285714285714,1.0,509,-26.571428571428577,value_first,saudi,,3042,8,saudi,standard
18.0,0.5714285714285714,0.9977924944812362,473,-26.571428571428577,value_first,saudi,,3042,9,saudi,standard
18.0,0.5714285714285714,0.9911699779249448,573,-26.571428571428577,value_first,saudi,,3042,10,saudi,standard
18.0,0.5714285714285714,1.0,407,-26.571428571428577,value_first,saudi,,3042,11,saudi,standard
18.0,0.5714285714285714,0.9955849889624724,503,-26.571428571428573,value_first,saudi,,3042,12,saudi,standard
18.0,0.5714285714285714,1.0,480,-26.571428571428577,value_first,saudi,,3042,13,saudi,standard
18.0,0.5714285714285714,0.9955849889624724,420,-26.571428571428577,value_first,saudi,,3042,14,saudi,standard
18.0,0.5714285714285714,0.9955849889624724,424,-26.571428571428577,value_first,saudi,,4042,0,saudi,standard
18.0,0.5714285714285714,0.9955849889624724,476,-26.571428571428577,value_first,saudi,,4042,1,saudi,standard
18.0,0.5714285714285714,0.9977924944812362,551,-26.571428571428577,value_first,saudi,,4042,2,saudi,standard
18.0,0.5714285714285714,0.9977924944812362,357,-26.571428571428577,value_first,saudi,,4042,3,saudi,standard
18.0,0.5714285714285714,0.9955849889624724,596,-26.571428571428573,value_first,saudi,,4042,4,saudi,standard
18.0,0.5714285714285714,0.9955849889624724,402,-26.571428571428577,value_first,saudi,,4042,5,saudi,standard
18.0,0.5714285714285714,0.9955849889624724,428,-26.571428571428577,value_first,saudi,,4042,6,saudi,standard
18.0,0.5714285714285714,0.9955849889624724,482,-26.571428571428577,value_first,saudi,,4042,7,saudi,standard
18.0,0.5714285714285714,1.0,460,-26.571428571428577,value_first,saudi,,4042,8,saudi,standard
18.0,0.5714285714285714,0.9977924944812362,541,-26.571428571428577,value_first,saudi,,4042,9,saudi,standard
18.0,0.5714285714285714,1.0,490,-26.571428571428577,value_first,saudi,,4042,10,saudi,standard
18.0,0.5714285714285714,0.9977924944812362,491,-26.571428571428577,value_first,saudi,,4042,11,saudi,standard
18.0,0.5714285714285714,0.9977924944812362,518,-26.571428571428577,value_first,saudi,,4042,12,saudi,standard
18.0,0.5714285714285714,0.9977924944812362,520,-26.571428571428577,value_first,saudi,,4042,13,saudi,standard
18.0,0.5714285714285714,0.9977924944812362,583,-26.571428571428573,value_first,saudi,,4042,14,saudi,standard
23.0,0.4285714285714285,0.4188034188034188,116,-37.02857142857143,local_reactive,saudi,,42,0,saudi,standard
9.0,0.7142857142857143,0.4345991561181435,47,-16.614285714285707,local_reactive,saudi,,42,1,saudi,standard
17.0,0.5714285714285714,0.4242424242424242,149,-27.871428571428567,local_reactive,saudi,,42,2,saudi,standard
13.0,0.7142857142857143,0.656084656084656,84,-19.81428571428571,local_reactive,saudi,,42,3,saudi,standard
9.0,0.7142857142857143,0.3984962406015037,79,-17.614285714285707,local_reactive,saudi,,42,4,saudi,standard
0.0,1.0,1.0,0,0.0,local_reactive,saudi,,42,5,saudi,standard
0.0,1.0,1.0,0,0.0,local_reactive,saudi,,42,6,saudi,standard
19.0,0.5714285714285714,0.5897435897435898,72,-29.371428571428567,local_reactive,saudi,,42,7,saudi,standard
19.0,0.5714285714285714,0.5113636363636364,87,-30.971428571428568,local_reactive,saudi,,42,8,saudi,standard
0.0,1.0,1.0,0,0.0,local_reactive,saudi,,42,9,saudi,standard
17.0,0.5714285714285714,0.4285714285714285,190,-28.67142857142856,local_reactive,saudi,,42,10,saudi,standard
23.0,0.4285714285714285,0.4188034188034188,116,-37.02857142857143,local_reactive,saudi,,42,11,saudi,standard
20.0,0.5714285714285714,0.5233644859813084,139,-31.671428571428574,local_reactive,saudi,,42,12,saudi,standard
0.0,1.0,1.0,0,0.0,local_reactive,saudi,,42,13,saudi,standard
0.0,1.0,1.0,0,0.0,local_reactive,saudi,,42,14,saudi,standard
17.0,0.5714285714285714,0.3777777777777777,226,-29.77142857142856,local_reactive,saudi,,1042,0,saudi,standard
4.0,0.8571428571428571,0.5458333333333333,75,-8.457142857142852,local_reactive,saudi,,1042,1,saudi,standard
19.0,0.5714285714285714,0.5077519379844961,87,-30.971428571428568,local_reactive,saudi,,1042,2,saudi,standard
23.0,0.4285714285714285,0.4130434782608695,172,-38.62857142857148,local_reactive,saudi,,1042,3,saudi,standard
9.0,0.7142857142857143,0.4603174603174603,57,-17.414285714285704,local_reactive,saudi,,1042,4,saudi,standard
14.0,0.7142857142857143,0.3917274939172749,111,-24.8142857142857,local_reactive,saudi,,1042,5,saudi,standard
16.0,0.7142857142857143,0.472463768115942,79,-23.51428571428571,local_reactive,saudi,,1042,6,saudi,standard
0.0,1.0,1.0,0,0.0,local_reactive,saudi,,1042,7,saudi,standard
23.0,0.4285714285714285,0.4567901234567901,136,-36.42857142857144,local_reactive,saudi,,1042,8,saudi,standard
14.0,0.7142857142857143,0.4345991561181435,111,-22.214285714285708,local_reactive,saudi,,1042,9,saudi,standard
13.0,0.7142857142857143,0.5089605734767025,59,-20.61428571428571,local_reactive,saudi,,1042,10,saudi,standard
4.0,0.8571428571428571,0.5324675324675324,77,-8.457142857142859,local_reactive,saudi,,1042,11,saudi,standard
23.0,0.4285714285714285,0.4523809523809524,199,-37.52857142857147,local_reactive,saudi,,1042,12,saudi,standard
0.0,1.0,1.0,0,0.0,local_reactive,saudi,,1042,13,saudi,standard
0.0,1.0,1.0,0,0.0,local_reactive,saudi,,1042,14,saudi,standard
19.0,0.5714285714285714,0.3825503355704698,99,-32.67142857142857,local_reactive,saudi,,2042,0,saudi,standard
9.0,0.7142857142857143,0.4809523809523809,56,-17.314285714285706,local_reactive,saudi,,2042,1,saudi,standard
19.0,0.5714285714285714,0.3841059602649007,110,-30.57142857142856,local_reactive,saudi,,2042,2,saudi,standard
19.0,0.5714285714285714,0.5748792270531401,96,-29.871428571428574,local_reactive,saudi,,2042,3,saudi,standard
0.0,1.0,0.9444444444444444,0,0.0,local_reactive,saudi,,2042,4,saudi,standard
14.0,0.7142857142857143,0.4059139784946236,201,-24.0142857142857,local_reactive,saudi,,2042,5,saudi,standard
14.0,0.7142857142857143,0.4313725490196078,219,-22.614285714285703,local_reactive,saudi,,2042,6,saudi,standard
0.0,1.0,1.0,0,0.0,local_reactive,saudi,,2042,7,saudi,standard
9.0,0.7142857142857143,0.44,59,-17.814285714285706,local_reactive,saudi,,2042,8,saudi,standard
14.0,0.7142857142857143,0.3968253968253968,239,-22.914285714285707,local_reactive,saudi,,2042,9,saudi,standard
9.0,0.7142857142857143,0.3988095238095238,66,-17.214285714285708,local_reactive,saudi,,2042,10,saudi,standard
0.0,1.0,1.0,0,0.0,local_reactive,saudi,,2042,11,saudi,standard
4.0,0.8571428571428571,0.7037037037037037,113,-8.457142857142854,local_reactive,saudi,,2042,12,saudi,standard
20.0,0.5714285714285714,0.3916666666666666,168,-33.27142857142858,local_reactive,saudi,,2042,13,saudi,standard
13.0,0.7142857142857143,0.639344262295082,75,-19.81428571428571,local_reactive,saudi,,2042,14,saudi,standard
14.0,0.7142857142857143,0.4292237442922374,109,-21.91428571428571,local_reactive,saudi,,3042,0,saudi,standard
0.0,1.0,0.6073059360730594,52,-1.499999999999999,local_reactive,saudi,,3042,1,saudi,standard
0.0,1.0,1.0,0,0.0,local_reactive,saudi,,3042,2,saudi,standard
16.0,0.7142857142857143,0.4842767295597484,75,-24.114285714285707,local_reactive,saudi,,3042,3,saudi,standard
14.0,0.7142857142857143,0.592156862745098,105,-22.51428571428572,local_reactive,saudi,,3042,4,saudi,standard
20.0,0.5714285714285714,0.3926553672316384,166,-33.27142857142858,local_reactive,saudi,,3042,5,saudi,standard
14.0,0.7142857142857143,0.5607843137254902,95,-21.51428571428572,local_reactive,saudi,,3042,6,saudi,standard
9.0,0.7142857142857143,0.5192307692307693,46,-16.51428571428571,local_reactive,saudi,,3042,7,saudi,standard
17.0,0.5714285714285714,0.3977011494252873,211,-31.471428571428557,local_reactive,saudi,,3042,8,saudi,standard
23.0,0.4285714285714285,0.4407407407407407,195,-37.928571428571466,local_reactive,saudi,,3042,9,saudi,standard
4.0,0.8571428571428571,0.78125,83,-8.057142857142857,local_reactive,saudi,,3042,10,saudi,standard
19.0,0.5714285714285714,0.6025641025641025,76,-29.57142857142857,local_reactive,saudi,,3042,11,saudi,standard
0.0,1.0,1.0,0,0.0,local_reactive,saudi,,3042,12,saudi,standard
14.0,0.7142857142857143,0.4356060606060606,206,-22.814285714285703,local_reactive,saudi,,3042,13,saudi,standard
4.0,0.8571428571428571,0.3824561403508772,136,-10.057142857142852,local_reactive,saudi,,3042,14,saudi,standard
16.0,0.7142857142857143,0.4712643678160919,79,-23.714285714285708,local_reactive,saudi,,4042,0,saudi,standard
0.0,1.0,0.5657894736842105,63,-1.6999999999999968,local_reactive,saudi,,4042,1,saudi,standard
23.0,0.4285714285714285,0.4568965517241379,149,-36.928571428571445,local_reactive,saudi,,4042,2,saudi,standard
19.0,0.5714285714285714,0.3977591036414565,83,-29.971428571428564,local_reactive,saudi,,4042,3,saudi,standard
0.0,1.0,1.0,0,0.0,local_reactive,saudi,,4042,4,saudi,standard
13.0,0.7142857142857143,0.5487179487179488,69,-20.01428571428571,local_reactive,saudi,,4042,5,saudi,standard
16.0,0.7142857142857143,0.5261044176706827,80,-23.31428571428571,local_reactive,saudi,,4042,6,saudi,standard
17.0,0.5714285714285714,0.4009009009009009,197,-28.57142857142856,local_reactive,saudi,,4042,7,saudi,standard
10.0,0.8571428571428571,0.6772486772486772,93,-13.757142857142853,local_reactive,saudi,,4042,8,saudi,standard
23.0,0.4285714285714285,0.4568965517241379,145,-36.928571428571445,local_reactive,saudi,,4042,9,saudi,standard
14.0,0.7142857142857143,0.437984496124031,209,-22.814285714285703,local_reactive,saudi,,4042,10,saudi,standard
23.0,0.4285714285714285,0.4583333333333333,200,-37.12857142857146,local_reactive,saudi,,4042,11,saudi,standard
17.0,0.5714285714285714,0.4175824175824176,241,-28.87142857142856,local_reactive,saudi,,4042,12,saudi,standard
23.0,0.4285714285714285,0.4102564102564102,234,-39.12857142857149,local_reactive,saudi,,4042,13,saudi,standard
0.0,1.0,1.0,0,0.0,local_reactive,saudi,,4042,14,saudi,standard
0.0,1.0,0.9249448123620309,118,-0.4,commnet,saudi,42.0,42,0,saudi,standard
13.0,0.5714285714285714,0.9315673289183224,224,-21.77142857142857,commnet,saudi,42.0,42,1,saudi,standard
14.0,0.7142857142857143,0.9602649006622516,249,-19.91428571428571,commnet,saudi,42.0,42,2,saudi,standard
19.0,0.5714285714285714,0.9470198675496688,249,-28.07142857142857,commnet,saudi,42.0,42,3,saudi,standard
6.0,0.8571428571428571,0.9094922737306844,119,-9.357142857142858,commnet,saudi,42.0,42,4,saudi,standard
10.0,0.7142857142857143,0.9536423841059604,338,-16.014285714285712,commnet,saudi,42.0,42,5,saudi,standard
0.0,1.0,0.7218543046357616,167,-0.3,commnet,saudi,42.0,42,6,saudi,standard
0.0,1.0,0.9668874172185432,131,-0.3,commnet,saudi,42.0,42,7,saudi,standard
9.0,0.7142857142857143,0.9381898454746136,215,-14.914285714285713,commnet,saudi,42.0,42,8,saudi,standard
10.0,0.7142857142857143,0.9536423841059604,410,-16.014285714285712,commnet,saudi,42.0,42,9,saudi,standard
4.0,0.8571428571428571,0.9315673289183224,271,-7.357142857142858,commnet,saudi,42.0,42,10,saudi,standard
0.0,1.0,0.9249448123620309,119,-0.4,commnet,saudi,42.0,42,11,saudi,standard
4.0,0.8571428571428571,0.9315673289183224,461,-7.357142857142858,commnet,saudi,42.0,42,12,saudi,standard
0.0,1.0,0.9183222958057397,347,-0.4,commnet,saudi,42.0,42,13,saudi,standard
0.0,1.0,0.958057395143488,222,-0.3,commnet,saudi,42.0,42,14,saudi,standard
9.0,0.7142857142857143,0.7637969094922737,343,-14.814285714285711,commnet,saudi,42.0,1042,0,saudi,standard
4.0,0.8571428571428571,1.0,250,-6.857142857142858,commnet,saudi,42.0,1042,1,saudi,standard
19.0,0.5714285714285714,0.9381898454746136,214,-27.77142857142857,commnet,saudi,42.0,1042,2,saudi,standard
23.0,0.4285714285714285,0.6865342163355408,348,-34.628571428571426,commnet,saudi,42.0,1042,3,saudi,standard
13.0,0.5714285714285714,0.8896247240618101,243,-21.77142857142857,commnet,saudi,42.0,1042,4,saudi,standard
0.0,1.0,0.958057395143488,264,-0.3,commnet,saudi,42.0,1042,5,saudi,standard
10.0,0.8571428571428571,0.9602649006622516,250,-13.157142857142857,commnet,saudi,42.0,1042,6,saudi,standard
4.0,0.8571428571428571,0.6887417218543046,379,-7.257142857142858,commnet,saudi,42.0,1042,7,saudi,standard
4.0,0.8571428571428571,0.9028697571743928,357,-7.357142857142858,commnet,saudi,42.0,1042,8,saudi,standard
0.0,1.0,0.9072847682119204,299,-0.3,commnet,saudi,42.0,1042,9,saudi,standard
10.0,0.8571428571428571,0.7019867549668874,243,-13.157142857142857,commnet,saudi,42.0,1042,10,saudi,standard
8.0,0.7142857142857143,1.0,258,-13.714285714285714,commnet,saudi,42.0,1042,11,saudi,standard
14.0,0.7142857142857143,0.8565121412803532,336,-19.91428571428571,commnet,saudi,42.0,1042,12,saudi,standard
4.0,0.8571428571428571,0.9426048565121412,299,-7.1571428571428575,commnet,saudi,42.0,1042,13,saudi,standard
10.0,0.7142857142857143,0.869757174392936,390,-16.014285714285712,commnet,saudi,42.0,1042,14,saudi,standard
23.0,0.4285714285714285,0.6821192052980133,368,-34.528571428571425,commnet,saudi,42.0,2042,0,saudi,standard
0.0,1.0,0.9271523178807948,126,-0.4000000000000003,commnet,saudi,42.0,2042,1,saudi,standard
19.0,0.5714285714285714,0.6865342163355408,278,-27.77142857142857,commnet,saudi,42.0,2042,2,saudi,standard
0.0,1.0,0.9668874172185432,248,-0.3,commnet,saudi,42.0,2042,3,saudi,standard
10.0,0.7142857142857143,0.8300220750551877,424,-16.014285714285712,commnet,saudi,42.0,2042,4,saudi,standard
6.0,0.8571428571428571,0.9867549668874172,293,-8.957142857142857,commnet,saudi,42.0,2042,5,saudi,standard
14.0,0.7142857142857143,0.6843267108167771,365,-20.014285714285712,commnet,saudi,42.0,2042,6,saudi,standard
0.0,1.0,0.958057395143488,333,-0.3,commnet,saudi,42.0,2042,7,saudi,standard
13.0,0.5714285714285714,0.8896247240618101,242,-21.77142857142857,commnet,saudi,42.0,2042,8,saudi,standard
4.0,0.8571428571428571,0.6887417218543046,357,-7.157142857142857,commnet,saudi,42.0,2042,9,saudi,standard
13.0,0.5714285714285714,0.9050772626931568,197,-21.77142857142857,commnet,saudi,42.0,2042,10,saudi,standard
10.0,0.7142857142857143,0.9536423841059604,411,-16.014285714285712,commnet,saudi,42.0,2042,11,saudi,standard
0.0,1.0,0.7483443708609272,393,-0.7,commnet,saudi,42.0,2042,12,saudi,standard
10.0,0.8571428571428571,0.93598233995585,249,-13.157142857142857,commnet,saudi,42.0,2042,13,saudi,standard
23.0,0.4285714285714285,0.8543046357615894,275,-34.528571428571425,commnet,saudi,42.0,2042,14,saudi,standard
0.0,1.0,0.6865342163355408,137,-0.4,commnet,saudi,42.0,3042,0,saudi,standard
0.0,1.0,0.9470198675496688,102,-0.3,commnet,saudi,42.0,3042,1,saudi,standard
0.0,1.0,0.958057395143488,327,-0.3,commnet,saudi,42.0,3042,2,saudi,standard
10.0,0.8571428571428571,0.9602649006622516,266,-13.157142857142857,commnet,saudi,42.0,3042,3,saudi,standard
14.0,0.7142857142857143,0.6887417218543046,399,-20.114285714285717,commnet,saudi,42.0,3042,4,saudi,standard
14.0,0.7142857142857143,0.9668874172185432,276,-19.91428571428571,commnet,saudi,42.0,3042,5,saudi,standard
4.0,0.8571428571428571,0.6821192052980133,355,-7.257142857142858,commnet,saudi,42.0,3042,6,saudi,standard
13.0,0.5714285714285714,0.9249448123620309,237,-21.77142857142857,commnet,saudi,42.0,3042,7,saudi,standard
23.0,0.4285714285714285,0.9867549668874172,329,-34.528571428571425,commnet,saudi,42.0,3042,8,saudi,standard
16.0,0.7142857142857143,0.6909492273730684,243,-21.91428571428571,commnet,saudi,42.0,3042,9,saudi,standard
0.0,1.0,0.933774834437086,387,-0.4,commnet,saudi,42.0,3042,10,saudi,standard
14.0,0.7142857142857143,0.7593818984547461,271,-19.91428571428571,commnet,saudi,42.0,3042,11,saudi,standard
4.0,0.8571428571428571,0.6865342163355408,315,-7.257142857142858,commnet,saudi,42.0,3042,12,saudi,standard
10.0,0.8571428571428571,0.6821192052980133,292,-13.257142857142856,commnet,saudi,42.0,3042,13,saudi,standard
24.0,0.4285714285714285,0.6821192052980133,279,-35.72857142857143,commnet,saudi,42.0,3042,14,saudi,standard
10.0,0.8571428571428571,0.9602649006622516,250,-13.157142857142857,commnet,saudi,42.0,4042,0,saudi,standard
0.0,1.0,0.9470198675496688,127,-0.3,commnet,saudi,42.0,4042,1,saudi,standard
14.0,0.7142857142857143,0.6865342163355408,411,-20.114285714285717,commnet,saudi,42.0,4042,2,saudi,standard
13.0,0.5714285714285714,0.6865342163355408,208,-21.77142857142857,commnet,saudi,42.0,4042,3,saudi,standard
0.0,1.0,0.958057395143488,351,-0.3,commnet,saudi,42.0,4042,4,saudi,standard
10.0,0.8571428571428571,0.7019867549668874,248,-13.157142857142857,commnet,saudi,42.0,4042,5,saudi,standard
14.0,0.7142857142857143,0.9690949227373068,248,-19.91428571428571,commnet,saudi,42.0,4042,6,saudi,standard
18.0,0.5714285714285714,0.6821192052980133,328,-27.071428571428577,commnet,saudi,42.0,4042,7,saudi,standard
10.0,0.8571428571428571,0.6821192052980133,320,-13.057142857142855,commnet,saudi,42.0,4042,8,saudi,standard
14.0,0.7142857142857143,0.8123620309050773,409,-20.114285714285717,commnet,saudi,42.0,4042,9,saudi,standard
20.0,0.5714285714285714,0.7262693156732892,314,-28.77142857142857,commnet,saudi,42.0,4042,10,saudi,standard
14.0,0.7142857142857143,0.8543046357615894,332,-19.91428571428571,commnet,saudi,42.0,4042,11,saudi,standard
10.0,0.8571428571428571,0.7593818984547461,348,-13.257142857142856,commnet,saudi,42.0,4042,12,saudi,standard
20.0,0.5714285714285714,0.6997792494481236,370,-28.77142857142857,commnet,saudi,42.0,4042,13,saudi,standard
4.0,0.8571428571428571,0.7262693156732892,458,-7.1571428571428575,commnet,saudi,42.0,4042,14,saudi,standard
10.0,0.7142857142857143,1.0,164,-15.714285714285714,commnet,saudi,1042.0,42,0,saudi,standard
23.0,0.4285714285714285,1.0,150,-34.42857142857143,commnet,saudi,1042.0,42,1,saudi,standard
27.0,0.2857142857142857,0.6975717439293598,293,-41.285714285714285,commnet,saudi,1042.0,42,2,saudi,standard
16.0,0.7142857142857143,1.0,144,-21.714285714285715,commnet,saudi,1042.0,42,3,saudi,standard
9.0,0.7142857142857143,1.0,107,-14.714285714285714,commnet,saudi,1042.0,42,4,saudi,standard
10.0,0.7142857142857143,1.0,73,-15.714285714285714,commnet,saudi,1042.0,42,5,saudi,standard
6.0,0.8571428571428571,1.0,74,-8.857142857142858,commnet,saudi,1042.0,42,6,saudi,standard
6.0,0.8571428571428571,1.0,134,-8.857142857142858,commnet,saudi,1042.0,42,7,saudi,standard
9.0,0.7142857142857143,1.0,118,-14.714285714285714,commnet,saudi,1042.0,42,8,saudi,standard
10.0,0.7142857142857143,1.0,385,-15.714285714285714,commnet,saudi,1042.0,42,9,saudi,standard
10.0,0.7142857142857143,1.0,207,-15.714285714285714,commnet,saudi,1042.0,42,10,saudi,standard
10.0,0.7142857142857143,1.0,175,-15.714285714285714,commnet,saudi,1042.0,42,11,saudi,standard
24.0,0.4285714285714285,1.0,498,-35.42857142857143,commnet,saudi,1042.0,42,12,saudi,standard
6.0,0.8571428571428571,0.7041942604856513,104,-8.857142857142858,commnet,saudi,1042.0,42,13,saudi,standard
6.0,0.8571428571428571,1.0,76,-8.857142857142858,commnet,saudi,1042.0,42,14,saudi,standard
24.0,0.4285714285714285,1.0,337,-35.42857142857143,commnet,saudi,1042.0,1042,0,saudi,standard
24.0,0.4285714285714285,0.9094922737306844,198,-36.02857142857143,commnet,saudi,1042.0,1042,1,saudi,standard
23.0,0.4285714285714285,1.0,261,-34.42857142857143,commnet,saudi,1042.0,1042,2,saudi,standard
27.0,0.2857142857142857,1.0,344,-41.285714285714285,commnet,saudi,1042.0,1042,3,saudi,standard
23.0,0.4285714285714285,1.0,175,-34.42857142857143,commnet,saudi,1042.0,1042,4,saudi,standard
10.0,0.7142857142857143,1.0,262,-15.714285714285714,commnet,saudi,1042.0,1042,5,saudi,standard
14.0,0.5714285714285714,1.0,285,-22.571428571428573,commnet,saudi,1042.0,1042,6,saudi,standard
6.0,0.8571428571428571,1.0,73,-8.857142857142858,commnet,saudi,1042.0,1042,7,saudi,standard
24.0,0.4285714285714285,1.0,395,-35.42857142857143,commnet,saudi,1042.0,1042,8,saudi,standard
10.0,0.7142857142857143,1.0,277,-15.714285714285714,commnet,saudi,1042.0,1042,9,saudi,standard
18.0,0.5714285714285714,0.9911699779249448,270,-26.67142857142857,commnet,saudi,1042.0,1042,10,saudi,standard
24.0,0.4285714285714285,0.9161147902869756,205,-35.72857142857143,commnet,saudi,1042.0,1042,11,saudi,standard
10.0,0.7142857142857143,0.9955849889624724,272,-15.714285714285714,commnet,saudi,1042.0,1042,12,saudi,standard
6.0,0.8571428571428571,1.0,76,-8.857142857142858,commnet,saudi,1042.0,1042,13,saudi,standard
10.0,0.7142857142857143,1.0,201,-15.714285714285714,commnet,saudi,1042.0,1042,14,saudi,standard
17.0,0.4285714285714285,1.0,318,-28.42857142857143,commnet,saudi,1042.0,2042,0,saudi,standard
6.0,0.8571428571428571,1.0,102,-8.857142857142858,commnet,saudi,1042.0,2042,1,saudi,standard
9.0,0.7142857142857143,1.0,162,-14.714285714285714,commnet,saudi,1042.0,2042,2,saudi,standard
6.0,0.8571428571428571,1.0,243,-8.857142857142858,commnet,saudi,1042.0,2042,3,saudi,standard
14.0,0.7142857142857143,1.0,440,-19.714285714285715,commnet,saudi,1042.0,2042,4,saudi,standard
24.0,0.4285714285714285,1.0,293,-35.42857142857143,commnet,saudi,1042.0,2042,5,saudi,standard
14.0,0.5714285714285714,1.0,367,-22.571428571428573,commnet,saudi,1042.0,2042,6,saudi,standard
10.0,0.7142857142857143,1.0,168,-15.714285714285714,commnet,saudi,1042.0,2042,7,saudi,standard
23.0,0.4285714285714285,1.0,175,-34.42857142857143,commnet,saudi,1042.0,2042,8,saudi,standard
24.0,0.4285714285714285,1.0,360,-35.42857142857143,commnet,saudi,1042.0,2042,9,saudi,standard
9.0,0.7142857142857143,1.0,171,-14.714285714285714,commnet,saudi,1042.0,2042,10,saudi,standard
10.0,0.7142857142857143,1.0,386,-15.714285714285714,commnet,saudi,1042.0,2042,11,saudi,standard
6.0,0.8571428571428571,0.7041942604856513,107,-8.857142857142858,commnet,saudi,1042.0,2042,12,saudi,standard
14.0,0.7142857142857143,1.0,263,-19.714285714285715,commnet,saudi,1042.0,2042,13,saudi,standard
16.0,0.7142857142857143,1.0,157,-21.714285714285715,commnet,saudi,1042.0,2042,14,saudi,standard
6.0,0.8571428571428571,1.0,41,-8.857142857142858,commnet,saudi,1042.0,3042,0,saudi,standard
6.0,0.8571428571428571,1.0,60,-8.857142857142858,commnet,saudi,1042.0,3042,1,saudi,standard
6.0,0.8571428571428571,1.0,200,-8.857142857142858,commnet,saudi,1042.0,3042,2,saudi,standard
14.0,0.5714285714285714,1.0,288,-22.571428571428573,commnet,saudi,1042.0,3042,3,saudi,standard
10.0,0.7142857142857143,1.0,283,-15.714285714285714,commnet,saudi,1042.0,3042,4,saudi,standard
14.0,0.7142857142857143,1.0,256,-19.714285714285715,commnet,saudi,1042.0,3042,5,saudi,standard
10.0,0.7142857142857143,1.0,175,-15.714285714285714,commnet,saudi,1042.0,3042,6,saudi,standard
9.0,0.7142857142857143,1.0,82,-14.714285714285714,commnet,saudi,1042.0,3042,7,saudi,standard
24.0,0.4285714285714285,1.0,379,-35.42857142857143,commnet,saudi,1042.0,3042,8,saudi,standard
24.0,0.4285714285714285,0.8013245033112583,297,-35.42857142857143,commnet,saudi,1042.0,3042,9,saudi,standard
10.0,0.7142857142857143,0.7041942604856513,164,-15.714285714285714,commnet,saudi,1042.0,3042,10,saudi,standard
16.0,0.7142857142857143,1.0,150,-21.714285714285715,commnet,saudi,1042.0,3042,11,saudi,standard
6.0,0.8571428571428571,1.0,73,-8.857142857142858,commnet,saudi,1042.0,3042,12,saudi,standard
24.0,0.4285714285714285,1.0,296,-35.42857142857143,commnet,saudi,1042.0,3042,13,saudi,standard
20.0,0.5714285714285714,1.0,237,-28.571428571428577,commnet,saudi,1042.0,3042,14,saudi,standard
14.0,0.5714285714285714,1.0,285,-22.571428571428573,commnet,saudi,1042.0,4042,0,saudi,standard
6.0,0.8571428571428571,1.0,61,-8.857142857142858,commnet,saudi,1042.0,4042,1,saudi,standard
10.0,0.7142857142857143,1.0,324,-15.714285714285714,commnet,saudi,1042.0,4042,2,saudi,standard
9.0,0.7142857142857143,1.0,150,-14.714285714285714,commnet,saudi,1042.0,4042,3,saudi,standard
10.0,0.7142857142857143,1.0,250,-15.714285714285714,commnet,saudi,1042.0,4042,4,saudi,standard
16.0,0.7142857142857143,0.977924944812362,273,-21.814285714285717,commnet,saudi,1042.0,4042,5,saudi,standard
14.0,0.5714285714285714,1.0,290,-22.571428571428573,commnet,saudi,1042.0,4042,6,saudi,standard
10.0,0.7142857142857143,1.0,204,-15.714285714285714,commnet,saudi,1042.0,4042,7,saudi,standard
16.0,0.7142857142857143,1.0,201,-21.714285714285715,commnet,saudi,1042.0,4042,8,saudi,standard
10.0,0.7142857142857143,1.0,316,-15.714285714285714,commnet,saudi,1042.0,4042,9,saudi,standard
24.0,0.4285714285714285,1.0,279,-35.42857142857143,commnet,saudi,1042.0,4042,10,saudi,standard
10.0,0.7142857142857143,0.9403973509933776,237,-15.714285714285714,commnet,saudi,1042.0,4042,11,saudi,standard
10.0,0.7142857142857143,1.0,128,-15.714285714285714,commnet,saudi,1042.0,4042,12,saudi,standard
24.0,0.4285714285714285,0.7019867549668874,440,-35.42857142857143,commnet,saudi,1042.0,4042,13,saudi,standard
6.0,0.8571428571428571,1.0,127,-8.857142857142858,commnet,saudi,1042.0,4042,14,saudi,standard
4.0,0.8571428571428571,0.7130242825607064,184,-7.1571428571428575,commnet,saudi,2042.0,42,0,saudi,standard
23.0,0.4285714285714285,0.8984547461368654,216,-34.528571428571425,commnet,saudi,2042.0,42,1,saudi,standard
18.0,0.5714285714285714,0.6997792494481236,339,-26.77142857142857,commnet,saudi,2042.0,42,2,saudi,standard
14.0,0.7142857142857143,1.0,239,-19.714285714285715,commnet,saudi,2042.0,42,3,saudi,standard
0.0,1.0,0.7902869757174393,121,-0.3,commnet,saudi,2042.0,42,4,saudi,standard
6.0,0.8571428571428571,0.739514348785872,152,-9.157142857142858,commnet,saudi,2042.0,42,5,saudi,standard
6.0,0.8571428571428571,0.7947019867549668,127,-9.157142857142858,commnet,saudi,2042.0,42,6,saudi,standard
20.0,0.5714285714285714,0.869757174392936,279,-28.67142857142857,commnet,saudi,2042.0,42,7,saudi,standard
23.0,0.4285714285714285,0.6865342163355408,294,-34.528571428571425,commnet,saudi,2042.0,42,8,saudi,standard
0.0,1.0,0.6843267108167771,229,-0.3,commnet,saudi,2042.0,42,9,saudi,standard
18.0,0.5714285714285714,0.8631346578366446,378,-26.67142857142857,commnet,saudi,2042.0,42,10,saudi,standard
4.0,0.8571428571428571,0.7152317880794702,195,-7.1571428571428575,commnet,saudi,2042.0,42,11,saudi,standard
4.0,0.8571428571428571,0.8410596026490066,452,-7.1571428571428575,commnet,saudi,2042.0,42,12,saudi,standard
0.0,1.0,0.8741721854304636,231,-0.2,commnet,saudi,2042.0,42,13,saudi,standard
6.0,0.8571428571428571,0.8631346578366446,147,-9.157142857142858,commnet,saudi,2042.0,42,14,saudi,standard
14.0,0.7142857142857143,0.7108167770419426,361,-19.814285714285717,commnet,saudi,2042.0,1042,0,saudi,standard
18.0,0.5714285714285714,0.6843267108167771,283,-26.871428571428574,commnet,saudi,2042.0,1042,1,saudi,standard
23.0,0.4285714285714285,0.6865342163355408,303,-34.528571428571425,commnet,saudi,2042.0,1042,2,saudi,standard
27.0,0.2857142857142857,0.7041942604856513,416,-41.38571428571428,commnet,saudi,2042.0,1042,3,saudi,standard
23.0,0.4285714285714285,0.6865342163355408,265,-34.528571428571425,commnet,saudi,2042.0,1042,4,saudi,standard
0.0,1.0,0.6865342163355408,156,-0.3,commnet,saudi,2042.0,1042,5,saudi,standard
14.0,0.7142857142857143,0.6931567328918322,289,-19.91428571428571,commnet,saudi,2042.0,1042,6,saudi,standard
6.0,0.8571428571428571,0.8344370860927153,150,-9.157142857142858,commnet,saudi,2042.0,1042,7,saudi,standard
4.0,0.8571428571428571,0.6887417218543046,274,-7.1571428571428575,commnet,saudi,2042.0,1042,8,saudi,standard
0.0,1.0,0.6865342163355408,161,-0.3,commnet,saudi,2042.0,1042,9,saudi,standard
18.0,0.5714285714285714,0.6887417218543046,288,-26.77142857142857,commnet,saudi,2042.0,1042,10,saudi,standard
18.0,0.5714285714285714,0.9602649006622516,262,-26.77142857142857,commnet,saudi,2042.0,1042,11,saudi,standard
14.0,0.7142857142857143,0.8278145695364238,396,-19.91428571428571,commnet,saudi,2042.0,1042,12,saudi,standard
6.0,0.8571428571428571,0.8587196467991169,143,-9.157142857142858,commnet,saudi,2042.0,1042,13,saudi,standard
6.0,0.8571428571428571,0.7350993377483444,181,-9.157142857142858,commnet,saudi,2042.0,1042,14,saudi,standard
27.0,0.2857142857142857,0.6865342163355408,403,-41.38571428571428,commnet,saudi,2042.0,2042,0,saudi,standard
0.0,1.0,0.8079470198675497,127,-0.3,commnet,saudi,2042.0,2042,1,saudi,standard
27.0,0.2857142857142857,0.6865342163355408,356,-41.38571428571428,commnet,saudi,2042.0,2042,2,saudi,standard
23.0,0.4285714285714285,0.9757174392935982,367,-34.42857142857143,commnet,saudi,2042.0,2042,3,saudi,standard
0.0,1.0,0.8565121412803532,245,-0.3,commnet,saudi,2042.0,2042,4,saudi,standard
18.0,0.5714285714285714,0.9072847682119204,358,-26.77142857142857,commnet,saudi,2042.0,2042,5,saudi,standard
18.0,0.5714285714285714,0.6931567328918322,388,-26.77142857142857,commnet,saudi,2042.0,2042,6,saudi,standard
0.0,1.0,0.6843267108167771,176,-0.3,commnet,saudi,2042.0,2042,7,saudi,standard
23.0,0.4285714285714285,0.6865342163355408,265,-34.528571428571425,commnet,saudi,2042.0,2042,8,saudi,standard
14.0,0.7142857142857143,0.9271523178807948,366,-19.814285714285717,commnet,saudi,2042.0,2042,9,saudi,standard
23.0,0.4285714285714285,0.6865342163355408,251,-34.528571428571425,commnet,saudi,2042.0,2042,10,saudi,standard
0.0,1.0,0.6843267108167771,230,-0.3,commnet,saudi,2042.0,2042,11,saudi,standard
0.0,1.0,0.8520971302428256,210,-0.2,commnet,saudi,2042.0,2042,12,saudi,standard
14.0,0.7142857142857143,0.8807947019867549,286,-19.814285714285717,commnet,saudi,2042.0,2042,13,saudi,standard
27.0,0.2857142857142857,0.6865342163355408,316,-41.285714285714285,commnet,saudi,2042.0,2042,14,saudi,standard
6.0,0.8571428571428571,0.8167770419426048,110,-9.157142857142858,commnet,saudi,2042.0,3042,0,saudi,standard
18.0,0.5714285714285714,0.695364238410596,321,-26.77142857142857,commnet,saudi,2042.0,3042,1,saudi,standard
0.0,1.0,0.6843267108167771,185,-0.3,commnet,saudi,2042.0,3042,2,saudi,standard
14.0,0.7142857142857143,0.7571743929359823,292,-19.91428571428571,commnet,saudi,2042.0,3042,3,saudi,standard
0.0,1.0,0.6865342163355408,267,-0.3,commnet,saudi,2042.0,3042,4,saudi,standard
10.0,0.8571428571428571,0.8807947019867549,280,-12.957142857142856,commnet,saudi,2042.0,3042,5,saudi,standard
4.0,0.8571428571428571,0.6865342163355408,356,-7.1571428571428575,commnet,saudi,2042.0,3042,6,saudi,standard
23.0,0.4285714285714285,0.6865342163355408,231,-34.528571428571425,commnet,saudi,2042.0,3042,7,saudi,standard
14.0,0.7142857142857143,0.9955849889624724,389,-19.714285714285715,commnet,saudi,2042.0,3042,8,saudi,standard
14.0,0.7142857142857143,0.7019867549668874,338,-19.91428571428571,commnet,saudi,2042.0,3042,9,saudi,standard
0.0,1.0,0.8388520971302428,195,-0.2,commnet,saudi,2042.0,3042,10,saudi,standard
14.0,0.7142857142857143,0.695364238410596,282,-19.91428571428571,commnet,saudi,2042.0,3042,11,saudi,standard
6.0,0.8571428571428571,0.7571743929359823,136,-9.157142857142858,commnet,saudi,2042.0,3042,12,saudi,standard
18.0,0.5714285714285714,0.9072847682119204,365,-26.77142857142857,commnet,saudi,2042.0,3042,13,saudi,standard
9.0,0.7142857142857143,0.6843267108167771,82,-14.914285714285713,commnet,saudi,2042.0,3042,14,saudi,standard
14.0,0.7142857142857143,0.6931567328918322,289,-19.91428571428571,commnet,saudi,2042.0,4042,0,saudi,standard
18.0,0.5714285714285714,0.6865342163355408,349,-26.871428571428574,commnet,saudi,2042.0,4042,1,saudi,standard
4.0,0.8571428571428571,0.8211920529801324,301,-7.1571428571428575,commnet,saudi,2042.0,4042,2,saudi,standard
23.0,0.4285714285714285,0.6865342163355408,254,-34.528571428571425,commnet,saudi,2042.0,4042,3,saudi,standard
0.0,1.0,0.6887417218543046,220,-0.2,commnet,saudi,2042.0,4042,4,saudi,standard
18.0,0.5714285714285714,0.6997792494481236,327,-26.77142857142857,commnet,saudi,2042.0,4042,5,saudi,standard
14.0,0.7142857142857143,0.7615894039735099,293,-19.91428571428571,commnet,saudi,2042.0,4042,6,saudi,standard
10.0,0.7142857142857143,0.7086092715231788,253,-15.714285714285714,commnet,saudi,2042.0,4042,7,saudi,standard
18.0,0.5714285714285714,0.6931567328918322,369,-26.67142857142857,commnet,saudi,2042.0,4042,8,saudi,standard
4.0,0.8571428571428571,0.6865342163355408,296,-7.1571428571428575,commnet,saudi,2042.0,4042,9,saudi,standard
18.0,0.5714285714285714,0.717439293598234,385,-26.77142857142857,commnet,saudi,2042.0,4042,10,saudi,standard
14.0,0.7142857142857143,0.7064017660044151,381,-19.91428571428571,commnet,saudi,2042.0,4042,11,saudi,standard
18.0,0.5714285714285714,0.7019867549668874,430,-26.871428571428574,commnet,saudi,2042.0,4042,12,saudi,standard
14.0,0.7142857142857143,0.7041942604856513,412,-19.91428571428571,commnet,saudi,2042.0,4042,13,saudi,standard
0.0,1.0,0.6843267108167771,210,-0.3,commnet,saudi,2042.0,4042,14,saudi,standard
4.0,0.8571428571428571,1.0,176,-6.857142857142858,commnet,saudi,3042.0,42,0,saudi,standard
13.0,0.5714285714285714,0.93598233995585,219,-21.571428571428573,commnet,saudi,3042.0,42,1,saudi,standard
18.0,0.5714285714285714,1.0,328,-26.571428571428577,commnet,saudi,3042.0,42,2,saudi,standard
6.0,0.8571428571428571,0.9977924944812362,242,-8.857142857142858,commnet,saudi,3042.0,42,3,saudi,standard
6.0,0.8571428571428571,0.9713024282560706,125,-8.857142857142858,commnet,saudi,3042.0,42,4,saudi,standard
8.0,0.7142857142857143,1.0,421,-13.714285714285714,commnet,saudi,3042.0,42,5,saudi,standard
4.0,0.8571428571428571,0.9845474613686536,249,-6.857142857142858,commnet,saudi,3042.0,42,6,saudi,standard
10.0,0.7142857142857143,0.8631346578366446,228,-15.714285714285714,commnet,saudi,3042.0,42,7,saudi,standard
13.0,0.5714285714285714,1.0,233,-21.571428571428573,commnet,saudi,3042.0,42,8,saudi,standard
4.0,0.8571428571428571,1.0,488,-6.857142857142858,commnet,saudi,3042.0,42,9,saudi,standard
8.0,0.7142857142857143,0.958057395143488,356,-13.714285714285714,commnet,saudi,3042.0,42,10,saudi,standard
4.0,0.8571428571428571,0.8830022075055187,164,-6.857142857142858,commnet,saudi,3042.0,42,11,saudi,standard
8.0,0.7142857142857143,1.0,543,-13.714285714285714,commnet,saudi,3042.0,42,12,saudi,standard
4.0,0.8571428571428571,1.0,362,-6.857142857142858,commnet,saudi,3042.0,42,13,saudi,standard
0.0,1.0,1.0,190,0.0,commnet,saudi,3042.0,42,14,saudi,standard
8.0,0.7142857142857143,0.9977924944812362,393,-13.714285714285714,commnet,saudi,3042.0,1042,0,saudi,standard
8.0,0.7142857142857143,1.0,263,-13.714285714285714,commnet,saudi,3042.0,1042,1,saudi,standard
13.0,0.5714285714285714,0.7417218543046358,266,-21.571428571428573,commnet,saudi,3042.0,1042,2,saudi,standard
17.0,0.4285714285714285,0.9867549668874172,421,-28.42857142857143,commnet,saudi,3042.0,1042,3,saudi,standard
13.0,0.5714285714285714,0.8587196467991169,210,-21.571428571428573,commnet,saudi,3042.0,1042,4,saudi,standard
8.0,0.7142857142857143,1.0,364,-13.714285714285714,commnet,saudi,3042.0,1042,5,saudi,standard
0.0,1.0,0.8189845474613686,235,0.0,commnet,saudi,3042.0,1042,6,saudi,standard
0.0,1.0,1.0,229,0.0,commnet,saudi,3042.0,1042,7,saudi,standard
8.0,0.7142857142857143,0.8653421633554084,419,-13.714285714285714,commnet,saudi,3042.0,1042,8,saudi,standard
8.0,0.7142857142857143,1.0,373,-13.714285714285714,commnet,saudi,3042.0,1042,9,saudi,standard
18.0,0.5714285714285714,1.0,306,-26.571428571428577,commnet,saudi,3042.0,1042,10,saudi,standard
8.0,0.7142857142857143,0.9889624724061812,283,-13.714285714285714,commnet,saudi,3042.0,1042,11,saudi,standard
10.0,0.7142857142857143,0.9470198675496688,347,-15.714285714285714,commnet,saudi,3042.0,1042,12,saudi,standard
0.0,1.0,1.0,196,0.0,commnet,saudi,3042.0,1042,13,saudi,standard
0.0,1.0,1.0,282,0.0,commnet,saudi,3042.0,1042,14,saudi,standard
17.0,0.4285714285714285,0.7130242825607064,380,-28.42857142857143,commnet,saudi,3042.0,2042,0,saudi,standard
0.0,1.0,0.9050772626931568,126,-0.1,commnet,saudi,3042.0,2042,1,saudi,standard
13.0,0.5714285714285714,1.0,257,-21.571428571428573,commnet,saudi,3042.0,2042,2,saudi,standard
14.0,0.5714285714285714,1.0,389,-22.571428571428573,commnet,saudi,3042.0,2042,3,saudi,standard
8.0,0.7142857142857143,1.0,492,-13.714285714285714,commnet,saudi,3042.0,2042,4,saudi,standard
4.0,0.8571428571428571,1.0,292,-6.857142857142858,commnet,saudi,3042.0,2042,5,saudi,standard
18.0,0.5714285714285714,1.0,437,-26.571428571428577,commnet,saudi,3042.0,2042,6,saudi,standard
4.0,0.8571428571428571,0.9249448123620309,281,-6.857142857142858,commnet,saudi,3042.0,2042,7,saudi,standard
13.0,0.5714285714285714,0.8587196467991169,210,-21.571428571428573,commnet,saudi,3042.0,2042,8,saudi,standard
8.0,0.7142857142857143,0.9977924944812362,371,-13.714285714285714,commnet,saudi,3042.0,2042,9,saudi,standard
13.0,0.5714285714285714,0.9448123620309052,206,-21.77142857142857,commnet,saudi,3042.0,2042,10,saudi,standard
4.0,0.8571428571428571,1.0,489,-6.857142857142858,commnet,saudi,3042.0,2042,11,saudi,standard
4.0,0.8571428571428571,0.9933774834437086,286,-6.857142857142858,commnet,saudi,3042.0,2042,12,saudi,standard
18.0,0.5714285714285714,1.0,355,-26.571428571428577,commnet,saudi,3042.0,2042,13,saudi,standard
6.0,0.8571428571428571,1.0,230,-8.857142857142858,commnet,saudi,3042.0,2042,14,saudi,standard
0.0,1.0,1.0,130,0.0,commnet,saudi,3042.0,3042,0,saudi,standard
4.0,0.8571428571428571,1.0,132,-6.857142857142858,commnet,saudi,3042.0,3042,1,saudi,standard
4.0,0.8571428571428571,1.0,288,-6.857142857142858,commnet,saudi,3042.0,3042,2,saudi,standard
0.0,1.0,0.8300220750551877,239,0.0,commnet,saudi,3042.0,3042,3,saudi,standard
18.0,0.5714285714285714,1.0,440,-26.571428571428577,commnet,saudi,3042.0,3042,4,saudi,standard
18.0,0.5714285714285714,1.0,351,-26.571428571428577,commnet,saudi,3042.0,3042,5,saudi,standard
8.0,0.7142857142857143,0.8167770419426048,415,-13.714285714285714,commnet,saudi,3042.0,3042,6,saudi,standard
9.0,0.7142857142857143,0.9889624724061812,98,-14.714285714285714,commnet,saudi,3042.0,3042,7,saudi,standard
18.0,0.5714285714285714,0.8300220750551877,395,-26.571428571428577,commnet,saudi,3042.0,3042,8,saudi,standard
8.0,0.7142857142857143,0.8587196467991169,340,-13.714285714285714,commnet,saudi,3042.0,3042,9,saudi,standard
4.0,0.8571428571428571,0.9911699779249448,220,-6.857142857142858,commnet,saudi,3042.0,3042,10,saudi,standard
6.0,0.8571428571428571,1.0,144,-8.857142857142858,commnet,saudi,3042.0,3042,11,saudi,standard
0.0,1.0,1.0,207,0.0,commnet,saudi,3042.0,3042,12,saudi,standard
4.0,0.8571428571428571,1.0,294,-6.857142857142858,commnet,saudi,3042.0,3042,13,saudi,standard
8.0,0.7142857142857143,0.9801324503311258,290,-13.714285714285714,commnet,saudi,3042.0,3042,14,saudi,standard
0.0,1.0,0.8189845474613686,235,0.0,commnet,saudi,3042.0,4042,0,saudi,standard
4.0,0.8571428571428571,1.0,216,-6.857142857142858,commnet,saudi,3042.0,4042,1,saudi,standard
4.0,0.8571428571428571,0.958057395143488,477,-6.857142857142858,commnet,saudi,3042.0,4042,2,saudi,standard
13.0,0.5714285714285714,1.0,185,-21.571428571428573,commnet,saudi,3042.0,4042,3,saudi,standard
8.0,0.7142857142857143,1.0,406,-13.714285714285714,commnet,saudi,3042.0,4042,4,saudi,standard
18.0,0.5714285714285714,1.0,315,-26.571428571428577,commnet,saudi,3042.0,4042,5,saudi,standard
18.0,0.5714285714285714,0.7615894039735099,327,-26.571428571428577,commnet,saudi,3042.0,4042,6,saudi,standard
8.0,0.7142857142857143,0.9977924944812362,368,-13.714285714285714,commnet,saudi,3042.0,4042,7,saudi,standard
4.0,0.8571428571428571,0.8344370860927153,280,-6.857142857142858,commnet,saudi,3042.0,4042,8,saudi,standard
18.0,0.5714285714285714,0.9889624724061812,419,-26.67142857142857,commnet,saudi,3042.0,4042,9,saudi,standard
18.0,0.5714285714285714,0.9933774834437086,390,-26.571428571428577,commnet,saudi,3042.0,4042,10,saudi,standard
10.0,0.7142857142857143,0.7880794701986755,320,-15.914285714285713,commnet,saudi,3042.0,4042,11,saudi,standard
4.0,0.8571428571428571,0.9205298013245032,408,-6.857142857142858,commnet,saudi,3042.0,4042,12,saudi,standard
18.0,0.5714285714285714,0.9933774834437086,432,-26.571428571428577,commnet,saudi,3042.0,4042,13,saudi,standard
4.0,0.8571428571428571,1.0,319,-6.857142857142858,commnet,saudi,3042.0,4042,14,saudi,standard
10.0,0.7142857142857143,0.5982339955849889,196,-16.114285714285714,commnet,saudi,4042.0,42,0,saudi,standard
13.0,0.5714285714285714,0.6909492273730684,216,-21.67142857142857,commnet,saudi,4042.0,42,1,saudi,standard
24.0,0.4285714285714285,0.933774834437086,343,-35.528571428571425,commnet,saudi,4042.0,42,2,saudi,standard
23.0,0.4285714285714285,0.9690949227373068,234,-34.528571428571425,commnet,saudi,4042.0,42,3,saudi,standard
6.0,0.8571428571428571,0.6600441501103753,125,-9.257142857142858,commnet,saudi,4042.0,42,4,saudi,standard
24.0,0.4285714285714285,0.6181015452538632,470,-35.82857142857143,commnet,saudi,4042.0,42,5,saudi,standard
10.0,0.7142857142857143,0.5695364238410596,268,-16.114285714285714,commnet,saudi,4042.0,42,6,saudi,standard
6.0,0.8571428571428571,0.8874172185430463,193,-9.757142857142854,commnet,saudi,4042.0,42,7,saudi,standard
13.0,0.5714285714285714,0.9514348785871964,257,-21.67142857142857,commnet,saudi,4042.0,42,8,saudi,standard
14.0,0.5714285714285714,0.5761589403973509,530,-22.97142857142857,commnet,saudi,4042.0,42,9,saudi,standard
14.0,0.5714285714285714,0.6600441501103753,400,-22.97142857142857,commnet,saudi,4042.0,42,10,saudi,standard
10.0,0.7142857142857143,0.6004415011037527,208,-16.114285714285714,commnet,saudi,4042.0,42,11,saudi,standard
24.0,0.4285714285714285,0.423841059602649,550,-35.628571428571426,commnet,saudi,4042.0,42,12,saudi,standard
24.0,0.4285714285714285,0.3818984547461369,588,-35.82857142857143,commnet,saudi,4042.0,42,13,saudi,standard
24.0,0.4285714285714285,0.6158940397350994,447,-35.82857142857143,commnet,saudi,4042.0,42,14,saudi,standard
24.0,0.4285714285714285,0.9161147902869756,435,-35.628571428571426,commnet,saudi,4042.0,1042,0,saudi,standard
13.0,0.5714285714285714,0.7637969094922737,247,-21.97142857142857,commnet,saudi,4042.0,1042,1,saudi,standard
13.0,0.5714285714285714,0.9801324503311258,263,-21.67142857142857,commnet,saudi,4042.0,1042,2,saudi,standard
17.0,0.4285714285714285,0.7306843267108167,352,-28.528571428571425,commnet,saudi,4042.0,1042,3,saudi,standard
19.0,0.5714285714285714,0.9050772626931568,221,-27.77142857142857,commnet,saudi,4042.0,1042,4,saudi,standard
24.0,0.4285714285714285,0.6203090507726269,452,-35.82857142857143,commnet,saudi,4042.0,1042,5,saudi,standard
27.0,0.2857142857142857,0.9448123620309052,304,-41.48571428571428,commnet,saudi,4042.0,1042,6,saudi,standard
24.0,0.4285714285714285,0.5960264900662252,460,-35.82857142857143,commnet,saudi,4042.0,1042,7,saudi,standard
24.0,0.4285714285714285,0.4569536423841059,470,-35.628571428571426,commnet,saudi,4042.0,1042,8,saudi,standard
24.0,0.4285714285714285,0.6490066225165563,467,-35.82857142857143,commnet,saudi,4042.0,1042,9,saudi,standard
24.0,0.4285714285714285,0.4768211920529801,320,-35.628571428571426,commnet,saudi,4042.0,1042,10,saudi,standard
13.0,0.5714285714285714,0.6843267108167771,252,-21.97142857142857,commnet,saudi,4042.0,1042,11,saudi,standard
20.0,0.5714285714285714,0.6799116997792495,388,-28.571428571428577,commnet,saudi,4042.0,1042,12,saudi,standard
24.0,0.4285714285714285,0.6070640176600441,432,-35.82857142857143,commnet,saudi,4042.0,1042,13,saudi,standard
24.0,0.4285714285714285,0.6644591611479028,513,-35.82857142857143,commnet,saudi,4042.0,1042,14,saudi,standard
13.0,0.5714285714285714,0.6975717439293598,362,-21.67142857142857,commnet,saudi,4042.0,2042,0,saudi,standard
6.0,0.8571428571428571,0.6512141280353201,131,-9.257142857142858,commnet,saudi,4042.0,2042,1,saudi,standard
13.0,0.5714285714285714,0.8520971302428256,256,-22.17142857142857,commnet,saudi,4042.0,2042,2,saudi,standard
27.0,0.2857142857142857,0.4591611479028697,396,-41.48571428571428,commnet,saudi,4042.0,2042,3,saudi,standard
14.0,0.5714285714285714,0.5518763796909493,547,-22.97142857142857,commnet,saudi,4042.0,2042,4,saudi,standard
24.0,0.4285714285714285,0.434878587196468,382,-35.628571428571426,commnet,saudi,4042.0,2042,5,saudi,standard
27.0,0.2857142857142857,0.9448123620309052,434,-41.48571428571428,commnet,saudi,4042.0,2042,6,saudi,standard
24.0,0.4285714285714285,0.6379690949227373,489,-35.82857142857143,commnet,saudi,4042.0,2042,7,saudi,standard
19.0,0.5714285714285714,0.9050772626931568,221,-27.77142857142857,commnet,saudi,4042.0,2042,8,saudi,standard
20.0,0.5714285714285714,0.7218543046357616,380,-28.77142857142857,commnet,saudi,4042.0,2042,9,saudi,standard
19.0,0.5714285714285714,0.9161147902869756,200,-27.77142857142857,commnet,saudi,4042.0,2042,10,saudi,standard
14.0,0.5714285714285714,0.739514348785872,523,-22.97142857142857,commnet,saudi,4042.0,2042,11,saudi,standard
24.0,0.4285714285714285,0.7086092715231788,549,-35.82857142857143,commnet,saudi,4042.0,2042,12,saudi,standard
24.0,0.4285714285714285,0.5055187637969095,368,-35.628571428571426,commnet,saudi,4042.0,2042,13,saudi,standard
19.0,0.5714285714285714,0.8852097130242825,232,-28.07142857142858,commnet,saudi,4042.0,2042,14,saudi,standard
10.0,0.7142857142857143,0.5320088300220751,207,-16.114285714285714,commnet,saudi,4042.0,3042,0,saudi,standard
24.0,0.4285714285714285,0.4105960264900662,362,-35.628571428571426,commnet,saudi,4042.0,3042,1,saudi,standard
24.0,0.4285714285714285,0.6887417218543046,513,-35.82857142857143,commnet,saudi,4042.0,3042,2,saudi,standard
27.0,0.2857142857142857,0.9293598233995584,308,-41.48571428571428,commnet,saudi,4042.0,3042,3,saudi,standard
14.0,0.5714285714285714,0.673289183222958,462,-22.97142857142857,commnet,saudi,4042.0,3042,4,saudi,standard
24.0,0.4285714285714285,0.5033112582781457,362,-35.628571428571426,commnet,saudi,4042.0,3042,5,saudi,standard
14.0,0.5714285714285714,0.6644591611479028,469,-22.97142857142857,commnet,saudi,4042.0,3042,6,saudi,standard
23.0,0.4285714285714285,0.9536423841059604,246,-34.628571428571426,commnet,saudi,4042.0,3042,7,saudi,standard
16.0,0.7142857142857143,0.9381898454746136,362,-22.014285714285712,commnet,saudi,4042.0,3042,8,saudi,standard
24.0,0.4285714285714285,0.4392935982339956,381,-35.82857142857143,commnet,saudi,4042.0,3042,9,saudi,standard
24.0,0.4285714285714285,0.6865342163355408,522,-35.82857142857143,commnet,saudi,4042.0,3042,10,saudi,standard
27.0,0.2857142857142857,0.5960264900662252,319,-41.285714285714285,commnet,saudi,4042.0,3042,11,saudi,standard
24.0,0.4285714285714285,0.5584988962472406,422,-35.82857142857143,commnet,saudi,4042.0,3042,12,saudi,standard
24.0,0.4285714285714285,0.434878587196468,383,-35.628571428571426,commnet,saudi,4042.0,3042,13,saudi,standard
6.0,0.8571428571428571,0.5607064017660044,80,-9.257142857142858,commnet,saudi,4042.0,3042,14,saudi,standard
27.0,0.2857142857142857,0.9448123620309052,304,-41.48571428571428,commnet,saudi,4042.0,4042,0,saudi,standard
24.0,0.4285714285714285,0.4061810154525386,394,-35.628571428571426,commnet,saudi,4042.0,4042,1,saudi,standard
14.0,0.5714285714285714,0.6710816777041942,491,-22.97142857142857,commnet,saudi,4042.0,4042,2,saudi,standard
13.0,0.5714285714285714,0.977924944812362,244,-21.67142857142857,commnet,saudi,4042.0,4042,3,saudi,standard
24.0,0.4285714285714285,0.6181015452538632,556,-35.82857142857143,commnet,saudi,4042.0,4042,4,saudi,standard
24.0,0.4285714285714285,0.7041942604856513,332,-35.528571428571425,commnet,saudi,4042.0,4042,5,saudi,standard
27.0,0.2857142857142857,0.9293598233995584,306,-41.48571428571428,commnet,saudi,4042.0,4042,6,saudi,standard
10.0,0.7142857142857143,0.609271523178808,261,-16.114285714285714,commnet,saudi,4042.0,4042,7,saudi,standard
20.0,0.5714285714285714,0.6843267108167771,342,-29.171428571428574,commnet,saudi,4042.0,4042,8,saudi,standard
14.0,0.5714285714285714,0.6666666666666666,487,-22.97142857142857,commnet,saudi,4042.0,4042,9,saudi,standard
16.0,0.7142857142857143,0.9249448123620309,318,-21.91428571428571,commnet,saudi,4042.0,4042,10,saudi,standard
18.0,0.5714285714285714,0.7064017660044151,382,-27.27142857142858,commnet,saudi,4042.0,4042,11,saudi,standard
14.0,0.5714285714285714,0.6357615894039735,412,-22.97142857142857,commnet,saudi,4042.0,4042,12,saudi,standard
24.0,0.4285714285714285,0.434878587196468,468,-35.82857142857143,commnet,saudi,4042.0,4042,13,saudi,standard
24.0,0.4285714285714285,0.7041942604856513,540,-35.82857142857143,commnet,saudi,4042.0,4042,14,saudi,standard
4.0,0.8571428571428571,1.0,112,-6.857142857142858,hiercomm_heur,saudi,42.0,42,0,saudi,standard
9.0,0.7142857142857143,0.9230769230769232,33,-14.714285714285714,hiercomm_heur,saudi,42.0,42,1,saudi,standard
14.0,0.7142857142857143,0.9911699779249448,177,-19.81428571428572,hiercomm_heur,saudi,42.0,42,2,saudi,standard
13.0,0.7142857142857143,0.8013245033112583,118,-18.814285714285717,hiercomm_heur,saudi,42.0,42,3,saudi,standard
6.0,0.8571428571428571,0.9470198675496688,86,-8.957142857142857,hiercomm_heur,saudi,42.0,42,4,saudi,standard
0.0,1.0,1.0,0,0.0,hiercomm_heur,saudi,42.0,42,5,saudi,standard
0.0,1.0,1.0,0,0.0,hiercomm_heur,saudi,42.0,42,6,saudi,standard
7.0,0.7142857142857143,0.9823399558498896,197,-12.714285714285714,hiercomm_heur,saudi,42.0,42,7,saudi,standard
9.0,0.7142857142857143,0.994535519125683,49,-14.714285714285714,hiercomm_heur,saudi,42.0,42,8,saudi,standard
4.0,0.8571428571428571,0.9955849889624724,282,-6.857142857142858,hiercomm_heur,saudi,42.0,42,9,saudi,standard
0.0,1.0,1.0,128,0.0,hiercomm_heur,saudi,42.0,42,10,saudi,standard
4.0,0.8571428571428571,0.9889624724061812,160,-6.957142857142857,hiercomm_heur,saudi,42.0,42,11,saudi,standard
7.0,0.7142857142857143,0.9293598233995584,216,-12.914285714285716,hiercomm_heur,saudi,42.0,42,12,saudi,standard
8.0,0.7142857142857143,0.9977924944812362,370,-13.714285714285714,hiercomm_heur,saudi,42.0,42,13,saudi,standard
4.0,0.8571428571428571,0.9536423841059604,206,-6.857142857142858,hiercomm_heur,saudi,42.0,42,14,saudi,standard
8.0,0.7142857142857143,1.0,197,-13.714285714285715,hiercomm_heur,saudi,42.0,1042,0,saudi,standard
4.0,0.8571428571428571,0.8763796909492274,143,-6.857142857142859,hiercomm_heur,saudi,42.0,1042,1,saudi,standard
9.0,0.7142857142857143,0.8123620309050773,75,-14.814285714285711,hiercomm_heur,saudi,42.0,1042,2,saudi,standard
13.0,0.5714285714285714,0.8410596026490066,353,-21.571428571428573,hiercomm_heur,saudi,42.0,1042,3,saudi,standard
9.0,0.7142857142857143,0.7902869757174393,76,-14.914285714285713,hiercomm_heur,saudi,42.0,1042,4,saudi,standard
8.0,0.7142857142857143,0.9602649006622516,341,-14.114285714285712,hiercomm_heur,saudi,42.0,1042,5,saudi,standard
10.0,0.8571428571428571,0.9801324503311258,126,-13.057142857142855,hiercomm_heur,saudi,42.0,1042,6,saudi,standard
8.0,0.7142857142857143,0.9690949227373068,282,-13.714285714285714,hiercomm_heur,saudi,42.0,1042,7,saudi,standard
3.0,0.8571428571428571,0.9977924944812362,199,-5.857142857142858,hiercomm_heur,saudi,42.0,1042,8,saudi,standard
8.0,0.7142857142857143,0.9426048565121412,368,-14.414285714285713,hiercomm_heur,saudi,42.0,1042,9,saudi,standard
17.0,0.5714285714285714,0.977924944812362,193,-25.77142857142857,hiercomm_heur,saudi,42.0,1042,10,saudi,standard
4.0,0.8571428571428571,1.0,149,-6.857142857142859,hiercomm_heur,saudi,42.0,1042,11,saudi,standard
8.0,0.7142857142857143,0.9955849889624724,309,-13.714285714285714,hiercomm_heur,saudi,42.0,1042,12,saudi,standard
4.0,0.8571428571428571,0.9470198675496688,175,-6.857142857142858,hiercomm_heur,saudi,42.0,1042,13,saudi,standard
0.0,1.0,1.0,0,0.0,hiercomm_heur,saudi,42.0,1042,14,saudi,standard
13.0,0.5714285714285714,0.8852097130242825,213,-21.77142857142857,hiercomm_heur,saudi,42.0,2042,0,saudi,standard
0.0,1.0,0.9933774834437086,41,0.0,hiercomm_heur,saudi,42.0,2042,1,saudi,standard
17.0,0.4285714285714285,1.0,348,-28.42857142857143,hiercomm_heur,saudi,42.0,2042,2,saudi,standard
7.0,0.7142857142857143,1.0,225,-12.714285714285714,hiercomm_heur,saudi,42.0,2042,3,saudi,standard
8.0,0.7142857142857143,0.9668874172185432,361,-14.114285714285712,hiercomm_heur,saudi,42.0,2042,4,saudi,standard
14.0,0.7142857142857143,0.9050772626931568,200,-20.31428571428571,hiercomm_heur,saudi,42.0,2042,5,saudi,standard
4.0,0.8571428571428571,1.0,202,-6.857142857142858,hiercomm_heur,saudi,42.0,2042,6,saudi,standard
18.0,0.5714285714285714,0.9801324503311258,374,-26.67142857142857,hiercomm_heur,saudi,42.0,2042,7,saudi,standard
9.0,0.7142857142857143,0.7902869757174393,76,-14.914285714285713,hiercomm_heur,saudi,42.0,2042,8,saudi,standard
4.0,0.8571428571428571,0.9867549668874172,187,-6.957142857142859,hiercomm_heur,saudi,42.0,2042,9,saudi,standard
9.0,0.7142857142857143,0.8675496688741722,137,-14.714285714285714,hiercomm_heur,saudi,42.0,2042,10,saudi,standard
4.0,0.8571428571428571,0.9955849889624724,316,-6.857142857142858,hiercomm_heur,saudi,42.0,2042,11,saudi,standard
0.0,1.0,0.9977924944812362,206,0.0,hiercomm_heur,saudi,42.0,2042,12,saudi,standard
10.0,0.8571428571428571,0.9713024282560706,144,-13.157142857142857,hiercomm_heur,saudi,42.0,2042,13,saudi,standard
3.0,0.8571428571428571,0.9977924944812362,130,-5.857142857142858,hiercomm_heur,saudi,42.0,2042,14,saudi,standard
0.0,1.0,1.0,0,0.0,hiercomm_heur,saudi,42.0,3042,0,saudi,standard
0.0,1.0,1.0,1,0.0,hiercomm_heur,saudi,42.0,3042,1,saudi,standard
18.0,0.5714285714285714,0.9690949227373068,381,-26.67142857142857,hiercomm_heur,saudi,42.0,3042,2,saudi,standard
14.0,0.7142857142857143,0.977924944812362,199,-19.814285714285717,hiercomm_heur,saudi,42.0,3042,3,saudi,standard
4.0,0.8571428571428571,0.9955849889624724,237,-6.857142857142858,hiercomm_heur,saudi,42.0,3042,4,saudi,standard
10.0,0.8571428571428571,0.9492273730684326,217,-13.257142857142856,hiercomm_heur,saudi,42.0,3042,5,saudi,standard
3.0,0.8571428571428571,0.911699779249448,179,-5.857142857142858,hiercomm_heur,saudi,42.0,3042,6,saudi,standard
9.0,0.7142857142857143,0.8830022075055187,69,-14.814285714285711,hiercomm_heur,saudi,42.0,3042,7,saudi,standard
10.0,0.8571428571428571,0.9955849889624724,151,-12.857142857142858,hiercomm_heur,saudi,42.0,3042,8,saudi,standard
0.0,1.0,0.8962472406181016,153,0.0,hiercomm_heur,saudi,42.0,3042,9,saudi,standard
0.0,1.0,1.0,8,0.0,hiercomm_heur,saudi,42.0,3042,10,saudi,standard
3.0,0.8571428571428571,0.9977924944812362,127,-5.857142857142858,hiercomm_heur,saudi,42.0,3042,11,saudi,standard
0.0,1.0,1.0,0,0.0,hiercomm_heur,saudi,42.0,3042,12,saudi,standard
0.0,1.0,0.9624724061810156,154,-0.1999999999999996,hiercomm_heur,saudi,42.0,3042,13,saudi,standard
4.0,0.8571428571428571,0.9889624724061812,174,-6.957142857142857,hiercomm_heur,saudi,42.0,3042,14,saudi,standard
10.0,0.8571428571428571,0.9646799116997792,200,-13.157142857142857,hiercomm_heur,saudi,42.0,4042,0,saudi,standard
0.0,1.0,1.0,0,0.0,hiercomm_heur,saudi,42.0,4042,1,saudi,standard
0.0,1.0,0.9735099337748344,173,-0.1999999999999996,hiercomm_heur,saudi,42.0,4042,2,saudi,standard
13.0,0.5714285714285714,0.7969094922737306,198,-21.67142857142857,hiercomm_heur,saudi,42.0,4042,3,saudi,standard
8.0,0.7142857142857143,0.9955849889624724,351,-13.714285714285714,hiercomm_heur,saudi,42.0,4042,4,saudi,standard
14.0,0.7142857142857143,0.9801324503311258,216,-19.814285714285717,hiercomm_heur,saudi,42.0,4042,5,saudi,standard
10.0,0.8571428571428571,0.9977924944812362,147,-12.857142857142858,hiercomm_heur,saudi,42.0,4042,6,saudi,standard
4.0,0.8571428571428571,0.958057395143488,180,-6.857142857142859,hiercomm_heur,saudi,42.0,4042,7,saudi,standard
8.0,0.7142857142857143,0.9293598233995584,223,-13.714285714285714,hiercomm_heur,saudi,42.0,4042,8,saudi,standard
4.0,0.8571428571428571,0.9911699779249448,320,-6.957142857142857,hiercomm_heur,saudi,42.0,4042,9,saudi,standard
3.0,0.8571428571428571,0.9823399558498896,143,-5.957142857142857,hiercomm_heur,saudi,42.0,4042,10,saudi,standard
4.0,0.8571428571428571,0.9161147902869756,190,-6.957142857142857,hiercomm_heur,saudi,42.0,4042,11,saudi,standard
0.0,1.0,1.0,147,0.0,hiercomm_heur,saudi,42.0,4042,12,saudi,standard
0.0,1.0,0.9911699779249448,129,0.0,hiercomm_heur,saudi,42.0,4042,13,saudi,standard
8.0,0.7142857142857143,0.9823399558498896,378,-13.714285714285714,hiercomm_heur,saudi,42.0,4042,14,saudi,standard
8.0,0.7142857142857143,0.9646799116997792,287,-14.014285714285714,hiercomm_heur,saudi,1042.0,42,0,saudi,standard
9.0,0.7142857142857143,1.0,121,-14.714285714285714,hiercomm_heur,saudi,1042.0,42,1,saudi,standard
14.0,0.7142857142857143,0.972972972972973,191,-19.814285714285717,hiercomm_heur,saudi,1042.0,42,2,saudi,standard
14.0,0.7142857142857143,0.9690949227373068,174,-20.01428571428572,hiercomm_heur,saudi,1042.0,42,3,saudi,standard
13.0,0.5714285714285714,1.0,320,-21.571428571428573,hiercomm_heur,saudi,1042.0,42,4,saudi,standard
10.0,0.8571428571428571,1.0,183,-12.857142857142858,hiercomm_heur,saudi,1042.0,42,5,saudi,standard
0.0,1.0,1.0,0,0.0,hiercomm_heur,saudi,1042.0,42,6,saudi,standard
13.0,0.7142857142857143,0.9514348785871964,173,-18.714285714285715,hiercomm_heur,saudi,1042.0,42,7,saudi,standard
9.0,0.7142857142857143,0.9973544973544972,175,-14.714285714285714,hiercomm_heur,saudi,1042.0,42,8,saudi,standard
8.0,0.7142857142857143,0.9249448123620309,444,-13.714285714285714,hiercomm_heur,saudi,1042.0,42,9,saudi,standard
4.0,0.8571428571428571,0.9911699779249448,227,-6.857142857142858,hiercomm_heur,saudi,1042.0,42,10,saudi,standard
8.0,0.7142857142857143,0.958057395143488,317,-13.914285714285716,hiercomm_heur,saudi,1042.0,42,11,saudi,standard
14.0,0.7142857142857143,0.9853479853479854,193,-19.814285714285717,hiercomm_heur,saudi,1042.0,42,12,saudi,standard
4.0,0.8571428571428571,0.9050772626931568,227,-6.857142857142858,hiercomm_heur,saudi,1042.0,42,13,saudi,standard
0.0,1.0,1.0,0,0.0,hiercomm_heur,saudi,1042.0,42,14,saudi,standard
8.0,0.7142857142857143,0.9668874172185432,290,-13.814285714285717,hiercomm_heur,saudi,1042.0,1042,0,saudi,standard
4.0,0.8571428571428571,1.0,207,-6.857142857142859,hiercomm_heur,saudi,1042.0,1042,1,saudi,standard
19.0,0.5714285714285714,0.9028697571743928,168,-27.571428571428573,hiercomm_heur,saudi,1042.0,1042,2,saudi,standard
13.0,0.7142857142857143,0.958057395143488,369,-18.714285714285715,hiercomm_heur,saudi,1042.0,1042,3,saudi,standard
9.0,0.7142857142857143,1.0,132,-14.714285714285714,hiercomm_heur,saudi,1042.0,1042,4,saudi,standard
8.0,0.7142857142857143,0.9867549668874172,282,-13.714285714285714,hiercomm_heur,saudi,1042.0,1042,5,saudi,standard
14.0,0.7142857142857143,1.0,185,-19.714285714285715,hiercomm_heur,saudi,1042.0,1042,6,saudi,standard
0.0,1.0,1.0,0,0.0,hiercomm_heur,saudi,1042.0,1042,7,saudi,standard
7.0,0.7142857142857143,0.9933774834437086,354,-12.714285714285714,hiercomm_heur,saudi,1042.0,1042,8,saudi,standard
14.0,0.7142857142857143,0.9955849889624724,213,-19.714285714285715,hiercomm_heur,saudi,1042.0,1042,9,saudi,standard
14.0,0.7142857142857143,0.9889624724061812,149,-19.814285714285717,hiercomm_heur,saudi,1042.0,1042,10,saudi,standard
8.0,0.7142857142857143,0.9977924944812362,280,-13.714285714285715,hiercomm_heur,saudi,1042.0,1042,11,saudi,standard
14.0,0.7142857142857143,0.9426048565121412,283,-19.714285714285715,hiercomm_heur,saudi,1042.0,1042,12,saudi,standard
0.0,1.0,1.0,0,0.0,hiercomm_heur,saudi,1042.0,1042,13,saudi,standard
4.0,0.8571428571428571,0.9933774834437086,220,-6.857142857142858,hiercomm_heur,saudi,1042.0,1042,14,saudi,standard
9.0,0.7142857142857143,1.0,194,-14.714285714285714,hiercomm_heur,saudi,1042.0,2042,0,saudi,standard
17.0,0.4285714285714285,0.9006622516556292,245,-28.42857142857143,hiercomm_heur,saudi,1042.0,2042,1,saudi,standard
19.0,0.5714285714285714,1.0,226,-27.571428571428573,hiercomm_heur,saudi,1042.0,2042,2,saudi,standard
19.0,0.5714285714285714,0.9954337899543378,173,-27.67142857142857,hiercomm_heur,saudi,1042.0,2042,3,saudi,standard
14.0,0.7142857142857143,0.9823399558498896,206,-19.714285714285715,hiercomm_heur,saudi,1042.0,2042,4,saudi,standard
14.0,0.7142857142857143,0.9955849889624724,328,-19.714285714285715,hiercomm_heur,saudi,1042.0,2042,5,saudi,standard
14.0,0.7142857142857143,1.0,258,-19.714285714285715,hiercomm_heur,saudi,1042.0,2042,6,saudi,standard
0.0,1.0,1.0,0,0.0,hiercomm_heur,saudi,1042.0,2042,7,saudi,standard
9.0,0.7142857142857143,1.0,132,-14.714285714285714,hiercomm_heur,saudi,1042.0,2042,8,saudi,standard
4.0,0.8571428571428571,0.9977924944812362,241,-6.857142857142859,hiercomm_heur,saudi,1042.0,2042,9,saudi,standard
13.0,0.5714285714285714,1.0,259,-21.571428571428573,hiercomm_heur,saudi,1042.0,2042,10,saudi,standard
8.0,0.7142857142857143,0.9249448123620309,449,-13.714285714285714,hiercomm_heur,saudi,1042.0,2042,11,saudi,standard
0.0,1.0,1.0,0,0.0,hiercomm_heur,saudi,1042.0,2042,12,saudi,standard
14.0,0.7142857142857143,0.9977924944812362,214,-19.714285714285715,hiercomm_heur,saudi,1042.0,2042,13,saudi,standard
14.0,0.7142857142857143,1.0,202,-19.714285714285715,hiercomm_heur,saudi,1042.0,2042,14,saudi,standard
14.0,0.7142857142857143,0.9949494949494948,188,-19.714285714285715,hiercomm_heur,saudi,1042.0,3042,0,saudi,standard
4.0,0.8571428571428571,0.9911699779249448,167,-6.857142857142858,hiercomm_heur,saudi,1042.0,3042,1,saudi,standard
0.0,1.0,1.0,0,0.0,hiercomm_heur,saudi,1042.0,3042,2,saudi,standard
18.0,0.5714285714285714,1.0,256,-26.571428571428577,hiercomm_heur,saudi,1042.0,3042,3,saudi,standard
4.0,0.8571428571428571,1.0,372,-6.857142857142859,hiercomm_heur,saudi,1042.0,3042,4,saudi,standard
14.0,0.7142857142857143,0.9823399558498896,224,-19.81428571428572,hiercomm_heur,saudi,1042.0,3042,5,saudi,standard
14.0,0.7142857142857143,0.9801324503311258,203,-19.81428571428572,hiercomm_heur,saudi,1042.0,3042,6,saudi,standard
13.0,0.5714285714285714,0.8741721854304636,212,-21.571428571428573,hiercomm_heur,saudi,1042.0,3042,7,saudi,standard
14.0,0.7142857142857143,1.0,317,-19.714285714285715,hiercomm_heur,saudi,1042.0,3042,8,saudi,standard
14.0,0.7142857142857143,0.9602649006622516,246,-19.91428571428572,hiercomm_heur,saudi,1042.0,3042,9,saudi,standard
18.0,0.5714285714285714,1.0,403,-26.571428571428573,hiercomm_heur,saudi,1042.0,3042,10,saudi,standard
14.0,0.7142857142857143,0.9977924944812362,233,-19.714285714285715,hiercomm_heur,saudi,1042.0,3042,11,saudi,standard
0.0,1.0,1.0,0,0.0,hiercomm_heur,saudi,1042.0,3042,12,saudi,standard
14.0,0.7142857142857143,1.0,221,-19.714285714285715,hiercomm_heur,saudi,1042.0,3042,13,saudi,standard
8.0,0.7142857142857143,0.9403973509933776,252,-13.714285714285714,hiercomm_heur,saudi,1042.0,3042,14,saudi,standard
14.0,0.7142857142857143,1.0,185,-19.714285714285715,hiercomm_heur,saudi,1042.0,4042,0,saudi,standard
8.0,0.7142857142857143,0.9823399558498896,318,-13.714285714285714,hiercomm_heur,saudi,1042.0,4042,1,saudi,standard
8.0,0.7142857142857143,1.0,339,-13.714285714285714,hiercomm_heur,saudi,1042.0,4042,2,saudi,standard
19.0,0.5714285714285714,0.958057395143488,148,-27.97142857142857,hiercomm_heur,saudi,1042.0,4042,3,saudi,standard
8.0,0.7142857142857143,1.0,428,-13.714285714285714,hiercomm_heur,saudi,1042.0,4042,4,saudi,standard
14.0,0.7142857142857143,0.9911699779249448,186,-19.714285714285715,hiercomm_heur,saudi,1042.0,4042,5,saudi,standard
14.0,0.7142857142857143,1.0,210,-19.714285714285715,hiercomm_heur,saudi,1042.0,4042,6,saudi,standard
7.0,0.7142857142857143,0.9828178694158076,211,-12.814285714285717,hiercomm_heur,saudi,1042.0,4042,7,saudi,standard
14.0,0.7142857142857143,0.9823399558498896,191,-19.81428571428572,hiercomm_heur,saudi,1042.0,4042,8,saudi,standard
14.0,0.7142857142857143,0.9801324503311258,304,-19.91428571428572,hiercomm_heur,saudi,1042.0,4042,9,saudi,standard
14.0,0.7142857142857143,1.0,267,-19.714285714285715,hiercomm_heur,saudi,1042.0,4042,10,saudi,standard
18.0,0.5714285714285714,1.0,352,-26.571428571428577,hiercomm_heur,saudi,1042.0,4042,11,saudi,standard
14.0,0.7142857142857143,0.9845474613686536,273,-19.81428571428572,hiercomm_heur,saudi,1042.0,4042,12,saudi,standard
14.0,0.7142857142857143,1.0,202,-19.714285714285715,hiercomm_heur,saudi,1042.0,4042,13,saudi,standard
8.0,0.7142857142857143,1.0,417,-13.714285714285714,hiercomm_heur,saudi,1042.0,4042,14,saudi,standard
4.0,0.8571428571428571,0.933774834437086,108,-7.357142857142856,hiercomm_heur,saudi,2042.0,42,0,saudi,standard
7.0,0.7142857142857143,1.0,96,-12.714285714285714,hiercomm_heur,saudi,2042.0,42,1,saudi,standard
13.0,0.7142857142857143,1.0,80,-18.714285714285715,hiercomm_heur,saudi,2042.0,42,2,saudi,standard
13.0,0.7142857142857143,0.9911699779249448,133,-18.714285714285715,hiercomm_heur,saudi,2042.0,42,3,saudi,standard
4.0,0.8571428571428571,0.9823399558498896,96,-6.857142857142858,hiercomm_heur,saudi,2042.0,42,4,saudi,standard
13.0,0.7142857142857143,0.9955849889624724,172,-18.714285714285715,hiercomm_heur,saudi,2042.0,42,5,saudi,standard
0.0,1.0,1.0,0,0.0,hiercomm_heur,saudi,2042.0,42,6,saudi,standard
0.0,1.0,0.9691358024691358,107,-0.2,hiercomm_heur,saudi,2042.0,42,7,saudi,standard
0.0,1.0,0.9977924944812362,78,0.0,hiercomm_heur,saudi,2042.0,42,8,saudi,standard
0.0,1.0,1.0,0,0.0,hiercomm_heur,saudi,2042.0,42,9,saudi,standard
0.0,1.0,1.0,54,0.0,hiercomm_heur,saudi,2042.0,42,10,saudi,standard
4.0,0.8571428571428571,1.0,135,-6.857142857142858,hiercomm_heur,saudi,2042.0,42,11,saudi,standard
0.0,1.0,0.9889624724061812,113,-0.1,hiercomm_heur,saudi,2042.0,42,12,saudi,standard
0.0,1.0,1.0,0,0.0,hiercomm_heur,saudi,2042.0,42,13,saudi,standard
0.0,1.0,1.0,3,0.0,hiercomm_heur,saudi,2042.0,42,14,saudi,standard
13.0,0.7142857142857143,0.9757174392935982,129,-18.81428571428572,hiercomm_heur,saudi,2042.0,1042,0,saudi,standard
4.0,0.8571428571428571,1.0,98,-6.857142857142858,hiercomm_heur,saudi,2042.0,1042,1,saudi,standard
6.0,0.8571428571428571,1.0,37,-8.857142857142858,hiercomm_heur,saudi,2042.0,1042,2,saudi,standard
4.0,0.8571428571428571,1.0,165,-6.857142857142858,hiercomm_heur,saudi,2042.0,1042,3,saudi,standard
3.0,0.8571428571428571,1.0,37,-5.857142857142858,hiercomm_heur,saudi,2042.0,1042,4,saudi,standard
0.0,1.0,1.0,1,0.0,hiercomm_heur,saudi,2042.0,1042,5,saudi,standard
10.0,0.8571428571428571,1.0,163,-12.857142857142858,hiercomm_heur,saudi,2042.0,1042,6,saudi,standard
0.0,1.0,1.0,0,0.0,hiercomm_heur,saudi,2042.0,1042,7,saudi,standard
0.0,1.0,1.0,27,0.0,hiercomm_heur,saudi,2042.0,1042,8,saudi,standard
0.0,1.0,1.0,1,0.0,hiercomm_heur,saudi,2042.0,1042,9,saudi,standard
10.0,0.8571428571428571,0.9911699779249448,130,-12.857142857142858,hiercomm_heur,saudi,2042.0,1042,10,saudi,standard
4.0,0.8571428571428571,1.0,99,-6.857142857142858,hiercomm_heur,saudi,2042.0,1042,11,saudi,standard
9.0,0.7142857142857143,1.0,180,-14.714285714285714,hiercomm_heur,saudi,2042.0,1042,12,saudi,standard
0.0,1.0,1.0,3,0.0,hiercomm_heur,saudi,2042.0,1042,13,saudi,standard
23.0,0.4285714285714285,0.911699779249448,352,-35.128571428571426,hiercomm_heur,saudi,2042.0,1042,14,saudi,standard
4.0,0.8571428571428571,0.9977924944812362,146,-6.857142857142858,hiercomm_heur,saudi,2042.0,2042,0,saudi,standard
0.0,1.0,0.9977924944812362,30,0.0,hiercomm_heur,saudi,2042.0,2042,1,saudi,standard
10.0,0.8571428571428571,0.955849889624724,141,-12.85714285714286,hiercomm_heur,saudi,2042.0,2042,2,saudi,standard
14.0,0.7142857142857143,0.9668874172185432,234,-19.814285714285717,hiercomm_heur,saudi,2042.0,2042,3,saudi,standard
0.0,1.0,1.0,0,0.0,hiercomm_heur,saudi,2042.0,2042,4,saudi,standard
0.0,1.0,1.0,57,0.0,hiercomm_heur,saudi,2042.0,2042,5,saudi,standard
4.0,0.8571428571428571,0.9381898454746136,298,-7.257142857142856,hiercomm_heur,saudi,2042.0,2042,6,saudi,standard
0.0,1.0,1.0,3,0.0,hiercomm_heur,saudi,2042.0,2042,7,saudi,standard
3.0,0.8571428571428571,1.0,87,-5.857142857142858,hiercomm_heur,saudi,2042.0,2042,8,saudi,standard
14.0,0.7142857142857143,1.0,117,-19.714285714285715,hiercomm_heur,saudi,2042.0,2042,9,saudi,standard
13.0,0.5714285714285714,0.9668874172185432,239,-21.571428571428573,hiercomm_heur,saudi,2042.0,2042,10,saudi,standard
0.0,1.0,1.0,0,0.0,hiercomm_heur,saudi,2042.0,2042,11,saudi,standard
4.0,0.8571428571428571,0.9801324503311258,327,-6.957142857142857,hiercomm_heur,saudi,2042.0,2042,12,saudi,standard
4.0,0.8571428571428571,1.0,268,-6.857142857142858,hiercomm_heur,saudi,2042.0,2042,13,saudi,standard
3.0,0.8571428571428571,0.9690949227373068,134,-6.057142857142857,hiercomm_heur,saudi,2042.0,2042,14,saudi,standard
0.0,1.0,0.9953379953379954,130,0.0,hiercomm_heur,saudi,2042.0,3042,0,saudi,standard
0.0,1.0,1.0,40,0.0,hiercomm_heur,saudi,2042.0,3042,1,saudi,standard
0.0,1.0,1.0,3,0.0,hiercomm_heur,saudi,2042.0,3042,2,saudi,standard
10.0,0.8571428571428571,0.977924944812362,173,-12.857142857142858,hiercomm_heur,saudi,2042.0,3042,3,saudi,standard
0.0,1.0,1.0,117,0.0,hiercomm_heur,saudi,2042.0,3042,4,saudi,standard
4.0,0.8571428571428571,1.0,145,-6.857142857142858,hiercomm_heur,saudi,2042.0,3042,5,saudi,standard
8.0,0.7142857142857143,1.0,207,-13.714285714285714,hiercomm_heur,saudi,2042.0,3042,6,saudi,standard
9.0,0.7142857142857143,1.0,72,-14.714285714285714,hiercomm_heur,saudi,2042.0,3042,7,saudi,standard
0.0,1.0,1.0,105,0.0,hiercomm_heur,saudi,2042.0,3042,8,saudi,standard
0.0,1.0,1.0,107,0.0,hiercomm_heur,saudi,2042.0,3042,9,saudi,standard
0.0,1.0,1.0,239,0.0,hiercomm_heur,saudi,2042.0,3042,10,saudi,standard
3.0,0.8571428571428571,1.0,164,-5.857142857142858,hiercomm_heur,saudi,2042.0,3042,11,saudi,standard
0.0,1.0,1.0,0,0.0,hiercomm_heur,saudi,2042.0,3042,12,saudi,standard
0.0,1.0,1.0,51,0.0,hiercomm_heur,saudi,2042.0,3042,13,saudi,standard
4.0,0.8571428571428571,0.9757174392935982,107,-7.057142857142857,hiercomm_heur,saudi,2042.0,3042,14,saudi,standard
10.0,0.8571428571428571,1.0,162,-12.857142857142858,hiercomm_heur,saudi,2042.0,4042,0,saudi,standard
0.0,1.0,1.0,9,0.0,hiercomm_heur,saudi,2042.0,4042,1,saudi,standard
4.0,0.8571428571428571,1.0,140,-6.857142857142858,hiercomm_heur,saudi,2042.0,4042,2,saudi,standard
10.0,0.8571428571428571,0.9487179487179488,79,-12.957142857142856,hiercomm_heur,saudi,2042.0,4042,3,saudi,standard
0.0,1.0,1.0,6,0.0,hiercomm_heur,saudi,2042.0,4042,4,saudi,standard
16.0,0.7142857142857143,0.9977924944812362,108,-21.714285714285715,hiercomm_heur,saudi,2042.0,4042,5,saudi,standard
10.0,0.8571428571428571,1.0,96,-12.857142857142858,hiercomm_heur,saudi,2042.0,4042,6,saudi,standard
19.0,0.5714285714285714,1.0,118,-27.571428571428577,hiercomm_heur,saudi,2042.0,4042,7,saudi,standard
0.0,1.0,1.0,140,0.0,hiercomm_heur,saudi,2042.0,4042,8,saudi,standard
4.0,0.8571428571428571,1.0,137,-6.857142857142858,hiercomm_heur,saudi,2042.0,4042,9,saudi,standard
0.0,1.0,1.0,76,0.0,hiercomm_heur,saudi,2042.0,4042,10,saudi,standard
4.0,0.8571428571428571,1.0,182,-6.857142857142858,hiercomm_heur,saudi,2042.0,4042,11,saudi,standard
0.0,1.0,1.0,35,0.0,hiercomm_heur,saudi,2042.0,4042,12,saudi,standard
8.0,0.7142857142857143,1.0,249,-13.714285714285714,hiercomm_heur,saudi,2042.0,4042,13,saudi,standard
6.0,0.8571428571428571,1.0,51,-8.857142857142858,hiercomm_heur,saudi,2042.0,4042,14,saudi,standard
0.0,1.0,1.0,95,0.0,hiercomm_heur,saudi,3042.0,42,0,saudi,standard
9.0,0.7142857142857143,1.0,88,-14.714285714285714,hiercomm_heur,saudi,3042.0,42,1,saudi,standard
17.0,0.5714285714285714,1.0,169,-25.571428571428577,hiercomm_heur,saudi,3042.0,42,2,saudi,standard
10.0,0.8571428571428571,1.0,123,-12.857142857142858,hiercomm_heur,saudi,3042.0,42,3,saudi,standard
0.0,1.0,1.0,37,0.0,hiercomm_heur,saudi,3042.0,42,4,saudi,standard
0.0,1.0,1.0,0,0.0,hiercomm_heur,saudi,3042.0,42,5,saudi,standard
0.0,1.0,1.0,3,0.0,hiercomm_heur,saudi,3042.0,42,6,saudi,standard
3.0,0.8571428571428571,0.8631346578366446,151,-6.057142857142857,hiercomm_heur,saudi,3042.0,42,7,saudi,standard
13.0,0.5714285714285714,0.9889624724061812,174,-21.67142857142857,hiercomm_heur,saudi,3042.0,42,8,saudi,standard
4.0,0.8571428571428571,1.0,221,-6.857142857142858,hiercomm_heur,saudi,3042.0,42,9,saudi,standard
9.0,0.7142857142857143,0.9624724061810156,119,-15.114285714285712,hiercomm_heur,saudi,3042.0,42,10,saudi,standard
0.0,1.0,1.0,104,0.0,hiercomm_heur,saudi,3042.0,42,11,saudi,standard
0.0,1.0,0.9889624724061812,166,0.0,hiercomm_heur,saudi,3042.0,42,12,saudi,standard
8.0,0.7142857142857143,0.9381898454746136,371,-14.214285714285712,hiercomm_heur,saudi,3042.0,42,13,saudi,standard
4.0,0.8571428571428571,1.0,135,-6.857142857142858,hiercomm_heur,saudi,3042.0,42,14,saudi,standard
3.0,0.8571428571428571,0.7836644591611479,196,-6.557142857142858,hiercomm_heur,saudi,3042.0,1042,0,saudi,standard
0.0,1.0,1.0,104,0.0,hiercomm_heur,saudi,3042.0,1042,1,saudi,standard
9.0,0.7142857142857143,1.0,84,-14.714285714285714,hiercomm_heur,saudi,3042.0,1042,2,saudi,standard
13.0,0.5714285714285714,1.0,203,-21.571428571428573,hiercomm_heur,saudi,3042.0,1042,3,saudi,standard
9.0,0.7142857142857143,0.996969696969697,93,-14.714285714285714,hiercomm_heur,saudi,3042.0,1042,4,saudi,standard
0.0,1.0,0.9977924944812362,214,0.0,hiercomm_heur,saudi,3042.0,1042,5,saudi,standard
13.0,0.7142857142857143,0.9930555555555556,91,-18.714285714285715,hiercomm_heur,saudi,3042.0,1042,6,saudi,standard
0.0,1.0,1.0,0,0.0,hiercomm_heur,saudi,3042.0,1042,7,saudi,standard
4.0,0.8571428571428571,0.9315673289183224,366,-6.857142857142858,hiercomm_heur,saudi,3042.0,1042,8,saudi,standard
8.0,0.7142857142857143,0.9977924944812362,148,-13.714285714285714,hiercomm_heur,saudi,3042.0,1042,9,saudi,standard
13.0,0.7142857142857143,1.0,130,-18.714285714285715,hiercomm_heur,saudi,3042.0,1042,10,saudi,standard
4.0,0.8571428571428571,1.0,153,-6.857142857142859,hiercomm_heur,saudi,3042.0,1042,11,saudi,standard
0.0,1.0,1.0,238,0.0,hiercomm_heur,saudi,3042.0,1042,12,saudi,standard
4.0,0.8571428571428571,1.0,124,-6.857142857142858,hiercomm_heur,saudi,3042.0,1042,13,saudi,standard
0.0,1.0,1.0,0,0.0,hiercomm_heur,saudi,3042.0,1042,14,saudi,standard
3.0,0.8571428571428571,0.955849889624724,130,-6.257142857142856,hiercomm_heur,saudi,3042.0,2042,0,saudi,standard
9.0,0.7142857142857143,0.9933774834437086,121,-14.714285714285714,hiercomm_heur,saudi,3042.0,2042,1,saudi,standard
7.0,0.7142857142857143,1.0,332,-12.714285714285714,hiercomm_heur,saudi,3042.0,2042,2,saudi,standard
4.0,0.8571428571428571,0.9626865671641792,222,-6.857142857142858,hiercomm_heur,saudi,3042.0,2042,3,saudi,standard
0.0,1.0,0.9933774834437086,235,-0.1,hiercomm_heur,saudi,3042.0,2042,4,saudi,standard
0.0,1.0,0.9977924944812362,44,0.0,hiercomm_heur,saudi,3042.0,2042,5,saudi,standard
14.0,0.7142857142857143,0.9602649006622516,183,-20.21428571428572,hiercomm_heur,saudi,3042.0,2042,6,saudi,standard
0.0,1.0,0.988095238095238,1,-0.1,hiercomm_heur,saudi,3042.0,2042,7,saudi,standard
9.0,0.7142857142857143,0.996969696969697,93,-14.714285714285714,hiercomm_heur,saudi,3042.0,2042,8,saudi,standard
3.0,0.8571428571428571,1.0,174,-5.857142857142858,hiercomm_heur,saudi,3042.0,2042,9,saudi,standard
9.0,0.7142857142857143,0.9713024282560706,91,-14.814285714285711,hiercomm_heur,saudi,3042.0,2042,10,saudi,standard
4.0,0.8571428571428571,1.0,221,-6.857142857142858,hiercomm_heur,saudi,3042.0,2042,11,saudi,standard
13.0,0.5714285714285714,1.0,193,-21.571428571428573,hiercomm_heur,saudi,3042.0,2042,12,saudi,standard
10.0,0.8571428571428571,0.9953051643192488,85,-12.857142857142858,hiercomm_heur,saudi,3042.0,2042,13,saudi,standard
9.0,0.7142857142857143,0.9646799116997792,140,-14.914285714285713,hiercomm_heur,saudi,3042.0,2042,14,saudi,standard
0.0,1.0,0.9948320413436692,85,0.0,hiercomm_heur,saudi,3042.0,3042,0,saudi,standard
0.0,1.0,1.0,49,0.0,hiercomm_heur,saudi,3042.0,3042,1,saudi,standard
0.0,1.0,0.9874213836477987,1,-0.1,hiercomm_heur,saudi,3042.0,3042,2,saudi,standard
13.0,0.7142857142857143,0.9955849889624724,118,-18.714285714285715,hiercomm_heur,saudi,3042.0,3042,3,saudi,standard
0.0,1.0,1.0,155,0.0,hiercomm_heur,saudi,3042.0,3042,4,saudi,standard
10.0,0.8571428571428571,0.9977924944812362,130,-12.857142857142858,hiercomm_heur,saudi,3042.0,3042,5,saudi,standard
0.0,1.0,1.0,73,0.0,hiercomm_heur,saudi,3042.0,3042,6,saudi,standard
9.0,0.7142857142857143,1.0,65,-14.714285714285714,hiercomm_heur,saudi,3042.0,3042,7,saudi,standard
10.0,0.8571428571428571,0.9713024282560706,144,-13.057142857142855,hiercomm_heur,saudi,3042.0,3042,8,saudi,standard
9.0,0.7142857142857143,0.9858156028368794,69,-14.714285714285714,hiercomm_heur,saudi,3042.0,3042,9,saudi,standard
0.0,1.0,1.0,219,0.0,hiercomm_heur,saudi,3042.0,3042,10,saudi,standard
0.0,1.0,0.9690949227373068,168,-0.1,hiercomm_heur,saudi,3042.0,3042,11,saudi,standard
0.0,1.0,1.0,0,0.0,hiercomm_heur,saudi,3042.0,3042,12,saudi,standard
0.0,1.0,0.9977924944812362,29,0.0,hiercomm_heur,saudi,3042.0,3042,13,saudi,standard
4.0,0.8571428571428571,0.9887005649717514,75,-6.857142857142858,hiercomm_heur,saudi,3042.0,3042,14,saudi,standard
13.0,0.7142857142857143,0.9955849889624724,115,-18.714285714285715,hiercomm_heur,saudi,3042.0,4042,0,saudi,standard
4.0,0.8571428571428571,1.0,85,-6.857142857142858,hiercomm_heur,saudi,3042.0,4042,1,saudi,standard
4.0,0.8571428571428571,0.9977924944812362,146,-6.857142857142858,hiercomm_heur,saudi,3042.0,4042,2,saudi,standard
3.0,0.8571428571428571,1.0,125,-5.857142857142858,hiercomm_heur,saudi,3042.0,4042,3,saudi,standard
4.0,0.8571428571428571,0.9845474613686536,272,-6.857142857142858,hiercomm_heur,saudi,3042.0,4042,4,saudi,standard
13.0,0.7142857142857143,1.0,78,-18.714285714285715,hiercomm_heur,saudi,3042.0,4042,5,saudi,standard
0.0,1.0,0.9924242424242424,93,0.0,hiercomm_heur,saudi,3042.0,4042,6,saudi,standard
9.0,0.7142857142857143,1.0,89,-14.714285714285714,hiercomm_heur,saudi,3042.0,4042,7,saudi,standard
10.0,0.8571428571428571,0.8817966903073287,67,-12.857142857142858,hiercomm_heur,saudi,3042.0,4042,8,saudi,standard
4.0,0.8571428571428571,0.9977924944812362,137,-6.857142857142858,hiercomm_heur,saudi,3042.0,4042,9,saudi,standard
0.0,1.0,0.9977924944812362,43,0.0,hiercomm_heur,saudi,3042.0,4042,10,saudi,standard
13.0,0.5714285714285714,0.9845474613686536,297,-21.571428571428573,hiercomm_heur,saudi,3042.0,4042,11,saudi,standard
0.0,1.0,0.9947089947089948,33,0.0,hiercomm_heur,saudi,3042.0,4042,12,saudi,standard
9.0,0.7142857142857143,0.9602649006622516,207,-15.114285714285712,hiercomm_heur,saudi,3042.0,4042,13,saudi,standard
8.0,0.7142857142857143,1.0,265,-13.714285714285714,hiercomm_heur,saudi,3042.0,4042,14,saudi,standard
23.0,0.4285714285714285,0.9911699779249448,198,-34.528571428571425,hiercomm_heur,saudi,4042.0,42,0,saudi,standard
9.0,0.7142857142857143,0.9763779527559056,86,-14.914285714285713,hiercomm_heur,saudi,4042.0,42,1,saudi,standard
10.0,0.8571428571428571,0.9178082191780822,56,-13.257142857142856,hiercomm_heur,saudi,4042.0,42,2,saudi,standard
10.0,0.8571428571428571,0.9735099337748344,79,-13.057142857142855,hiercomm_heur,saudi,4042.0,42,3,saudi,standard
6.0,0.8571428571428571,0.9885057471264368,38,-8.957142857142857,hiercomm_heur,saudi,4042.0,42,4,saudi,standard
8.0,0.7142857142857143,1.0,318,-13.714285714285714,hiercomm_heur,saudi,4042.0,42,5,saudi,standard
4.0,0.8571428571428571,0.9977924944812362,109,-6.857142857142858,hiercomm_heur,saudi,4042.0,42,6,saudi,standard
9.0,0.7142857142857143,0.4481236203090508,84,-15.314285714285711,hiercomm_heur,saudi,4042.0,42,7,saudi,standard
9.0,0.7142857142857143,0.977924944812362,100,-14.914285714285713,hiercomm_heur,saudi,4042.0,42,8,saudi,standard
4.0,0.8571428571428571,0.9955849889624724,271,-6.957142857142857,hiercomm_heur,saudi,4042.0,42,9,saudi,standard
14.0,0.7142857142857143,0.8896247240618101,180,-20.014285714285712,hiercomm_heur,saudi,4042.0,42,10,saudi,standard
23.0,0.4285714285714285,0.9911699779249448,210,-34.528571428571425,hiercomm_heur,saudi,4042.0,42,11,saudi,standard
4.0,0.8571428571428571,0.7991169977924945,325,-6.857142857142858,hiercomm_heur,saudi,4042.0,42,12,saudi,standard
4.0,0.8571428571428571,1.0,308,-6.857142857142858,hiercomm_heur,saudi,4042.0,42,13,saudi,standard
0.0,1.0,0.9757174392935982,25,-0.2,hiercomm_heur,saudi,4042.0,42,14,saudi,standard
23.0,0.4285714285714285,0.4856512141280353,385,-34.628571428571426,hiercomm_heur,saudi,4042.0,1042,0,saudi,standard
0.0,1.0,1.0,74,0.0,hiercomm_heur,saudi,4042.0,1042,1,saudi,standard
9.0,0.7142857142857143,0.9735099337748344,102,-14.914285714285713,hiercomm_heur,saudi,4042.0,1042,2,saudi,standard
13.0,0.5714285714285714,0.7262693156732892,208,-21.97142857142857,hiercomm_heur,saudi,4042.0,1042,3,saudi,standard
9.0,0.7142857142857143,0.8404558404558404,53,-15.014285714285712,hiercomm_heur,saudi,4042.0,1042,4,saudi,standard
4.0,0.8571428571428571,0.9977924944812362,214,-6.857142857142858,hiercomm_heur,saudi,4042.0,1042,5,saudi,standard
10.0,0.8571428571428571,0.7770419426048565,133,-13.257142857142856,hiercomm_heur,saudi,4042.0,1042,6,saudi,standard
4.0,0.8571428571428571,1.0,333,-6.857142857142858,hiercomm_heur,saudi,4042.0,1042,7,saudi,standard
14.0,0.7142857142857143,0.9757174392935982,193,-19.714285714285715,hiercomm_heur,saudi,4042.0,1042,8,saudi,standard
4.0,0.8571428571428571,0.9977924944812362,216,-6.857142857142858,hiercomm_heur,saudi,4042.0,1042,9,saudi,standard
13.0,0.7142857142857143,0.9976019184652278,87,-18.714285714285715,hiercomm_heur,saudi,4042.0,1042,10,saudi,standard
0.0,1.0,0.9646799116997792,71,-0.1,hiercomm_heur,saudi,4042.0,1042,11,saudi,standard
13.0,0.5714285714285714,0.7328918322295805,185,-21.97142857142857,hiercomm_heur,saudi,4042.0,1042,12,saudi,standard
0.0,1.0,0.9735099337748344,12,-0.3,hiercomm_heur,saudi,4042.0,1042,13,saudi,standard
8.0,0.7142857142857143,1.0,353,-13.714285714285714,hiercomm_heur,saudi,4042.0,1042,14,saudi,standard
17.0,0.4285714285714285,0.8322295805739515,216,-28.728571428571428,hiercomm_heur,saudi,4042.0,2042,0,saudi,standard
6.0,0.8571428571428571,0.978494623655914,42,-8.957142857142857,hiercomm_heur,saudi,4042.0,2042,1,saudi,standard
9.0,0.7142857142857143,0.9602649006622516,118,-15.114285714285712,hiercomm_heur,saudi,4042.0,2042,2,saudi,standard
9.0,0.7142857142857143,0.93598233995585,120,-15.214285714285714,hiercomm_heur,saudi,4042.0,2042,3,saudi,standard
4.0,0.8571428571428571,1.0,211,-6.857142857142858,hiercomm_heur,saudi,4042.0,2042,4,saudi,standard
7.0,0.7142857142857143,0.9690949227373068,234,-12.914285714285716,hiercomm_heur,saudi,4042.0,2042,5,saudi,standard
17.0,0.5714285714285714,0.913907284768212,188,-25.77142857142857,hiercomm_heur,saudi,4042.0,2042,6,saudi,standard
8.0,0.7142857142857143,1.0,304,-13.714285714285714,hiercomm_heur,saudi,4042.0,2042,7,saudi,standard
9.0,0.7142857142857143,0.8404558404558404,53,-15.014285714285712,hiercomm_heur,saudi,4042.0,2042,8,saudi,standard
23.0,0.4285714285714285,0.4790286975717439,376,-34.72857142857143,hiercomm_heur,saudi,4042.0,2042,9,saudi,standard
9.0,0.7142857142857143,0.7439293598233996,82,-14.714285714285714,hiercomm_heur,saudi,4042.0,2042,10,saudi,standard
4.0,0.8571428571428571,1.0,273,-6.857142857142858,hiercomm_heur,saudi,4042.0,2042,11,saudi,standard
4.0,0.8571428571428571,1.0,405,-6.857142857142858,hiercomm_heur,saudi,4042.0,2042,12,saudi,standard
23.0,0.4285714285714285,0.739514348785872,166,-34.628571428571426,hiercomm_heur,saudi,4042.0,2042,13,saudi,standard
3.0,0.8571428571428571,0.6975717439293598,102,-6.357142857142856,hiercomm_heur,saudi,4042.0,2042,14,saudi,standard
0.0,1.0,1.0,9,0.0,hiercomm_heur,saudi,4042.0,3042,0,saudi,standard
0.0,1.0,0.9602649006622516,20,0.0,hiercomm_heur,saudi,4042.0,3042,1,saudi,standard
0.0,1.0,1.0,45,0.0,hiercomm_heur,saudi,4042.0,3042,2,saudi,standard
10.0,0.8571428571428571,0.7924944812362031,134,-13.057142857142855,hiercomm_heur,saudi,4042.0,3042,3,saudi,standard
0.0,1.0,0.9911699779249448,138,0.0,hiercomm_heur,saudi,4042.0,3042,4,saudi,standard
13.0,0.7142857142857143,0.7328918322295805,95,-18.91428571428571,hiercomm_heur,saudi,4042.0,3042,5,saudi,standard
4.0,0.8571428571428571,1.0,267,-6.857142857142858,hiercomm_heur,saudi,4042.0,3042,6,saudi,standard
9.0,0.7142857142857143,0.9602649006622516,86,-15.214285714285712,hiercomm_heur,saudi,4042.0,3042,7,saudi,standard
13.0,0.5714285714285714,0.7417218543046358,159,-21.571428571428573,hiercomm_heur,saudi,4042.0,3042,8,saudi,standard
13.0,0.5714285714285714,0.8322295805739515,203,-22.17142857142857,hiercomm_heur,saudi,4042.0,3042,9,saudi,standard
4.0,0.8571428571428571,1.0,363,-6.857142857142858,hiercomm_heur,saudi,4042.0,3042,10,saudi,standard
9.0,0.7142857142857143,0.93598233995585,85,-15.414285714285713,hiercomm_heur,saudi,4042.0,3042,11,saudi,standard
4.0,0.8571428571428571,1.0,305,-6.857142857142858,hiercomm_heur,saudi,4042.0,3042,12,saudi,standard
7.0,0.7142857142857143,0.9690949227373068,235,-12.914285714285716,hiercomm_heur,saudi,4042.0,3042,13,saudi,standard
4.0,0.8571428571428571,0.9552238805970148,91,-7.057142857142857,hiercomm_heur,saudi,4042.0,3042,14,saudi,standard
10.0,0.8571428571428571,0.7770419426048565,133,-13.257142857142856,hiercomm_heur,saudi,4042.0,4042,0,saudi,standard
4.0,0.8571428571428571,1.0,192,-6.857142857142858,hiercomm_heur,saudi,4042.0,4042,1,saudi,standard
7.0,0.7142857142857143,0.9845474613686536,160,-12.714285714285714,hiercomm_heur,saudi,4042.0,4042,2,saudi,standard
9.0,0.7142857142857143,0.7019867549668874,91,-15.014285714285712,hiercomm_heur,saudi,4042.0,4042,3,saudi,standard
0.0,1.0,1.0,13,0.0,hiercomm_heur,saudi,4042.0,4042,4,saudi,standard
10.0,0.8571428571428571,0.9529914529914528,59,-13.057142857142855,hiercomm_heur,saudi,4042.0,4042,5,saudi,standard
10.0,0.8571428571428571,0.9845474613686536,81,-12.957142857142856,hiercomm_heur,saudi,4042.0,4042,6,saudi,standard
23.0,0.4285714285714285,0.7262693156732892,273,-34.82857142857143,hiercomm_heur,saudi,4042.0,4042,7,saudi,standard
14.0,0.7142857142857143,0.9816849816849816,96,-19.714285714285715,hiercomm_heur,saudi,4042.0,4042,8,saudi,standard
3.0,0.8571428571428571,0.9801324503311258,154,-5.857142857142858,hiercomm_heur,saudi,4042.0,4042,9,saudi,standard
3.0,0.8571428571428571,0.7306843267108167,130,-6.057142857142858,hiercomm_heur,saudi,4042.0,4042,10,saudi,standard
13.0,0.5714285714285714,0.7328918322295805,176,-21.97142857142857,hiercomm_heur,saudi,4042.0,4042,11,saudi,standard
0.0,1.0,0.9573643410852714,56,0.0,hiercomm_heur,saudi,4042.0,4042,12,saudi,standard
13.0,0.5714285714285714,0.7108167770419426,311,-21.871428571428574,hiercomm_heur,saudi,4042.0,4042,13,saudi,standard
0.0,1.0,0.9949494949494948,16,0.0,hiercomm_heur,saudi,4042.0,4042,14,saudi,standard
27.0,0.2857142857142857,1.0,900,-41.285714285714285,noop,saudi,,42,0,saudi,heldout_ignition
27.0,0.2857142857142857,1.0,512,-41.285714285714285,noop,saudi,,42,1,saudi,heldout_ignition
0.0,1.0,1.0,236,0.0,noop,saudi,,42,2,saudi,heldout_ignition
0.0,1.0,1.0,32,0.0,noop,saudi,,42,3,saudi,heldout_ignition
27.0,0.2857142857142857,1.0,483,-41.285714285714285,noop,saudi,,42,4,saudi,heldout_ignition
27.0,0.2857142857142857,1.0,900,-41.285714285714285,noop,saudi,,42,5,saudi,heldout_ignition
27.0,0.2857142857142857,1.0,483,-41.285714285714285,noop,saudi,,42,6,saudi,heldout_ignition
0.0,1.0,1.0,262,0.0,noop,saudi,,42,7,saudi,heldout_ignition
0.0,1.0,1.0,42,0.0,noop,saudi,,42,8,saudi,heldout_ignition
27.0,0.2857142857142857,1.0,471,-41.285714285714285,noop,saudi,,42,9,saudi,heldout_ignition
27.0,0.2857142857142857,1.0,900,-41.285714285714285,noop,saudi,,42,10,saudi,heldout_ignition
27.0,0.2857142857142857,1.0,490,-41.285714285714285,noop,saudi,,42,11,saudi,heldout_ignition
0.0,1.0,1.0,214,0.0,noop,saudi,,42,12,saudi,heldout_ignition
0.0,1.0,1.0,37,0.0,noop,saudi,,42,13,saudi,heldout_ignition
27.0,0.2857142857142857,1.0,487,-41.285714285714285,noop,saudi,,42,14,saudi,heldout_ignition
27.0,0.2857142857142857,1.0,900,-41.285714285714285,noop,saudi,,1042,0,saudi,heldout_ignition
27.0,0.2857142857142857,1.0,490,-41.285714285714285,noop,saudi,,1042,1,saudi,heldout_ignition
0.0,1.0,1.0,227,0.0,noop,saudi,,1042,2,saudi,heldout_ignition
0.0,1.0,1.0,34,0.0,noop,saudi,,1042,3,saudi,heldout_ignition
27.0,0.2857142857142857,1.0,473,-41.285714285714285,noop,saudi,,1042,4,saudi,heldout_ignition
27.0,0.2857142857142857,1.0,900,-41.285714285714285,noop,saudi,,1042,5,saudi,heldout_ignition
27.0,0.2857142857142857,1.0,503,-41.285714285714285,noop,saudi,,1042,6,saudi,heldout_ignition
0.0,1.0,1.0,180,0.0,noop,saudi,,1042,7,saudi,heldout_ignition
0.0,1.0,1.0,40,0.0,noop,saudi,,1042,8,saudi,heldout_ignition
27.0,0.2857142857142857,1.0,506,-41.285714285714285,noop,saudi,,1042,9,saudi,heldout_ignition
27.0,0.2857142857142857,1.0,900,-41.285714285714285,noop,saudi,,1042,10,saudi,heldout_ignition
27.0,0.2857142857142857,1.0,512,-41.285714285714285,noop,saudi,,1042,11,saudi,heldout_ignition
0.0,1.0,1.0,199,0.0,noop,saudi,,1042,12,saudi,heldout_ignition
0.0,1.0,1.0,41,0.0,noop,saudi,,1042,13,saudi,heldout_ignition
27.0,0.2857142857142857,1.0,482,-41.285714285714285,noop,saudi,,1042,14,saudi,heldout_ignition
27.0,0.2857142857142857,1.0,900,-41.285714285714285,noop,saudi,,2042,0,saudi,heldout_ignition
27.0,0.2857142857142857,1.0,503,-41.285714285714285,noop,saudi,,2042,1,saudi,heldout_ignition
0.0,1.0,1.0,191,0.0,noop,saudi,,2042,2,saudi,heldout_ignition
0.0,1.0,1.0,40,0.0,noop,saudi,,2042,3,saudi,heldout_ignition
27.0,0.2857142857142857,1.0,472,-41.285714285714285,noop,saudi,,2042,4,saudi,heldout_ignition
27.0,0.2857142857142857,1.0,900,-41.285714285714285,noop,saudi,,2042,5,saudi,heldout_ignition
27.0,0.2857142857142857,1.0,520,-41.285714285714285,noop,saudi,,2042,6,saudi,heldout_ignition
0.0,1.0,1.0,214,0.0,noop,saudi,,2042,7,saudi,heldout_ignition
0.0,1.0,1.0,32,0.0,noop,saudi,,2042,8,saudi,heldout_ignition
27.0,0.2857142857142857,1.0,520,-41.285714285714285,noop,saudi,,2042,9,saudi,heldout_ignition
27.0,0.2857142857142857,1.0,900,-41.285714285714285,noop,saudi,,2042,10,saudi,heldout_ignition
27.0,0.2857142857142857,1.0,507,-41.285714285714285,noop,saudi,,2042,11,saudi,heldout_ignition
0.0,1.0,1.0,180,0.0,noop,saudi,,2042,12,saudi,heldout_ignition
0.0,1.0,1.0,33,0.0,noop,saudi,,2042,13,saudi,heldout_ignition
27.0,0.2857142857142857,1.0,472,-41.285714285714285,noop,saudi,,2042,14,saudi,heldout_ignition
27.0,0.2857142857142857,1.0,900,-41.285714285714285,noop,saudi,,3042,0,saudi,heldout_ignition
27.0,0.2857142857142857,1.0,482,-41.285714285714285,noop,saudi,,3042,1,saudi,heldout_ignition
0.0,1.0,1.0,207,0.0,noop,saudi,,3042,2,saudi,heldout_ignition
0.0,1.0,1.0,31,0.0,noop,saudi,,3042,3,saudi,heldout_ignition
27.0,0.2857142857142857,1.0,472,-41.285714285714285,noop,saudi,,3042,4,saudi,heldout_ignition
27.0,0.2857142857142857,1.0,900,-41.285714285714285,noop,saudi,,3042,5,saudi,heldout_ignition
27.0,0.2857142857142857,1.0,529,-41.285714285714285,noop,saudi,,3042,6,saudi,heldout_ignition
0.0,1.0,1.0,191,0.0,noop,saudi,,3042,7,saudi,heldout_ignition
0.0,1.0,1.0,34,0.0,noop,saudi,,3042,8,saudi,heldout_ignition
27.0,0.2857142857142857,1.0,463,-41.285714285714285,noop,saudi,,3042,9,saudi,heldout_ignition
27.0,0.2857142857142857,1.0,900,-41.285714285714285,noop,saudi,,3042,10,saudi,heldout_ignition
27.0,0.2857142857142857,1.0,527,-41.285714285714285,noop,saudi,,3042,11,saudi,heldout_ignition
0.0,1.0,1.0,217,0.0,noop,saudi,,3042,12,saudi,heldout_ignition
0.0,1.0,1.0,32,0.0,noop,saudi,,3042,13,saudi,heldout_ignition
27.0,0.2857142857142857,1.0,506,-41.285714285714285,noop,saudi,,3042,14,saudi,heldout_ignition
27.0,0.2857142857142857,1.0,900,-41.285714285714285,noop,saudi,,4042,0,saudi,heldout_ignition
27.0,0.2857142857142857,1.0,490,-41.285714285714285,noop,saudi,,4042,1,saudi,heldout_ignition
0.0,1.0,1.0,206,0.0,noop,saudi,,4042,2,saudi,heldout_ignition
0.0,1.0,1.0,44,0.0,noop,saudi,,4042,3,saudi,heldout_ignition
27.0,0.2857142857142857,1.0,481,-41.285714285714285,noop,saudi,,4042,4,saudi,heldout_ignition
27.0,0.2857142857142857,1.0,900,-41.285714285714285,noop,saudi,,4042,5,saudi,heldout_ignition
27.0,0.2857142857142857,1.0,537,-41.285714285714285,noop,saudi,,4042,6,saudi,heldout_ignition
0.0,1.0,1.0,184,0.0,noop,saudi,,4042,7,saudi,heldout_ignition
0.0,1.0,1.0,45,0.0,noop,saudi,,4042,8,saudi,heldout_ignition
27.0,0.2857142857142857,1.0,475,-41.285714285714285,noop,saudi,,4042,9,saudi,heldout_ignition
27.0,0.2857142857142857,1.0,900,-41.285714285714285,noop,saudi,,4042,10,saudi,heldout_ignition
27.0,0.2857142857142857,1.0,520,-41.285714285714285,noop,saudi,,4042,11,saudi,heldout_ignition
0.0,1.0,1.0,210,0.0,noop,saudi,,4042,12,saudi,heldout_ignition
0.0,1.0,1.0,32,0.0,noop,saudi,,4042,13,saudi,heldout_ignition
27.0,0.2857142857142857,1.0,462,-41.285714285714285,noop,saudi,,4042,14,saudi,heldout_ignition
18.0,0.5714285714285714,0.9947916666666666,877,-26.571428571428573,value_first,saudi,,42,0,saudi,heldout_ignition
18.0,0.5714285714285714,0.9955849889624724,496,-26.571428571428577,value_first,saudi,,42,1,saudi,heldout_ignition
0.0,1.0,1.0,236,0.0,value_first,saudi,,42,2,saudi,heldout_ignition
0.0,1.0,1.0,32,0.0,value_first,saudi,,42,3,saudi,heldout_ignition
18.0,0.5714285714285714,0.9933774834437086,467,-26.571428571428573,value_first,saudi,,42,4,saudi,heldout_ignition
18.0,0.5714285714285714,0.9941520467836256,877,-26.571428571428573,value_first,saudi,,42,5,saudi,heldout_ignition
18.0,0.5714285714285714,0.9955849889624724,467,-26.571428571428577,value_first,saudi,,42,6,saudi,heldout_ignition
0.0,1.0,1.0,262,0.0,value_first,saudi,,42,7,saudi,heldout_ignition
0.0,1.0,1.0,42,0.0,value_first,saudi,,42,8,saudi,heldout_ignition
18.0,0.5714285714285714,0.9933774834437086,455,-26.571428571428573,value_first,saudi,,42,9,saudi,heldout_ignition
18.0,0.5714285714285714,0.9923664122137404,868,-26.571428571428573,value_first,saudi,,42,10,saudi,heldout_ignition
18.0,0.5714285714285714,0.9955849889624724,474,-26.571428571428577,value_first,saudi,,42,11,saudi,heldout_ignition
0.0,1.0,1.0,214,0.0,value_first,saudi,,42,12,saudi,heldout_ignition
0.0,1.0,1.0,37,0.0,value_first,saudi,,42,13,saudi,heldout_ignition
18.0,0.5714285714285714,0.9933774834437086,471,-26.571428571428573,value_first,saudi,,42,14,saudi,heldout_ignition
18.0,0.5714285714285714,0.9947916666666666,877,-26.571428571428573,value_first,saudi,,1042,0,saudi,heldout_ignition
18.0,0.5714285714285714,0.9955849889624724,474,-26.571428571428577,value_first,saudi,,1042,1,saudi,heldout_ignition
0.0,1.0,1.0,227,0.0,value_first,saudi,,1042,2,saudi,heldout_ignition
0.0,1.0,1.0,34,0.0,value_first,saudi,,1042,3,saudi,heldout_ignition
18.0,0.5714285714285714,0.9933774834437086,457,-26.571428571428573,value_first,saudi,,1042,4,saudi,heldout_ignition
18.0,0.5714285714285714,0.9923664122137404,868,-26.571428571428573,value_first,saudi,,1042,5,saudi,heldout_ignition
18.0,0.5714285714285714,0.9955849889624724,487,-26.571428571428577,value_first,saudi,,1042,6,saudi,heldout_ignition
0.0,1.0,1.0,180,0.0,value_first,saudi,,1042,7,saudi,heldout_ignition
0.0,1.0,1.0,40,0.0,value_first,saudi,,1042,8,saudi,heldout_ignition
18.0,0.5714285714285714,0.9933774834437086,490,-26.571428571428573,value_first,saudi,,1042,9,saudi,heldout_ignition
18.0,0.5714285714285714,0.9973544973544972,877,-26.571428571428573,value_first,saudi,,1042,10,saudi,heldout_ignition
18.0,0.5714285714285714,0.9955849889624724,496,-26.571428571428577,value_first,saudi,,1042,11,saudi,heldout_ignition
0.0,1.0,1.0,199,0.0,value_first,saudi,,1042,12,saudi,heldout_ignition
0.0,1.0,1.0,41,0.0,value_first,saudi,,1042,13,saudi,heldout_ignition
18.0,0.5714285714285714,0.9933774834437086,466,-26.571428571428573,value_first,saudi,,1042,14,saudi,heldout_ignition
18.0,0.5714285714285714,0.98989898989899,868,-26.571428571428573,value_first,saudi,,2042,0,saudi,heldout_ignition
18.0,0.5714285714285714,0.9955849889624724,487,-26.571428571428577,value_first,saudi,,2042,1,saudi,heldout_ignition
0.0,1.0,1.0,191,0.0,value_first,saudi,,2042,2,saudi,heldout_ignition
0.0,1.0,1.0,40,0.0,value_first,saudi,,2042,3,saudi,heldout_ignition
18.0,0.5714285714285714,0.9933774834437086,456,-26.571428571428573,value_first,saudi,,2042,4,saudi,heldout_ignition
18.0,0.5714285714285714,0.997289972899729,877,-26.571428571428573,value_first,saudi,,2042,5,saudi,heldout_ignition
27.0,0.2857142857142857,0.9955849889624724,511,-41.285714285714285,value_first,saudi,,2042,6,saudi,heldout_ignition
0.0,1.0,1.0,214,0.0,value_first,saudi,,2042,7,saudi,heldout_ignition
0.0,1.0,1.0,32,0.0,value_first,saudi,,2042,8,saudi,heldout_ignition
18.0,0.5714285714285714,0.9933774834437086,504,-26.571428571428573,value_first,saudi,,2042,9,saudi,heldout_ignition
18.0,0.5714285714285714,0.9973333333333332,877,-26.571428571428573,value_first,saudi,,2042,10,saudi,heldout_ignition
18.0,0.5714285714285714,0.9955849889624724,491,-26.571428571428577,value_first,saudi,,2042,11,saudi,heldout_ignition
0.0,1.0,1.0,180,0.0,value_first,saudi,,2042,12,saudi,heldout_ignition
0.0,1.0,1.0,33,0.0,value_first,saudi,,2042,13,saudi,heldout_ignition
18.0,0.5714285714285714,0.9933774834437086,456,-26.571428571428573,value_first,saudi,,2042,14,saudi,heldout_ignition
18.0,0.5714285714285714,0.992248062015504,868,-26.571428571428573,value_first,saudi,,3042,0,saudi,heldout_ignition
18.0,0.5714285714285714,0.9955849889624724,466,-26.571428571428577,value_first,saudi,,3042,1,saudi,heldout_ignition
0.0,1.0,1.0,207,0.0,value_first,saudi,,3042,2,saudi,heldout_ignition
0.0,1.0,1.0,31,0.0,value_first,saudi,,3042,3,saudi,heldout_ignition
18.0,0.5714285714285714,0.9933774834437086,456,-26.571428571428573,value_first,saudi,,3042,4,saudi,heldout_ignition
18.0,0.5714285714285714,0.9923664122137404,868,-26.571428571428573,value_first,saudi,,3042,5,saudi,heldout_ignition
27.0,0.2857142857142857,0.9977924944812362,520,-41.285714285714285,value_first,saudi,,3042,6,saudi,heldout_ignition
0.0,1.0,1.0,191,0.0,value_first,saudi,,3042,7,saudi,heldout_ignition
0.0,1.0,1.0,34,0.0,value_first,saudi,,3042,8,saudi,heldout_ignition
18.0,0.5714285714285714,0.9933774834437086,447,-26.571428571428573,value_first,saudi,,3042,9,saudi,heldout_ignition
18.0,0.5714285714285714,0.9973544973544972,877,-26.571428571428573,value_first,saudi,,3042,10,saudi,heldout_ignition
27.0,0.2857142857142857,0.9977924944812362,518,-41.285714285714285,value_first,saudi,,3042,11,saudi,heldout_ignition
0.0,1.0,1.0,217,0.0,value_first,saudi,,3042,12,saudi,heldout_ignition
0.0,1.0,1.0,32,0.0,value_first,saudi,,3042,13,saudi,heldout_ignition
18.0,0.5714285714285714,0.9933774834437086,490,-26.571428571428573,value_first,saudi,,3042,14,saudi,heldout_ignition
18.0,0.5714285714285714,0.9942028985507246,877,-26.571428571428573,value_first,saudi,,4042,0,saudi,heldout_ignition
18.0,0.5714285714285714,0.9955849889624724,474,-26.571428571428577,value_first,saudi,,4042,1,saudi,heldout_ignition
0.0,1.0,1.0,206,0.0,value_first,saudi,,4042,2,saudi,heldout_ignition
0.0,1.0,1.0,44,0.0,value_first,saudi,,4042,3,saudi,heldout_ignition
18.0,0.5714285714285714,0.9933774834437086,465,-26.571428571428573,value_first,saudi,,4042,4,saudi,heldout_ignition
18.0,0.5714285714285714,0.9973544973544972,877,-26.571428571428573,value_first,saudi,,4042,5,saudi,heldout_ignition
27.0,0.2857142857142857,0.9977924944812362,528,-41.285714285714285,value_first,saudi,,4042,6,saudi,heldout_ignition
0.0,1.0,1.0,184,0.0,value_first,saudi,,4042,7,saudi,heldout_ignition
0.0,1.0,1.0,45,0.0,value_first,saudi,,4042,8,saudi,heldout_ignition
18.0,0.5714285714285714,0.9933774834437086,459,-26.571428571428573,value_first,saudi,,4042,9,saudi,heldout_ignition
18.0,0.5714285714285714,0.9972451790633609,877,-26.571428571428573,value_first,saudi,,4042,10,saudi,heldout_ignition
27.0,0.2857142857142857,0.9955849889624724,511,-41.285714285714285,value_first,saudi,,4042,11,saudi,heldout_ignition
0.0,1.0,1.0,210,0.0,value_first,saudi,,4042,12,saudi,heldout_ignition
0.0,1.0,1.0,32,0.0,value_first,saudi,,4042,13,saudi,heldout_ignition
18.0,0.5714285714285714,0.9933774834437086,446,-26.571428571428573,value_first,saudi,,4042,14,saudi,heldout_ignition
18.0,0.5714285714285714,0.4580498866213152,428,-30.871428571428563,local_reactive,saudi,,42,0,saudi,heldout_ignition
19.0,0.5714285714285714,0.4719101123595505,75,-31.07142857142856,local_reactive,saudi,,42,1,saudi,heldout_ignition
0.0,1.0,0.9142857142857144,3,-0.2,local_reactive,saudi,,42,2,saudi,heldout_ignition
0.0,1.0,1.0,0,0.0,local_reactive,saudi,,42,3,saudi,heldout_ignition
0.0,1.0,0.8888888888888888,0,0.0,local_reactive,saudi,,42,4,saudi,heldout_ignition
27.0,0.2857142857142857,0.3965936739659367,761,-44.385714285714286,local_reactive,saudi,,42,5,saudi,heldout_ignition
9.0,0.7142857142857143,0.4767441860465116,53,-18.214285714285705,local_reactive,saudi,,42,6,saudi,heldout_ignition
0.0,1.0,0.9142857142857144,3,-0.2,local_reactive,saudi,,42,7,saudi,heldout_ignition
0.0,1.0,1.0,0,0.0,local_reactive,saudi,,42,8,saudi,heldout_ignition
0.0,1.0,0.8888888888888888,0,0.0,local_reactive,saudi,,42,9,saudi,heldout_ignition
18.0,0.5714285714285714,0.4547461368653421,587,-30.07142857142856,local_reactive,saudi,,42,10,saudi,heldout_ignition
9.0,0.7142857142857143,0.4688644688644688,55,-18.414285714285704,local_reactive,saudi,,42,11,saudi,heldout_ignition
0.0,1.0,0.9142857142857144,3,-0.2,local_reactive,saudi,,42,12,saudi,heldout_ignition
0.0,1.0,1.0,0,0.0,local_reactive,saudi,,42,13,saudi,heldout_ignition
0.0,1.0,0.8888888888888888,0,0.0,local_reactive,saudi,,42,14,saudi,heldout_ignition
18.0,0.5714285714285714,0.4580498866213152,428,-30.871428571428563,local_reactive,saudi,,1042,0,saudi,heldout_ignition
9.0,0.7142857142857143,0.4688644688644688,55,-18.414285714285704,local_reactive,saudi,,1042,1,saudi,heldout_ignition
0.0,1.0,0.9142857142857144,3,-0.2,local_reactive,saudi,,1042,2,saudi,heldout_ignition
0.0,1.0,1.0,0,0.0,local_reactive,saudi,,1042,3,saudi,heldout_ignition
0.0,1.0,0.8888888888888888,0,0.0,local_reactive,saudi,,1042,4,saudi,heldout_ignition
18.0,0.5714285714285714,0.4555555555555555,605,-30.471428571428564,local_reactive,saudi,,1042,5,saudi,heldout_ignition
19.0,0.5714285714285714,0.4673913043478261,75,-31.07142857142856,local_reactive,saudi,,1042,6,saudi,heldout_ignition
0.0,1.0,0.9696969696969696,2,0.0,local_reactive,saudi,,1042,7,saudi,heldout_ignition
0.0,1.0,1.0,0,0.0,local_reactive,saudi,,1042,8,saudi,heldout_ignition
0.0,1.0,0.8888888888888888,0,0.0,local_reactive,saudi,,1042,9,saudi,heldout_ignition
21.0,0.4285714285714285,0.3929359823399558,712,-36.62857142857144,local_reactive,saudi,,1042,10,saudi,heldout_ignition
19.0,0.5714285714285714,0.4719101123595505,75,-31.07142857142856,local_reactive,saudi,,1042,11,saudi,heldout_ignition
0.0,1.0,0.923809523809524,1,-0.2,local_reactive,saudi,,1042,12,saudi,heldout_ignition
0.0,1.0,1.0,0,0.0,local_reactive,saudi,,1042,13,saudi,heldout_ignition
0.0,1.0,0.8888888888888888,0,0.0,local_reactive,saudi,,1042,14,saudi,heldout_ignition
18.0,0.5714285714285714,0.4547461368653421,587,-30.07142857142857,local_reactive,saudi,,2042,0,saudi,heldout_ignition
19.0,0.5714285714285714,0.4688644688644688,75,-31.07142857142856,local_reactive,saudi,,2042,1,saudi,heldout_ignition
0.0,1.0,0.9523809523809524,1,-0.1,local_reactive,saudi,,2042,2,saudi,heldout_ignition
0.0,1.0,1.0,0,0.0,local_reactive,saudi,,2042,3,saudi,heldout_ignition
0.0,1.0,0.8888888888888888,0,0.0,local_reactive,saudi,,2042,4,saudi,heldout_ignition
21.0,0.4285714285714285,0.3914988814317673,752,-35.92857142857143,local_reactive,saudi,,2042,5,saudi,heldout_ignition
19.0,0.5714285714285714,0.4673913043478261,77,-31.27142857142856,local_reactive,saudi,,2042,6,saudi,heldout_ignition
0.0,1.0,0.9142857142857144,3,-0.2,local_reactive,saudi,,2042,7,saudi,heldout_ignition
0.0,1.0,1.0,0,0.0,local_reactive,saudi,,2042,8,saudi,heldout_ignition
0.0,1.0,0.8888888888888888,0,0.0,local_reactive,saudi,,2042,9,saudi,heldout_ignition
27.0,0.2857142857142857,0.390728476821192,711,-45.38571428571429,local_reactive,saudi,,2042,10,saudi,heldout_ignition
19.0,0.5714285714285714,0.4688644688644688,75,-31.27142857142856,local_reactive,saudi,,2042,11,saudi,heldout_ignition
0.0,1.0,0.9696969696969696,2,0.0,local_reactive,saudi,,2042,12,saudi,heldout_ignition
0.0,1.0,1.0,0,0.0,local_reactive,saudi,,2042,13,saudi,heldout_ignition
0.0,1.0,0.8888888888888888,0,0.0,local_reactive,saudi,,2042,14,saudi,heldout_ignition
18.0,0.5714285714285714,0.4615384615384615,639,-30.07142857142857,local_reactive,saudi,,3042,0,saudi,heldout_ignition
9.0,0.7142857142857143,0.475095785440613,53,-18.214285714285705,local_reactive,saudi,,3042,1,saudi,heldout_ignition
0.0,1.0,0.8981481481481481,3,-0.2,local_reactive,saudi,,3042,2,saudi,heldout_ignition
0.0,1.0,1.0,0,0.0,local_reactive,saudi,,3042,3,saudi,heldout_ignition
0.0,1.0,0.8888888888888888,0,0.0,local_reactive,saudi,,3042,4,saudi,heldout_ignition
18.0,0.5714285714285714,0.4547461368653421,587,-30.07142857142856,local_reactive,saudi,,3042,5,saudi,heldout_ignition
19.0,0.5714285714285714,0.4382022471910112,97,-31.17142857142856,local_reactive,saudi,,3042,6,saudi,heldout_ignition
0.0,1.0,0.9523809523809524,1,-0.1,local_reactive,saudi,,3042,7,saudi,heldout_ignition
0.0,1.0,1.0,0,0.0,local_reactive,saudi,,3042,8,saudi,heldout_ignition
0.0,1.0,0.8888888888888888,0,0.0,local_reactive,saudi,,3042,9,saudi,heldout_ignition
21.0,0.4285714285714285,0.390728476821192,705,-36.72857142857144,local_reactive,saudi,,3042,10,saudi,heldout_ignition
19.0,0.5714285714285714,0.4358974358974359,103,-31.17142857142856,local_reactive,saudi,,3042,11,saudi,heldout_ignition
0.0,1.0,0.9142857142857144,3,-0.2,local_reactive,saudi,,3042,12,saudi,heldout_ignition
0.0,1.0,1.0,0,0.0,local_reactive,saudi,,3042,13,saudi,heldout_ignition
0.0,1.0,0.8888888888888888,0,0.0,local_reactive,saudi,,3042,14,saudi,heldout_ignition
27.0,0.2857142857142857,0.3970588235294117,551,-45.78571428571431,local_reactive,saudi,,4042,0,saudi,heldout_ignition
9.0,0.7142857142857143,0.4688644688644688,55,-18.614285714285703,local_reactive,saudi,,4042,1,saudi,heldout_ignition
0.0,1.0,0.8981481481481481,3,-0.2,local_reactive,saudi,,4042,2,saudi,heldout_ignition
0.0,1.0,1.0,0,0.0,local_reactive,saudi,,4042,3,saudi,heldout_ignition
0.0,1.0,0.8888888888888888,0,0.0,local_reactive,saudi,,4042,4,saudi,heldout_ignition
21.0,0.4285714285714285,0.3929359823399558,729,-36.22857142857144,local_reactive,saudi,,4042,5,saudi,heldout_ignition
19.0,0.5714285714285714,0.4431372549019607,101,-31.17142857142856,local_reactive,saudi,,4042,6,saudi,heldout_ignition
0.0,1.0,0.923809523809524,1,-0.2,local_reactive,saudi,,4042,7,saudi,heldout_ignition
0.0,1.0,1.0,0,0.0,local_reactive,saudi,,4042,8,saudi,heldout_ignition
0.0,1.0,0.8888888888888888,0,0.0,local_reactive,saudi,,4042,9,saudi,heldout_ignition
27.0,0.2857142857142857,0.3965936739659367,566,-45.58571428571431,local_reactive,saudi,,4042,10,saudi,heldout_ignition
19.0,0.5714285714285714,0.4673913043478261,77,-31.27142857142856,local_reactive,saudi,,4042,11,saudi,heldout_ignition
0.0,1.0,0.8981481481481481,3,-0.2,local_reactive,saudi,,4042,12,saudi,heldout_ignition
0.0,1.0,1.0,0,0.0,local_reactive,saudi,,4042,13,saudi,heldout_ignition
0.0,1.0,0.8888888888888888,0,0.0,local_reactive,saudi,,4042,14,saudi,heldout_ignition
4.0,0.8571428571428571,0.9496402877697842,712,-7.257142857142858,commnet,saudi,42.0,42,0,saudi,heldout_ignition
0.0,1.0,0.6821192052980133,186,-0.6,commnet,saudi,42.0,42,1,saudi,heldout_ignition
0.0,1.0,0.9536423841059604,236,-0.3,commnet,saudi,42.0,42,2,saudi,heldout_ignition
0.0,1.0,0.9690949227373068,31,-0.3,commnet,saudi,42.0,42,3,saudi,heldout_ignition
18.0,0.5714285714285714,0.9448123620309052,313,-26.871428571428574,commnet,saudi,42.0,42,4,saudi,heldout_ignition
4.0,0.8571428571428571,0.9005847953216374,727,-7.257142857142858,commnet,saudi,42.0,42,5,saudi,heldout_ignition
0.0,1.0,0.6843267108167771,158,-0.4,commnet,saudi,42.0,42,6,saudi,heldout_ignition
0.0,1.0,0.9536423841059604,261,-0.3,commnet,saudi,42.0,42,7,saudi,heldout_ignition
0.0,1.0,0.9690949227373068,38,-0.3,commnet,saudi,42.0,42,8,saudi,heldout_ignition
18.0,0.5714285714285714,0.9514348785871964,321,-26.871428571428574,commnet,saudi,42.0,42,9,saudi,heldout_ignition
4.0,0.8571428571428571,0.6844783715012722,751,-7.257142857142858,commnet,saudi,42.0,42,10,saudi,heldout_ignition
0.0,1.0,0.6843267108167771,160,-0.4,commnet,saudi,42.0,42,11,saudi,heldout_ignition
0.0,1.0,0.9536423841059604,214,-0.3,commnet,saudi,42.0,42,12,saudi,heldout_ignition
0.0,1.0,0.9690949227373068,35,-0.3,commnet,saudi,42.0,42,13,saudi,heldout_ignition
18.0,0.5714285714285714,0.9448123620309052,313,-26.871428571428574,commnet,saudi,42.0,42,14,saudi,heldout_ignition
4.0,0.8571428571428571,0.9496402877697842,712,-7.257142857142858,commnet,saudi,42.0,1042,0,saudi,heldout_ignition
0.0,1.0,0.6843267108167771,160,-0.4,commnet,saudi,42.0,1042,1,saudi,heldout_ignition
0.0,1.0,0.9536423841059604,227,-0.3,commnet,saudi,42.0,1042,2,saudi,heldout_ignition
0.0,1.0,0.9690949227373068,33,-0.3,commnet,saudi,42.0,1042,3,saudi,heldout_ignition
18.0,0.5714285714285714,0.6887417218543046,305,-26.871428571428574,commnet,saudi,42.0,1042,4,saudi,heldout_ignition
4.0,0.8571428571428571,0.6844783715012722,751,-7.257142857142858,commnet,saudi,42.0,1042,5,saudi,heldout_ignition
0.0,1.0,0.6821192052980133,172,-0.6,commnet,saudi,42.0,1042,6,saudi,heldout_ignition
0.0,1.0,0.9690949227373068,180,-0.3,commnet,saudi,42.0,1042,7,saudi,heldout_ignition
0.0,1.0,0.9690949227373068,37,-0.3,commnet,saudi,42.0,1042,8,saudi,heldout_ignition
18.0,0.5714285714285714,0.7086092715231788,329,-26.871428571428574,commnet,saudi,42.0,1042,9,saudi,heldout_ignition
4.0,0.8571428571428571,0.9444444444444444,717,-7.257142857142858,commnet,saudi,42.0,1042,10,saudi,heldout_ignition
0.0,1.0,0.6821192052980133,186,-0.6,commnet,saudi,42.0,1042,11,saudi,heldout_ignition
0.0,1.0,0.9536423841059604,199,-0.3,commnet,saudi,42.0,1042,12,saudi,heldout_ignition
0.0,1.0,0.9690949227373068,37,-0.3,commnet,saudi,42.0,1042,13,saudi,heldout_ignition
18.0,0.5714285714285714,0.9448123620309052,312,-26.871428571428574,commnet,saudi,42.0,1042,14,saudi,heldout_ignition
4.0,0.8571428571428571,0.6843434343434344,751,-7.257142857142858,commnet,saudi,42.0,2042,0,saudi,heldout_ignition
0.0,1.0,0.6821192052980133,173,-0.6,commnet,saudi,42.0,2042,1,saudi,heldout_ignition
0.0,1.0,0.9690949227373068,191,-0.3,commnet,saudi,42.0,2042,2,saudi,heldout_ignition
0.0,1.0,0.9690949227373068,37,-0.3,commnet,saudi,42.0,2042,3,saudi,heldout_ignition
18.0,0.5714285714285714,0.9514348785871964,321,-26.871428571428574,commnet,saudi,42.0,2042,4,saudi,heldout_ignition
4.0,0.8571428571428571,0.943089430894309,745,-7.257142857142858,commnet,saudi,42.0,2042,5,saudi,heldout_ignition
0.0,1.0,0.9492273730684326,200,-0.4,commnet,saudi,42.0,2042,6,saudi,heldout_ignition
0.0,1.0,0.9536423841059604,214,-0.3,commnet,saudi,42.0,2042,7,saudi,heldout_ignition
0.0,1.0,0.9690949227373068,31,-0.3,commnet,saudi,42.0,2042,8,saudi,heldout_ignition
18.0,0.5714285714285714,0.933774834437086,344,-26.871428571428574,commnet,saudi,42.0,2042,9,saudi,heldout_ignition
4.0,0.8571428571428571,0.944,745,-7.257142857142858,commnet,saudi,42.0,2042,10,saudi,heldout_ignition
0.0,1.0,0.6821192052980133,178,-0.6,commnet,saudi,42.0,2042,11,saudi,heldout_ignition
0.0,1.0,0.9690949227373068,180,-0.3,commnet,saudi,42.0,2042,12,saudi,heldout_ignition
0.0,1.0,0.9690949227373068,32,-0.3,commnet,saudi,42.0,2042,13,saudi,heldout_ignition
18.0,0.5714285714285714,0.9514348785871964,321,-26.871428571428574,commnet,saudi,42.0,2042,14,saudi,heldout_ignition
4.0,0.8571428571428571,0.9416666666666668,708,-7.257142857142858,commnet,saudi,42.0,3042,0,saudi,heldout_ignition
0.0,1.0,0.6843267108167771,157,-0.4,commnet,saudi,42.0,3042,1,saudi,heldout_ignition
0.0,1.0,0.9536423841059604,207,-0.3,commnet,saudi,42.0,3042,2,saudi,heldout_ignition
0.0,1.0,0.9690949227373068,30,-0.3,commnet,saudi,42.0,3042,3,saudi,heldout_ignition
18.0,0.5714285714285714,0.9514348785871964,321,-26.871428571428574,commnet,saudi,42.0,3042,4,saudi,heldout_ignition
4.0,0.8571428571428571,0.6844783715012722,751,-7.257142857142858,commnet,saudi,42.0,3042,5,saudi,heldout_ignition
6.0,0.8571428571428571,0.8498896247240618,202,-9.357142857142858,commnet,saudi,42.0,3042,6,saudi,heldout_ignition
0.0,1.0,0.9690949227373068,191,-0.3,commnet,saudi,42.0,3042,7,saudi,heldout_ignition
0.0,1.0,0.9690949227373068,33,-0.3,commnet,saudi,42.0,3042,8,saudi,heldout_ignition
18.0,0.5714285714285714,0.9514348785871964,319,-26.871428571428574,commnet,saudi,42.0,3042,9,saudi,heldout_ignition
4.0,0.8571428571428571,0.9444444444444444,745,-7.257142857142858,commnet,saudi,42.0,3042,10,saudi,heldout_ignition
6.0,0.8571428571428571,0.8498896247240618,201,-9.357142857142858,commnet,saudi,42.0,3042,11,saudi,heldout_ignition
0.0,1.0,0.9536423841059604,217,-0.3,commnet,saudi,42.0,3042,12,saudi,heldout_ignition
0.0,1.0,0.9690949227373068,31,-0.3,commnet,saudi,42.0,3042,13,saudi,heldout_ignition
18.0,0.5714285714285714,0.7086092715231788,329,-26.871428571428574,commnet,saudi,42.0,3042,14,saudi,heldout_ignition
4.0,0.8571428571428571,0.9391304347826088,727,-7.257142857142858,commnet,saudi,42.0,4042,0,saudi,heldout_ignition
0.0,1.0,0.6843267108167771,160,-0.4,commnet,saudi,42.0,4042,1,saudi,heldout_ignition
0.0,1.0,0.9536423841059604,206,-0.3,commnet,saudi,42.0,4042,2,saudi,heldout_ignition
0.0,1.0,0.9690949227373068,40,-0.3,commnet,saudi,42.0,4042,3,saudi,heldout_ignition
18.0,0.5714285714285714,0.6887417218543046,305,-26.871428571428574,commnet,saudi,42.0,4042,4,saudi,heldout_ignition
4.0,0.8571428571428571,0.9513888888888888,718,-7.257142857142858,commnet,saudi,42.0,4042,5,saudi,heldout_ignition
4.0,0.8571428571428571,0.6821192052980133,250,-7.257142857142858,commnet,saudi,42.0,4042,6,saudi,heldout_ignition
0.0,1.0,0.9690949227373068,184,-0.3,commnet,saudi,42.0,4042,7,saudi,heldout_ignition
0.0,1.0,0.9690949227373068,40,-0.3,commnet,saudi,42.0,4042,8,saudi,heldout_ignition
18.0,0.5714285714285714,0.6887417218543046,305,-26.871428571428574,commnet,saudi,42.0,4042,9,saudi,heldout_ignition
4.0,0.8571428571428571,0.9421487603305784,718,-7.257142857142858,commnet,saudi,42.0,4042,10,saudi,heldout_ignition
0.0,1.0,0.9492273730684326,202,-0.4,commnet,saudi,42.0,4042,11,saudi,heldout_ignition
0.0,1.0,0.9536423841059604,210,-0.3,commnet,saudi,42.0,4042,12,saudi,heldout_ignition
0.0,1.0,0.9690949227373068,31,-0.3,commnet,saudi,42.0,4042,13,saudi,heldout_ignition
18.0,0.5714285714285714,0.9514348785871964,318,-26.871428571428574,commnet,saudi,42.0,4042,14,saudi,heldout_ignition
24.0,0.4285714285714285,1.0,762,-35.42857142857143,commnet,saudi,1042.0,42,0,saudi,heldout_ignition
6.0,0.8571428571428571,1.0,142,-8.857142857142858,commnet,saudi,1042.0,42,1,saudi,heldout_ignition
0.0,1.0,1.0,229,0.0,commnet,saudi,1042.0,42,2,saudi,heldout_ignition
0.0,1.0,1.0,22,0.0,commnet,saudi,1042.0,42,3,saudi,heldout_ignition
14.0,0.7142857142857143,0.9955849889624724,281,-19.714285714285715,commnet,saudi,1042.0,42,4,saudi,heldout_ignition
24.0,0.4285714285714285,1.0,805,-35.42857142857143,commnet,saudi,1042.0,42,5,saudi,heldout_ignition
6.0,0.8571428571428571,1.0,127,-8.857142857142858,commnet,saudi,1042.0,42,6,saudi,heldout_ignition
0.0,1.0,1.0,252,0.0,commnet,saudi,1042.0,42,7,saudi,heldout_ignition
0.0,1.0,1.0,31,0.0,commnet,saudi,1042.0,42,8,saudi,heldout_ignition
14.0,0.7142857142857143,0.9977924944812362,306,-19.714285714285715,commnet,saudi,1042.0,42,9,saudi,heldout_ignition
24.0,0.4285714285714285,1.0,762,-35.42857142857143,commnet,saudi,1042.0,42,10,saudi,heldout_ignition
6.0,0.8571428571428571,1.0,130,-8.857142857142858,commnet,saudi,1042.0,42,11,saudi,heldout_ignition
0.0,1.0,1.0,210,0.0,commnet,saudi,1042.0,42,12,saudi,heldout_ignition
0.0,1.0,1.0,27,0.0,commnet,saudi,1042.0,42,13,saudi,heldout_ignition
14.0,0.7142857142857143,0.9955849889624724,283,-19.714285714285715,commnet,saudi,1042.0,42,14,saudi,heldout_ignition
24.0,0.4285714285714285,1.0,762,-35.42857142857143,commnet,saudi,1042.0,1042,0,saudi,heldout_ignition
6.0,0.8571428571428571,1.0,130,-8.857142857142858,commnet,saudi,1042.0,1042,1,saudi,heldout_ignition
0.0,1.0,1.0,221,0.0,commnet,saudi,1042.0,1042,2,saudi,heldout_ignition
0.0,1.0,1.0,25,0.0,commnet,saudi,1042.0,1042,3,saudi,heldout_ignition
14.0,0.7142857142857143,0.9955849889624724,277,-19.714285714285715,commnet,saudi,1042.0,1042,4,saudi,heldout_ignition
24.0,0.4285714285714285,1.0,762,-35.42857142857143,commnet,saudi,1042.0,1042,5,saudi,heldout_ignition
6.0,0.8571428571428571,1.0,136,-8.857142857142858,commnet,saudi,1042.0,1042,6,saudi,heldout_ignition
0.0,1.0,1.0,179,0.0,commnet,saudi,1042.0,1042,7,saudi,heldout_ignition
0.0,1.0,1.0,29,0.0,commnet,saudi,1042.0,1042,8,saudi,heldout_ignition
18.0,0.5714285714285714,1.0,366,-26.571428571428573,commnet,saudi,1042.0,1042,9,saudi,heldout_ignition
24.0,0.4285714285714285,1.0,763,-35.42857142857143,commnet,saudi,1042.0,1042,10,saudi,heldout_ignition
6.0,0.8571428571428571,1.0,142,-8.857142857142858,commnet,saudi,1042.0,1042,11,saudi,heldout_ignition
0.0,1.0,1.0,196,0.0,commnet,saudi,1042.0,1042,12,saudi,heldout_ignition
0.0,1.0,1.0,29,0.0,commnet,saudi,1042.0,1042,13,saudi,heldout_ignition
14.0,0.7142857142857143,0.9955849889624724,280,-19.714285714285715,commnet,saudi,1042.0,1042,14,saudi,heldout_ignition
24.0,0.4285714285714285,1.0,762,-35.42857142857143,commnet,saudi,1042.0,2042,0,saudi,heldout_ignition
6.0,0.8571428571428571,1.0,136,-8.857142857142858,commnet,saudi,1042.0,2042,1,saudi,heldout_ignition
0.0,1.0,1.0,189,0.0,commnet,saudi,1042.0,2042,2,saudi,heldout_ignition
0.0,1.0,1.0,29,0.0,commnet,saudi,1042.0,2042,3,saudi,heldout_ignition
14.0,0.7142857142857143,0.9977924944812362,306,-19.714285714285715,commnet,saudi,1042.0,2042,4,saudi,heldout_ignition
24.0,0.4285714285714285,1.0,760,-35.42857142857143,commnet,saudi,1042.0,2042,5,saudi,heldout_ignition
6.0,0.8571428571428571,1.0,148,-8.857142857142858,commnet,saudi,1042.0,2042,6,saudi,heldout_ignition
0.0,1.0,1.0,210,0.0,commnet,saudi,1042.0,2042,7,saudi,heldout_ignition
0.0,1.0,1.0,23,0.0,commnet,saudi,1042.0,2042,8,saudi,heldout_ignition
14.0,0.7142857142857143,1.0,365,-19.714285714285715,commnet,saudi,1042.0,2042,9,saudi,heldout_ignition
24.0,0.4285714285714285,1.0,760,-35.42857142857143,commnet,saudi,1042.0,2042,10,saudi,heldout_ignition
6.0,0.8571428571428571,1.0,139,-8.857142857142858,commnet,saudi,1042.0,2042,11,saudi,heldout_ignition
0.0,1.0,1.0,179,0.0,commnet,saudi,1042.0,2042,12,saudi,heldout_ignition
0.0,1.0,1.0,24,0.0,commnet,saudi,1042.0,2042,13,saudi,heldout_ignition
14.0,0.7142857142857143,0.9977924944812362,306,-19.714285714285715,commnet,saudi,1042.0,2042,14,saudi,heldout_ignition
24.0,0.4285714285714285,1.0,762,-35.42857142857143,commnet,saudi,1042.0,3042,0,saudi,heldout_ignition
6.0,0.8571428571428571,1.0,126,-8.857142857142858,commnet,saudi,1042.0,3042,1,saudi,heldout_ignition
0.0,1.0,1.0,203,0.0,commnet,saudi,1042.0,3042,2,saudi,heldout_ignition
0.0,1.0,1.0,22,0.0,commnet,saudi,1042.0,3042,3,saudi,heldout_ignition
14.0,0.7142857142857143,0.9977924944812362,304,-19.714285714285715,commnet,saudi,1042.0,3042,4,saudi,heldout_ignition
24.0,0.4285714285714285,1.0,762,-35.42857142857143,commnet,saudi,1042.0,3042,5,saudi,heldout_ignition
10.0,0.7142857142857143,1.0,174,-15.714285714285714,commnet,saudi,1042.0,3042,6,saudi,heldout_ignition
0.0,1.0,1.0,189,0.0,commnet,saudi,1042.0,3042,7,saudi,heldout_ignition
0.0,1.0,1.0,25,0.0,commnet,saudi,1042.0,3042,8,saudi,heldout_ignition
14.0,0.7142857142857143,1.0,332,-19.714285714285715,commnet,saudi,1042.0,3042,9,saudi,heldout_ignition
24.0,0.4285714285714285,1.0,763,-35.42857142857143,commnet,saudi,1042.0,3042,10,saudi,heldout_ignition
6.0,0.8571428571428571,1.0,166,-8.857142857142858,commnet,saudi,1042.0,3042,11,saudi,heldout_ignition
0.0,1.0,1.0,212,0.0,commnet,saudi,1042.0,3042,12,saudi,heldout_ignition
0.0,1.0,1.0,22,0.0,commnet,saudi,1042.0,3042,13,saudi,heldout_ignition
14.0,0.7142857142857143,1.0,350,-19.714285714285715,commnet,saudi,1042.0,3042,14,saudi,heldout_ignition
24.0,0.4285714285714285,1.0,805,-35.42857142857143,commnet,saudi,1042.0,4042,0,saudi,heldout_ignition
6.0,0.8571428571428571,1.0,130,-8.857142857142858,commnet,saudi,1042.0,4042,1,saudi,heldout_ignition
0.0,1.0,1.0,202,0.0,commnet,saudi,1042.0,4042,2,saudi,heldout_ignition
0.0,1.0,1.0,33,0.0,commnet,saudi,1042.0,4042,3,saudi,heldout_ignition
14.0,0.7142857142857143,0.9955849889624724,273,-19.714285714285715,commnet,saudi,1042.0,4042,4,saudi,heldout_ignition
24.0,0.4285714285714285,1.0,762,-35.42857142857143,commnet,saudi,1042.0,4042,5,saudi,heldout_ignition
10.0,0.7142857142857143,1.0,185,-15.714285714285714,commnet,saudi,1042.0,4042,6,saudi,heldout_ignition
0.0,1.0,1.0,183,0.0,commnet,saudi,1042.0,4042,7,saudi,heldout_ignition
0.0,1.0,1.0,33,0.0,commnet,saudi,1042.0,4042,8,saudi,heldout_ignition
4.0,0.8571428571428571,0.9823399558498896,264,-6.857142857142859,commnet,saudi,1042.0,4042,9,saudi,heldout_ignition
14.0,0.5714285714285714,1.0,807,-22.571428571428573,commnet,saudi,1042.0,4042,10,saudi,heldout_ignition
6.0,0.8571428571428571,1.0,148,-8.857142857142858,commnet,saudi,1042.0,4042,11,saudi,heldout_ignition
0.0,1.0,1.0,206,0.0,commnet,saudi,1042.0,4042,12,saudi,heldout_ignition
0.0,1.0,1.0,23,0.0,commnet,saudi,1042.0,4042,13,saudi,heldout_ignition
14.0,0.7142857142857143,1.0,331,-19.714285714285715,commnet,saudi,1042.0,4042,14,saudi,heldout_ignition
0.0,1.0,0.7269503546099291,416,-0.2,commnet,saudi,2042.0,42,0,saudi,heldout_ignition
0.0,1.0,0.9006622516556292,174,-0.3,commnet,saudi,2042.0,42,1,saudi,heldout_ignition
0.0,1.0,0.8233995584988962,236,-0.3,commnet,saudi,2042.0,42,2,saudi,heldout_ignition
0.0,1.0,0.6887417218543046,32,-0.3,commnet,saudi,2042.0,42,3,saudi,heldout_ignition
18.0,0.5714285714285714,0.9426048565121412,326,-26.871428571428574,commnet,saudi,2042.0,42,4,saudi,heldout_ignition
0.0,1.0,0.7098039215686275,416,-0.2,commnet,saudi,2042.0,42,5,saudi,heldout_ignition
0.0,1.0,0.8896247240618101,161,-0.3,commnet,saudi,2042.0,42,6,saudi,heldout_ignition
0.0,1.0,0.8189845474613686,262,-0.3,commnet,saudi,2042.0,42,7,saudi,heldout_ignition
0.0,1.0,0.7373068432671082,42,-0.3,commnet,saudi,2042.0,42,8,saudi,heldout_ignition
18.0,0.5714285714285714,0.9381898454746136,322,-26.871428571428574,commnet,saudi,2042.0,42,9,saudi,heldout_ignition
0.0,1.0,0.6865342163355408,596,-0.2,commnet,saudi,2042.0,42,10,saudi,heldout_ignition
0.0,1.0,0.9514348785871964,162,-0.3,commnet,saudi,2042.0,42,11,saudi,heldout_ignition
0.0,1.0,0.8322295805739515,214,-0.3,commnet,saudi,2042.0,42,12,saudi,heldout_ignition
0.0,1.0,0.7108167770419426,37,-0.3,commnet,saudi,2042.0,42,13,saudi,heldout_ignition
18.0,0.5714285714285714,0.7019867549668874,327,-26.97142857142857,commnet,saudi,2042.0,42,14,saudi,heldout_ignition
0.0,1.0,0.7269503546099291,416,-0.2,commnet,saudi,2042.0,1042,0,saudi,heldout_ignition
0.0,1.0,0.9514348785871964,162,-0.3,commnet,saudi,2042.0,1042,1,saudi,heldout_ignition
0.0,1.0,0.8278145695364238,227,-0.3,commnet,saudi,2042.0,1042,2,saudi,heldout_ignition
0.0,1.0,0.7019867549668874,34,-0.3,commnet,saudi,2042.0,1042,3,saudi,heldout_ignition
18.0,0.5714285714285714,0.7019867549668874,322,-26.97142857142857,commnet,saudi,2042.0,1042,4,saudi,heldout_ignition
0.0,1.0,0.6865342163355408,598,-0.2,commnet,saudi,2042.0,1042,5,saudi,heldout_ignition
0.0,1.0,0.8962472406181016,170,-0.3,commnet,saudi,2042.0,1042,6,saudi,heldout_ignition
0.0,1.0,0.8520971302428256,180,-0.3,commnet,saudi,2042.0,1042,7,saudi,heldout_ignition
0.0,1.0,0.7284768211920529,40,-0.3,commnet,saudi,2042.0,1042,8,saudi,heldout_ignition
18.0,0.5714285714285714,0.8233995584988962,349,-26.871428571428574,commnet,saudi,2042.0,1042,9,saudi,heldout_ignition
0.0,1.0,0.7383512544802867,416,-0.2,commnet,saudi,2042.0,1042,10,saudi,heldout_ignition
0.0,1.0,0.9006622516556292,174,-0.3,commnet,saudi,2042.0,1042,11,saudi,heldout_ignition
0.0,1.0,0.8410596026490066,199,-0.3,commnet,saudi,2042.0,1042,12,saudi,heldout_ignition
0.0,1.0,0.7328918322295805,41,-0.3,commnet,saudi,2042.0,1042,13,saudi,heldout_ignition
18.0,0.5714285714285714,0.9426048565121412,323,-26.871428571428574,commnet,saudi,2042.0,1042,14,saudi,heldout_ignition
0.0,1.0,0.6931567328918322,580,-0.2,commnet,saudi,2042.0,2042,0,saudi,heldout_ignition
0.0,1.0,0.8984547461368654,170,-0.3,commnet,saudi,2042.0,2042,1,saudi,heldout_ignition
0.0,1.0,0.8454746136865342,191,-0.3,commnet,saudi,2042.0,2042,2,saudi,heldout_ignition
0.0,1.0,0.7240618101545254,40,-0.3,commnet,saudi,2042.0,2042,3,saudi,heldout_ignition
18.0,0.5714285714285714,0.9381898454746136,322,-26.871428571428574,commnet,saudi,2042.0,2042,4,saudi,heldout_ignition
0.0,1.0,0.737037037037037,416,-0.2,commnet,saudi,2042.0,2042,5,saudi,heldout_ignition
0.0,1.0,0.9050772626931568,178,-0.3,commnet,saudi,2042.0,2042,6,saudi,heldout_ignition
0.0,1.0,0.8322295805739515,214,-0.3,commnet,saudi,2042.0,2042,7,saudi,heldout_ignition
0.0,1.0,0.6975717439293598,32,-0.3,commnet,saudi,2042.0,2042,8,saudi,heldout_ignition
18.0,0.5714285714285714,0.695364238410596,350,-26.77142857142857,commnet,saudi,2042.0,2042,9,saudi,heldout_ignition
0.0,1.0,0.7318840579710145,416,-0.2,commnet,saudi,2042.0,2042,10,saudi,heldout_ignition
0.0,1.0,0.8984547461368654,172,-0.3,commnet,saudi,2042.0,2042,11,saudi,heldout_ignition
0.0,1.0,0.8520971302428256,180,-0.3,commnet,saudi,2042.0,2042,12,saudi,heldout_ignition
0.0,1.0,0.7019867549668874,33,-0.3,commnet,saudi,2042.0,2042,13,saudi,heldout_ignition
18.0,0.5714285714285714,0.9381898454746136,322,-26.871428571428574,commnet,saudi,2042.0,2042,14,saudi,heldout_ignition
0.0,1.0,0.7333333333333333,416,-0.2,commnet,saudi,2042.0,3042,0,saudi,heldout_ignition
0.0,1.0,0.8896247240618101,160,-0.3,commnet,saudi,2042.0,3042,1,saudi,heldout_ignition
0.0,1.0,0.8410596026490066,207,-0.3,commnet,saudi,2042.0,3042,2,saudi,heldout_ignition
0.0,1.0,0.6887417218543046,31,-0.3,commnet,saudi,2042.0,3042,3,saudi,heldout_ignition
18.0,0.5714285714285714,0.7019867549668874,322,-26.97142857142857,commnet,saudi,2042.0,3042,4,saudi,heldout_ignition
0.0,1.0,0.6865342163355408,596,-0.2,commnet,saudi,2042.0,3042,5,saudi,heldout_ignition
0.0,1.0,0.9094922737306844,187,-0.3,commnet,saudi,2042.0,3042,6,saudi,heldout_ignition
0.0,1.0,0.8454746136865342,191,-0.3,commnet,saudi,2042.0,3042,7,saudi,heldout_ignition
0.0,1.0,0.7019867549668874,34,-0.3,commnet,saudi,2042.0,3042,8,saudi,heldout_ignition
18.0,0.5714285714285714,0.6931567328918322,327,-26.871428571428574,commnet,saudi,2042.0,3042,9,saudi,heldout_ignition
0.0,1.0,0.7355072463768116,416,-0.2,commnet,saudi,2042.0,3042,10,saudi,heldout_ignition
0.0,1.0,0.9072847682119204,183,-0.3,commnet,saudi,2042.0,3042,11,saudi,heldout_ignition
0.0,1.0,0.8278145695364238,217,-0.3,commnet,saudi,2042.0,3042,12,saudi,heldout_ignition
0.0,1.0,0.6887417218543046,32,-0.3,commnet,saudi,2042.0,3042,13,saudi,heldout_ignition
18.0,0.5714285714285714,0.8233995584988962,349,-26.871428571428574,commnet,saudi,2042.0,3042,14,saudi,heldout_ignition
0.0,1.0,0.7364341085271318,416,-0.2,commnet,saudi,2042.0,4042,0,saudi,heldout_ignition
0.0,1.0,0.9514348785871964,162,-0.3,commnet,saudi,2042.0,4042,1,saudi,heldout_ignition
0.0,1.0,0.8366445916114791,206,-0.3,commnet,saudi,2042.0,4042,2,saudi,heldout_ignition
0.0,1.0,0.7417218543046358,44,-0.3,commnet,saudi,2042.0,4042,3,saudi,heldout_ignition
18.0,0.5714285714285714,0.7019867549668874,323,-26.97142857142857,commnet,saudi,2042.0,4042,4,saudi,heldout_ignition
0.0,1.0,0.7347670250896058,416,-0.2,commnet,saudi,2042.0,4042,5,saudi,heldout_ignition
0.0,1.0,0.911699779249448,199,-0.3,commnet,saudi,2042.0,4042,6,saudi,heldout_ignition
0.0,1.0,0.8498896247240618,184,-0.3,commnet,saudi,2042.0,4042,7,saudi,heldout_ignition
0.0,1.0,0.7461368653421634,45,-0.3,commnet,saudi,2042.0,4042,8,saudi,heldout_ignition
18.0,0.5714285714285714,0.7019867549668874,323,-26.97142857142857,commnet,saudi,2042.0,4042,9,saudi,heldout_ignition
0.0,1.0,0.7310606060606061,416,-0.2,commnet,saudi,2042.0,4042,10,saudi,heldout_ignition
0.0,1.0,0.9050772626931568,178,-0.3,commnet,saudi,2042.0,4042,11,saudi,heldout_ignition
0.0,1.0,0.8366445916114791,210,-0.3,commnet,saudi,2042.0,4042,12,saudi,heldout_ignition
0.0,1.0,0.6975717439293598,32,-0.3,commnet,saudi,2042.0,4042,13,saudi,heldout_ignition
18.0,0.5714285714285714,0.6931567328918322,326,-26.871428571428574,commnet,saudi,2042.0,4042,14,saudi,heldout_ignition
4.0,0.8571428571428571,1.0,768,-6.857142857142858,commnet,saudi,3042.0,42,0,saudi,heldout_ignition
4.0,0.8571428571428571,1.0,236,-6.857142857142858,commnet,saudi,3042.0,42,1,saudi,heldout_ignition
0.0,1.0,1.0,236,0.0,commnet,saudi,3042.0,42,2,saudi,heldout_ignition
0.0,1.0,1.0,32,0.0,commnet,saudi,3042.0,42,3,saudi,heldout_ignition
18.0,0.5714285714285714,0.933774834437086,355,-26.871428571428574,commnet,saudi,3042.0,42,4,saudi,heldout_ignition
4.0,0.8571428571428571,1.0,709,-6.857142857142858,commnet,saudi,3042.0,42,5,saudi,heldout_ignition
4.0,0.8571428571428571,1.0,171,-6.857142857142858,commnet,saudi,3042.0,42,6,saudi,heldout_ignition
0.0,1.0,1.0,262,0.0,commnet,saudi,3042.0,42,7,saudi,heldout_ignition
0.0,1.0,1.0,42,0.0,commnet,saudi,3042.0,42,8,saudi,heldout_ignition
18.0,0.5714285714285714,0.9293598233995584,350,-26.871428571428574,commnet,saudi,3042.0,42,9,saudi,heldout_ignition
4.0,0.8571428571428571,1.0,772,-6.857142857142858,commnet,saudi,3042.0,42,10,saudi,heldout_ignition
4.0,0.8571428571428571,1.0,183,-6.857142857142858,commnet,saudi,3042.0,42,11,saudi,heldout_ignition
0.0,1.0,1.0,214,0.0,commnet,saudi,3042.0,42,12,saudi,heldout_ignition
0.0,1.0,1.0,37,0.0,commnet,saudi,3042.0,42,13,saudi,heldout_ignition
18.0,0.5714285714285714,0.9492273730684326,361,-26.871428571428574,commnet,saudi,3042.0,42,14,saudi,heldout_ignition
4.0,0.8571428571428571,1.0,768,-6.857142857142858,commnet,saudi,3042.0,1042,0,saudi,heldout_ignition
4.0,0.8571428571428571,1.0,183,-6.857142857142858,commnet,saudi,3042.0,1042,1,saudi,heldout_ignition
0.0,1.0,1.0,227,0.0,commnet,saudi,3042.0,1042,2,saudi,heldout_ignition
0.0,1.0,1.0,34,0.0,commnet,saudi,3042.0,1042,3,saudi,heldout_ignition
18.0,0.5714285714285714,0.9492273730684326,352,-26.871428571428574,commnet,saudi,3042.0,1042,4,saudi,heldout_ignition
4.0,0.8571428571428571,1.0,772,-6.857142857142858,commnet,saudi,3042.0,1042,5,saudi,heldout_ignition
4.0,0.8571428571428571,1.0,210,-6.857142857142858,commnet,saudi,3042.0,1042,6,saudi,heldout_ignition
0.0,1.0,1.0,180,0.0,commnet,saudi,3042.0,1042,7,saudi,heldout_ignition
0.0,1.0,1.0,40,0.0,commnet,saudi,3042.0,1042,8,saudi,heldout_ignition
18.0,0.5714285714285714,0.9536423841059604,377,-26.871428571428574,commnet,saudi,3042.0,1042,9,saudi,heldout_ignition
4.0,0.8571428571428571,1.0,686,-6.857142857142858,commnet,saudi,3042.0,1042,10,saudi,heldout_ignition
4.0,0.8571428571428571,1.0,236,-6.857142857142858,commnet,saudi,3042.0,1042,11,saudi,heldout_ignition
0.0,1.0,1.0,199,0.0,commnet,saudi,3042.0,1042,12,saudi,heldout_ignition
0.0,1.0,1.0,41,0.0,commnet,saudi,3042.0,1042,13,saudi,heldout_ignition
18.0,0.5714285714285714,0.9492273730684326,355,-26.871428571428574,commnet,saudi,3042.0,1042,14,saudi,heldout_ignition
4.0,0.8571428571428571,1.0,696,-6.857142857142858,commnet,saudi,3042.0,2042,0,saudi,heldout_ignition
4.0,0.8571428571428571,1.0,213,-6.857142857142858,commnet,saudi,3042.0,2042,1,saudi,heldout_ignition
0.0,1.0,1.0,191,0.0,commnet,saudi,3042.0,2042,2,saudi,heldout_ignition
0.0,1.0,1.0,40,0.0,commnet,saudi,3042.0,2042,3,saudi,heldout_ignition
18.0,0.5714285714285714,0.9492273730684326,351,-26.871428571428574,commnet,saudi,3042.0,2042,4,saudi,heldout_ignition
4.0,0.8571428571428571,1.0,687,-6.857142857142858,commnet,saudi,3042.0,2042,5,saudi,heldout_ignition
4.0,0.8571428571428571,1.0,260,-6.857142857142858,commnet,saudi,3042.0,2042,6,saudi,heldout_ignition
0.0,1.0,1.0,214,0.0,commnet,saudi,3042.0,2042,7,saudi,heldout_ignition
0.0,1.0,1.0,32,0.0,commnet,saudi,3042.0,2042,8,saudi,heldout_ignition
18.0,0.5714285714285714,0.958057395143488,385,-26.871428571428574,commnet,saudi,3042.0,2042,9,saudi,heldout_ignition
4.0,0.8571428571428571,1.0,686,-6.857142857142858,commnet,saudi,3042.0,2042,10,saudi,heldout_ignition
4.0,0.8571428571428571,1.0,220,-6.857142857142858,commnet,saudi,3042.0,2042,11,saudi,heldout_ignition
0.0,1.0,1.0,180,0.0,commnet,saudi,3042.0,2042,12,saudi,heldout_ignition
0.0,1.0,1.0,33,0.0,commnet,saudi,3042.0,2042,13,saudi,heldout_ignition
18.0,0.5714285714285714,0.9492273730684326,351,-26.871428571428574,commnet,saudi,3042.0,2042,14,saudi,heldout_ignition
4.0,0.8571428571428571,1.0,766,-6.857142857142858,commnet,saudi,3042.0,3042,0,saudi,heldout_ignition
0.0,1.0,1.0,169,0.0,commnet,saudi,3042.0,3042,1,saudi,heldout_ignition
0.0,1.0,1.0,207,0.0,commnet,saudi,3042.0,3042,2,saudi,heldout_ignition
0.0,1.0,1.0,31,0.0,commnet,saudi,3042.0,3042,3,saudi,heldout_ignition
18.0,0.5714285714285714,0.9492273730684326,351,-26.871428571428574,commnet,saudi,3042.0,3042,4,saudi,heldout_ignition
4.0,0.8571428571428571,1.0,772,-6.857142857142858,commnet,saudi,3042.0,3042,5,saudi,heldout_ignition
4.0,0.8571428571428571,0.9933774834437086,300,-6.857142857142858,commnet,saudi,3042.0,3042,6,saudi,heldout_ignition
0.0,1.0,1.0,191,0.0,commnet,saudi,3042.0,3042,7,saudi,heldout_ignition
0.0,1.0,1.0,34,0.0,commnet,saudi,3042.0,3042,8,saudi,heldout_ignition
18.0,0.5714285714285714,0.9448123620309052,344,-26.871428571428574,commnet,saudi,3042.0,3042,9,saudi,heldout_ignition
4.0,0.8571428571428571,1.0,686,-6.857142857142858,commnet,saudi,3042.0,3042,10,saudi,heldout_ignition
4.0,0.8571428571428571,0.9889624724061812,267,-6.857142857142858,commnet,saudi,3042.0,3042,11,saudi,heldout_ignition
0.0,1.0,1.0,217,0.0,commnet,saudi,3042.0,3042,12,saudi,heldout_ignition
0.0,1.0,1.0,32,0.0,commnet,saudi,3042.0,3042,13,saudi,heldout_ignition
18.0,0.5714285714285714,0.9536423841059604,377,-26.871428571428574,commnet,saudi,3042.0,3042,14,saudi,heldout_ignition
4.0,0.8571428571428571,0.8724637681159421,708,-6.857142857142858,commnet,saudi,3042.0,4042,0,saudi,heldout_ignition
4.0,0.8571428571428571,1.0,185,-6.857142857142858,commnet,saudi,3042.0,4042,1,saudi,heldout_ignition
0.0,1.0,1.0,206,0.0,commnet,saudi,3042.0,4042,2,saudi,heldout_ignition
0.0,1.0,1.0,44,0.0,commnet,saudi,3042.0,4042,3,saudi,heldout_ignition
18.0,0.5714285714285714,0.9492273730684326,355,-26.871428571428574,commnet,saudi,3042.0,4042,4,saudi,heldout_ignition
4.0,0.8571428571428571,1.0,686,-6.857142857142858,commnet,saudi,3042.0,4042,5,saudi,heldout_ignition
4.0,0.8571428571428571,0.9933774834437086,324,-6.857142857142858,commnet,saudi,3042.0,4042,6,saudi,heldout_ignition
0.0,1.0,1.0,184,0.0,commnet,saudi,3042.0,4042,7,saudi,heldout_ignition
0.0,1.0,1.0,45,0.0,commnet,saudi,3042.0,4042,8,saudi,heldout_ignition
18.0,0.5714285714285714,0.9492273730684326,352,-26.871428571428574,commnet,saudi,3042.0,4042,9,saudi,heldout_ignition
4.0,0.8571428571428571,0.9366391184573004,702,-6.857142857142858,commnet,saudi,3042.0,4042,10,saudi,heldout_ignition
4.0,0.8571428571428571,1.0,262,-6.857142857142858,commnet,saudi,3042.0,4042,11,saudi,heldout_ignition
0.0,1.0,1.0,210,0.0,commnet,saudi,3042.0,4042,12,saudi,heldout_ignition
0.0,1.0,1.0,32,0.0,commnet,saudi,3042.0,4042,13,saudi,heldout_ignition
18.0,0.5714285714285714,0.9448123620309052,343,-26.871428571428574,commnet,saudi,3042.0,4042,14,saudi,heldout_ignition
24.0,0.4285714285714285,0.5390625,850,-35.82857142857143,commnet,saudi,4042.0,42,0,saudi,heldout_ignition
10.0,0.7142857142857143,0.6423841059602649,242,-16.114285714285714,commnet,saudi,4042.0,42,1,saudi,heldout_ignition
0.0,1.0,0.4768211920529801,236,-0.4,commnet,saudi,4042.0,42,2,saudi,heldout_ignition
0.0,1.0,0.3818984547461369,32,-0.4,commnet,saudi,4042.0,42,3,saudi,heldout_ignition
18.0,0.5714285714285714,0.4525386313465783,373,-26.97142857142857,commnet,saudi,4042.0,42,4,saudi,heldout_ignition
24.0,0.4285714285714285,0.5409356725146199,850,-35.82857142857143,commnet,saudi,4042.0,42,5,saudi,heldout_ignition
10.0,0.7142857142857143,0.6379690949227373,179,-16.114285714285714,commnet,saudi,4042.0,42,6,saudi,heldout_ignition
0.0,1.0,0.4900662251655629,262,-0.4,commnet,saudi,4042.0,42,7,saudi,heldout_ignition
0.0,1.0,0.3818984547461369,42,-0.4,commnet,saudi,4042.0,42,8,saudi,heldout_ignition
18.0,0.5714285714285714,0.6490066225165563,368,-26.97142857142857,commnet,saudi,4042.0,42,9,saudi,heldout_ignition
24.0,0.4285714285714285,0.5343511450381679,850,-35.82857142857143,commnet,saudi,4042.0,42,10,saudi,heldout_ignition
10.0,0.7142857142857143,0.6379690949227373,191,-16.114285714285714,commnet,saudi,4042.0,42,11,saudi,heldout_ignition
0.0,1.0,0.4635761589403973,214,-0.4,commnet,saudi,4042.0,42,12,saudi,heldout_ignition
0.0,1.0,0.3818984547461369,37,-0.4,commnet,saudi,4042.0,42,13,saudi,heldout_ignition
18.0,0.5714285714285714,0.4503311258278146,376,-26.97142857142857,commnet,saudi,4042.0,42,14,saudi,heldout_ignition
24.0,0.4285714285714285,0.5390625,850,-35.82857142857143,commnet,saudi,4042.0,1042,0,saudi,heldout_ignition
10.0,0.7142857142857143,0.6379690949227373,191,-16.114285714285714,commnet,saudi,4042.0,1042,1,saudi,heldout_ignition
0.0,1.0,0.4724061810154525,227,-0.4,commnet,saudi,4042.0,1042,2,saudi,heldout_ignition
0.0,1.0,0.3818984547461369,34,-0.4,commnet,saudi,4042.0,1042,3,saudi,heldout_ignition
18.0,0.5714285714285714,0.4525386313465783,370,-26.97142857142857,commnet,saudi,4042.0,1042,4,saudi,heldout_ignition
24.0,0.4285714285714285,0.5368956743002544,850,-35.82857142857143,commnet,saudi,4042.0,1042,5,saudi,heldout_ignition
10.0,0.7142857142857143,0.6401766004415012,218,-16.114285714285714,commnet,saudi,4042.0,1042,6,saudi,heldout_ignition
0.0,1.0,0.445916114790287,180,-0.4,commnet,saudi,4042.0,1042,7,saudi,heldout_ignition
0.0,1.0,0.3818984547461369,40,-0.4,commnet,saudi,4042.0,1042,8,saudi,heldout_ignition
18.0,0.5714285714285714,0.4503311258278146,392,-26.97142857142857,commnet,saudi,4042.0,1042,9,saudi,heldout_ignition
24.0,0.4285714285714285,0.5396825396825397,850,-35.82857142857143,commnet,saudi,4042.0,1042,10,saudi,heldout_ignition
10.0,0.7142857142857143,0.6423841059602649,242,-16.114285714285714,commnet,saudi,4042.0,1042,11,saudi,heldout_ignition
0.0,1.0,0.4547461368653421,199,-0.4,commnet,saudi,4042.0,1042,12,saudi,heldout_ignition
0.0,1.0,0.3818984547461369,41,-0.4,commnet,saudi,4042.0,1042,13,saudi,heldout_ignition
18.0,0.5714285714285714,0.4503311258278146,373,-26.97142857142857,commnet,saudi,4042.0,1042,14,saudi,heldout_ignition
24.0,0.4285714285714285,0.5328282828282829,850,-35.82857142857143,commnet,saudi,4042.0,2042,0,saudi,heldout_ignition
10.0,0.7142857142857143,0.6423841059602649,221,-16.114285714285714,commnet,saudi,4042.0,2042,1,saudi,heldout_ignition
0.0,1.0,0.4503311258278146,191,-0.4,commnet,saudi,4042.0,2042,2,saudi,heldout_ignition
0.0,1.0,0.3818984547461369,40,-0.4,commnet,saudi,4042.0,2042,3,saudi,heldout_ignition
18.0,0.5714285714285714,0.4503311258278146,369,-26.97142857142857,commnet,saudi,4042.0,2042,4,saudi,heldout_ignition
24.0,0.4285714285714285,0.5392953929539296,850,-35.82857142857143,commnet,saudi,4042.0,2042,5,saudi,heldout_ignition
10.0,0.7142857142857143,0.6445916114790287,266,-16.114285714285714,commnet,saudi,4042.0,2042,6,saudi,heldout_ignition
0.0,1.0,0.4657836644591611,214,-0.4,commnet,saudi,4042.0,2042,7,saudi,heldout_ignition
0.0,1.0,0.3818984547461369,32,-0.4,commnet,saudi,4042.0,2042,8,saudi,heldout_ignition
18.0,0.5714285714285714,0.4481236203090508,401,-26.97142857142857,commnet,saudi,4042.0,2042,9,saudi,heldout_ignition
24.0,0.4285714285714285,0.5386666666666666,850,-35.82857142857143,commnet,saudi,4042.0,2042,10,saudi,heldout_ignition
10.0,0.7142857142857143,0.6423841059602649,228,-16.114285714285714,commnet,saudi,4042.0,2042,11,saudi,heldout_ignition
0.0,1.0,0.445916114790287,180,-0.4,commnet,saudi,4042.0,2042,12,saudi,heldout_ignition
0.0,1.0,0.3818984547461369,33,-0.4,commnet,saudi,4042.0,2042,13,saudi,heldout_ignition
18.0,0.5714285714285714,0.4525386313465783,369,-26.97142857142857,commnet,saudi,4042.0,2042,14,saudi,heldout_ignition
24.0,0.4285714285714285,0.537467700258398,850,-35.82857142857143,commnet,saudi,4042.0,3042,0,saudi,heldout_ignition
6.0,0.8571428571428571,0.6379690949227373,177,-9.257142857142858,commnet,saudi,4042.0,3042,1,saudi,heldout_ignition
0.0,1.0,0.4591611479028697,207,-0.4,commnet,saudi,4042.0,3042,2,saudi,heldout_ignition
0.0,1.0,0.3818984547461369,31,-0.4,commnet,saudi,4042.0,3042,3,saudi,heldout_ignition
18.0,0.5714285714285714,0.4525386313465783,369,-26.97142857142857,commnet,saudi,4042.0,3042,4,saudi,heldout_ignition
24.0,0.4285714285714285,0.5470737913486005,850,-35.82857142857143,commnet,saudi,4042.0,3042,5,saudi,heldout_ignition
10.0,0.7142857142857143,0.6467991169977925,308,-16.114285714285714,commnet,saudi,4042.0,3042,6,saudi,heldout_ignition
0.0,1.0,0.4503311258278146,191,-0.4,commnet,saudi,4042.0,3042,7,saudi,heldout_ignition
0.0,1.0,0.3818984547461369,34,-0.4,commnet,saudi,4042.0,3042,8,saudi,heldout_ignition
18.0,0.5714285714285714,0.6490066225165563,362,-26.97142857142857,commnet,saudi,4042.0,3042,9,saudi,heldout_ignition
24.0,0.4285714285714285,0.5582010582010583,850,-35.82857142857143,commnet,saudi,4042.0,3042,10,saudi,heldout_ignition
10.0,0.7142857142857143,0.6467991169977925,297,-16.114285714285714,commnet,saudi,4042.0,3042,11,saudi,heldout_ignition
0.0,1.0,0.4657836644591611,217,-0.4,commnet,saudi,4042.0,3042,12,saudi,heldout_ignition
0.0,1.0,0.3818984547461369,32,-0.4,commnet,saudi,4042.0,3042,13,saudi,heldout_ignition
18.0,0.5714285714285714,0.4503311258278146,392,-26.97142857142857,commnet,saudi,4042.0,3042,14,saudi,heldout_ignition
24.0,0.4285714285714285,0.5391304347826087,850,-35.82857142857143,commnet,saudi,4042.0,4042,0,saudi,heldout_ignition
10.0,0.7142857142857143,0.6379690949227373,193,-16.114285714285714,commnet,saudi,4042.0,4042,1,saudi,heldout_ignition
0.0,1.0,0.4569536423841059,206,-0.4,commnet,saudi,4042.0,4042,2,saudi,heldout_ignition
0.0,1.0,0.3818984547461369,44,-0.4,commnet,saudi,4042.0,4042,3,saudi,heldout_ignition
18.0,0.5714285714285714,0.4503311258278146,373,-26.97142857142857,commnet,saudi,4042.0,4042,4,saudi,heldout_ignition
24.0,0.4285714285714285,0.5396825396825397,850,-35.82857142857143,commnet,saudi,4042.0,4042,5,saudi,heldout_ignition
10.0,0.7142857142857143,0.6490066225165563,332,-16.114285714285714,commnet,saudi,4042.0,4042,6,saudi,heldout_ignition
0.0,1.0,0.4481236203090508,184,-0.4,commnet,saudi,4042.0,4042,7,saudi,heldout_ignition
0.0,1.0,0.3818984547461369,45,-0.4,commnet,saudi,4042.0,4042,8,saudi,heldout_ignition
18.0,0.5714285714285714,0.6512141280353201,370,-26.97142857142857,commnet,saudi,4042.0,4042,9,saudi,heldout_ignition
24.0,0.4285714285714285,0.5426997245179064,850,-35.82857142857143,commnet,saudi,4042.0,4042,10,saudi,heldout_ignition
10.0,0.7142857142857143,0.6445916114790287,268,-16.114285714285714,commnet,saudi,4042.0,4042,11,saudi,heldout_ignition
0.0,1.0,0.4613686534216336,210,-0.4,commnet,saudi,4042.0,4042,12,saudi,heldout_ignition
0.0,1.0,0.3818984547461369,32,-0.4,commnet,saudi,4042.0,4042,13,saudi,heldout_ignition
18.0,0.5714285714285714,0.4525386313465783,361,-26.97142857142857,commnet,saudi,4042.0,4042,14,saudi,heldout_ignition
8.0,0.7142857142857143,0.9921875,669,-13.814285714285711,hiercomm_heur,saudi,42.0,42,0,saudi,heldout_ignition
0.0,1.0,0.9867549668874172,69,-0.1,hiercomm_heur,saudi,42.0,42,1,saudi,heldout_ignition
0.0,1.0,0.9514348785871964,236,0.0,hiercomm_heur,saudi,42.0,42,2,saudi,heldout_ignition
0.0,1.0,1.0,32,0.0,hiercomm_heur,saudi,42.0,42,3,saudi,heldout_ignition
0.0,1.0,0.9955849889624724,218,0.0,hiercomm_heur,saudi,42.0,42,4,saudi,heldout_ignition
8.0,0.7142857142857143,0.9973118279569892,666,-13.714285714285714,hiercomm_heur,saudi,42.0,42,5,saudi,heldout_ignition
0.0,1.0,0.9567901234567902,32,-0.1,hiercomm_heur,saudi,42.0,42,6,saudi,heldout_ignition
0.0,1.0,0.9955849889624724,255,0.0,hiercomm_heur,saudi,42.0,42,7,saudi,heldout_ignition
0.0,1.0,1.0,42,0.0,hiercomm_heur,saudi,42.0,42,8,saudi,heldout_ignition
0.0,1.0,0.9536423841059604,205,-0.4,hiercomm_heur,saudi,42.0,42,9,saudi,heldout_ignition
8.0,0.7142857142857143,1.0,585,-13.714285714285714,hiercomm_heur,saudi,42.0,42,10,saudi,heldout_ignition
0.0,1.0,0.9867549668874172,50,-0.1,hiercomm_heur,saudi,42.0,42,11,saudi,heldout_ignition
0.0,1.0,0.9933774834437086,211,0.0,hiercomm_heur,saudi,42.0,42,12,saudi,heldout_ignition
0.0,1.0,1.0,37,0.0,hiercomm_heur,saudi,42.0,42,13,saudi,heldout_ignition
0.0,1.0,0.9955849889624724,219,0.0,hiercomm_heur,saudi,42.0,42,14,saudi,heldout_ignition
8.0,0.7142857142857143,0.9921875,669,-13.814285714285711,hiercomm_heur,saudi,42.0,1042,0,saudi,heldout_ignition
0.0,1.0,0.9867549668874172,50,-0.1,hiercomm_heur,saudi,42.0,1042,1,saudi,heldout_ignition
0.0,1.0,0.9514348785871964,227,0.0,hiercomm_heur,saudi,42.0,1042,2,saudi,heldout_ignition
0.0,1.0,1.0,34,0.0,hiercomm_heur,saudi,42.0,1042,3,saudi,heldout_ignition
0.0,1.0,0.9536423841059604,205,-0.4,hiercomm_heur,saudi,42.0,1042,4,saudi,heldout_ignition
8.0,0.7142857142857143,1.0,585,-13.714285714285714,hiercomm_heur,saudi,42.0,1042,5,saudi,heldout_ignition
0.0,1.0,0.9867549668874172,56,-0.1,hiercomm_heur,saudi,42.0,1042,6,saudi,heldout_ignition
0.0,1.0,0.9933774834437086,180,0.0,hiercomm_heur,saudi,42.0,1042,7,saudi,heldout_ignition
0.0,1.0,1.0,40,0.0,hiercomm_heur,saudi,42.0,1042,8,saudi,heldout_ignition
8.0,0.7142857142857143,0.9823399558498896,263,-13.914285714285713,hiercomm_heur,saudi,42.0,1042,9,saudi,heldout_ignition
8.0,0.7142857142857143,0.984126984126984,656,-13.914285714285713,hiercomm_heur,saudi,42.0,1042,10,saudi,heldout_ignition
0.0,1.0,0.9867549668874172,69,-0.1,hiercomm_heur,saudi,42.0,1042,11,saudi,heldout_ignition
0.0,1.0,0.9933774834437086,199,0.0,hiercomm_heur,saudi,42.0,1042,12,saudi,heldout_ignition
0.0,1.0,1.0,41,0.0,hiercomm_heur,saudi,42.0,1042,13,saudi,heldout_ignition
0.0,1.0,0.9955849889624724,217,0.0,hiercomm_heur,saudi,42.0,1042,14,saudi,heldout_ignition
8.0,0.7142857142857143,0.9924242424242424,665,-13.814285714285711,hiercomm_heur,saudi,42.0,2042,0,saudi,heldout_ignition
0.0,1.0,0.9867549668874172,57,-0.1,hiercomm_heur,saudi,42.0,2042,1,saudi,heldout_ignition
0.0,1.0,0.9933774834437086,191,0.0,hiercomm_heur,saudi,42.0,2042,2,saudi,heldout_ignition
0.0,1.0,1.0,40,0.0,hiercomm_heur,saudi,42.0,2042,3,saudi,heldout_ignition
0.0,1.0,0.9536423841059604,205,-0.4,hiercomm_heur,saudi,42.0,2042,4,saudi,heldout_ignition
8.0,0.7142857142857143,0.9367816091954024,636,-13.914285714285713,hiercomm_heur,saudi,42.0,2042,5,saudi,heldout_ignition
4.0,0.8571428571428571,0.9867549668874172,187,-6.957142857142857,hiercomm_heur,saudi,42.0,2042,6,saudi,heldout_ignition
0.0,1.0,0.9933774834437086,211,0.0,hiercomm_heur,saudi,42.0,2042,7,saudi,heldout_ignition
0.0,1.0,1.0,32,0.0,hiercomm_heur,saudi,42.0,2042,8,saudi,heldout_ignition
4.0,0.8571428571428571,0.9867549668874172,229,-7.057142857142857,hiercomm_heur,saudi,42.0,2042,9,saudi,heldout_ignition
8.0,0.7142857142857143,0.9226666666666666,651,-13.914285714285713,hiercomm_heur,saudi,42.0,2042,10,saudi,heldout_ignition
0.0,1.0,0.9867549668874172,59,-0.1,hiercomm_heur,saudi,42.0,2042,11,saudi,heldout_ignition
0.0,1.0,0.9933774834437086,180,0.0,hiercomm_heur,saudi,42.0,2042,12,saudi,heldout_ignition
0.0,1.0,1.0,33,0.0,hiercomm_heur,saudi,42.0,2042,13,saudi,heldout_ignition
0.0,1.0,0.9536423841059604,205,-0.4,hiercomm_heur,saudi,42.0,2042,14,saudi,heldout_ignition
8.0,0.7142857142857143,0.992248062015504,668,-13.814285714285711,hiercomm_heur,saudi,42.0,3042,0,saudi,heldout_ignition
0.0,1.0,0.9567901234567902,32,-0.1,hiercomm_heur,saudi,42.0,3042,1,saudi,heldout_ignition
0.0,1.0,0.9933774834437086,207,0.0,hiercomm_heur,saudi,42.0,3042,2,saudi,heldout_ignition
0.0,1.0,1.0,31,0.0,hiercomm_heur,saudi,42.0,3042,3,saudi,heldout_ignition
0.0,1.0,0.9536423841059604,205,-0.4,hiercomm_heur,saudi,42.0,3042,4,saudi,heldout_ignition
8.0,0.7142857142857143,1.0,585,-13.714285714285714,hiercomm_heur,saudi,42.0,3042,5,saudi,heldout_ignition
8.0,0.7142857142857143,0.9845474613686536,413,-13.814285714285711,hiercomm_heur,saudi,42.0,3042,6,saudi,heldout_ignition
0.0,1.0,0.9933774834437086,191,0.0,hiercomm_heur,saudi,42.0,3042,7,saudi,heldout_ignition
0.0,1.0,1.0,34,0.0,hiercomm_heur,saudi,42.0,3042,8,saudi,heldout_ignition
4.0,0.8571428571428571,0.9646799116997792,200,-7.157142857142857,hiercomm_heur,saudi,42.0,3042,9,saudi,heldout_ignition
8.0,0.7142857142857143,0.9761904761904762,657,-13.814285714285711,hiercomm_heur,saudi,42.0,3042,10,saudi,heldout_ignition
0.0,1.0,0.9591836734693876,47,-0.1,hiercomm_heur,saudi,42.0,3042,11,saudi,heldout_ignition
0.0,1.0,0.9933774834437086,214,0.0,hiercomm_heur,saudi,42.0,3042,12,saudi,heldout_ignition
0.0,1.0,1.0,32,0.0,hiercomm_heur,saudi,42.0,3042,13,saudi,heldout_ignition
8.0,0.7142857142857143,0.9977924944812362,249,-13.714285714285714,hiercomm_heur,saudi,42.0,3042,14,saudi,heldout_ignition
8.0,0.7142857142857143,0.9066666666666666,668,-13.714285714285714,hiercomm_heur,saudi,42.0,4042,0,saudi,heldout_ignition
0.0,1.0,0.9867549668874172,50,-0.1,hiercomm_heur,saudi,42.0,4042,1,saudi,heldout_ignition
0.0,1.0,0.9933774834437086,206,0.0,hiercomm_heur,saudi,42.0,4042,2,saudi,heldout_ignition
0.0,1.0,0.9977924944812362,44,0.0,hiercomm_heur,saudi,42.0,4042,3,saudi,heldout_ignition
0.0,1.0,0.911699779249448,205,-0.4,hiercomm_heur,saudi,42.0,4042,4,saudi,heldout_ignition
8.0,0.7142857142857143,0.9889624724061812,594,-13.914285714285713,hiercomm_heur,saudi,42.0,4042,5,saudi,heldout_ignition
8.0,0.7142857142857143,0.9823399558498896,429,-13.814285714285711,hiercomm_heur,saudi,42.0,4042,6,saudi,heldout_ignition
0.0,1.0,0.9933774834437086,184,0.0,hiercomm_heur,saudi,42.0,4042,7,saudi,heldout_ignition
0.0,1.0,1.0,45,0.0,hiercomm_heur,saudi,42.0,4042,8,saudi,heldout_ignition
0.0,1.0,0.9094922737306844,205,-0.4,hiercomm_heur,saudi,42.0,4042,9,saudi,heldout_ignition
18.0,0.5714285714285714,1.0,641,-26.571428571428573,hiercomm_heur,saudi,42.0,4042,10,saudi,heldout_ignition
4.0,0.8571428571428571,0.9867549668874172,189,-6.957142857142857,hiercomm_heur,saudi,42.0,4042,11,saudi,heldout_ignition
0.0,1.0,0.9933774834437086,207,0.0,hiercomm_heur,saudi,42.0,4042,12,saudi,heldout_ignition
0.0,1.0,1.0,32,0.0,hiercomm_heur,saudi,42.0,4042,13,saudi,heldout_ignition
4.0,0.8571428571428571,0.9955849889624724,241,-6.857142857142858,hiercomm_heur,saudi,42.0,4042,14,saudi,heldout_ignition
8.0,0.7142857142857143,1.0,746,-13.714285714285714,hiercomm_heur,saudi,1042.0,42,0,saudi,heldout_ignition
4.0,0.8571428571428571,0.9955849889624724,312,-6.857142857142858,hiercomm_heur,saudi,1042.0,42,1,saudi,heldout_ignition
0.0,1.0,1.0,236,0.0,hiercomm_heur,saudi,1042.0,42,2,saudi,heldout_ignition
0.0,1.0,0.8719646799116998,32,0.0,hiercomm_heur,saudi,1042.0,42,3,saudi,heldout_ignition
4.0,0.8571428571428571,1.0,236,-6.857142857142858,hiercomm_heur,saudi,1042.0,42,4,saudi,heldout_ignition
8.0,0.7142857142857143,1.0,717,-13.714285714285714,hiercomm_heur,saudi,1042.0,42,5,saudi,heldout_ignition
10.0,0.8571428571428571,1.0,183,-12.857142857142858,hiercomm_heur,saudi,1042.0,42,6,saudi,heldout_ignition
0.0,1.0,1.0,262,0.0,hiercomm_heur,saudi,1042.0,42,7,saudi,heldout_ignition
0.0,1.0,0.8807947019867549,42,0.0,hiercomm_heur,saudi,1042.0,42,8,saudi,heldout_ignition
8.0,0.7142857142857143,0.9646799116997792,226,-13.714285714285714,hiercomm_heur,saudi,1042.0,42,9,saudi,heldout_ignition
8.0,0.7142857142857143,1.0,750,-13.714285714285714,hiercomm_heur,saudi,1042.0,42,10,saudi,heldout_ignition
13.0,0.5714285714285714,0.9823399558498896,234,-21.571428571428573,hiercomm_heur,saudi,1042.0,42,11,saudi,heldout_ignition
0.0,1.0,1.0,214,0.0,hiercomm_heur,saudi,1042.0,42,12,saudi,heldout_ignition
0.0,1.0,0.869757174392936,37,0.0,hiercomm_heur,saudi,1042.0,42,13,saudi,heldout_ignition
8.0,0.7142857142857143,1.0,281,-13.714285714285714,hiercomm_heur,saudi,1042.0,42,14,saudi,heldout_ignition
8.0,0.7142857142857143,1.0,746,-13.714285714285714,hiercomm_heur,saudi,1042.0,1042,0,saudi,heldout_ignition
13.0,0.5714285714285714,0.9823399558498896,234,-21.571428571428573,hiercomm_heur,saudi,1042.0,1042,1,saudi,heldout_ignition
0.0,1.0,1.0,227,0.0,hiercomm_heur,saudi,1042.0,1042,2,saudi,heldout_ignition
0.0,1.0,0.8719646799116998,34,0.0,hiercomm_heur,saudi,1042.0,1042,3,saudi,heldout_ignition
8.0,0.7142857142857143,0.9602649006622516,212,-13.714285714285714,hiercomm_heur,saudi,1042.0,1042,4,saudi,heldout_ignition
8.0,0.7142857142857143,1.0,757,-13.714285714285714,hiercomm_heur,saudi,1042.0,1042,5,saudi,heldout_ignition
7.0,0.7142857142857143,1.0,221,-12.714285714285715,hiercomm_heur,saudi,1042.0,1042,6,saudi,heldout_ignition
0.0,1.0,1.0,180,0.0,hiercomm_heur,saudi,1042.0,1042,7,saudi,heldout_ignition
0.0,1.0,0.8763796909492274,40,0.0,hiercomm_heur,saudi,1042.0,1042,8,saudi,heldout_ignition
8.0,0.7142857142857143,1.0,234,-13.714285714285714,hiercomm_heur,saudi,1042.0,1042,9,saudi,heldout_ignition
8.0,0.7142857142857143,1.0,765,-13.714285714285714,hiercomm_heur,saudi,1042.0,1042,10,saudi,heldout_ignition
4.0,0.8571428571428571,0.9955849889624724,312,-6.857142857142858,hiercomm_heur,saudi,1042.0,1042,11,saudi,heldout_ignition
0.0,1.0,1.0,199,0.0,hiercomm_heur,saudi,1042.0,1042,12,saudi,heldout_ignition
0.0,1.0,0.8785871964679912,41,0.0,hiercomm_heur,saudi,1042.0,1042,13,saudi,heldout_ignition
18.0,0.5714285714285714,1.0,282,-26.571428571428573,hiercomm_heur,saudi,1042.0,1042,14,saudi,heldout_ignition
8.0,0.7142857142857143,1.0,736,-13.714285714285714,hiercomm_heur,saudi,1042.0,2042,0,saudi,heldout_ignition
7.0,0.7142857142857143,1.0,254,-12.714285714285715,hiercomm_heur,saudi,1042.0,2042,1,saudi,heldout_ignition
0.0,1.0,1.0,191,0.0,hiercomm_heur,saudi,1042.0,2042,2,saudi,heldout_ignition
0.0,1.0,0.8741721854304636,40,0.0,hiercomm_heur,saudi,1042.0,2042,3,saudi,heldout_ignition
8.0,0.7142857142857143,1.0,225,-13.714285714285714,hiercomm_heur,saudi,1042.0,2042,4,saudi,heldout_ignition
8.0,0.7142857142857143,1.0,712,-13.714285714285714,hiercomm_heur,saudi,1042.0,2042,5,saudi,heldout_ignition
23.0,0.4285714285714285,0.956140350877193,216,-34.528571428571425,hiercomm_heur,saudi,1042.0,2042,6,saudi,heldout_ignition
0.0,1.0,1.0,214,0.0,hiercomm_heur,saudi,1042.0,2042,7,saudi,heldout_ignition
0.0,1.0,0.8609271523178808,32,0.0,hiercomm_heur,saudi,1042.0,2042,8,saudi,heldout_ignition
18.0,0.5714285714285714,0.9911699779249448,332,-26.571428571428573,hiercomm_heur,saudi,1042.0,2042,9,saudi,heldout_ignition
8.0,0.7142857142857143,1.0,774,-13.714285714285714,hiercomm_heur,saudi,1042.0,2042,10,saudi,heldout_ignition
7.0,0.7142857142857143,0.9977924944812362,256,-12.714285714285715,hiercomm_heur,saudi,1042.0,2042,11,saudi,heldout_ignition
0.0,1.0,1.0,180,0.0,hiercomm_heur,saudi,1042.0,2042,12,saudi,heldout_ignition
0.0,1.0,0.8609271523178808,33,0.0,hiercomm_heur,saudi,1042.0,2042,13,saudi,heldout_ignition
8.0,0.7142857142857143,1.0,178,-13.714285714285714,hiercomm_heur,saudi,1042.0,2042,14,saudi,heldout_ignition
8.0,0.7142857142857143,1.0,744,-13.714285714285714,hiercomm_heur,saudi,1042.0,3042,0,saudi,heldout_ignition
10.0,0.8571428571428571,0.9271523178807948,181,-12.857142857142858,hiercomm_heur,saudi,1042.0,3042,1,saudi,heldout_ignition
0.0,1.0,1.0,207,0.0,hiercomm_heur,saudi,1042.0,3042,2,saudi,heldout_ignition
0.0,1.0,0.8719646799116998,31,0.0,hiercomm_heur,saudi,1042.0,3042,3,saudi,heldout_ignition
8.0,0.7142857142857143,1.0,250,-13.714285714285714,hiercomm_heur,saudi,1042.0,3042,4,saudi,heldout_ignition
8.0,0.7142857142857143,1.0,757,-13.714285714285714,hiercomm_heur,saudi,1042.0,3042,5,saudi,heldout_ignition
23.0,0.4285714285714285,1.0,314,-34.42857142857143,hiercomm_heur,saudi,1042.0,3042,6,saudi,heldout_ignition
0.0,1.0,1.0,191,0.0,hiercomm_heur,saudi,1042.0,3042,7,saudi,heldout_ignition
0.0,1.0,0.8719646799116998,34,0.0,hiercomm_heur,saudi,1042.0,3042,8,saudi,heldout_ignition
4.0,0.8571428571428571,1.0,298,-6.857142857142858,hiercomm_heur,saudi,1042.0,3042,9,saudi,heldout_ignition
8.0,0.7142857142857143,1.0,759,-13.714285714285714,hiercomm_heur,saudi,1042.0,3042,10,saudi,heldout_ignition
23.0,0.4285714285714285,1.0,311,-34.42857142857143,hiercomm_heur,saudi,1042.0,3042,11,saudi,heldout_ignition
0.0,1.0,1.0,217,0.0,hiercomm_heur,saudi,1042.0,3042,12,saudi,heldout_ignition
0.0,1.0,0.8719646799116998,32,0.0,hiercomm_heur,saudi,1042.0,3042,13,saudi,heldout_ignition
8.0,0.7142857142857143,1.0,324,-13.714285714285714,hiercomm_heur,saudi,1042.0,3042,14,saudi,heldout_ignition
8.0,0.7142857142857143,1.0,721,-13.714285714285714,hiercomm_heur,saudi,1042.0,4042,0,saudi,heldout_ignition
13.0,0.5714285714285714,0.9845474613686536,234,-21.571428571428573,hiercomm_heur,saudi,1042.0,4042,1,saudi,heldout_ignition
0.0,1.0,1.0,206,0.0,hiercomm_heur,saudi,1042.0,4042,2,saudi,heldout_ignition
0.0,1.0,0.8719646799116998,44,0.0,hiercomm_heur,saudi,1042.0,4042,3,saudi,heldout_ignition
18.0,0.5714285714285714,0.9977924944812362,295,-26.571428571428573,hiercomm_heur,saudi,1042.0,4042,4,saudi,heldout_ignition
8.0,0.7142857142857143,1.0,750,-13.714285714285714,hiercomm_heur,saudi,1042.0,4042,5,saudi,heldout_ignition
23.0,0.4285714285714285,1.0,279,-34.42857142857143,hiercomm_heur,saudi,1042.0,4042,6,saudi,heldout_ignition
0.0,1.0,1.0,184,0.0,hiercomm_heur,saudi,1042.0,4042,7,saudi,heldout_ignition
0.0,1.0,0.8852097130242825,45,0.0,hiercomm_heur,saudi,1042.0,4042,8,saudi,heldout_ignition
8.0,0.7142857142857143,1.0,163,-13.714285714285714,hiercomm_heur,saudi,1042.0,4042,9,saudi,heldout_ignition
8.0,0.7142857142857143,1.0,702,-13.714285714285714,hiercomm_heur,saudi,1042.0,4042,10,saudi,heldout_ignition
23.0,0.4285714285714285,0.9533333333333334,192,-34.42857142857143,hiercomm_heur,saudi,1042.0,4042,11,saudi,heldout_ignition
0.0,1.0,1.0,210,0.0,hiercomm_heur,saudi,1042.0,4042,12,saudi,heldout_ignition
0.0,1.0,0.8609271523178808,32,0.0,hiercomm_heur,saudi,1042.0,4042,13,saudi,heldout_ignition
4.0,0.8571428571428571,1.0,298,-6.857142857142858,hiercomm_heur,saudi,1042.0,4042,14,saudi,heldout_ignition
8.0,0.7142857142857143,0.913907284768212,746,-13.814285714285711,hiercomm_heur,saudi,2042.0,42,0,saudi,heldout_ignition
0.0,1.0,0.9788732394366196,105,-0.1,hiercomm_heur,saudi,2042.0,42,1,saudi,heldout_ignition
0.0,1.0,1.0,184,0.0,hiercomm_heur,saudi,2042.0,42,2,saudi,heldout_ignition
0.0,1.0,0.9713024282560706,11,-0.1,hiercomm_heur,saudi,2042.0,42,3,saudi,heldout_ignition
4.0,0.8571428571428571,0.8344370860927153,245,-7.557142857142857,hiercomm_heur,saudi,2042.0,42,4,saudi,heldout_ignition
8.0,0.7142857142857143,0.9824561403508772,780,-13.814285714285711,hiercomm_heur,saudi,2042.0,42,5,saudi,heldout_ignition
0.0,1.0,0.9845474613686536,187,0.0,hiercomm_heur,saudi,2042.0,42,6,saudi,heldout_ignition
0.0,1.0,1.0,193,0.0,hiercomm_heur,saudi,2042.0,42,7,saudi,heldout_ignition
0.0,1.0,0.9867549668874172,42,-0.1,hiercomm_heur,saudi,2042.0,42,8,saudi,heldout_ignition
0.0,1.0,0.9646799116997792,115,-0.0999999999999996,hiercomm_heur,saudi,2042.0,42,9,saudi,heldout_ignition
4.0,0.8571428571428571,0.8807947019867549,737,-6.957142857142857,hiercomm_heur,saudi,2042.0,42,10,saudi,heldout_ignition
0.0,1.0,0.9761904761904762,58,-0.1,hiercomm_heur,saudi,2042.0,42,11,saudi,heldout_ignition
0.0,1.0,1.0,173,0.0,hiercomm_heur,saudi,2042.0,42,12,saudi,heldout_ignition
0.0,1.0,0.9867549668874172,37,-0.1,hiercomm_heur,saudi,2042.0,42,13,saudi,heldout_ignition
4.0,0.8571428571428571,0.8605442176870748,159,-7.757142857142856,hiercomm_heur,saudi,2042.0,42,14,saudi,heldout_ignition
8.0,0.7142857142857143,0.913907284768212,744,-13.814285714285711,hiercomm_heur,saudi,2042.0,1042,0,saudi,heldout_ignition
0.0,1.0,0.9761904761904762,58,-0.1,hiercomm_heur,saudi,2042.0,1042,1,saudi,heldout_ignition
0.0,1.0,1.0,179,0.0,hiercomm_heur,saudi,2042.0,1042,2,saudi,heldout_ignition
0.0,1.0,0.9867549668874172,34,-0.1,hiercomm_heur,saudi,2042.0,1042,3,saudi,heldout_ignition
0.0,1.0,0.9456521739130436,116,-0.1999999999999993,hiercomm_heur,saudi,2042.0,1042,4,saudi,heldout_ignition
4.0,0.8571428571428571,0.8807947019867549,737,-6.957142857142857,hiercomm_heur,saudi,2042.0,1042,5,saudi,heldout_ignition
0.0,1.0,1.0,84,0.0,hiercomm_heur,saudi,2042.0,1042,6,saudi,heldout_ignition
0.0,1.0,1.0,152,0.0,hiercomm_heur,saudi,2042.0,1042,7,saudi,heldout_ignition
0.0,1.0,0.9867549668874172,40,-0.1,hiercomm_heur,saudi,2042.0,1042,8,saudi,heldout_ignition
4.0,0.8571428571428571,0.9713024282560706,198,-7.057142857142855,hiercomm_heur,saudi,2042.0,1042,9,saudi,heldout_ignition
8.0,0.7142857142857143,0.8653421633554084,742,-13.814285714285711,hiercomm_heur,saudi,2042.0,1042,10,saudi,heldout_ignition
0.0,1.0,0.9788732394366196,105,-0.1,hiercomm_heur,saudi,2042.0,1042,11,saudi,heldout_ignition
0.0,1.0,1.0,166,0.0,hiercomm_heur,saudi,2042.0,1042,12,saudi,heldout_ignition
0.0,1.0,0.9867549668874172,41,-0.1,hiercomm_heur,saudi,2042.0,1042,13,saudi,heldout_ignition
0.0,1.0,0.9690949227373068,140,-0.0999999999999996,hiercomm_heur,saudi,2042.0,1042,14,saudi,heldout_ignition
8.0,0.7142857142857143,0.9867549668874172,740,-13.814285714285711,hiercomm_heur,saudi,2042.0,2042,0,saudi,heldout_ignition
0.0,1.0,0.990909090909091,51,-0.1,hiercomm_heur,saudi,2042.0,2042,1,saudi,heldout_ignition
0.0,1.0,1.0,160,0.0,hiercomm_heur,saudi,2042.0,2042,2,saudi,heldout_ignition
0.0,1.0,0.9867549668874172,40,-0.1,hiercomm_heur,saudi,2042.0,2042,3,saudi,heldout_ignition
0.0,1.0,0.9735099337748344,106,-0.0999999999999996,hiercomm_heur,saudi,2042.0,2042,4,saudi,heldout_ignition
8.0,0.7142857142857143,0.9816091954022989,741,-13.814285714285711,hiercomm_heur,saudi,2042.0,2042,5,saudi,heldout_ignition
0.0,1.0,0.9646799116997792,157,-0.3,hiercomm_heur,saudi,2042.0,2042,6,saudi,heldout_ignition
0.0,1.0,1.0,173,0.0,hiercomm_heur,saudi,2042.0,2042,7,saudi,heldout_ignition
0.0,1.0,0.9867549668874172,32,-0.1,hiercomm_heur,saudi,2042.0,2042,8,saudi,heldout_ignition
10.0,0.8571428571428571,0.975609756097561,126,-12.957142857142856,hiercomm_heur,saudi,2042.0,2042,9,saudi,heldout_ignition
8.0,0.7142857142857143,0.968,793,-13.814285714285711,hiercomm_heur,saudi,2042.0,2042,10,saudi,heldout_ignition
0.0,1.0,1.0,44,0.0,hiercomm_heur,saudi,2042.0,2042,11,saudi,heldout_ignition
0.0,1.0,1.0,152,0.0,hiercomm_heur,saudi,2042.0,2042,12,saudi,heldout_ignition
0.0,1.0,0.9867549668874172,33,-0.1,hiercomm_heur,saudi,2042.0,2042,13,saudi,heldout_ignition
0.0,1.0,0.9735099337748344,106,-0.0999999999999996,hiercomm_heur,saudi,2042.0,2042,14,saudi,heldout_ignition
8.0,0.7142857142857143,0.9867549668874172,754,-13.814285714285711,hiercomm_heur,saudi,2042.0,3042,0,saudi,heldout_ignition
0.0,1.0,0.9845474613686536,187,0.0,hiercomm_heur,saudi,2042.0,3042,1,saudi,heldout_ignition
0.0,1.0,1.0,171,0.0,hiercomm_heur,saudi,2042.0,3042,2,saudi,heldout_ignition
0.0,1.0,0.9867549668874172,8,-0.1,hiercomm_heur,saudi,2042.0,3042,3,saudi,heldout_ignition
0.0,1.0,0.965034965034965,132,-0.1999999999999993,hiercomm_heur,saudi,2042.0,3042,4,saudi,heldout_ignition
4.0,0.8571428571428571,0.8807947019867549,737,-6.957142857142857,hiercomm_heur,saudi,2042.0,3042,5,saudi,heldout_ignition
0.0,1.0,0.9294871794871796,35,-0.3,hiercomm_heur,saudi,2042.0,3042,6,saudi,heldout_ignition
0.0,1.0,1.0,160,0.0,hiercomm_heur,saudi,2042.0,3042,7,saudi,heldout_ignition
0.0,1.0,0.9867549668874172,34,-0.1,hiercomm_heur,saudi,2042.0,3042,8,saudi,heldout_ignition
0.0,1.0,0.8333333333333334,0,-0.1,hiercomm_heur,saudi,2042.0,3042,9,saudi,heldout_ignition
8.0,0.7142857142857143,0.8587196467991169,742,-13.814285714285711,hiercomm_heur,saudi,2042.0,3042,10,saudi,heldout_ignition
0.0,1.0,0.9102564102564102,35,-0.3,hiercomm_heur,saudi,2042.0,3042,11,saudi,heldout_ignition
0.0,1.0,1.0,174,0.0,hiercomm_heur,saudi,2042.0,3042,12,saudi,heldout_ignition
0.0,1.0,0.9867549668874172,8,-0.1,hiercomm_heur,saudi,2042.0,3042,13,saudi,heldout_ignition
14.0,0.7142857142857143,0.9088319088319088,141,-20.41428571428571,hiercomm_heur,saudi,2042.0,3042,14,saudi,heldout_ignition
8.0,0.7142857142857143,0.9652173913043478,777,-13.814285714285711,hiercomm_heur,saudi,2042.0,4042,0,saudi,heldout_ignition
0.0,1.0,0.9761904761904762,58,-0.1,hiercomm_heur,saudi,2042.0,4042,1,saudi,heldout_ignition
0.0,1.0,1.0,170,0.0,hiercomm_heur,saudi,2042.0,4042,2,saudi,heldout_ignition
0.0,1.0,0.9867549668874172,44,-0.1,hiercomm_heur,saudi,2042.0,4042,3,saudi,heldout_ignition
4.0,0.8571428571428571,0.9668874172185432,126,-7.057142857142857,hiercomm_heur,saudi,2042.0,4042,4,saudi,heldout_ignition
8.0,0.7142857142857143,0.8565121412803532,742,-13.814285714285711,hiercomm_heur,saudi,2042.0,4042,5,saudi,heldout_ignition
0.0,1.0,0.9801324503311258,49,-0.2,hiercomm_heur,saudi,2042.0,4042,6,saudi,heldout_ignition
0.0,1.0,1.0,153,0.0,hiercomm_heur,saudi,2042.0,4042,7,saudi,heldout_ignition
0.0,1.0,0.9867549668874172,45,-0.1,hiercomm_heur,saudi,2042.0,4042,8,saudi,heldout_ignition
4.0,0.8571428571428571,0.9533333333333334,122,-7.057142857142857,hiercomm_heur,saudi,2042.0,4042,9,saudi,heldout_ignition
8.0,0.7142857142857143,0.9867549668874172,737,-13.814285714285711,hiercomm_heur,saudi,2042.0,4042,10,saudi,heldout_ignition
0.0,1.0,0.9492273730684326,150,-0.5,hiercomm_heur,saudi,2042.0,4042,11,saudi,heldout_ignition
0.0,1.0,1.0,172,0.0,hiercomm_heur,saudi,2042.0,4042,12,saudi,heldout_ignition
0.0,1.0,0.9867549668874172,32,-0.1,hiercomm_heur,saudi,2042.0,4042,13,saudi,heldout_ignition
0.0,1.0,0.8333333333333334,0,-0.1,hiercomm_heur,saudi,2042.0,4042,14,saudi,heldout_ignition
0.0,1.0,0.95578231292517,436,-0.3,hiercomm_heur,saudi,3042.0,42,0,saudi,heldout_ignition
0.0,1.0,1.0,176,0.0,hiercomm_heur,saudi,3042.0,42,1,saudi,heldout_ignition
0.0,1.0,0.9933774834437086,132,0.0,hiercomm_heur,saudi,3042.0,42,2,saudi,heldout_ignition
0.0,1.0,0.8062015503875969,0,-0.6,hiercomm_heur,saudi,3042.0,42,3,saudi,heldout_ignition
0.0,1.0,0.967948717948718,90,-0.2,hiercomm_heur,saudi,3042.0,42,4,saudi,heldout_ignition
0.0,1.0,0.9972222222222222,541,0.0,hiercomm_heur,saudi,3042.0,42,5,saudi,heldout_ignition
0.0,1.0,1.0,96,0.0,hiercomm_heur,saudi,3042.0,42,6,saudi,heldout_ignition
0.0,1.0,0.9933774834437086,99,0.0,hiercomm_heur,saudi,3042.0,42,7,saudi,heldout_ignition
0.0,1.0,0.8596491228070176,2,-0.6,hiercomm_heur,saudi,3042.0,42,8,saudi,heldout_ignition
0.0,1.0,0.9735099337748344,100,-0.1,hiercomm_heur,saudi,3042.0,42,9,saudi,heldout_ignition
0.0,1.0,0.9094922737306844,517,0.0,hiercomm_heur,saudi,3042.0,42,10,saudi,heldout_ignition
0.0,1.0,1.0,74,0.0,hiercomm_heur,saudi,3042.0,42,11,saudi,heldout_ignition
0.0,1.0,0.9933774834437086,132,0.0,hiercomm_heur,saudi,3042.0,42,12,saudi,heldout_ignition
0.0,1.0,0.8279569892473119,2,-0.6,hiercomm_heur,saudi,3042.0,42,13,saudi,heldout_ignition
0.0,1.0,0.967741935483871,96,-0.2,hiercomm_heur,saudi,3042.0,42,14,saudi,heldout_ignition
0.0,1.0,0.95578231292517,436,-0.3,hiercomm_heur,saudi,3042.0,1042,0,saudi,heldout_ignition
0.0,1.0,1.0,74,0.0,hiercomm_heur,saudi,3042.0,1042,1,saudi,heldout_ignition
0.0,1.0,0.9933774834437086,131,0.0,hiercomm_heur,saudi,3042.0,1042,2,saudi,heldout_ignition
0.0,1.0,0.8333333333333334,2,-0.6,hiercomm_heur,saudi,3042.0,1042,3,saudi,heldout_ignition
0.0,1.0,0.9713024282560706,113,-0.2,hiercomm_heur,saudi,3042.0,1042,4,saudi,heldout_ignition
0.0,1.0,1.0,561,0.0,hiercomm_heur,saudi,3042.0,1042,5,saudi,heldout_ignition
0.0,1.0,1.0,74,0.0,hiercomm_heur,saudi,3042.0,1042,6,saudi,heldout_ignition
0.0,1.0,0.9735099337748344,66,0.0,hiercomm_heur,saudi,3042.0,1042,7,saudi,heldout_ignition
0.0,1.0,0.864406779661017,2,-0.6,hiercomm_heur,saudi,3042.0,1042,8,saudi,heldout_ignition
0.0,1.0,0.9911699779249448,143,0.0,hiercomm_heur,saudi,3042.0,1042,9,saudi,heldout_ignition
0.0,1.0,1.0,499,0.0,hiercomm_heur,saudi,3042.0,1042,10,saudi,heldout_ignition
0.0,1.0,1.0,176,0.0,hiercomm_heur,saudi,3042.0,1042,11,saudi,heldout_ignition
0.0,1.0,0.9933774834437086,136,0.0,hiercomm_heur,saudi,3042.0,1042,12,saudi,heldout_ignition
0.0,1.0,0.8620689655172413,2,-0.6,hiercomm_heur,saudi,3042.0,1042,13,saudi,heldout_ignition
0.0,1.0,0.977924944812362,109,-0.2,hiercomm_heur,saudi,3042.0,1042,14,saudi,heldout_ignition
0.0,1.0,1.0,491,0.0,hiercomm_heur,saudi,3042.0,2042,0,saudi,heldout_ignition
4.0,0.8571428571428571,1.0,117,-6.857142857142858,hiercomm_heur,saudi,3042.0,2042,1,saudi,heldout_ignition
0.0,1.0,0.9933774834437086,67,0.0,hiercomm_heur,saudi,3042.0,2042,2,saudi,heldout_ignition
0.0,1.0,0.864406779661017,2,-0.6,hiercomm_heur,saudi,3042.0,2042,3,saudi,heldout_ignition
0.0,1.0,0.9801324503311258,99,-0.1,hiercomm_heur,saudi,3042.0,2042,4,saudi,heldout_ignition
0.0,1.0,1.0,563,0.0,hiercomm_heur,saudi,3042.0,2042,5,saudi,heldout_ignition
0.0,1.0,1.0,89,0.0,hiercomm_heur,saudi,3042.0,2042,6,saudi,heldout_ignition
0.0,1.0,0.9933774834437086,132,0.0,hiercomm_heur,saudi,3042.0,2042,7,saudi,heldout_ignition
0.0,1.0,0.8062015503875969,0,-0.6,hiercomm_heur,saudi,3042.0,2042,8,saudi,heldout_ignition
0.0,1.0,0.9970238095238096,146,0.0,hiercomm_heur,saudi,3042.0,2042,9,saudi,heldout_ignition
0.0,1.0,1.0,500,0.0,hiercomm_heur,saudi,3042.0,2042,10,saudi,heldout_ignition
0.0,1.0,1.0,92,0.0,hiercomm_heur,saudi,3042.0,2042,11,saudi,heldout_ignition
0.0,1.0,0.9735099337748344,66,0.0,hiercomm_heur,saudi,3042.0,2042,12,saudi,heldout_ignition
0.0,1.0,0.8333333333333334,2,-0.6,hiercomm_heur,saudi,3042.0,2042,13,saudi,heldout_ignition
0.0,1.0,0.9801324503311258,100,-0.1,hiercomm_heur,saudi,3042.0,2042,14,saudi,heldout_ignition
0.0,1.0,1.0,434,0.0,hiercomm_heur,saudi,3042.0,3042,0,saudi,heldout_ignition
0.0,1.0,1.0,96,0.0,hiercomm_heur,saudi,3042.0,3042,1,saudi,heldout_ignition
0.0,1.0,0.9933774834437086,132,0.0,hiercomm_heur,saudi,3042.0,3042,2,saudi,heldout_ignition
0.0,1.0,0.8062015503875969,0,-0.6,hiercomm_heur,saudi,3042.0,3042,3,saudi,heldout_ignition
0.0,1.0,0.9801324503311258,100,-0.1,hiercomm_heur,saudi,3042.0,3042,4,saudi,heldout_ignition
0.0,1.0,1.0,517,0.0,hiercomm_heur,saudi,3042.0,3042,5,saudi,heldout_ignition
0.0,1.0,1.0,68,0.0,hiercomm_heur,saudi,3042.0,3042,6,saudi,heldout_ignition
0.0,1.0,0.9933774834437086,67,0.0,hiercomm_heur,saudi,3042.0,3042,7,saudi,heldout_ignition
0.0,1.0,0.8333333333333334,2,-0.6,hiercomm_heur,saudi,3042.0,3042,8,saudi,heldout_ignition
0.0,1.0,1.0,9,0.0,hiercomm_heur,saudi,3042.0,3042,9,saudi,heldout_ignition
0.0,1.0,0.9845474613686536,503,-0.1,hiercomm_heur,saudi,3042.0,3042,10,saudi,heldout_ignition
0.0,1.0,1.0,68,0.0,hiercomm_heur,saudi,3042.0,3042,11,saudi,heldout_ignition
0.0,1.0,0.9933774834437086,132,0.0,hiercomm_heur,saudi,3042.0,3042,12,saudi,heldout_ignition
0.0,1.0,0.8062015503875969,0,-0.6,hiercomm_heur,saudi,3042.0,3042,13,saudi,heldout_ignition
10.0,0.8571428571428571,1.0,141,-12.857142857142858,hiercomm_heur,saudi,3042.0,3042,14,saudi,heldout_ignition
0.0,1.0,1.0,574,0.0,hiercomm_heur,saudi,3042.0,4042,0,saudi,heldout_ignition
0.0,1.0,1.0,74,0.0,hiercomm_heur,saudi,3042.0,4042,1,saudi,heldout_ignition
0.0,1.0,0.9933774834437086,132,0.0,hiercomm_heur,saudi,3042.0,4042,2,saudi,heldout_ignition
0.0,1.0,0.8571428571428571,2,-0.6,hiercomm_heur,saudi,3042.0,4042,3,saudi,heldout_ignition
0.0,1.0,0.977924944812362,117,-0.2,hiercomm_heur,saudi,3042.0,4042,4,saudi,heldout_ignition
0.0,1.0,1.0,539,0.0,hiercomm_heur,saudi,3042.0,4042,5,saudi,heldout_ignition
0.0,1.0,1.0,91,0.0,hiercomm_heur,saudi,3042.0,4042,6,saudi,heldout_ignition
0.0,1.0,0.9735099337748344,67,0.0,hiercomm_heur,saudi,3042.0,4042,7,saudi,heldout_ignition
0.0,1.0,0.8545454545454545,2,-0.6,hiercomm_heur,saudi,3042.0,4042,8,saudi,heldout_ignition
0.0,1.0,0.9773242630385488,122,-0.1,hiercomm_heur,saudi,3042.0,4042,9,saudi,heldout_ignition
0.0,1.0,1.0,467,0.0,hiercomm_heur,saudi,3042.0,4042,10,saudi,heldout_ignition
0.0,1.0,1.0,89,0.0,hiercomm_heur,saudi,3042.0,4042,11,saudi,heldout_ignition
0.0,1.0,0.9933774834437086,132,0.0,hiercomm_heur,saudi,3042.0,4042,12,saudi,heldout_ignition
0.0,1.0,0.8062015503875969,0,-0.6,hiercomm_heur,saudi,3042.0,4042,13,saudi,heldout_ignition
0.0,1.0,1.0,9,0.0,hiercomm_heur,saudi,3042.0,4042,14,saudi,heldout_ignition
4.0,0.8571428571428571,1.0,566,-6.857142857142858,hiercomm_heur,saudi,4042.0,42,0,saudi,heldout_ignition
6.0,0.8571428571428571,0.9757174392935982,141,-8.957142857142857,hiercomm_heur,saudi,4042.0,42,1,saudi,heldout_ignition
0.0,1.0,1.0,227,0.0,hiercomm_heur,saudi,4042.0,42,2,saudi,heldout_ignition
0.0,1.0,0.9161147902869756,28,0.0,hiercomm_heur,saudi,4042.0,42,3,saudi,heldout_ignition
4.0,0.8571428571428571,0.7163120567375887,190,-7.1571428571428575,hiercomm_heur,saudi,4042.0,42,4,saudi,heldout_ignition
4.0,0.8571428571428571,1.0,604,-6.857142857142858,hiercomm_heur,saudi,4042.0,42,5,saudi,heldout_ignition
6.0,0.8571428571428571,0.739514348785872,85,-8.957142857142857,hiercomm_heur,saudi,4042.0,42,6,saudi,heldout_ignition
0.0,1.0,1.0,242,0.0,hiercomm_heur,saudi,4042.0,42,7,saudi,heldout_ignition
0.0,1.0,0.8852097130242825,33,0.0,hiercomm_heur,saudi,4042.0,42,8,saudi,heldout_ignition
4.0,0.8571428571428571,0.7,190,-7.1571428571428575,hiercomm_heur,saudi,4042.0,42,9,saudi,heldout_ignition
4.0,0.8571428571428571,1.0,510,-6.857142857142858,hiercomm_heur,saudi,4042.0,42,10,saudi,heldout_ignition
6.0,0.8571428571428571,0.7417218543046358,86,-8.957142857142857,hiercomm_heur,saudi,4042.0,42,11,saudi,heldout_ignition
0.0,1.0,1.0,213,0.0,hiercomm_heur,saudi,4042.0,42,12,saudi,heldout_ignition
0.0,1.0,0.911699779249448,31,0.0,hiercomm_heur,saudi,4042.0,42,13,saudi,heldout_ignition
4.0,0.8571428571428571,0.9403973509933776,188,-7.1571428571428575,hiercomm_heur,saudi,4042.0,42,14,saudi,heldout_ignition
4.0,0.8571428571428571,1.0,566,-6.857142857142858,hiercomm_heur,saudi,4042.0,1042,0,saudi,heldout_ignition
6.0,0.8571428571428571,0.7417218543046358,86,-8.957142857142857,hiercomm_heur,saudi,4042.0,1042,1,saudi,heldout_ignition
0.0,1.0,1.0,221,0.0,hiercomm_heur,saudi,4042.0,1042,2,saudi,heldout_ignition
0.0,1.0,0.9050772626931568,29,0.0,hiercomm_heur,saudi,4042.0,1042,3,saudi,heldout_ignition
4.0,0.8571428571428571,0.696969696969697,192,-7.1571428571428575,hiercomm_heur,saudi,4042.0,1042,4,saudi,heldout_ignition
4.0,0.8571428571428571,1.0,521,-6.857142857142858,hiercomm_heur,saudi,4042.0,1042,5,saudi,heldout_ignition
6.0,0.8571428571428571,0.9646799116997792,91,-8.957142857142857,hiercomm_heur,saudi,4042.0,1042,6,saudi,heldout_ignition
0.0,1.0,1.0,180,0.0,hiercomm_heur,saudi,4042.0,1042,7,saudi,heldout_ignition
0.0,1.0,0.9381898454746136,28,0.0,hiercomm_heur,saudi,4042.0,1042,8,saudi,heldout_ignition
4.0,0.8571428571428571,0.8248587570621468,210,-7.457142857142858,hiercomm_heur,saudi,4042.0,1042,9,saudi,heldout_ignition
4.0,0.8571428571428571,1.0,579,-6.857142857142858,hiercomm_heur,saudi,4042.0,1042,10,saudi,heldout_ignition
6.0,0.8571428571428571,0.9757174392935982,141,-8.957142857142857,hiercomm_heur,saudi,4042.0,1042,11,saudi,heldout_ignition
0.0,1.0,1.0,199,0.0,hiercomm_heur,saudi,4042.0,1042,12,saudi,heldout_ignition
0.0,1.0,0.933774834437086,31,0.0,hiercomm_heur,saudi,4042.0,1042,13,saudi,heldout_ignition
4.0,0.8571428571428571,0.7770419426048565,249,-7.357142857142858,hiercomm_heur,saudi,4042.0,1042,14,saudi,heldout_ignition
4.0,0.8571428571428571,1.0,518,-6.857142857142858,hiercomm_heur,saudi,4042.0,2042,0,saudi,heldout_ignition
6.0,0.8571428571428571,0.739514348785872,96,-8.957142857142857,hiercomm_heur,saudi,4042.0,2042,1,saudi,heldout_ignition
0.0,1.0,1.0,191,0.0,hiercomm_heur,saudi,4042.0,2042,2,saudi,heldout_ignition
0.0,1.0,0.9403973509933776,26,0.0,hiercomm_heur,saudi,4042.0,2042,3,saudi,heldout_ignition
4.0,0.8571428571428571,0.7,192,-7.1571428571428575,hiercomm_heur,saudi,4042.0,2042,4,saudi,heldout_ignition
4.0,0.8571428571428571,1.0,668,-6.857142857142858,hiercomm_heur,saudi,4042.0,2042,5,saudi,heldout_ignition
10.0,0.7142857142857143,0.9845474613686536,159,-15.814285714285711,hiercomm_heur,saudi,4042.0,2042,6,saudi,heldout_ignition
0.0,1.0,1.0,213,0.0,hiercomm_heur,saudi,4042.0,2042,7,saudi,heldout_ignition
0.0,1.0,0.911699779249448,28,0.0,hiercomm_heur,saudi,4042.0,2042,8,saudi,heldout_ignition
14.0,0.7142857142857143,0.9381898454746136,275,-19.91428571428571,hiercomm_heur,saudi,4042.0,2042,9,saudi,heldout_ignition
4.0,0.8571428571428571,1.0,558,-6.857142857142858,hiercomm_heur,saudi,4042.0,2042,10,saudi,heldout_ignition
6.0,0.8571428571428571,0.739514348785872,102,-8.957142857142857,hiercomm_heur,saudi,4042.0,2042,11,saudi,heldout_ignition
0.0,1.0,1.0,180,0.0,hiercomm_heur,saudi,4042.0,2042,12,saudi,heldout_ignition
0.0,1.0,0.9050772626931568,29,0.0,hiercomm_heur,saudi,4042.0,2042,13,saudi,heldout_ignition
4.0,0.8571428571428571,0.6966666666666667,192,-7.1571428571428575,hiercomm_heur,saudi,4042.0,2042,14,saudi,heldout_ignition
4.0,0.8571428571428571,1.0,562,-6.857142857142858,hiercomm_heur,saudi,4042.0,3042,0,saudi,heldout_ignition
6.0,0.8571428571428571,0.739514348785872,84,-8.957142857142857,hiercomm_heur,saudi,4042.0,3042,1,saudi,heldout_ignition
0.0,1.0,1.0,207,0.0,hiercomm_heur,saudi,4042.0,3042,2,saudi,heldout_ignition
0.0,1.0,1.0,21,0.0,hiercomm_heur,saudi,4042.0,3042,3,saudi,heldout_ignition
4.0,0.8571428571428571,0.696969696969697,192,-7.1571428571428575,hiercomm_heur,saudi,4042.0,3042,4,saudi,heldout_ignition
4.0,0.8571428571428571,1.0,510,-6.857142857142858,hiercomm_heur,saudi,4042.0,3042,5,saudi,heldout_ignition
10.0,0.7142857142857143,0.9735099337748344,163,-16.014285714285712,hiercomm_heur,saudi,4042.0,3042,6,saudi,heldout_ignition
0.0,1.0,1.0,191,0.0,hiercomm_heur,saudi,4042.0,3042,7,saudi,heldout_ignition
0.0,1.0,0.9050772626931568,29,0.0,hiercomm_heur,saudi,4042.0,3042,8,saudi,heldout_ignition
4.0,0.8571428571428571,0.9028697571743928,169,-7.557142857142856,hiercomm_heur,saudi,4042.0,3042,9,saudi,heldout_ignition
4.0,0.8571428571428571,1.0,567,-6.857142857142858,hiercomm_heur,saudi,4042.0,3042,10,saudi,heldout_ignition
10.0,0.7142857142857143,0.9735099337748344,150,-16.014285714285712,hiercomm_heur,saudi,4042.0,3042,11,saudi,heldout_ignition
0.0,1.0,1.0,215,0.0,hiercomm_heur,saudi,4042.0,3042,12,saudi,heldout_ignition
0.0,1.0,0.913907284768212,28,0.0,hiercomm_heur,saudi,4042.0,3042,13,saudi,heldout_ignition
4.0,0.8571428571428571,0.7836879432624113,205,-7.457142857142858,hiercomm_heur,saudi,4042.0,3042,14,saudi,heldout_ignition
4.0,0.8571428571428571,1.0,650,-6.857142857142858,hiercomm_heur,saudi,4042.0,4042,0,saudi,heldout_ignition
6.0,0.8571428571428571,0.7417218543046358,86,-8.957142857142857,hiercomm_heur,saudi,4042.0,4042,1,saudi,heldout_ignition
0.0,1.0,1.0,206,0.0,hiercomm_heur,saudi,4042.0,4042,2,saudi,heldout_ignition
0.0,1.0,1.0,27,0.0,hiercomm_heur,saudi,4042.0,4042,3,saudi,heldout_ignition
4.0,0.8571428571428571,0.8057395143487859,230,-7.357142857142858,hiercomm_heur,saudi,4042.0,4042,4,saudi,heldout_ignition
4.0,0.8571428571428571,1.0,572,-6.857142857142858,hiercomm_heur,saudi,4042.0,4042,5,saudi,heldout_ignition
10.0,0.7142857142857143,0.9735099337748344,180,-16.014285714285712,hiercomm_heur,saudi,4042.0,4042,6,saudi,heldout_ignition
0.0,1.0,1.0,184,0.0,hiercomm_heur,saudi,4042.0,4042,7,saudi,heldout_ignition
0.0,1.0,1.0,27,0.0,hiercomm_heur,saudi,4042.0,4042,8,saudi,heldout_ignition
4.0,0.8571428571428571,0.7726269315673289,246,-7.357142857142858,hiercomm_heur,saudi,4042.0,4042,9,saudi,heldout_ignition
4.0,0.8571428571428571,1.0,595,-6.857142857142858,hiercomm_heur,saudi,4042.0,4042,10,saudi,heldout_ignition
10.0,0.7142857142857143,0.9845474613686536,160,-15.814285714285711,hiercomm_heur,saudi,4042.0,4042,11,saudi,heldout_ignition
0.0,1.0,1.0,209,0.0,hiercomm_heur,saudi,4042.0,4042,12,saudi,heldout_ignition
0.0,1.0,0.911699779249448,28,0.0,hiercomm_heur,saudi,4042.0,4042,13,saudi,heldout_ignition
4.0,0.8571428571428571,0.93598233995585,223,-7.057142857142857,hiercomm_heur,saudi,4042.0,4042,14,saudi,heldout_ignition
27.0,0.2857142857142857,1.0,828,-41.285714285714285,noop,saudi,,42,0,saudi,wind_plus90
27.0,0.2857142857142857,1.0,757,-35.42857142857143,noop,saudi,,42,1,saudi,wind_plus90
27.0,0.2857142857142857,1.0,817,-41.285714285714285,noop,saudi,,42,2,saudi,wind_plus90
27.0,0.2857142857142857,1.0,827,-41.285714285714285,noop,saudi,,42,3,saudi,wind_plus90
27.0,0.2857142857142857,1.0,749,-35.42857142857143,noop,saudi,,42,4,saudi,wind_plus90
27.0,0.2857142857142857,1.0,841,-41.285714285714285,noop,saudi,,42,5,saudi,wind_plus90
27.0,0.2857142857142857,1.0,819,-41.285714285714285,noop,saudi,,42,6,saudi,wind_plus90
27.0,0.2857142857142857,1.0,792,-41.285714285714285,noop,saudi,,42,7,saudi,wind_plus90
27.0,0.2857142857142857,1.0,791,-41.285714285714285,noop,saudi,,42,8,saudi,wind_plus90
27.0,0.2857142857142857,1.0,860,-41.285714285714285,noop,saudi,,42,9,saudi,wind_plus90
27.0,0.2857142857142857,1.0,801,-41.285714285714285,noop,saudi,,42,10,saudi,wind_plus90
27.0,0.2857142857142857,1.0,833,-41.285714285714285,noop,saudi,,42,11,saudi,wind_plus90
27.0,0.2857142857142857,1.0,833,-41.285714285714285,noop,saudi,,42,12,saudi,wind_plus90
27.0,0.2857142857142857,1.0,839,-41.285714285714285,noop,saudi,,42,13,saudi,wind_plus90
27.0,0.2857142857142857,1.0,826,-41.285714285714285,noop,saudi,,42,14,saudi,wind_plus90
27.0,0.2857142857142857,1.0,855,-41.285714285714285,noop,saudi,,1042,0,saudi,wind_plus90
27.0,0.2857142857142857,1.0,823,-41.285714285714285,noop,saudi,,1042,1,saudi,wind_plus90
27.0,0.2857142857142857,1.0,800,-41.285714285714285,noop,saudi,,1042,2,saudi,wind_plus90
27.0,0.2857142857142857,1.0,817,-41.285714285714285,noop,saudi,,1042,3,saudi,wind_plus90
27.0,0.2857142857142857,1.0,760,-35.42857142857143,noop,saudi,,1042,4,saudi,wind_plus90
27.0,0.2857142857142857,1.0,816,-41.285714285714285,noop,saudi,,1042,5,saudi,wind_plus90
27.0,0.2857142857142857,1.0,792,-41.285714285714285,noop,saudi,,1042,6,saudi,wind_plus90
27.0,0.2857142857142857,1.0,869,-41.285714285714285,noop,saudi,,1042,7,saudi,wind_plus90
27.0,0.2857142857142857,1.0,837,-41.285714285714285,noop,saudi,,1042,8,saudi,wind_plus90
27.0,0.2857142857142857,1.0,821,-41.285714285714285,noop,saudi,,1042,9,saudi,wind_plus90
27.0,0.2857142857142857,1.0,818,-41.285714285714285,noop,saudi,,1042,10,saudi,wind_plus90
27.0,0.2857142857142857,1.0,828,-41.285714285714285,noop,saudi,,1042,11,saudi,wind_plus90
27.0,0.2857142857142857,1.0,814,-41.285714285714285,noop,saudi,,1042,12,saudi,wind_plus90
27.0,0.2857142857142857,1.0,817,-41.285714285714285,noop,saudi,,1042,13,saudi,wind_plus90
27.0,0.2857142857142857,1.0,865,-41.285714285714285,noop,saudi,,1042,14,saudi,wind_plus90
27.0,0.2857142857142857,1.0,835,-41.285714285714285,noop,saudi,,2042,0,saudi,wind_plus90
27.0,0.2857142857142857,1.0,757,-35.42857142857143,noop,saudi,,2042,1,saudi,wind_plus90
27.0,0.2857142857142857,1.0,814,-41.285714285714285,noop,saudi,,2042,2,saudi,wind_plus90
27.0,0.2857142857142857,1.0,824,-41.285714285714285,noop,saudi,,2042,3,saudi,wind_plus90
27.0,0.2857142857142857,1.0,843,-41.285714285714285,noop,saudi,,2042,4,saudi,wind_plus90
27.0,0.2857142857142857,1.0,796,-41.285714285714285,noop,saudi,,2042,5,saudi,wind_plus90
27.0,0.2857142857142857,1.0,823,-41.285714285714285,noop,saudi,,2042,6,saudi,wind_plus90
27.0,0.2857142857142857,1.0,814,-41.285714285714285,noop,saudi,,2042,7,saudi,wind_plus90
27.0,0.2857142857142857,1.0,760,-35.42857142857143,noop,saudi,,2042,8,saudi,wind_plus90
27.0,0.2857142857142857,1.0,828,-41.285714285714285,noop,saudi,,2042,9,saudi,wind_plus90
27.0,0.2857142857142857,1.0,760,-35.42857142857143,noop,saudi,,2042,10,saudi,wind_plus90
27.0,0.2857142857142857,1.0,860,-41.285714285714285,noop,saudi,,2042,11,saudi,wind_plus90
27.0,0.2857142857142857,1.0,840,-41.285714285714285,noop,saudi,,2042,12,saudi,wind_plus90
27.0,0.2857142857142857,1.0,811,-41.285714285714285,noop,saudi,,2042,13,saudi,wind_plus90
27.0,0.2857142857142857,1.0,815,-41.285714285714285,noop,saudi,,2042,14,saudi,wind_plus90
27.0,0.2857142857142857,1.0,814,-41.285714285714285,noop,saudi,,3042,0,saudi,wind_plus90
27.0,0.2857142857142857,1.0,823,-41.285714285714285,noop,saudi,,3042,1,saudi,wind_plus90
27.0,0.2857142857142857,1.0,829,-41.285714285714285,noop,saudi,,3042,2,saudi,wind_plus90
27.0,0.2857142857142857,1.0,795,-41.285714285714285,noop,saudi,,3042,3,saudi,wind_plus90
27.0,0.2857142857142857,1.0,792,-41.285714285714285,noop,saudi,,3042,4,saudi,wind_plus90
27.0,0.2857142857142857,1.0,809,-41.285714285714285,noop,saudi,,3042,5,saudi,wind_plus90
27.0,0.2857142857142857,1.0,792,-41.285714285714285,noop,saudi,,3042,6,saudi,wind_plus90
27.0,0.2857142857142857,1.0,766,-35.42857142857142,noop,saudi,,3042,7,saudi,wind_plus90
27.0,0.2857142857142857,1.0,819,-41.285714285714285,noop,saudi,,3042,8,saudi,wind_plus90
27.0,0.2857142857142857,1.0,796,-41.285714285714285,noop,saudi,,3042,9,saudi,wind_plus90
27.0,0.2857142857142857,1.0,821,-41.285714285714285,noop,saudi,,3042,10,saudi,wind_plus90
27.0,0.2857142857142857,1.0,811,-41.285714285714285,noop,saudi,,3042,11,saudi,wind_plus90
27.0,0.2857142857142857,1.0,843,-41.285714285714285,noop,saudi,,3042,12,saudi,wind_plus90
27.0,0.2857142857142857,1.0,796,-41.285714285714285,noop,saudi,,3042,13,saudi,wind_plus90
27.0,0.2857142857142857,1.0,828,-41.285714285714285,noop,saudi,,3042,14,saudi,wind_plus90
27.0,0.2857142857142857,1.0,792,-41.285714285714285,noop,saudi,,4042,0,saudi,wind_plus90
27.0,0.2857142857142857,1.0,841,-41.285714285714285,noop,saudi,,4042,1,saudi,wind_plus90
27.0,0.2857142857142857,1.0,800,-41.285714285714285,noop,saudi,,4042,2,saudi,wind_plus90
27.0,0.2857142857142857,1.0,791,-41.285714285714285,noop,saudi,,4042,3,saudi,wind_plus90
27.0,0.2857142857142857,1.0,827,-41.285714285714285,noop,saudi,,4042,4,saudi,wind_plus90
27.0,0.2857142857142857,1.0,807,-41.285714285714285,noop,saudi,,4042,5,saudi,wind_plus90
27.0,0.2857142857142857,1.0,796,-41.285714285714285,noop,saudi,,4042,6,saudi,wind_plus90
27.0,0.2857142857142857,1.0,836,-41.285714285714285,noop,saudi,,4042,7,saudi,wind_plus90
27.0,0.2857142857142857,1.0,819,-41.285714285714285,noop,saudi,,4042,8,saudi,wind_plus90
27.0,0.2857142857142857,1.0,798,-41.285714285714285,noop,saudi,,4042,9,saudi,wind_plus90
27.0,0.2857142857142857,1.0,807,-41.285714285714285,noop,saudi,,4042,10,saudi,wind_plus90
27.0,0.2857142857142857,1.0,812,-41.285714285714285,noop,saudi,,4042,11,saudi,wind_plus90
27.0,0.2857142857142857,1.0,807,-41.285714285714285,noop,saudi,,4042,12,saudi,wind_plus90
27.0,0.2857142857142857,1.0,807,-41.285714285714285,noop,saudi,,4042,13,saudi,wind_plus90
27.0,0.2857142857142857,1.0,816,-41.285714285714285,noop,saudi,,4042,14,saudi,wind_plus90
18.0,0.5714285714285714,0.9977924944812362,801,-26.571428571428577,value_first,saudi,,42,0,saudi,wind_plus90
18.0,0.5714285714285714,0.9977924944812362,738,-20.714285714285715,value_first,saudi,,42,1,saudi,wind_plus90
27.0,0.2857142857142857,0.9977924944812362,808,-41.285714285714285,value_first,saudi,,42,2,saudi,wind_plus90
27.0,0.2857142857142857,0.9977924944812362,818,-41.285714285714285,value_first,saudi,,42,3,saudi,wind_plus90
18.0,0.5714285714285714,0.9977924944812362,730,-20.714285714285715,value_first,saudi,,42,4,saudi,wind_plus90
18.0,0.5714285714285714,1.0,810,-26.571428571428573,value_first,saudi,,42,5,saudi,wind_plus90
18.0,0.5714285714285714,0.9977924944812362,789,-26.571428571428577,value_first,saudi,,42,6,saudi,wind_plus90
27.0,0.2857142857142857,0.9977924944812362,783,-41.285714285714285,value_first,saudi,,42,7,saudi,wind_plus90
27.0,0.2857142857142857,0.9977924944812362,782,-41.285714285714285,value_first,saudi,,42,8,saudi,wind_plus90
18.0,0.5714285714285714,0.9977924944812362,827,-26.571428571428573,value_first,saudi,,42,9,saudi,wind_plus90
27.0,0.2857142857142857,0.9977924944812362,792,-41.285714285714285,value_first,saudi,,42,10,saudi,wind_plus90
18.0,0.5714285714285714,0.9977924944812362,805,-26.571428571428577,value_first,saudi,,42,11,saudi,wind_plus90
27.0,0.2857142857142857,0.9977924944812362,824,-41.285714285714285,value_first,saudi,,42,12,saudi,wind_plus90
18.0,0.5714285714285714,0.9977924944812362,813,-26.571428571428577,value_first,saudi,,42,13,saudi,wind_plus90
18.0,0.5714285714285714,0.9977924944812362,797,-26.571428571428577,value_first,saudi,,42,14,saudi,wind_plus90
18.0,0.5714285714285714,0.9977924944812362,830,-26.571428571428577,value_first,saudi,,1042,0,saudi,wind_plus90
18.0,0.5714285714285714,0.9977924944812362,794,-26.571428571428577,value_first,saudi,,1042,1,saudi,wind_plus90
27.0,0.2857142857142857,0.9977924944812362,791,-41.285714285714285,value_first,saudi,,1042,2,saudi,wind_plus90
27.0,0.2857142857142857,0.9977924944812362,808,-41.285714285714285,value_first,saudi,,1042,3,saudi,wind_plus90
18.0,0.5714285714285714,0.9977924944812362,742,-20.714285714285715,value_first,saudi,,1042,4,saudi,wind_plus90
18.0,0.5714285714285714,0.9977924944812362,786,-26.571428571428577,value_first,saudi,,1042,5,saudi,wind_plus90
27.0,0.2857142857142857,0.9977924944812362,783,-41.285714285714285,value_first,saudi,,1042,6,saudi,wind_plus90
18.0,0.5714285714285714,0.9977924944812362,835,-26.571428571428573,value_first,saudi,,1042,7,saudi,wind_plus90
18.0,0.5714285714285714,0.9977924944812362,810,-26.571428571428577,value_first,saudi,,1042,8,saudi,wind_plus90
18.0,0.5714285714285714,0.9977924944812362,793,-26.571428571428577,value_first,saudi,,1042,9,saudi,wind_plus90
18.0,0.5714285714285714,0.9977924944812362,788,-26.571428571428577,value_first,saudi,,1042,10,saudi,wind_plus90
18.0,0.5714285714285714,0.9977924944812362,800,-26.571428571428577,value_first,saudi,,1042,11,saudi,wind_plus90
27.0,0.2857142857142857,0.9977924944812362,805,-41.285714285714285,value_first,saudi,,1042,12,saudi,wind_plus90
18.0,0.5714285714285714,0.9977924944812362,787,-26.571428571428577,value_first,saudi,,1042,13,saudi,wind_plus90
18.0,0.5714285714285714,0.9977924944812362,830,-26.571428571428573,value_first,saudi,,1042,14,saudi,wind_plus90
27.0,0.2857142857142857,0.9977924944812362,826,-41.285714285714285,value_first,saudi,,2042,0,saudi,wind_plus90
18.0,0.5714285714285714,0.9977924944812362,738,-20.714285714285715,value_first,saudi,,2042,1,saudi,wind_plus90
27.0,0.2857142857142857,0.9977924944812362,805,-41.285714285714285,value_first,saudi,,2042,2,saudi,wind_plus90
27.0,0.2857142857142857,0.9977924944812362,815,-41.285714285714285,value_first,saudi,,2042,3,saudi,wind_plus90
18.0,0.5714285714285714,1.0,812,-26.571428571428573,value_first,saudi,,2042,4,saudi,wind_plus90
27.0,0.2857142857142857,0.9977924944812362,787,-41.285714285714285,value_first,saudi,,2042,5,saudi,wind_plus90
27.0,0.2857142857142857,0.9977924944812362,814,-41.285714285714285,value_first,saudi,,2042,6,saudi,wind_plus90
18.0,0.5714285714285714,0.9977924944812362,784,-26.571428571428577,value_first,saudi,,2042,7,saudi,wind_plus90
18.0,0.5714285714285714,0.9977924944812362,742,-20.714285714285715,value_first,saudi,,2042,8,saudi,wind_plus90
27.0,0.2857142857142857,0.9977924944812362,819,-41.285714285714285,value_first,saudi,,2042,9,saudi,wind_plus90
18.0,0.5714285714285714,0.9977924944812362,742,-20.714285714285715,value_first,saudi,,2042,10,saudi,wind_plus90
18.0,0.5714285714285714,0.9977924944812362,827,-26.571428571428573,value_first,saudi,,2042,11,saudi,wind_plus90
18.0,0.5714285714285714,0.9977924944812362,814,-26.571428571428577,value_first,saudi,,2042,12,saudi,wind_plus90
27.0,0.2857142857142857,0.9977924944812362,802,-41.285714285714285,value_first,saudi,,2042,13,saudi,wind_plus90
27.0,0.2857142857142857,0.9977924944812362,806,-41.285714285714285,value_first,saudi,,2042,14,saudi,wind_plus90
18.0,0.5714285714285714,0.9977924944812362,784,-26.571428571428577,value_first,saudi,,3042,0,saudi,wind_plus90
18.0,0.5714285714285714,0.9977924944812362,794,-26.571428571428577,value_first,saudi,,3042,1,saudi,wind_plus90
18.0,0.5714285714285714,0.9977924944812362,802,-26.571428571428577,value_first,saudi,,3042,2,saudi,wind_plus90
27.0,0.2857142857142857,0.9977924944812362,786,-41.285714285714285,value_first,saudi,,3042,3,saudi,wind_plus90
27.0,0.2857142857142857,0.9977924944812362,783,-41.285714285714285,value_first,saudi,,3042,4,saudi,wind_plus90
27.0,0.2857142857142857,0.9977924944812362,800,-41.285714285714285,value_first,saudi,,3042,5,saudi,wind_plus90
27.0,0.2857142857142857,0.9977924944812362,783,-41.285714285714285,value_first,saudi,,3042,6,saudi,wind_plus90
18.0,0.5714285714285714,0.9977924944812362,749,-20.714285714285715,value_first,saudi,,3042,7,saudi,wind_plus90
27.0,0.2857142857142857,0.9977924944812362,810,-41.285714285714285,value_first,saudi,,3042,8,saudi,wind_plus90
27.0,0.2857142857142857,0.9977924944812362,787,-41.285714285714285,value_first,saudi,,3042,9,saudi,wind_plus90
18.0,0.5714285714285714,0.9977924944812362,793,-26.571428571428577,value_first,saudi,,3042,10,saudi,wind_plus90
27.0,0.2857142857142857,0.9977924944812362,802,-41.285714285714285,value_first,saudi,,3042,11,saudi,wind_plus90
18.0,0.5714285714285714,1.0,812,-26.571428571428573,value_first,saudi,,3042,12,saudi,wind_plus90
27.0,0.2857142857142857,0.9977924944812362,787,-41.285714285714285,value_first,saudi,,3042,13,saudi,wind_plus90
18.0,0.5714285714285714,0.9977924944812362,800,-26.571428571428577,value_first,saudi,,3042,14,saudi,wind_plus90
27.0,0.2857142857142857,0.9977924944812362,783,-41.285714285714285,value_first,saudi,,4042,0,saudi,wind_plus90
18.0,0.5714285714285714,0.9977924944812362,815,-26.571428571428577,value_first,saudi,,4042,1,saudi,wind_plus90
27.0,0.2857142857142857,0.9977924944812362,791,-41.285714285714285,value_first,saudi,,4042,2,saudi,wind_plus90
27.0,0.2857142857142857,0.9977924944812362,782,-41.285714285714285,value_first,saudi,,4042,3,saudi,wind_plus90
18.0,0.5714285714285714,0.9977924944812362,799,-26.571428571428577,value_first,saudi,,4042,4,saudi,wind_plus90
27.0,0.2857142857142857,0.9977924944812362,798,-41.285714285714285,value_first,saudi,,4042,5,saudi,wind_plus90
27.0,0.2857142857142857,0.9977924944812362,787,-41.285714285714285,value_first,saudi,,4042,6,saudi,wind_plus90
18.0,0.5714285714285714,0.9977924944812362,809,-26.571428571428577,value_first,saudi,,4042,7,saudi,wind_plus90
27.0,0.2857142857142857,0.9977924944812362,810,-41.285714285714285,value_first,saudi,,4042,8,saudi,wind_plus90
27.0,0.2857142857142857,0.9977924944812362,789,-41.285714285714285,value_first,saudi,,4042,9,saudi,wind_plus90
27.0,0.2857142857142857,0.9977924944812362,798,-41.285714285714285,value_first,saudi,,4042,10,saudi,wind_plus90
27.0,0.2857142857142857,0.9977924944812362,803,-41.285714285714285,value_first,saudi,,4042,11,saudi,wind_plus90
27.0,0.2857142857142857,0.9977924944812362,798,-41.285714285714285,value_first,saudi,,4042,12,saudi,wind_plus90
27.0,0.2857142857142857,0.9977924944812362,798,-41.285714285714285,value_first,saudi,,4042,13,saudi,wind_plus90
18.0,0.5714285714285714,0.9977924944812362,786,-26.571428571428577,value_first,saudi,,4042,14,saudi,wind_plus90
4.0,0.8571428571428571,0.3888888888888889,380,-11.55714285714285,local_reactive,saudi,,42,0,saudi,wind_plus90
7.0,0.7142857142857143,0.7042606516290727,251,-8.65714285714285,local_reactive,saudi,,42,1,saudi,wind_plus90
4.0,0.8571428571428571,0.5673289183222958,351,-9.957142857142848,local_reactive,saudi,,42,2,saudi,wind_plus90
8.0,0.7142857142857143,0.7701149425287356,343,-14.51428571428571,local_reactive,saudi,,42,3,saudi,wind_plus90
4.0,0.8571428571428571,0.5894039735099338,394,-4.200000000000002,local_reactive,saudi,,42,4,saudi,wind_plus90
24.0,0.4285714285714285,0.3774834437086092,523,-40.02857142857143,local_reactive,saudi,,42,5,saudi,wind_plus90
4.0,0.8571428571428571,0.3885209713024282,390,-11.55714285714285,local_reactive,saudi,,42,6,saudi,wind_plus90
10.0,0.7142857142857143,0.5714285714285714,266,-18.31428571428572,local_reactive,saudi,,42,7,saudi,wind_plus90
10.0,0.7142857142857143,0.5165562913907285,281,-18.31428571428572,local_reactive,saudi,,42,8,saudi,wind_plus90
0.0,1.0,0.390728476821192,394,-4.700000000000002,local_reactive,saudi,,42,9,saudi,wind_plus90
10.0,0.7142857142857143,0.5165562913907285,308,-18.11428571428572,local_reactive,saudi,,42,10,saudi,wind_plus90
8.0,0.7142857142857143,0.3885209713024282,555,-17.814285714285703,local_reactive,saudi,,42,11,saudi,wind_plus90
4.0,0.8571428571428571,0.6146788990825688,224,-8.85714285714285,local_reactive,saudi,,42,12,saudi,wind_plus90
0.0,1.0,0.4392935982339956,363,-4.500000000000002,local_reactive,saudi,,42,13,saudi,wind_plus90
4.0,0.8571428571428571,0.3885209713024282,381,-11.35714285714285,local_reactive,saudi,,42,14,saudi,wind_plus90
0.0,1.0,1.0,3,0.0,local_reactive,saudi,,1042,0,saudi,wind_plus90
8.0,0.7142857142857143,0.3885209713024282,380,-18.014285714285705,local_reactive,saudi,,1042,1,saudi,wind_plus90
10.0,0.7142857142857143,0.5077262693156733,307,-18.51428571428572,local_reactive,saudi,,1042,2,saudi,wind_plus90
4.0,0.8571428571428571,0.5518763796909493,375,-8.557142857142853,local_reactive,saudi,,1042,3,saudi,wind_plus90
7.0,0.7142857142857143,0.7054263565891473,233,-8.55714285714285,local_reactive,saudi,,1042,4,saudi,wind_plus90
8.0,0.7142857142857143,0.3885209713024282,499,-18.8142857142857,local_reactive,saudi,,1042,5,saudi,wind_plus90
10.0,0.7142857142857143,0.5714285714285714,266,-18.31428571428572,local_reactive,saudi,,1042,6,saudi,wind_plus90
4.0,0.8571428571428571,0.4105960264900662,340,-12.157142857142846,local_reactive,saudi,,1042,7,saudi,wind_plus90
0.0,1.0,0.4392935982339956,366,-4.300000000000002,local_reactive,saudi,,1042,8,saudi,wind_plus90
4.0,0.8571428571428571,0.3885209713024282,381,-11.35714285714285,local_reactive,saudi,,1042,9,saudi,wind_plus90
4.0,0.8571428571428571,0.3885209713024282,390,-11.55714285714285,local_reactive,saudi,,1042,10,saudi,wind_plus90
4.0,0.8571428571428571,0.3888888888888889,380,-11.55714285714285,local_reactive,saudi,,1042,11,saudi,wind_plus90
4.0,0.8571428571428571,0.5540838852097131,332,-9.65714285714285,local_reactive,saudi,,1042,12,saudi,wind_plus90
4.0,0.8571428571428571,0.3885209713024282,378,-11.957142857142852,local_reactive,saudi,,1042,13,saudi,wind_plus90
0.0,1.0,0.8452380952380952,5,-0.4,local_reactive,saudi,,1042,14,saudi,wind_plus90
4.0,0.8571428571428571,0.6146788990825688,224,-8.85714285714285,local_reactive,saudi,,2042,0,saudi,wind_plus90
7.0,0.7142857142857143,0.6114790286975718,325,-8.75714285714285,local_reactive,saudi,,2042,1,saudi,wind_plus90
4.0,0.8571428571428571,0.5540838852097131,332,-9.65714285714285,local_reactive,saudi,,2042,2,saudi,wind_plus90
8.0,0.7142857142857143,0.7942028985507247,341,-14.414285714285713,local_reactive,saudi,,2042,3,saudi,wind_plus90
0.0,1.0,0.3774834437086092,592,-4.600000000000001,local_reactive,saudi,,2042,4,saudi,wind_plus90
10.0,0.7142857142857143,0.4944812362030905,282,-18.514285714285712,local_reactive,saudi,,2042,5,saudi,wind_plus90
8.0,0.7142857142857143,0.75,327,-14.91428571428571,local_reactive,saudi,,2042,6,saudi,wind_plus90
8.0,0.7142857142857143,0.3885209713024282,499,-18.8142857142857,local_reactive,saudi,,2042,7,saudi,wind_plus90
7.0,0.7142857142857143,0.6269315673289183,343,-8.45714285714285,local_reactive,saudi,,2042,8,saudi,wind_plus90
8.0,0.7142857142857143,0.7777777777777778,343,-14.51428571428571,local_reactive,saudi,,2042,9,saudi,wind_plus90
7.0,0.7142857142857143,0.6821192052980133,257,-8.75714285714285,local_reactive,saudi,,2042,10,saudi,wind_plus90
0.0,1.0,0.390728476821192,395,-4.700000000000002,local_reactive,saudi,,2042,11,saudi,wind_plus90
0.0,1.0,0.4392935982339956,365,-4.300000000000002,local_reactive,saudi,,2042,12,saudi,wind_plus90
4.0,0.8571428571428571,0.5496688741721855,355,-8.757142857142853,local_reactive,saudi,,2042,13,saudi,wind_plus90
4.0,0.8571428571428571,0.5695364238410596,334,-9.75714285714285,local_reactive,saudi,,2042,14,saudi,wind_plus90
8.0,0.7142857142857143,0.3885209713024282,499,-18.8142857142857,local_reactive,saudi,,3042,0,saudi,wind_plus90
8.0,0.7142857142857143,0.3885209713024282,380,-18.014285714285705,local_reactive,saudi,,3042,1,saudi,wind_plus90
4.0,0.8571428571428571,0.3888888888888889,380,-11.55714285714285,local_reactive,saudi,,3042,2,saudi,wind_plus90
10.0,0.7142857142857143,0.5187637969094923,266,-19.114285714285717,local_reactive,saudi,,3042,3,saudi,wind_plus90
10.0,0.7142857142857143,0.5761904761904761,268,-18.31428571428572,local_reactive,saudi,,3042,4,saudi,wind_plus90
4.0,0.8571428571428571,0.5849889624724062,370,-8.957142857142852,local_reactive,saudi,,3042,5,saudi,wind_plus90
10.0,0.7142857142857143,0.5761904761904761,268,-18.31428571428572,local_reactive,saudi,,3042,6,saudi,wind_plus90
7.0,0.7142857142857143,0.6004415011037527,296,-9.257142857142847,local_reactive,saudi,,3042,7,saudi,wind_plus90
8.0,0.7142857142857143,0.6384180790960452,323,-15.214285714285708,local_reactive,saudi,,3042,8,saudi,wind_plus90
10.0,0.7142857142857143,0.5100671140939598,269,-18.31428571428572,local_reactive,saudi,,3042,9,saudi,wind_plus90
4.0,0.8571428571428571,0.3885209713024282,379,-11.35714285714285,local_reactive,saudi,,3042,10,saudi,wind_plus90
4.0,0.8571428571428571,0.5695364238410596,343,-9.957142857142848,local_reactive,saudi,,3042,11,saudi,wind_plus90
0.0,1.0,0.3774834437086092,586,-4.600000000000001,local_reactive,saudi,,3042,12,saudi,wind_plus90
10.0,0.7142857142857143,0.5077262693156733,305,-18.51428571428572,local_reactive,saudi,,3042,13,saudi,wind_plus90
4.0,0.8571428571428571,0.3885209713024282,382,-11.35714285714285,local_reactive,saudi,,3042,14,saudi,wind_plus90
10.0,0.7142857142857143,0.5714285714285714,266,-18.31428571428572,local_reactive,saudi,,4042,0,saudi,wind_plus90
0.0,1.0,0.4392935982339956,378,-4.300000000000002,local_reactive,saudi,,4042,1,saudi,wind_plus90
10.0,0.7142857142857143,0.5165562913907285,306,-18.11428571428572,local_reactive,saudi,,4042,2,saudi,wind_plus90
10.0,0.7142857142857143,0.5165562913907285,281,-18.31428571428572,local_reactive,saudi,,4042,3,saudi,wind_plus90
4.0,0.8571428571428571,0.3885209713024282,393,-11.75714285714285,local_reactive,saudi,,4042,4,saudi,wind_plus90
10.0,0.7142857142857143,0.5629139072847682,290,-18.814285714285717,local_reactive,saudi,,4042,5,saudi,wind_plus90
10.0,0.7142857142857143,0.5077262693156733,305,-18.51428571428572,local_reactive,saudi,,4042,6,saudi,wind_plus90
0.0,1.0,0.4392935982339956,374,-4.100000000000001,local_reactive,saudi,,4042,7,saudi,wind_plus90
8.0,0.7142857142857143,0.6284153005464481,328,-15.414285714285707,local_reactive,saudi,,4042,8,saudi,wind_plus90
10.0,0.7142857142857143,0.5077262693156733,305,-18.51428571428572,local_reactive,saudi,,4042,9,saudi,wind_plus90
4.0,0.8571428571428571,0.5540838852097131,353,-8.757142857142853,local_reactive,saudi,,4042,10,saudi,wind_plus90
4.0,0.8571428571428571,0.5776255707762558,345,-9.55714285714285,local_reactive,saudi,,4042,11,saudi,wind_plus90
4.0,0.8571428571428571,0.5540838852097131,356,-8.757142857142853,local_reactive,saudi,,4042,12,saudi,wind_plus90
4.0,0.8571428571428571,0.6048565121412803,359,-8.657142857142851,local_reactive,saudi,,4042,13,saudi,wind_plus90
8.0,0.7142857142857143,0.3885209713024282,499,-18.8142857142857,local_reactive,saudi,,4042,14,saudi,wind_plus90
4.0,0.8571428571428571,0.7483443708609272,646,-7.257142857142857,commnet,saudi,42.0,42,0,saudi,wind_plus90
27.0,0.2857142857142857,0.977924944812362,651,-35.528571428571425,commnet,saudi,42.0,42,1,saudi,wind_plus90
24.0,0.4285714285714285,0.9536423841059604,702,-35.528571428571425,commnet,saudi,42.0,42,2,saudi,wind_plus90
24.0,0.4285714285714285,0.977924944812362,749,-35.528571428571425,commnet,saudi,42.0,42,3,saudi,wind_plus90
27.0,0.2857142857142857,0.9381898454746136,633,-35.628571428571426,commnet,saudi,42.0,42,4,saudi,wind_plus90
0.0,1.0,0.9514348785871964,594,-0.4,commnet,saudi,42.0,42,5,saudi,wind_plus90
0.0,1.0,0.9050772626931568,434,-0.5,commnet,saudi,42.0,42,6,saudi,wind_plus90
24.0,0.4285714285714285,0.9448123620309052,698,-35.628571428571426,commnet,saudi,42.0,42,7,saudi,wind_plus90
24.0,0.4285714285714285,0.9448123620309052,685,-35.628571428571426,commnet,saudi,42.0,42,8,saudi,wind_plus90
0.0,1.0,0.9381898454746136,609,-0.5,commnet,saudi,42.0,42,9,saudi,wind_plus90
24.0,0.4285714285714285,0.958057395143488,619,-35.628571428571426,commnet,saudi,42.0,42,10,saudi,wind_plus90
4.0,0.8571428571428571,0.739514348785872,651,-7.257142857142857,commnet,saudi,42.0,42,11,saudi,wind_plus90
24.0,0.4285714285714285,0.9536423841059604,760,-35.52857142857143,commnet,saudi,42.0,42,12,saudi,wind_plus90
27.0,0.2857142857142857,0.7041942604856513,648,-41.48571428571428,commnet,saudi,42.0,42,13,saudi,wind_plus90
0.0,1.0,0.9050772626931568,440,-0.5,commnet,saudi,42.0,42,14,saudi,wind_plus90
10.0,0.7142857142857143,0.6821192052980133,694,-16.214285714285715,commnet,saudi,42.0,1042,0,saudi,wind_plus90
0.0,1.0,0.9050772626931568,437,-0.5,commnet,saudi,42.0,1042,1,saudi,wind_plus90
24.0,0.4285714285714285,0.6909492273730684,639,-35.628571428571426,commnet,saudi,42.0,1042,2,saudi,wind_plus90
24.0,0.4285714285714285,0.9536423841059604,696,-35.528571428571425,commnet,saudi,42.0,1042,3,saudi,wind_plus90
27.0,0.2857142857142857,0.9713024282560706,664,-35.528571428571425,commnet,saudi,42.0,1042,4,saudi,wind_plus90
0.0,1.0,0.9050772626931568,442,-0.5,commnet,saudi,42.0,1042,5,saudi,wind_plus90
24.0,0.4285714285714285,0.9448123620309052,698,-35.628571428571426,commnet,saudi,42.0,1042,6,saudi,wind_plus90
0.0,1.0,0.8344370860927153,573,-0.7,commnet,saudi,42.0,1042,7,saudi,wind_plus90
27.0,0.2857142857142857,0.7041942604856513,645,-41.48571428571428,commnet,saudi,42.0,1042,8,saudi,wind_plus90
0.0,1.0,0.9050772626931568,448,-0.5,commnet,saudi,42.0,1042,9,saudi,wind_plus90
0.0,1.0,0.9050772626931568,433,-0.5,commnet,saudi,42.0,1042,10,saudi,wind_plus90
4.0,0.8571428571428571,0.7483443708609272,646,-7.257142857142857,commnet,saudi,42.0,1042,11,saudi,wind_plus90
24.0,0.4285714285714285,0.7019867549668874,734,-35.528571428571425,commnet,saudi,42.0,1042,12,saudi,wind_plus90
0.0,1.0,0.9050772626931568,430,-0.5,commnet,saudi,42.0,1042,13,saudi,wind_plus90
0.0,1.0,0.9403973509933776,570,-0.5,commnet,saudi,42.0,1042,14,saudi,wind_plus90
24.0,0.4285714285714285,0.6821192052980133,770,-35.528571428571425,commnet,saudi,42.0,2042,0,saudi,wind_plus90
27.0,0.2857142857142857,0.977924944812362,687,-35.528571428571425,commnet,saudi,42.0,2042,1,saudi,wind_plus90
24.0,0.4285714285714285,0.7019867549668874,734,-35.528571428571425,commnet,saudi,42.0,2042,2,saudi,wind_plus90
24.0,0.4285714285714285,0.977924944812362,746,-35.528571428571425,commnet,saudi,42.0,2042,3,saudi,wind_plus90
0.0,1.0,0.9514348785871964,596,-0.4,commnet,saudi,42.0,2042,4,saudi,wind_plus90
24.0,0.4285714285714285,0.958057395143488,628,-35.628571428571426,commnet,saudi,42.0,2042,5,saudi,wind_plus90
24.0,0.4285714285714285,0.8962472406181016,732,-35.52857142857143,commnet,saudi,42.0,2042,6,saudi,wind_plus90
0.0,1.0,0.9050772626931568,427,-0.5,commnet,saudi,42.0,2042,7,saudi,wind_plus90
27.0,0.2857142857142857,0.977924944812362,651,-35.528571428571425,commnet,saudi,42.0,2042,8,saudi,wind_plus90
24.0,0.4285714285714285,0.9426048565121412,686,-35.528571428571425,commnet,saudi,42.0,2042,9,saudi,wind_plus90
27.0,0.2857142857142857,0.9668874172185432,672,-35.528571428571425,commnet,saudi,42.0,2042,10,saudi,wind_plus90
0.0,1.0,0.9381898454746136,609,-0.5,commnet,saudi,42.0,2042,11,saudi,wind_plus90
27.0,0.2857142857142857,0.7041942604856513,650,-41.48571428571428,commnet,saudi,42.0,2042,12,saudi,wind_plus90
24.0,0.4285714285714285,0.9536423841059604,670,-35.628571428571426,commnet,saudi,42.0,2042,13,saudi,wind_plus90
24.0,0.4285714285714285,0.7041942604856513,720,-35.528571428571425,commnet,saudi,42.0,2042,14,saudi,wind_plus90
0.0,1.0,0.9050772626931568,427,-0.5,commnet,saudi,42.0,3042,0,saudi,wind_plus90
0.0,1.0,0.9050772626931568,437,-0.5,commnet,saudi,42.0,3042,1,saudi,wind_plus90
4.0,0.8571428571428571,0.7483443708609272,647,-7.257142857142857,commnet,saudi,42.0,3042,2,saudi,wind_plus90
24.0,0.4285714285714285,0.958057395143488,627,-35.628571428571426,commnet,saudi,42.0,3042,3,saudi,wind_plus90
24.0,0.4285714285714285,0.9448123620309052,698,-35.628571428571426,commnet,saudi,42.0,3042,4,saudi,wind_plus90
24.0,0.4285714285714285,0.958057395143488,719,-35.628571428571426,commnet,saudi,42.0,3042,5,saudi,wind_plus90
24.0,0.4285714285714285,0.9448123620309052,698,-35.628571428571426,commnet,saudi,42.0,3042,6,saudi,wind_plus90
27.0,0.2857142857142857,0.7196467991169978,697,-35.528571428571425,commnet,saudi,42.0,3042,7,saudi,wind_plus90
24.0,0.4285714285714285,0.9536423841059604,698,-35.528571428571425,commnet,saudi,42.0,3042,8,saudi,wind_plus90
24.0,0.4285714285714285,0.958057395143488,628,-35.628571428571426,commnet,saudi,42.0,3042,9,saudi,wind_plus90
0.0,1.0,0.9050772626931568,448,-0.5,commnet,saudi,42.0,3042,10,saudi,wind_plus90
24.0,0.4285714285714285,0.9602649006622516,715,-35.628571428571426,commnet,saudi,42.0,3042,11,saudi,wind_plus90
0.0,1.0,0.9514348785871964,596,-0.4,commnet,saudi,42.0,3042,12,saudi,wind_plus90
24.0,0.4285714285714285,0.958057395143488,628,-35.628571428571426,commnet,saudi,42.0,3042,13,saudi,wind_plus90
4.0,0.8571428571428571,0.7483443708609272,646,-7.257142857142857,commnet,saudi,42.0,3042,14,saudi,wind_plus90
24.0,0.4285714285714285,0.9448123620309052,698,-35.628571428571426,commnet,saudi,42.0,4042,0,saudi,wind_plus90
27.0,0.2857142857142857,0.6975717439293598,652,-41.48571428571428,commnet,saudi,42.0,4042,1,saudi,wind_plus90
24.0,0.4285714285714285,0.958057395143488,633,-35.628571428571426,commnet,saudi,42.0,4042,2,saudi,wind_plus90
24.0,0.4285714285714285,0.9448123620309052,685,-35.628571428571426,commnet,saudi,42.0,4042,3,saudi,wind_plus90
4.0,0.8571428571428571,0.9448123620309052,640,-7.257142857142857,commnet,saudi,42.0,4042,4,saudi,wind_plus90
24.0,0.4285714285714285,0.958057395143488,702,-35.628571428571426,commnet,saudi,42.0,4042,5,saudi,wind_plus90
24.0,0.4285714285714285,0.958057395143488,628,-35.628571428571426,commnet,saudi,42.0,4042,6,saudi,wind_plus90
27.0,0.2857142857142857,0.9205298013245032,634,-41.48571428571428,commnet,saudi,42.0,4042,7,saudi,wind_plus90
24.0,0.4285714285714285,0.9536423841059604,698,-35.528571428571425,commnet,saudi,42.0,4042,8,saudi,wind_plus90
24.0,0.4285714285714285,0.958057395143488,631,-35.628571428571426,commnet,saudi,42.0,4042,9,saudi,wind_plus90
24.0,0.4285714285714285,0.958057395143488,717,-35.628571428571426,commnet,saudi,42.0,4042,10,saudi,wind_plus90
24.0,0.4285714285714285,0.9536423841059604,671,-35.628571428571426,commnet,saudi,42.0,4042,11,saudi,wind_plus90
24.0,0.4285714285714285,0.958057395143488,717,-35.628571428571426,commnet,saudi,42.0,4042,12,saudi,wind_plus90
24.0,0.4285714285714285,0.958057395143488,717,-35.628571428571426,commnet,saudi,42.0,4042,13,saudi,wind_plus90
0.0,1.0,0.9050772626931568,442,-0.5,commnet,saudi,42.0,4042,14,saudi,wind_plus90
10.0,0.7142857142857143,1.0,534,-15.714285714285714,commnet,saudi,1042.0,42,0,saudi,wind_plus90
27.0,0.2857142857142857,0.9006622516556292,556,-35.728571428571435,commnet,saudi,1042.0,42,1,saudi,wind_plus90
18.0,0.5714285714285714,1.0,710,-26.571428571428577,commnet,saudi,1042.0,42,2,saudi,wind_plus90
18.0,0.5714285714285714,1.0,721,-26.571428571428577,commnet,saudi,1042.0,42,3,saudi,wind_plus90
27.0,0.2857142857142857,0.9183222958057397,537,-35.82857142857144,commnet,saudi,1042.0,42,4,saudi,wind_plus90
6.0,0.8571428571428571,1.0,138,-8.857142857142858,commnet,saudi,1042.0,42,5,saudi,wind_plus90
10.0,0.7142857142857143,1.0,495,-15.714285714285714,commnet,saudi,1042.0,42,6,saudi,wind_plus90
14.0,0.7142857142857143,1.0,650,-19.714285714285715,commnet,saudi,1042.0,42,7,saudi,wind_plus90
14.0,0.7142857142857143,1.0,647,-19.714285714285715,commnet,saudi,1042.0,42,8,saudi,wind_plus90
6.0,0.8571428571428571,1.0,142,-8.857142857142858,commnet,saudi,1042.0,42,9,saudi,wind_plus90
18.0,0.5714285714285714,1.0,660,-26.571428571428577,commnet,saudi,1042.0,42,10,saudi,wind_plus90
10.0,0.7142857142857143,1.0,634,-15.714285714285714,commnet,saudi,1042.0,42,11,saudi,wind_plus90
14.0,0.5714285714285714,1.0,676,-22.571428571428573,commnet,saudi,1042.0,42,12,saudi,wind_plus90
14.0,0.5714285714285714,1.0,677,-22.571428571428573,commnet,saudi,1042.0,42,13,saudi,wind_plus90
10.0,0.7142857142857143,1.0,525,-15.714285714285714,commnet,saudi,1042.0,42,14,saudi,wind_plus90
14.0,0.5714285714285714,1.0,676,-22.571428571428573,commnet,saudi,1042.0,1042,0,saudi,wind_plus90
10.0,0.7142857142857143,1.0,525,-15.714285714285714,commnet,saudi,1042.0,1042,1,saudi,wind_plus90
18.0,0.5714285714285714,1.0,680,-26.571428571428577,commnet,saudi,1042.0,1042,2,saudi,wind_plus90
18.0,0.5714285714285714,1.0,710,-26.571428571428577,commnet,saudi,1042.0,1042,3,saudi,wind_plus90
27.0,0.2857142857142857,0.9161147902869756,585,-35.728571428571435,commnet,saudi,1042.0,1042,4,saudi,wind_plus90
14.0,0.5714285714285714,1.0,641,-22.571428571428573,commnet,saudi,1042.0,1042,5,saudi,wind_plus90
14.0,0.7142857142857143,1.0,650,-19.714285714285715,commnet,saudi,1042.0,1042,6,saudi,wind_plus90
10.0,0.7142857142857143,1.0,547,-15.714285714285714,commnet,saudi,1042.0,1042,7,saudi,wind_plus90
14.0,0.5714285714285714,1.0,675,-22.571428571428573,commnet,saudi,1042.0,1042,8,saudi,wind_plus90
10.0,0.7142857142857143,1.0,547,-15.714285714285714,commnet,saudi,1042.0,1042,9,saudi,wind_plus90
10.0,0.7142857142857143,1.0,495,-15.714285714285714,commnet,saudi,1042.0,1042,10,saudi,wind_plus90
10.0,0.7142857142857143,1.0,534,-15.714285714285714,commnet,saudi,1042.0,1042,11,saudi,wind_plus90
18.0,0.5714285714285714,1.0,713,-26.571428571428577,commnet,saudi,1042.0,1042,12,saudi,wind_plus90
14.0,0.5714285714285714,1.0,641,-22.571428571428573,commnet,saudi,1042.0,1042,13,saudi,wind_plus90
6.0,0.8571428571428571,1.0,153,-8.857142857142858,commnet,saudi,1042.0,1042,14,saudi,wind_plus90
14.0,0.5714285714285714,1.0,677,-22.571428571428573,commnet,saudi,1042.0,2042,0,saudi,wind_plus90
27.0,0.2857142857142857,0.8940397350993378,584,-35.62857142857143,commnet,saudi,1042.0,2042,1,saudi,wind_plus90
18.0,0.5714285714285714,1.0,713,-26.571428571428577,commnet,saudi,1042.0,2042,2,saudi,wind_plus90
18.0,0.5714285714285714,1.0,719,-26.571428571428577,commnet,saudi,1042.0,2042,3,saudi,wind_plus90
6.0,0.8571428571428571,1.0,141,-8.857142857142858,commnet,saudi,1042.0,2042,4,saudi,wind_plus90
14.0,0.7142857142857143,1.0,655,-19.714285714285715,commnet,saudi,1042.0,2042,5,saudi,wind_plus90
18.0,0.5714285714285714,1.0,719,-26.571428571428577,commnet,saudi,1042.0,2042,6,saudi,wind_plus90
14.0,0.5714285714285714,1.0,641,-22.571428571428573,commnet,saudi,1042.0,2042,7,saudi,wind_plus90
27.0,0.2857142857142857,0.913907284768212,583,-35.728571428571435,commnet,saudi,1042.0,2042,8,saudi,wind_plus90
18.0,0.5714285714285714,1.0,716,-26.571428571428577,commnet,saudi,1042.0,2042,9,saudi,wind_plus90
27.0,0.2857142857142857,0.9161147902869756,586,-35.728571428571435,commnet,saudi,1042.0,2042,10,saudi,wind_plus90
6.0,0.8571428571428571,1.0,142,-8.857142857142858,commnet,saudi,1042.0,2042,11,saudi,wind_plus90
14.0,0.5714285714285714,1.0,677,-22.571428571428573,commnet,saudi,1042.0,2042,12,saudi,wind_plus90
18.0,0.5714285714285714,1.0,639,-26.571428571428577,commnet,saudi,1042.0,2042,13,saudi,wind_plus90
18.0,0.5714285714285714,1.0,714,-26.571428571428577,commnet,saudi,1042.0,2042,14,saudi,wind_plus90
14.0,0.5714285714285714,1.0,641,-22.571428571428573,commnet,saudi,1042.0,3042,0,saudi,wind_plus90
10.0,0.7142857142857143,1.0,525,-15.714285714285714,commnet,saudi,1042.0,3042,1,saudi,wind_plus90
10.0,0.7142857142857143,1.0,614,-15.714285714285714,commnet,saudi,1042.0,3042,2,saudi,wind_plus90
14.0,0.7142857142857143,1.0,654,-19.714285714285715,commnet,saudi,1042.0,3042,3,saudi,wind_plus90
14.0,0.7142857142857143,1.0,650,-19.714285714285715,commnet,saudi,1042.0,3042,4,saudi,wind_plus90
18.0,0.5714285714285714,1.0,639,-26.571428571428577,commnet,saudi,1042.0,3042,5,saudi,wind_plus90
14.0,0.7142857142857143,1.0,650,-19.714285714285715,commnet,saudi,1042.0,3042,6,saudi,wind_plus90
27.0,0.2857142857142857,0.7461368653421634,594,-35.72857142857143,commnet,saudi,1042.0,3042,7,saudi,wind_plus90
18.0,0.5714285714285714,1.0,711,-26.571428571428577,commnet,saudi,1042.0,3042,8,saudi,wind_plus90
14.0,0.7142857142857143,1.0,655,-19.714285714285715,commnet,saudi,1042.0,3042,9,saudi,wind_plus90
10.0,0.7142857142857143,1.0,512,-15.714285714285714,commnet,saudi,1042.0,3042,10,saudi,wind_plus90
18.0,0.5714285714285714,1.0,583,-26.571428571428577,commnet,saudi,1042.0,3042,11,saudi,wind_plus90
6.0,0.8571428571428571,0.9867549668874172,115,-8.857142857142858,commnet,saudi,1042.0,3042,12,saudi,wind_plus90
14.0,0.7142857142857143,1.0,655,-19.714285714285715,commnet,saudi,1042.0,3042,13,saudi,wind_plus90
10.0,0.7142857142857143,1.0,534,-15.714285714285714,commnet,saudi,1042.0,3042,14,saudi,wind_plus90
14.0,0.7142857142857143,1.0,650,-19.714285714285715,commnet,saudi,1042.0,4042,0,saudi,wind_plus90
14.0,0.5714285714285714,1.0,680,-22.571428571428573,commnet,saudi,1042.0,4042,1,saudi,wind_plus90
18.0,0.5714285714285714,1.0,660,-26.571428571428577,commnet,saudi,1042.0,4042,2,saudi,wind_plus90
14.0,0.7142857142857143,1.0,647,-19.714285714285715,commnet,saudi,1042.0,4042,3,saudi,wind_plus90
10.0,0.7142857142857143,1.0,534,-15.714285714285714,commnet,saudi,1042.0,4042,4,saudi,wind_plus90
18.0,0.5714285714285714,1.0,667,-26.571428571428577,commnet,saudi,1042.0,4042,5,saudi,wind_plus90
14.0,0.7142857142857143,1.0,655,-19.714285714285715,commnet,saudi,1042.0,4042,6,saudi,wind_plus90
10.0,0.7142857142857143,1.0,546,-15.714285714285714,commnet,saudi,1042.0,4042,7,saudi,wind_plus90
18.0,0.5714285714285714,1.0,710,-26.571428571428577,commnet,saudi,1042.0,4042,8,saudi,wind_plus90
14.0,0.7142857142857143,1.0,649,-19.714285714285715,commnet,saudi,1042.0,4042,9,saudi,wind_plus90
18.0,0.5714285714285714,1.0,669,-26.571428571428577,commnet,saudi,1042.0,4042,10,saudi,wind_plus90
18.0,0.5714285714285714,1.0,641,-26.571428571428577,commnet,saudi,1042.0,4042,11,saudi,wind_plus90
18.0,0.5714285714285714,1.0,669,-26.571428571428577,commnet,saudi,1042.0,4042,12,saudi,wind_plus90
18.0,0.5714285714285714,1.0,669,-26.571428571428577,commnet,saudi,1042.0,4042,13,saudi,wind_plus90
14.0,0.5714285714285714,1.0,641,-22.571428571428573,commnet,saudi,1042.0,4042,14,saudi,wind_plus90
0.0,1.0,1.0,536,0.0,commnet,saudi,2042.0,42,0,saudi,wind_plus90
27.0,0.2857142857142857,0.6865342163355408,690,-35.42857142857143,commnet,saudi,2042.0,42,1,saudi,wind_plus90
27.0,0.2857142857142857,0.6975717439293598,709,-41.285714285714285,commnet,saudi,2042.0,42,2,saudi,wind_plus90
27.0,0.2857142857142857,0.6975717439293598,721,-41.285714285714285,commnet,saudi,2042.0,42,3,saudi,wind_plus90
27.0,0.2857142857142857,0.6865342163355408,685,-35.42857142857143,commnet,saudi,2042.0,42,4,saudi,wind_plus90
0.0,1.0,0.7328918322295805,601,-0.3,commnet,saudi,2042.0,42,5,saudi,wind_plus90
0.0,1.0,1.0,523,0.0,commnet,saudi,2042.0,42,6,saudi,wind_plus90
27.0,0.2857142857142857,0.6931567328918322,703,-41.285714285714285,commnet,saudi,2042.0,42,7,saudi,wind_plus90
27.0,0.2857142857142857,0.6931567328918322,702,-41.285714285714285,commnet,saudi,2042.0,42,8,saudi,wind_plus90
0.0,1.0,0.7262693156732892,616,-0.3,commnet,saudi,2042.0,42,9,saudi,wind_plus90
27.0,0.2857142857142857,0.6931567328918322,723,-41.285714285714285,commnet,saudi,2042.0,42,10,saudi,wind_plus90
0.0,1.0,1.0,541,0.0,commnet,saudi,2042.0,42,11,saudi,wind_plus90
24.0,0.4285714285714285,0.9668874172185432,775,-35.528571428571425,commnet,saudi,2042.0,42,12,saudi,wind_plus90
0.0,1.0,1.0,543,0.0,commnet,saudi,2042.0,42,13,saudi,wind_plus90
0.0,1.0,1.0,532,0.0,commnet,saudi,2042.0,42,14,saudi,wind_plus90
0.0,1.0,1.0,568,0.0,commnet,saudi,2042.0,1042,0,saudi,wind_plus90
0.0,1.0,1.0,529,0.0,commnet,saudi,2042.0,1042,1,saudi,wind_plus90
27.0,0.2857142857142857,0.7041942604856513,722,-41.285714285714285,commnet,saudi,2042.0,1042,2,saudi,wind_plus90
27.0,0.2857142857142857,0.6975717439293598,710,-41.285714285714285,commnet,saudi,2042.0,1042,3,saudi,wind_plus90
27.0,0.2857142857142857,0.6865342163355408,694,-35.42857142857143,commnet,saudi,2042.0,1042,4,saudi,wind_plus90
6.0,0.8571428571428571,0.6887417218543046,511,-9.057142857142855,commnet,saudi,2042.0,1042,5,saudi,wind_plus90
27.0,0.2857142857142857,0.6931567328918322,703,-41.285714285714285,commnet,saudi,2042.0,1042,6,saudi,wind_plus90
4.0,0.8571428571428571,0.891832229580574,624,-7.057142857142858,commnet,saudi,2042.0,1042,7,saudi,wind_plus90
0.0,1.0,1.0,541,0.0,commnet,saudi,2042.0,1042,8,saudi,wind_plus90
0.0,1.0,1.0,527,0.0,commnet,saudi,2042.0,1042,9,saudi,wind_plus90
0.0,1.0,1.0,521,0.0,commnet,saudi,2042.0,1042,10,saudi,wind_plus90
0.0,1.0,1.0,535,0.0,commnet,saudi,2042.0,1042,11,saudi,wind_plus90
27.0,0.2857142857142857,0.6975717439293598,705,-41.285714285714285,commnet,saudi,2042.0,1042,12,saudi,wind_plus90
6.0,0.8571428571428571,0.6887417218543046,512,-9.057142857142855,commnet,saudi,2042.0,1042,13,saudi,wind_plus90
4.0,0.8571428571428571,0.7240618101545254,622,-7.1571428571428575,commnet,saudi,2042.0,1042,14,saudi,wind_plus90
24.0,0.4285714285714285,0.9668874172185432,777,-35.528571428571425,commnet,saudi,2042.0,2042,0,saudi,wind_plus90
27.0,0.2857142857142857,0.6865342163355408,690,-35.42857142857143,commnet,saudi,2042.0,2042,1,saudi,wind_plus90
27.0,0.2857142857142857,0.6975717439293598,705,-41.285714285714285,commnet,saudi,2042.0,2042,2,saudi,wind_plus90
27.0,0.2857142857142857,0.6975717439293598,718,-41.285714285714285,commnet,saudi,2042.0,2042,3,saudi,wind_plus90
0.0,1.0,0.7328918322295805,603,-0.3,commnet,saudi,2042.0,2042,4,saudi,wind_plus90
27.0,0.2857142857142857,0.6931567328918322,718,-41.285714285714285,commnet,saudi,2042.0,2042,5,saudi,wind_plus90
27.0,0.2857142857142857,0.6975717439293598,717,-41.285714285714285,commnet,saudi,2042.0,2042,6,saudi,wind_plus90
9.0,0.7142857142857143,1.0,526,-14.714285714285714,commnet,saudi,2042.0,2042,7,saudi,wind_plus90
27.0,0.2857142857142857,0.6865342163355408,694,-35.42857142857143,commnet,saudi,2042.0,2042,8,saudi,wind_plus90
27.0,0.2857142857142857,0.7262693156732892,727,-41.285714285714285,commnet,saudi,2042.0,2042,9,saudi,wind_plus90
27.0,0.2857142857142857,0.6865342163355408,694,-35.42857142857143,commnet,saudi,2042.0,2042,10,saudi,wind_plus90
0.0,1.0,0.7262693156732892,616,-0.3,commnet,saudi,2042.0,2042,11,saudi,wind_plus90
0.0,1.0,1.0,545,0.0,commnet,saudi,2042.0,2042,12,saudi,wind_plus90
27.0,0.2857142857142857,0.6975717439293598,701,-41.285714285714285,commnet,saudi,2042.0,2042,13,saudi,wind_plus90
27.0,0.2857142857142857,0.6975717439293598,706,-41.285714285714285,commnet,saudi,2042.0,2042,14,saudi,wind_plus90
9.0,0.7142857142857143,1.0,526,-14.714285714285714,commnet,saudi,2042.0,3042,0,saudi,wind_plus90
0.0,1.0,1.0,529,0.0,commnet,saudi,2042.0,3042,1,saudi,wind_plus90
0.0,1.0,1.0,538,0.0,commnet,saudi,2042.0,3042,2,saudi,wind_plus90
27.0,0.2857142857142857,0.6975717439293598,715,-41.285714285714285,commnet,saudi,2042.0,3042,3,saudi,wind_plus90
27.0,0.2857142857142857,0.6931567328918322,703,-41.285714285714285,commnet,saudi,2042.0,3042,4,saudi,wind_plus90
27.0,0.2857142857142857,0.6931567328918322,698,-41.285714285714285,commnet,saudi,2042.0,3042,5,saudi,wind_plus90
27.0,0.2857142857142857,0.6931567328918322,703,-41.285714285714285,commnet,saudi,2042.0,3042,6,saudi,wind_plus90
27.0,0.2857142857142857,1.0,688,-35.42857142857142,commnet,saudi,2042.0,3042,7,saudi,wind_plus90
27.0,0.2857142857142857,0.695364238410596,712,-41.285714285714285,commnet,saudi,2042.0,3042,8,saudi,wind_plus90
27.0,0.2857142857142857,0.6931567328918322,718,-41.285714285714285,commnet,saudi,2042.0,3042,9,saudi,wind_plus90
0.0,1.0,1.0,527,0.0,commnet,saudi,2042.0,3042,10,saudi,wind_plus90
27.0,0.2857142857142857,0.6931567328918322,700,-41.285714285714285,commnet,saudi,2042.0,3042,11,saudi,wind_plus90
0.0,1.0,0.7328918322295805,603,-0.3,commnet,saudi,2042.0,3042,12,saudi,wind_plus90
27.0,0.2857142857142857,0.6931567328918322,718,-41.285714285714285,commnet,saudi,2042.0,3042,13,saudi,wind_plus90
0.0,1.0,1.0,535,0.0,commnet,saudi,2042.0,3042,14,saudi,wind_plus90
27.0,0.2857142857142857,0.6931567328918322,703,-41.285714285714285,commnet,saudi,2042.0,4042,0,saudi,wind_plus90
0.0,1.0,1.0,547,0.0,commnet,saudi,2042.0,4042,1,saudi,wind_plus90
27.0,0.2857142857142857,0.6931567328918322,722,-41.285714285714285,commnet,saudi,2042.0,4042,2,saudi,wind_plus90
27.0,0.2857142857142857,0.6931567328918322,702,-41.285714285714285,commnet,saudi,2042.0,4042,3,saudi,wind_plus90
0.0,1.0,1.0,534,0.0,commnet,saudi,2042.0,4042,4,saudi,wind_plus90
27.0,0.2857142857142857,0.6931567328918322,731,-41.285714285714285,commnet,saudi,2042.0,4042,5,saudi,wind_plus90
27.0,0.2857142857142857,0.6931567328918322,718,-41.285714285714285,commnet,saudi,2042.0,4042,6,saudi,wind_plus90
0.0,1.0,1.0,537,0.0,commnet,saudi,2042.0,4042,7,saudi,wind_plus90
27.0,0.2857142857142857,0.695364238410596,712,-41.285714285714285,commnet,saudi,2042.0,4042,8,saudi,wind_plus90
27.0,0.2857142857142857,0.7041942604856513,720,-41.285714285714285,commnet,saudi,2042.0,4042,9,saudi,wind_plus90
27.0,0.2857142857142857,0.6931567328918322,732,-41.285714285714285,commnet,saudi,2042.0,4042,10,saudi,wind_plus90
27.0,0.2857142857142857,0.6975717439293598,703,-41.285714285714285,commnet,saudi,2042.0,4042,11,saudi,wind_plus90
27.0,0.2857142857142857,0.6931567328918322,732,-41.285714285714285,commnet,saudi,2042.0,4042,12,saudi,wind_plus90
27.0,0.2857142857142857,0.695364238410596,732,-41.285714285714285,commnet,saudi,2042.0,4042,13,saudi,wind_plus90
9.0,0.7142857142857143,1.0,529,-14.714285714285714,commnet,saudi,2042.0,4042,14,saudi,wind_plus90
24.0,0.4285714285714285,0.8300220750551877,699,-35.42857142857143,commnet,saudi,3042.0,42,0,saudi,wind_plus90
21.0,0.4285714285714285,0.9823399558498896,635,-26.671428571428574,commnet,saudi,3042.0,42,1,saudi,wind_plus90
17.0,0.4285714285714285,0.9668874172185432,714,-28.628571428571423,commnet,saudi,3042.0,42,2,saudi,wind_plus90
17.0,0.4285714285714285,0.9668874172185432,727,-28.628571428571423,commnet,saudi,3042.0,42,3,saudi,wind_plus90
27.0,0.2857142857142857,0.8233995584988962,664,-35.42857142857143,commnet,saudi,3042.0,42,4,saudi,wind_plus90
4.0,0.8571428571428571,1.0,614,-6.857142857142858,commnet,saudi,3042.0,42,5,saudi,wind_plus90
6.0,0.8571428571428571,0.8123620309050773,526,-8.857142857142858,commnet,saudi,3042.0,42,6,saudi,wind_plus90
17.0,0.4285714285714285,0.9492273730684326,691,-28.628571428571423,commnet,saudi,3042.0,42,7,saudi,wind_plus90
17.0,0.4285714285714285,0.9668874172185432,681,-28.628571428571423,commnet,saudi,3042.0,42,8,saudi,wind_plus90
4.0,0.8571428571428571,1.0,634,-6.857142857142858,commnet,saudi,3042.0,42,9,saudi,wind_plus90
17.0,0.4285714285714285,0.9690949227373068,680,-28.628571428571423,commnet,saudi,3042.0,42,10,saudi,wind_plus90
24.0,0.4285714285714285,0.8322295805739515,705,-35.42857142857143,commnet,saudi,3042.0,42,11,saudi,wind_plus90
14.0,0.5714285714285714,0.8057395143487859,712,-22.67142857142857,commnet,saudi,3042.0,42,12,saudi,wind_plus90
24.0,0.4285714285714285,0.9889624724061812,713,-35.42857142857143,commnet,saudi,3042.0,42,13,saudi,wind_plus90
6.0,0.8571428571428571,0.8145695364238411,536,-8.857142857142858,commnet,saudi,3042.0,42,14,saudi,wind_plus90
24.0,0.4285714285714285,0.8233995584988962,758,-35.42857142857143,commnet,saudi,3042.0,1042,0,saudi,wind_plus90
6.0,0.8571428571428571,0.8145695364238411,533,-8.857142857142858,commnet,saudi,3042.0,1042,1,saudi,wind_plus90
17.0,0.4285714285714285,0.9624724061810156,692,-28.628571428571423,commnet,saudi,3042.0,1042,2,saudi,wind_plus90
17.0,0.4285714285714285,0.9249448123620309,718,-28.628571428571423,commnet,saudi,3042.0,1042,3,saudi,wind_plus90
21.0,0.4285714285714285,0.9823399558498896,639,-26.671428571428574,commnet,saudi,3042.0,1042,4,saudi,wind_plus90
6.0,0.8571428571428571,0.8101545253863135,522,-8.857142857142858,commnet,saudi,3042.0,1042,5,saudi,wind_plus90
17.0,0.4285714285714285,0.9492273730684326,691,-28.628571428571423,commnet,saudi,3042.0,1042,6,saudi,wind_plus90
4.0,0.8571428571428571,0.9977924944812362,563,-6.857142857142858,commnet,saudi,3042.0,1042,7,saudi,wind_plus90
24.0,0.4285714285714285,0.9889624724061812,711,-35.42857142857143,commnet,saudi,3042.0,1042,8,saudi,wind_plus90
6.0,0.8571428571428571,0.8145695364238411,531,-8.857142857142858,commnet,saudi,3042.0,1042,9,saudi,wind_plus90
6.0,0.8571428571428571,0.8123620309050773,524,-8.857142857142858,commnet,saudi,3042.0,1042,10,saudi,wind_plus90
24.0,0.4285714285714285,0.8366445916114791,699,-35.42857142857143,commnet,saudi,3042.0,1042,11,saudi,wind_plus90
17.0,0.4285714285714285,0.9668874172185432,706,-28.628571428571423,commnet,saudi,3042.0,1042,12,saudi,wind_plus90
6.0,0.8571428571428571,0.8101545253863135,523,-8.857142857142858,commnet,saudi,3042.0,1042,13,saudi,wind_plus90
4.0,0.8571428571428571,1.0,640,-6.857142857142858,commnet,saudi,3042.0,1042,14,saudi,wind_plus90
14.0,0.5714285714285714,0.8035320088300221,714,-22.67142857142857,commnet,saudi,3042.0,2042,0,saudi,wind_plus90
21.0,0.4285714285714285,0.9823399558498896,635,-26.671428571428574,commnet,saudi,3042.0,2042,1,saudi,wind_plus90
17.0,0.4285714285714285,0.9668874172185432,706,-28.628571428571423,commnet,saudi,3042.0,2042,2,saudi,wind_plus90
17.0,0.4285714285714285,0.9668874172185432,719,-28.628571428571423,commnet,saudi,3042.0,2042,3,saudi,wind_plus90
4.0,0.8571428571428571,1.0,599,-6.857142857142858,commnet,saudi,3042.0,2042,4,saudi,wind_plus90
17.0,0.4285714285714285,0.9668874172185432,687,-28.628571428571423,commnet,saudi,3042.0,2042,5,saudi,wind_plus90
17.0,0.4285714285714285,0.9646799116997792,714,-28.628571428571423,commnet,saudi,3042.0,2042,6,saudi,wind_plus90
6.0,0.8571428571428571,0.8079470198675497,519,-8.857142857142858,commnet,saudi,3042.0,2042,7,saudi,wind_plus90
21.0,0.4285714285714285,0.9823399558498896,643,-26.671428571428574,commnet,saudi,3042.0,2042,8,saudi,wind_plus90
17.0,0.4285714285714285,0.9668874172185432,728,-28.628571428571423,commnet,saudi,3042.0,2042,9,saudi,wind_plus90
21.0,0.4285714285714285,0.9823399558498896,639,-26.671428571428574,commnet,saudi,3042.0,2042,10,saudi,wind_plus90
4.0,0.8571428571428571,1.0,634,-6.857142857142858,commnet,saudi,3042.0,2042,11,saudi,wind_plus90
24.0,0.4285714285714285,0.9889624724061812,714,-35.42857142857143,commnet,saudi,3042.0,2042,12,saudi,wind_plus90
17.0,0.4285714285714285,0.9668874172185432,703,-28.628571428571423,commnet,saudi,3042.0,2042,13,saudi,wind_plus90
17.0,0.4285714285714285,0.9668874172185432,711,-28.628571428571423,commnet,saudi,3042.0,2042,14,saudi,wind_plus90
6.0,0.8571428571428571,0.8101545253863135,519,-8.857142857142858,commnet,saudi,3042.0,3042,0,saudi,wind_plus90
6.0,0.8571428571428571,0.8145695364238411,533,-8.857142857142858,commnet,saudi,3042.0,3042,1,saudi,wind_plus90
24.0,0.4285714285714285,0.82560706401766,700,-35.42857142857143,commnet,saudi,3042.0,3042,2,saudi,wind_plus90
17.0,0.4285714285714285,0.9690949227373068,674,-28.628571428571423,commnet,saudi,3042.0,3042,3,saudi,wind_plus90
17.0,0.4285714285714285,0.9492273730684326,691,-28.628571428571423,commnet,saudi,3042.0,3042,4,saudi,wind_plus90
17.0,0.4285714285714285,0.9668874172185432,701,-28.628571428571423,commnet,saudi,3042.0,3042,5,saudi,wind_plus90
17.0,0.4285714285714285,0.9492273730684326,691,-28.628571428571423,commnet,saudi,3042.0,3042,6,saudi,wind_plus90
27.0,0.2857142857142857,0.9955849889624724,652,-35.42857142857142,commnet,saudi,3042.0,3042,7,saudi,wind_plus90
17.0,0.4285714285714285,0.9668874172185432,707,-28.628571428571423,commnet,saudi,3042.0,3042,8,saudi,wind_plus90
17.0,0.4285714285714285,0.9668874172185432,687,-28.628571428571423,commnet,saudi,3042.0,3042,9,saudi,wind_plus90
6.0,0.8571428571428571,0.8123620309050773,531,-8.857142857142858,commnet,saudi,3042.0,3042,10,saudi,wind_plus90
17.0,0.4285714285714285,0.9668874172185432,707,-28.628571428571423,commnet,saudi,3042.0,3042,11,saudi,wind_plus90
4.0,0.8571428571428571,1.0,598,-6.857142857142858,commnet,saudi,3042.0,3042,12,saudi,wind_plus90
17.0,0.4285714285714285,0.9668874172185432,687,-28.628571428571423,commnet,saudi,3042.0,3042,13,saudi,wind_plus90
24.0,0.4285714285714285,0.8388520971302428,699,-35.42857142857143,commnet,saudi,3042.0,3042,14,saudi,wind_plus90
17.0,0.4285714285714285,0.9492273730684326,691,-28.628571428571423,commnet,saudi,3042.0,4042,0,saudi,wind_plus90
24.0,0.4285714285714285,0.7637969094922737,721,-35.42857142857143,commnet,saudi,3042.0,4042,1,saudi,wind_plus90
17.0,0.4285714285714285,0.9624724061810156,672,-28.628571428571423,commnet,saudi,3042.0,4042,2,saudi,wind_plus90
17.0,0.4285714285714285,0.9668874172185432,681,-28.628571428571423,commnet,saudi,3042.0,4042,3,saudi,wind_plus90
24.0,0.4285714285714285,0.8278145695364238,698,-35.42857142857143,commnet,saudi,3042.0,4042,4,saudi,wind_plus90
17.0,0.4285714285714285,0.9668874172185432,699,-28.628571428571423,commnet,saudi,3042.0,4042,5,saudi,wind_plus90
17.0,0.4285714285714285,0.9448123620309052,696,-28.628571428571423,commnet,saudi,3042.0,4042,6,saudi,wind_plus90
24.0,0.4285714285714285,0.8300220750551877,709,-35.42857142857143,commnet,saudi,3042.0,4042,7,saudi,wind_plus90
17.0,0.4285714285714285,0.9668874172185432,707,-28.628571428571423,commnet,saudi,3042.0,4042,8,saudi,wind_plus90
17.0,0.4285714285714285,0.9624724061810156,689,-28.628571428571423,commnet,saudi,3042.0,4042,9,saudi,wind_plus90
17.0,0.4285714285714285,0.9315673289183224,705,-28.628571428571423,commnet,saudi,3042.0,4042,10,saudi,wind_plus90
17.0,0.4285714285714285,0.9668874172185432,704,-28.628571428571423,commnet,saudi,3042.0,4042,11,saudi,wind_plus90
17.0,0.4285714285714285,0.9315673289183224,705,-28.628571428571423,commnet,saudi,3042.0,4042,12,saudi,wind_plus90
17.0,0.4285714285714285,0.8520971302428256,696,-28.628571428571423,commnet,saudi,3042.0,4042,13,saudi,wind_plus90
6.0,0.8571428571428571,0.8101545253863135,522,-8.857142857142858,commnet,saudi,3042.0,4042,14,saudi,wind_plus90
14.0,0.5714285714285714,0.82560706401766,700,-22.77142857142857,commnet,saudi,4042.0,42,0,saudi,wind_plus90
27.0,0.2857142857142857,0.9757174392935982,631,-35.528571428571425,commnet,saudi,4042.0,42,1,saudi,wind_plus90
17.0,0.4285714285714285,0.9823399558498896,737,-28.528571428571425,commnet,saudi,4042.0,42,2,saudi,wind_plus90
17.0,0.4285714285714285,0.9823399558498896,749,-28.528571428571425,commnet,saudi,4042.0,42,3,saudi,wind_plus90
27.0,0.2857142857142857,0.9028697571743928,652,-35.528571428571425,commnet,saudi,4042.0,42,4,saudi,wind_plus90
10.0,0.7142857142857143,0.6777041942604857,622,-16.114285714285714,commnet,saudi,4042.0,42,5,saudi,wind_plus90
14.0,0.5714285714285714,0.8763796909492274,677,-22.77142857142857,commnet,saudi,4042.0,42,6,saudi,wind_plus90
24.0,0.4285714285714285,0.913907284768212,722,-35.628571428571426,commnet,saudi,4042.0,42,7,saudi,wind_plus90
24.0,0.4285714285714285,0.9205298013245032,721,-35.628571428571426,commnet,saudi,4042.0,42,8,saudi,wind_plus90
10.0,0.7142857142857143,0.6247240618101545,642,-16.114285714285714,commnet,saudi,4042.0,42,9,saudi,wind_plus90
24.0,0.4285714285714285,0.8013245033112583,732,-35.628571428571426,commnet,saudi,4042.0,42,10,saudi,wind_plus90
14.0,0.5714285714285714,0.7770419426048565,703,-22.77142857142857,commnet,saudi,4042.0,42,11,saudi,wind_plus90
17.0,0.4285714285714285,0.8454746136865342,776,-28.628571428571423,commnet,saudi,4042.0,42,12,saudi,wind_plus90
24.0,0.4285714285714285,0.6799116997792495,736,-36.02857142857143,commnet,saudi,4042.0,42,13,saudi,wind_plus90
14.0,0.5714285714285714,0.8609271523178808,665,-22.77142857142857,commnet,saudi,4042.0,42,14,saudi,wind_plus90
14.0,0.5714285714285714,0.9028697571743928,766,-22.77142857142857,commnet,saudi,4042.0,1042,0,saudi,wind_plus90
14.0,0.5714285714285714,0.8785871964679912,681,-22.77142857142857,commnet,saudi,4042.0,1042,1,saudi,wind_plus90
24.0,0.4285714285714285,0.9183222958057397,731,-35.628571428571426,commnet,saudi,4042.0,1042,2,saudi,wind_plus90
17.0,0.4285714285714285,0.9823399558498896,737,-28.528571428571425,commnet,saudi,4042.0,1042,3,saudi,wind_plus90
27.0,0.2857142857142857,0.9713024282560706,635,-35.528571428571425,commnet,saudi,4042.0,1042,4,saudi,wind_plus90
14.0,0.5714285714285714,0.8763796909492274,674,-22.77142857142857,commnet,saudi,4042.0,1042,5,saudi,wind_plus90
24.0,0.4285714285714285,0.913907284768212,722,-35.628571428571426,commnet,saudi,4042.0,1042,6,saudi,wind_plus90
10.0,0.7142857142857143,0.7196467991169978,622,-16.114285714285714,commnet,saudi,4042.0,1042,7,saudi,wind_plus90
24.0,0.4285714285714285,0.8101545253863135,723,-35.628571428571426,commnet,saudi,4042.0,1042,8,saudi,wind_plus90
14.0,0.5714285714285714,0.8785871964679912,679,-22.77142857142857,commnet,saudi,4042.0,1042,9,saudi,wind_plus90
14.0,0.5714285714285714,0.8763796909492274,663,-22.77142857142857,commnet,saudi,4042.0,1042,10,saudi,wind_plus90
14.0,0.5714285714285714,0.8785871964679912,701,-22.77142857142857,commnet,saudi,4042.0,1042,11,saudi,wind_plus90
17.0,0.4285714285714285,0.9823399558498896,734,-28.528571428571425,commnet,saudi,4042.0,1042,12,saudi,wind_plus90
14.0,0.5714285714285714,0.8763796909492274,676,-22.77142857142857,commnet,saudi,4042.0,1042,13,saudi,wind_plus90
10.0,0.7142857142857143,0.6247240618101545,648,-16.114285714285714,commnet,saudi,4042.0,1042,14,saudi,wind_plus90
17.0,0.4285714285714285,0.8454746136865342,778,-28.628571428571423,commnet,saudi,4042.0,2042,0,saudi,wind_plus90
27.0,0.2857142857142857,0.9249448123620309,659,-35.528571428571425,commnet,saudi,4042.0,2042,1,saudi,wind_plus90
17.0,0.4285714285714285,0.9823399558498896,721,-28.528571428571425,commnet,saudi,4042.0,2042,2,saudi,wind_plus90
17.0,0.4285714285714285,0.8609271523178808,721,-28.52857142857143,commnet,saudi,4042.0,2042,3,saudi,wind_plus90
10.0,0.7142857142857143,0.6821192052980133,627,-16.114285714285714,commnet,saudi,4042.0,2042,4,saudi,wind_plus90
24.0,0.4285714285714285,0.8940397350993378,675,-35.628571428571426,commnet,saudi,4042.0,2042,5,saudi,wind_plus90
17.0,0.4285714285714285,0.9823399558498896,744,-28.52857142857143,commnet,saudi,4042.0,2042,6,saudi,wind_plus90
14.0,0.5714285714285714,0.8763796909492274,673,-22.77142857142857,commnet,saudi,4042.0,2042,7,saudi,wind_plus90
27.0,0.2857142857142857,0.9492273730684326,648,-35.528571428571425,commnet,saudi,4042.0,2042,8,saudi,wind_plus90
17.0,0.4285714285714285,0.9823399558498896,750,-28.528571428571425,commnet,saudi,4042.0,2042,9,saudi,wind_plus90
27.0,0.2857142857142857,0.9713024282560706,635,-35.528571428571425,commnet,saudi,4042.0,2042,10,saudi,wind_plus90
10.0,0.7142857142857143,0.6247240618101545,642,-16.114285714285714,commnet,saudi,4042.0,2042,11,saudi,wind_plus90
24.0,0.4285714285714285,0.8101545253863135,724,-35.628571428571426,commnet,saudi,4042.0,2042,12,saudi,wind_plus90
24.0,0.4285714285714285,0.7196467991169978,746,-35.628571428571426,commnet,saudi,4042.0,2042,13,saudi,wind_plus90
17.0,0.4285714285714285,0.9823399558498896,735,-28.52857142857143,commnet,saudi,4042.0,2042,14,saudi,wind_plus90
14.0,0.5714285714285714,0.8763796909492274,673,-22.77142857142857,commnet,saudi,4042.0,3042,0,saudi,wind_plus90
14.0,0.5714285714285714,0.8785871964679912,681,-22.77142857142857,commnet,saudi,4042.0,3042,1,saudi,wind_plus90
14.0,0.5714285714285714,0.7792494481236203,701,-22.77142857142857,commnet,saudi,4042.0,3042,2,saudi,wind_plus90
24.0,0.4285714285714285,0.7726269315673289,709,-35.628571428571426,commnet,saudi,4042.0,3042,3,saudi,wind_plus90
24.0,0.4285714285714285,0.8940397350993378,713,-35.628571428571426,commnet,saudi,4042.0,3042,4,saudi,wind_plus90
24.0,0.4285714285714285,0.7196467991169978,744,-35.628571428571426,commnet,saudi,4042.0,3042,5,saudi,wind_plus90
24.0,0.4285714285714285,0.913907284768212,722,-35.628571428571426,commnet,saudi,4042.0,3042,6,saudi,wind_plus90
27.0,0.2857142857142857,0.9690949227373068,664,-35.528571428571425,commnet,saudi,4042.0,3042,7,saudi,wind_plus90
17.0,0.4285714285714285,0.9823399558498896,740,-28.528571428571425,commnet,saudi,4042.0,3042,8,saudi,wind_plus90
24.0,0.4285714285714285,0.8278145695364238,701,-35.628571428571426,commnet,saudi,4042.0,3042,9,saudi,wind_plus90
14.0,0.5714285714285714,0.8785871964679912,666,-22.77142857142857,commnet,saudi,4042.0,3042,10,saudi,wind_plus90
24.0,0.4285714285714285,0.8410596026490066,741,-35.628571428571426,commnet,saudi,4042.0,3042,11,saudi,wind_plus90
10.0,0.7142857142857143,0.6203090507726269,626,-16.114285714285714,commnet,saudi,4042.0,3042,12,saudi,wind_plus90
24.0,0.4285714285714285,0.8278145695364238,701,-35.628571428571426,commnet,saudi,4042.0,3042,13,saudi,wind_plus90
14.0,0.5714285714285714,0.8785871964679912,701,-22.77142857142857,commnet,saudi,4042.0,3042,14,saudi,wind_plus90
24.0,0.4285714285714285,0.913907284768212,722,-35.628571428571426,commnet,saudi,4042.0,4042,0,saudi,wind_plus90
24.0,0.4285714285714285,0.8940397350993378,758,-35.628571428571426,commnet,saudi,4042.0,4042,1,saudi,wind_plus90
24.0,0.4285714285714285,0.8830022075055187,693,-35.628571428571426,commnet,saudi,4042.0,4042,2,saudi,wind_plus90
24.0,0.4285714285714285,0.8984547461368654,713,-35.628571428571426,commnet,saudi,4042.0,4042,3,saudi,wind_plus90
14.0,0.5714285714285714,0.8278145695364238,697,-22.77142857142857,commnet,saudi,4042.0,4042,4,saudi,wind_plus90
24.0,0.4285714285714285,0.8079470198675497,738,-35.628571428571426,commnet,saudi,4042.0,4042,5,saudi,wind_plus90
24.0,0.4285714285714285,0.717439293598234,728,-35.628571428571426,commnet,saudi,4042.0,4042,6,saudi,wind_plus90
24.0,0.4285714285714285,0.8101545253863135,722,-35.628571428571426,commnet,saudi,4042.0,4042,7,saudi,wind_plus90
17.0,0.4285714285714285,0.9823399558498896,740,-28.528571428571425,commnet,saudi,4042.0,4042,8,saudi,wind_plus90
24.0,0.4285714285714285,0.9183222958057397,729,-35.628571428571426,commnet,saudi,4042.0,4042,9,saudi,wind_plus90
24.0,0.4285714285714285,0.8079470198675497,739,-35.628571428571426,commnet,saudi,4042.0,4042,10,saudi,wind_plus90
24.0,0.4285714285714285,0.7196467991169978,748,-35.628571428571426,commnet,saudi,4042.0,4042,11,saudi,wind_plus90
24.0,0.4285714285714285,0.8079470198675497,739,-35.628571428571426,commnet,saudi,4042.0,4042,12,saudi,wind_plus90
24.0,0.4285714285714285,0.7196467991169978,742,-35.628571428571426,commnet,saudi,4042.0,4042,13,saudi,wind_plus90
14.0,0.5714285714285714,0.8763796909492274,675,-22.77142857142857,commnet,saudi,4042.0,4042,14,saudi,wind_plus90
17.0,0.4285714285714285,0.9977924944812362,410,-28.42857142857143,hiercomm_heur,saudi,42.0,42,0,saudi,wind_plus90
18.0,0.5714285714285714,0.977924944812362,500,-20.714285714285715,hiercomm_heur,saudi,42.0,42,1,saudi,wind_plus90
13.0,0.5714285714285714,0.9492273730684326,532,-21.771428571428576,hiercomm_heur,saudi,42.0,42,2,saudi,wind_plus90
13.0,0.5714285714285714,0.9161147902869756,511,-22.371428571428584,hiercomm_heur,saudi,42.0,42,3,saudi,wind_plus90
18.0,0.5714285714285714,0.9921259842519684,521,-20.714285714285715,hiercomm_heur,saudi,42.0,42,4,saudi,wind_plus90
4.0,0.8571428571428571,0.9381898454746136,518,-7.557142857142858,hiercomm_heur,saudi,42.0,42,5,saudi,wind_plus90
9.0,0.7142857142857143,0.9942528735632185,15,-14.714285714285714,hiercomm_heur,saudi,42.0,42,6,saudi,wind_plus90
17.0,0.4285714285714285,0.8785871964679912,529,-28.82857142857144,hiercomm_heur,saudi,42.0,42,7,saudi,wind_plus90
17.0,0.4285714285714285,1.0,519,-28.42857142857143,hiercomm_heur,saudi,42.0,42,8,saudi,wind_plus90
4.0,0.8571428571428571,0.8984547461368654,522,-7.6571428571428575,hiercomm_heur,saudi,42.0,42,9,saudi,wind_plus90
17.0,0.4285714285714285,1.0,530,-28.42857142857143,hiercomm_heur,saudi,42.0,42,10,saudi,wind_plus90
17.0,0.4285714285714285,0.9955849889624724,433,-28.42857142857143,hiercomm_heur,saudi,42.0,42,11,saudi,wind_plus90
17.0,0.4285714285714285,0.9403973509933776,543,-29.128571428571437,hiercomm_heur,saudi,42.0,42,12,saudi,wind_plus90
17.0,0.4285714285714285,0.9955849889624724,469,-28.42857142857143,hiercomm_heur,saudi,42.0,42,13,saudi,wind_plus90
9.0,0.7142857142857143,0.9941520467836256,15,-14.714285714285714,hiercomm_heur,saudi,42.0,42,14,saudi,wind_plus90
17.0,0.4285714285714285,0.7991169977924945,475,-28.528571428571432,hiercomm_heur,saudi,42.0,1042,0,saudi,wind_plus90
9.0,0.7142857142857143,0.9941520467836256,15,-14.714285714285714,hiercomm_heur,saudi,42.0,1042,1,saudi,wind_plus90
17.0,0.4285714285714285,1.0,526,-28.42857142857143,hiercomm_heur,saudi,42.0,1042,2,saudi,wind_plus90
13.0,0.5714285714285714,0.9492273730684326,532,-21.771428571428576,hiercomm_heur,saudi,42.0,1042,3,saudi,wind_plus90
21.0,0.4285714285714285,0.964769647696477,536,-26.671428571428574,hiercomm_heur,saudi,42.0,1042,4,saudi,wind_plus90
9.0,0.7142857142857143,0.9942528735632185,15,-14.714285714285714,hiercomm_heur,saudi,42.0,1042,5,saudi,wind_plus90
17.0,0.4285714285714285,0.8785871964679912,529,-28.82857142857144,hiercomm_heur,saudi,42.0,1042,6,saudi,wind_plus90
4.0,0.8571428571428571,0.9823399558498896,426,-6.957142857142857,hiercomm_heur,saudi,42.0,1042,7,saudi,wind_plus90
17.0,0.4285714285714285,0.9955849889624724,424,-28.42857142857143,hiercomm_heur,saudi,42.0,1042,8,saudi,wind_plus90
9.0,0.7142857142857143,0.9941520467836256,15,-14.714285714285714,hiercomm_heur,saudi,42.0,1042,9,saudi,wind_plus90
9.0,0.7142857142857143,0.9942528735632185,15,-14.714285714285714,hiercomm_heur,saudi,42.0,1042,10,saudi,wind_plus90
17.0,0.4285714285714285,0.9977924944812362,409,-28.42857142857143,hiercomm_heur,saudi,42.0,1042,11,saudi,wind_plus90
17.0,0.4285714285714285,0.8984547461368654,512,-29.028571428571432,hiercomm_heur,saudi,42.0,1042,12,saudi,wind_plus90
9.0,0.7142857142857143,0.9942528735632185,15,-14.714285714285714,hiercomm_heur,saudi,42.0,1042,13,saudi,wind_plus90
4.0,0.8571428571428571,0.9492273730684326,519,-7.457142857142857,hiercomm_heur,saudi,42.0,1042,14,saudi,wind_plus90
17.0,0.4285714285714285,0.9845474613686536,502,-28.628571428571423,hiercomm_heur,saudi,42.0,2042,0,saudi,wind_plus90
18.0,0.5714285714285714,0.977924944812362,500,-20.714285714285715,hiercomm_heur,saudi,42.0,2042,1,saudi,wind_plus90
17.0,0.4285714285714285,0.8984547461368654,512,-29.028571428571432,hiercomm_heur,saudi,42.0,2042,2,saudi,wind_plus90
13.0,0.5714285714285714,0.8785871964679912,541,-21.97142857142858,hiercomm_heur,saudi,42.0,2042,3,saudi,wind_plus90
4.0,0.8571428571428571,0.93598233995585,520,-7.557142857142858,hiercomm_heur,saudi,42.0,2042,4,saudi,wind_plus90
17.0,0.4285714285714285,1.0,529,-28.42857142857143,hiercomm_heur,saudi,42.0,2042,5,saudi,wind_plus90
13.0,0.5714285714285714,0.8896247240618101,545,-21.871428571428577,hiercomm_heur,saudi,42.0,2042,6,saudi,wind_plus90
9.0,0.7142857142857143,0.9942528735632185,15,-14.714285714285714,hiercomm_heur,saudi,42.0,2042,7,saudi,wind_plus90
21.0,0.4285714285714285,0.9650537634408602,536,-26.671428571428574,hiercomm_heur,saudi,42.0,2042,8,saudi,wind_plus90
13.0,0.5714285714285714,0.9161147902869756,511,-22.371428571428584,hiercomm_heur,saudi,42.0,2042,9,saudi,wind_plus90
21.0,0.4285714285714285,0.977924944812362,523,-26.671428571428574,hiercomm_heur,saudi,42.0,2042,10,saudi,wind_plus90
4.0,0.8571428571428571,0.8984547461368654,522,-7.6571428571428575,hiercomm_heur,saudi,42.0,2042,11,saudi,wind_plus90
17.0,0.4285714285714285,0.9955849889624724,469,-28.42857142857143,hiercomm_heur,saudi,42.0,2042,12,saudi,wind_plus90
17.0,0.4285714285714285,0.9470198675496688,506,-29.028571428571432,hiercomm_heur,saudi,42.0,2042,13,saudi,wind_plus90
17.0,0.4285714285714285,0.9161147902869756,506,-29.52857142857144,hiercomm_heur,saudi,42.0,2042,14,saudi,wind_plus90
9.0,0.7142857142857143,0.9942528735632185,15,-14.714285714285714,hiercomm_heur,saudi,42.0,3042,0,saudi,wind_plus90
9.0,0.7142857142857143,0.9941520467836256,15,-14.714285714285714,hiercomm_heur,saudi,42.0,3042,1,saudi,wind_plus90
17.0,0.4285714285714285,0.9977924944812362,429,-28.42857142857143,hiercomm_heur,saudi,42.0,3042,2,saudi,wind_plus90
17.0,0.4285714285714285,1.0,530,-28.42857142857143,hiercomm_heur,saudi,42.0,3042,3,saudi,wind_plus90
17.0,0.4285714285714285,0.8785871964679912,529,-28.82857142857144,hiercomm_heur,saudi,42.0,3042,4,saudi,wind_plus90
17.0,0.4285714285714285,0.9183222958057397,510,-29.028571428571432,hiercomm_heur,saudi,42.0,3042,5,saudi,wind_plus90
17.0,0.4285714285714285,0.8785871964679912,529,-28.82857142857144,hiercomm_heur,saudi,42.0,3042,6,saudi,wind_plus90
27.0,0.2857142857142857,1.0,541,-35.42857142857142,hiercomm_heur,saudi,42.0,3042,7,saudi,wind_plus90
13.0,0.5714285714285714,0.814317673378076,547,-22.271428571428583,hiercomm_heur,saudi,42.0,3042,8,saudi,wind_plus90
17.0,0.4285714285714285,0.9955555555555556,526,-28.42857142857143,hiercomm_heur,saudi,42.0,3042,9,saudi,wind_plus90
9.0,0.7142857142857143,0.9941520467836256,15,-14.714285714285714,hiercomm_heur,saudi,42.0,3042,10,saudi,wind_plus90
17.0,0.4285714285714285,0.8984547461368654,500,-29.028571428571432,hiercomm_heur,saudi,42.0,3042,11,saudi,wind_plus90
4.0,0.8571428571428571,0.933774834437086,520,-7.557142857142858,hiercomm_heur,saudi,42.0,3042,12,saudi,wind_plus90
17.0,0.4285714285714285,0.9955555555555556,526,-28.42857142857143,hiercomm_heur,saudi,42.0,3042,13,saudi,wind_plus90
17.0,0.4285714285714285,0.9977924944812362,409,-28.42857142857143,hiercomm_heur,saudi,42.0,3042,14,saudi,wind_plus90
17.0,0.4285714285714285,0.8785871964679912,529,-28.82857142857144,hiercomm_heur,saudi,42.0,4042,0,saudi,wind_plus90
17.0,0.4285714285714285,0.9955849889624724,467,-28.42857142857143,hiercomm_heur,saudi,42.0,4042,1,saudi,wind_plus90
17.0,0.4285714285714285,0.8769574944071589,530,-28.82857142857144,hiercomm_heur,saudi,42.0,4042,2,saudi,wind_plus90
17.0,0.4285714285714285,1.0,519,-28.42857142857143,hiercomm_heur,saudi,42.0,4042,3,saudi,wind_plus90
17.0,0.4285714285714285,0.9977924944812362,409,-28.42857142857143,hiercomm_heur,saudi,42.0,4042,4,saudi,wind_plus90
17.0,0.4285714285714285,1.0,528,-28.42857142857143,hiercomm_heur,saudi,42.0,4042,5,saudi,wind_plus90
17.0,0.4285714285714285,0.9955555555555556,526,-28.42857142857143,hiercomm_heur,saudi,42.0,4042,6,saudi,wind_plus90
17.0,0.4285714285714285,0.9955849889624724,423,-28.42857142857143,hiercomm_heur,saudi,42.0,4042,7,saudi,wind_plus90
13.0,0.5714285714285714,0.9492273730684326,534,-21.771428571428576,hiercomm_heur,saudi,42.0,4042,8,saudi,wind_plus90
17.0,0.4285714285714285,0.9955555555555556,526,-28.42857142857143,hiercomm_heur,saudi,42.0,4042,9,saudi,wind_plus90
17.0,0.4285714285714285,0.9249448123620309,530,-29.12857142857144,hiercomm_heur,saudi,42.0,4042,10,saudi,wind_plus90
17.0,0.4285714285714285,0.9470198675496688,506,-29.028571428571432,hiercomm_heur,saudi,42.0,4042,11,saudi,wind_plus90
17.0,0.4285714285714285,0.9249448123620309,530,-29.12857142857144,hiercomm_heur,saudi,42.0,4042,12,saudi,wind_plus90
17.0,0.4285714285714285,0.9227373068432672,509,-29.028571428571432,hiercomm_heur,saudi,42.0,4042,13,saudi,wind_plus90
9.0,0.7142857142857143,0.9942528735632185,15,-14.714285714285714,hiercomm_heur,saudi,42.0,4042,14,saudi,wind_plus90
13.0,0.5714285714285714,1.0,661,-21.571428571428573,hiercomm_heur,saudi,1042.0,42,0,saudi,wind_plus90
27.0,0.2857142857142857,1.0,662,-35.42857142857143,hiercomm_heur,saudi,1042.0,42,1,saudi,wind_plus90
23.0,0.4285714285714285,1.0,442,-34.42857142857143,hiercomm_heur,saudi,1042.0,42,2,saudi,wind_plus90
23.0,0.4285714285714285,1.0,484,-34.42857142857143,hiercomm_heur,saudi,1042.0,42,3,saudi,wind_plus90
21.0,0.4285714285714285,0.8189845474613686,636,-26.57142857142857,hiercomm_heur,saudi,1042.0,42,4,saudi,wind_plus90
4.0,0.8571428571428571,1.0,576,-6.857142857142858,hiercomm_heur,saudi,1042.0,42,5,saudi,wind_plus90
8.0,0.7142857142857143,1.0,639,-13.714285714285714,hiercomm_heur,saudi,1042.0,42,6,saudi,wind_plus90
13.0,0.5714285714285714,0.9050772626931568,590,-21.571428571428577,hiercomm_heur,saudi,1042.0,42,7,saudi,wind_plus90
17.0,0.4285714285714285,0.9227373068432672,543,-28.728571428571435,hiercomm_heur,saudi,1042.0,42,8,saudi,wind_plus90
4.0,0.8571428571428571,0.9889624724061812,599,-6.857142857142858,hiercomm_heur,saudi,1042.0,42,9,saudi,wind_plus90
23.0,0.4285714285714285,0.9801324503311258,398,-34.62857142857143,hiercomm_heur,saudi,1042.0,42,10,saudi,wind_plus90
17.0,0.4285714285714285,0.958057395143488,731,-28.828571428571436,hiercomm_heur,saudi,1042.0,42,11,saudi,wind_plus90
13.0,0.5714285714285714,0.9955849889624724,678,-21.571428571428577,hiercomm_heur,saudi,1042.0,42,12,saudi,wind_plus90
14.0,0.5714285714285714,1.0,679,-22.571428571428573,hiercomm_heur,saudi,1042.0,42,13,saudi,wind_plus90
4.0,0.8571428571428571,1.0,573,-6.857142857142858,hiercomm_heur,saudi,1042.0,42,14,saudi,wind_plus90
4.0,0.8571428571428571,0.9955849889624724,638,-6.857142857142858,hiercomm_heur,saudi,1042.0,1042,0,saudi,wind_plus90
4.0,0.8571428571428571,1.0,573,-6.857142857142858,hiercomm_heur,saudi,1042.0,1042,1,saudi,wind_plus90
23.0,0.4285714285714285,1.0,491,-34.42857142857143,hiercomm_heur,saudi,1042.0,1042,2,saudi,wind_plus90
23.0,0.4285714285714285,1.0,442,-34.42857142857143,hiercomm_heur,saudi,1042.0,1042,3,saudi,wind_plus90
27.0,0.2857142857142857,1.0,549,-35.42857142857143,hiercomm_heur,saudi,1042.0,1042,4,saudi,wind_plus90
4.0,0.8571428571428571,1.0,653,-6.857142857142858,hiercomm_heur,saudi,1042.0,1042,5,saudi,wind_plus90
13.0,0.5714285714285714,0.8719646799116998,589,-21.571428571428577,hiercomm_heur,saudi,1042.0,1042,6,saudi,wind_plus90
8.0,0.7142857142857143,0.9624724061810156,652,-13.814285714285711,hiercomm_heur,saudi,1042.0,1042,7,saudi,wind_plus90
14.0,0.5714285714285714,1.0,673,-22.571428571428573,hiercomm_heur,saudi,1042.0,1042,8,saudi,wind_plus90
4.0,0.8571428571428571,1.0,572,-6.857142857142858,hiercomm_heur,saudi,1042.0,1042,9,saudi,wind_plus90
8.0,0.7142857142857143,1.0,639,-13.714285714285714,hiercomm_heur,saudi,1042.0,1042,10,saudi,wind_plus90
13.0,0.5714285714285714,1.0,661,-21.571428571428573,hiercomm_heur,saudi,1042.0,1042,11,saudi,wind_plus90
23.0,0.4285714285714285,1.0,444,-34.42857142857143,hiercomm_heur,saudi,1042.0,1042,12,saudi,wind_plus90
4.0,0.8571428571428571,1.0,655,-6.857142857142858,hiercomm_heur,saudi,1042.0,1042,13,saudi,wind_plus90
4.0,0.8571428571428571,0.8189845474613686,636,-6.857142857142858,hiercomm_heur,saudi,1042.0,1042,14,saudi,wind_plus90
17.0,0.4285714285714285,0.9955849889624724,692,-28.42857142857143,hiercomm_heur,saudi,1042.0,2042,0,saudi,wind_plus90
27.0,0.2857142857142857,1.0,662,-35.42857142857143,hiercomm_heur,saudi,1042.0,2042,1,saudi,wind_plus90
23.0,0.4285714285714285,1.0,444,-34.42857142857143,hiercomm_heur,saudi,1042.0,2042,2,saudi,wind_plus90
23.0,0.4285714285714285,0.8167770419426048,664,-34.42857142857143,hiercomm_heur,saudi,1042.0,2042,3,saudi,wind_plus90
4.0,0.8571428571428571,1.0,632,-6.857142857142858,hiercomm_heur,saudi,1042.0,2042,4,saudi,wind_plus90
27.0,0.2857142857142857,0.9243498817966904,501,-41.285714285714285,hiercomm_heur,saudi,1042.0,2042,5,saudi,wind_plus90
23.0,0.4285714285714285,1.0,648,-34.42857142857143,hiercomm_heur,saudi,1042.0,2042,6,saudi,wind_plus90
17.0,0.4285714285714285,0.9977924944812362,509,-28.42857142857143,hiercomm_heur,saudi,1042.0,2042,7,saudi,wind_plus90
27.0,0.2857142857142857,1.0,549,-35.42857142857143,hiercomm_heur,saudi,1042.0,2042,8,saudi,wind_plus90
27.0,0.2857142857142857,1.0,694,-41.285714285714285,hiercomm_heur,saudi,1042.0,2042,9,saudi,wind_plus90
27.0,0.2857142857142857,1.0,550,-35.42857142857143,hiercomm_heur,saudi,1042.0,2042,10,saudi,wind_plus90
4.0,0.8571428571428571,0.9889624724061812,602,-6.857142857142858,hiercomm_heur,saudi,1042.0,2042,11,saudi,wind_plus90
14.0,0.5714285714285714,1.0,690,-22.571428571428573,hiercomm_heur,saudi,1042.0,2042,12,saudi,wind_plus90
23.0,0.4285714285714285,1.0,735,-34.42857142857143,hiercomm_heur,saudi,1042.0,2042,13,saudi,wind_plus90
23.0,0.4285714285714285,0.9271523178807948,651,-34.42857142857143,hiercomm_heur,saudi,1042.0,2042,14,saudi,wind_plus90
17.0,0.4285714285714285,0.9977924944812362,510,-28.42857142857143,hiercomm_heur,saudi,1042.0,3042,0,saudi,wind_plus90
4.0,0.8571428571428571,1.0,573,-6.857142857142858,hiercomm_heur,saudi,1042.0,3042,1,saudi,wind_plus90
13.0,0.5714285714285714,1.0,637,-21.571428571428573,hiercomm_heur,saudi,1042.0,3042,2,saudi,wind_plus90
13.0,0.5714285714285714,0.9977924944812362,626,-21.571428571428577,hiercomm_heur,saudi,1042.0,3042,3,saudi,wind_plus90
17.0,0.4285714285714285,0.8874172185430463,534,-29.12857142857144,hiercomm_heur,saudi,1042.0,3042,4,saudi,wind_plus90
23.0,0.4285714285714285,1.0,697,-34.42857142857143,hiercomm_heur,saudi,1042.0,3042,5,saudi,wind_plus90
17.0,0.4285714285714285,0.8874172185430463,534,-29.12857142857144,hiercomm_heur,saudi,1042.0,3042,6,saudi,wind_plus90
17.0,0.5714285714285714,1.0,546,-19.714285714285715,hiercomm_heur,saudi,1042.0,3042,7,saudi,wind_plus90
23.0,0.4285714285714285,1.0,450,-34.42857142857143,hiercomm_heur,saudi,1042.0,3042,8,saudi,wind_plus90
27.0,0.2857142857142857,0.9243498817966904,501,-41.285714285714285,hiercomm_heur,saudi,1042.0,3042,9,saudi,wind_plus90
8.0,0.7142857142857143,1.0,633,-13.714285714285714,hiercomm_heur,saudi,1042.0,3042,10,saudi,wind_plus90
23.0,0.4285714285714285,1.0,735,-34.42857142857143,hiercomm_heur,saudi,1042.0,3042,11,saudi,wind_plus90
4.0,0.8571428571428571,0.9955849889624724,579,-6.857142857142858,hiercomm_heur,saudi,1042.0,3042,12,saudi,wind_plus90
27.0,0.2857142857142857,0.923809523809524,501,-41.285714285714285,hiercomm_heur,saudi,1042.0,3042,13,saudi,wind_plus90
13.0,0.5714285714285714,1.0,661,-21.571428571428573,hiercomm_heur,saudi,1042.0,3042,14,saudi,wind_plus90
13.0,0.5714285714285714,1.0,635,-21.571428571428577,hiercomm_heur,saudi,1042.0,4042,0,saudi,wind_plus90
14.0,0.5714285714285714,1.0,623,-22.571428571428573,hiercomm_heur,saudi,1042.0,4042,1,saudi,wind_plus90
23.0,0.4285714285714285,1.0,497,-34.42857142857143,hiercomm_heur,saudi,1042.0,4042,2,saudi,wind_plus90
17.0,0.4285714285714285,0.9403973509933776,554,-28.728571428571435,hiercomm_heur,saudi,1042.0,4042,3,saudi,wind_plus90
17.0,0.4285714285714285,1.0,672,-28.42857142857143,hiercomm_heur,saudi,1042.0,4042,4,saudi,wind_plus90
23.0,0.4285714285714285,0.977924944812362,602,-34.62857142857143,hiercomm_heur,saudi,1042.0,4042,5,saudi,wind_plus90
27.0,0.2857142857142857,0.9261904761904762,501,-41.285714285714285,hiercomm_heur,saudi,1042.0,4042,6,saudi,wind_plus90
7.0,0.7142857142857143,0.93598233995585,499,-12.714285714285714,hiercomm_heur,saudi,1042.0,4042,7,saudi,wind_plus90
23.0,0.4285714285714285,1.0,455,-34.42857142857143,hiercomm_heur,saudi,1042.0,4042,8,saudi,wind_plus90
27.0,0.2857142857142857,0.9261904761904762,501,-41.285714285714285,hiercomm_heur,saudi,1042.0,4042,9,saudi,wind_plus90
23.0,0.4285714285714285,1.0,629,-34.42857142857143,hiercomm_heur,saudi,1042.0,4042,10,saudi,wind_plus90
23.0,0.4285714285714285,1.0,736,-34.42857142857143,hiercomm_heur,saudi,1042.0,4042,11,saudi,wind_plus90
23.0,0.4285714285714285,1.0,702,-34.42857142857143,hiercomm_heur,saudi,1042.0,4042,12,saudi,wind_plus90
23.0,0.4285714285714285,1.0,562,-34.42857142857143,hiercomm_heur,saudi,1042.0,4042,13,saudi,wind_plus90
13.0,0.5714285714285714,0.9977924944812362,522,-21.571428571428573,hiercomm_heur,saudi,1042.0,4042,14,saudi,wind_plus90
0.0,1.0,1.0,438,0.0,hiercomm_heur,saudi,2042.0,42,0,saudi,wind_plus90
21.0,0.4285714285714285,0.9602649006622516,434,-26.871428571428574,hiercomm_heur,saudi,2042.0,42,1,saudi,wind_plus90
13.0,0.5714285714285714,0.8145695364238411,625,-21.571428571428573,hiercomm_heur,saudi,2042.0,42,2,saudi,wind_plus90
17.0,0.4285714285714285,1.0,363,-28.42857142857143,hiercomm_heur,saudi,2042.0,42,3,saudi,wind_plus90
21.0,0.4285714285714285,0.868766404199475,455,-26.57142857142857,hiercomm_heur,saudi,2042.0,42,4,saudi,wind_plus90
4.0,0.8571428571428571,0.9977924944812362,427,-6.857142857142858,hiercomm_heur,saudi,2042.0,42,5,saudi,wind_plus90
0.0,1.0,0.9696969696969696,8,0.0,hiercomm_heur,saudi,2042.0,42,6,saudi,wind_plus90
17.0,0.4285714285714285,0.9911699779249448,607,-28.42857142857143,hiercomm_heur,saudi,2042.0,42,7,saudi,wind_plus90
17.0,0.4285714285714285,0.9791666666666666,473,-28.42857142857143,hiercomm_heur,saudi,2042.0,42,8,saudi,wind_plus90
4.0,0.8571428571428571,1.0,556,-6.857142857142858,hiercomm_heur,saudi,2042.0,42,9,saudi,wind_plus90
8.0,0.7142857142857143,0.9514348785871964,406,-14.014285714285712,hiercomm_heur,saudi,2042.0,42,10,saudi,wind_plus90
0.0,1.0,0.9271523178807948,451,0.0,hiercomm_heur,saudi,2042.0,42,11,saudi,wind_plus90
13.0,0.5714285714285714,0.8475452196382429,528,-21.571428571428573,hiercomm_heur,saudi,2042.0,42,12,saudi,wind_plus90
4.0,0.8571428571428571,1.0,415,-6.857142857142858,hiercomm_heur,saudi,2042.0,42,13,saudi,wind_plus90
0.0,1.0,0.96875,8,0.0,hiercomm_heur,saudi,2042.0,42,14,saudi,wind_plus90
13.0,0.5714285714285714,1.0,466,-21.571428571428573,hiercomm_heur,saudi,2042.0,1042,0,saudi,wind_plus90
0.0,1.0,0.96875,8,0.0,hiercomm_heur,saudi,2042.0,1042,1,saudi,wind_plus90
8.0,0.7142857142857143,0.9602649006622516,406,-13.814285714285711,hiercomm_heur,saudi,2042.0,1042,2,saudi,wind_plus90
13.0,0.5714285714285714,0.9955849889624724,616,-21.571428571428573,hiercomm_heur,saudi,2042.0,1042,3,saudi,wind_plus90
21.0,0.4285714285714285,0.95,343,-26.871428571428574,hiercomm_heur,saudi,2042.0,1042,4,saudi,wind_plus90
0.0,1.0,0.9696969696969696,8,0.0,hiercomm_heur,saudi,2042.0,1042,5,saudi,wind_plus90
17.0,0.4285714285714285,0.9911699779249448,607,-28.42857142857143,hiercomm_heur,saudi,2042.0,1042,6,saudi,wind_plus90
0.0,1.0,0.9690949227373068,528,-0.4,hiercomm_heur,saudi,2042.0,1042,7,saudi,wind_plus90
4.0,0.8571428571428571,0.9933774834437086,478,-6.857142857142858,hiercomm_heur,saudi,2042.0,1042,8,saudi,wind_plus90
0.0,1.0,0.9696969696969696,8,0.0,hiercomm_heur,saudi,2042.0,1042,9,saudi,wind_plus90
0.0,1.0,0.9696969696969696,8,0.0,hiercomm_heur,saudi,2042.0,1042,10,saudi,wind_plus90
0.0,1.0,1.0,438,0.0,hiercomm_heur,saudi,2042.0,1042,11,saudi,wind_plus90
13.0,0.5714285714285714,0.9955849889624724,594,-21.571428571428573,hiercomm_heur,saudi,2042.0,1042,12,saudi,wind_plus90
0.0,1.0,0.9696969696969696,8,0.0,hiercomm_heur,saudi,2042.0,1042,13,saudi,wind_plus90
4.0,0.8571428571428571,1.0,563,-6.857142857142858,hiercomm_heur,saudi,2042.0,1042,14,saudi,wind_plus90
13.0,0.5714285714285714,0.9933774834437086,569,-21.571428571428573,hiercomm_heur,saudi,2042.0,2042,0,saudi,wind_plus90
21.0,0.4285714285714285,0.9562841530054644,426,-26.871428571428574,hiercomm_heur,saudi,2042.0,2042,1,saudi,wind_plus90
13.0,0.5714285714285714,0.9955849889624724,593,-21.571428571428573,hiercomm_heur,saudi,2042.0,2042,2,saudi,wind_plus90
13.0,0.5714285714285714,0.9074074074074074,532,-22.271428571428576,hiercomm_heur,saudi,2042.0,2042,3,saudi,wind_plus90
4.0,0.8571428571428571,1.0,491,-6.857142857142858,hiercomm_heur,saudi,2042.0,2042,4,saudi,wind_plus90
8.0,0.7142857142857143,0.958057395143488,406,-13.814285714285711,hiercomm_heur,saudi,2042.0,2042,5,saudi,wind_plus90
17.0,0.4285714285714285,1.0,362,-28.42857142857143,hiercomm_heur,saudi,2042.0,2042,6,saudi,wind_plus90
0.0,1.0,0.9705882352941176,8,0.0,hiercomm_heur,saudi,2042.0,2042,7,saudi,wind_plus90
21.0,0.4285714285714285,0.95,343,-26.871428571428574,hiercomm_heur,saudi,2042.0,2042,8,saudi,wind_plus90
13.0,0.5714285714285714,0.9344262295081968,531,-21.97142857142858,hiercomm_heur,saudi,2042.0,2042,9,saudi,wind_plus90
21.0,0.4285714285714285,0.9747899159663864,326,-26.67142857142857,hiercomm_heur,saudi,2042.0,2042,10,saudi,wind_plus90
4.0,0.8571428571428571,1.0,556,-6.857142857142858,hiercomm_heur,saudi,2042.0,2042,11,saudi,wind_plus90
4.0,0.8571428571428571,1.0,487,-6.857142857142858,hiercomm_heur,saudi,2042.0,2042,12,saudi,wind_plus90
13.0,0.5714285714285714,0.9801324503311258,562,-21.67142857142857,hiercomm_heur,saudi,2042.0,2042,13,saudi,wind_plus90
13.0,0.5714285714285714,0.9955849889624724,595,-21.571428571428573,hiercomm_heur,saudi,2042.0,2042,14,saudi,wind_plus90
0.0,1.0,0.9696969696969696,8,0.0,hiercomm_heur,saudi,2042.0,3042,0,saudi,wind_plus90
0.0,1.0,0.96875,8,0.0,hiercomm_heur,saudi,2042.0,3042,1,saudi,wind_plus90
0.0,1.0,0.8432671081677704,399,0.0,hiercomm_heur,saudi,2042.0,3042,2,saudi,wind_plus90
17.0,0.4285714285714285,0.9911699779249448,516,-28.42857142857143,hiercomm_heur,saudi,2042.0,3042,3,saudi,wind_plus90
17.0,0.4285714285714285,0.9624724061810156,595,-28.42857142857143,hiercomm_heur,saudi,2042.0,3042,4,saudi,wind_plus90
13.0,0.5714285714285714,0.9955849889624724,369,-21.571428571428573,hiercomm_heur,saudi,2042.0,3042,5,saudi,wind_plus90
17.0,0.4285714285714285,0.9624724061810156,595,-28.42857142857143,hiercomm_heur,saudi,2042.0,3042,6,saudi,wind_plus90
21.0,0.4285714285714285,0.9971509971509972,362,-26.57142857142857,hiercomm_heur,saudi,2042.0,3042,7,saudi,wind_plus90
13.0,0.5714285714285714,0.9955849889624724,428,-21.571428571428577,hiercomm_heur,saudi,2042.0,3042,8,saudi,wind_plus90
8.0,0.7142857142857143,0.9602649006622516,406,-13.814285714285711,hiercomm_heur,saudi,2042.0,3042,9,saudi,wind_plus90
0.0,1.0,0.9696969696969696,8,0.0,hiercomm_heur,saudi,2042.0,3042,10,saudi,wind_plus90
13.0,0.5714285714285714,0.93598233995585,626,-21.571428571428573,hiercomm_heur,saudi,2042.0,3042,11,saudi,wind_plus90
4.0,0.8571428571428571,0.9955849889624724,500,-6.957142857142857,hiercomm_heur,saudi,2042.0,3042,12,saudi,wind_plus90
8.0,0.7142857142857143,0.9602649006622516,406,-13.814285714285711,hiercomm_heur,saudi,2042.0,3042,13,saudi,wind_plus90
0.0,1.0,1.0,438,0.0,hiercomm_heur,saudi,2042.0,3042,14,saudi,wind_plus90
17.0,0.4285714285714285,0.9911699779249448,607,-28.42857142857143,hiercomm_heur,saudi,2042.0,4042,0,saudi,wind_plus90
4.0,0.8571428571428571,0.9933774834437086,490,-6.857142857142858,hiercomm_heur,saudi,2042.0,4042,1,saudi,wind_plus90
8.0,0.7142857142857143,0.9602649006622516,406,-13.814285714285711,hiercomm_heur,saudi,2042.0,4042,2,saudi,wind_plus90
17.0,0.4285714285714285,0.9791666666666666,473,-28.42857142857143,hiercomm_heur,saudi,2042.0,4042,3,saudi,wind_plus90
0.0,1.0,0.9028697571743928,385,0.0,hiercomm_heur,saudi,2042.0,4042,4,saudi,wind_plus90
13.0,0.5714285714285714,0.9955849889624724,498,-21.571428571428573,hiercomm_heur,saudi,2042.0,4042,5,saudi,wind_plus90
8.0,0.7142857142857143,0.9602649006622516,406,-13.814285714285711,hiercomm_heur,saudi,2042.0,4042,6,saudi,wind_plus90
4.0,0.8571428571428571,1.0,431,-6.857142857142858,hiercomm_heur,saudi,2042.0,4042,7,saudi,wind_plus90
13.0,0.5714285714285714,0.891832229580574,432,-21.671428571428574,hiercomm_heur,saudi,2042.0,4042,8,saudi,wind_plus90
8.0,0.7142857142857143,0.9602649006622516,406,-13.814285714285711,hiercomm_heur,saudi,2042.0,4042,9,saudi,wind_plus90
13.0,0.5714285714285714,0.9955849889624724,495,-21.571428571428573,hiercomm_heur,saudi,2042.0,4042,10,saudi,wind_plus90
13.0,0.5714285714285714,0.977924944812362,562,-21.67142857142857,hiercomm_heur,saudi,2042.0,4042,11,saudi,wind_plus90
13.0,0.5714285714285714,0.9955849889624724,495,-21.571428571428573,hiercomm_heur,saudi,2042.0,4042,12,saudi,wind_plus90
13.0,0.5714285714285714,0.9955849889624724,496,-21.571428571428573,hiercomm_heur,saudi,2042.0,4042,13,saudi,wind_plus90
0.0,1.0,0.9696969696969696,8,0.0,hiercomm_heur,saudi,2042.0,4042,14,saudi,wind_plus90
13.0,0.5714285714285714,0.9867549668874172,421,-21.67142857142857,hiercomm_heur,saudi,3042.0,42,0,saudi,wind_plus90
23.0,0.4285714285714285,0.926208651399491,373,-28.97142857142857,hiercomm_heur,saudi,3042.0,42,1,saudi,wind_plus90
23.0,0.4285714285714285,0.8035320088300221,622,-34.82857142857143,hiercomm_heur,saudi,3042.0,42,2,saudi,wind_plus90
13.0,0.5714285714285714,0.9977924944812362,688,-21.571428571428573,hiercomm_heur,saudi,3042.0,42,3,saudi,wind_plus90
23.0,0.4285714285714285,0.8774509803921569,408,-28.67142857142857,hiercomm_heur,saudi,3042.0,42,4,saudi,wind_plus90
4.0,0.8571428571428571,1.0,441,-6.857142857142858,hiercomm_heur,saudi,3042.0,42,5,saudi,wind_plus90
23.0,0.4285714285714285,0.8852097130242825,563,-34.92857142857144,hiercomm_heur,saudi,3042.0,42,6,saudi,wind_plus90
13.0,0.5714285714285714,0.8940397350993378,356,-21.571428571428573,hiercomm_heur,saudi,3042.0,42,7,saudi,wind_plus90
13.0,0.5714285714285714,0.9955849889624724,604,-21.571428571428573,hiercomm_heur,saudi,3042.0,42,8,saudi,wind_plus90
4.0,0.8571428571428571,1.0,535,-6.857142857142858,hiercomm_heur,saudi,3042.0,42,9,saudi,wind_plus90
23.0,0.4285714285714285,0.9867549668874172,631,-34.528571428571425,hiercomm_heur,saudi,3042.0,42,10,saudi,wind_plus90
13.0,0.5714285714285714,0.9867549668874172,510,-21.67142857142857,hiercomm_heur,saudi,3042.0,42,11,saudi,wind_plus90
13.0,0.5714285714285714,0.9757174392935982,697,-21.77142857142857,hiercomm_heur,saudi,3042.0,42,12,saudi,wind_plus90
23.0,0.4285714285714285,0.8388520971302428,713,-34.628571428571426,hiercomm_heur,saudi,3042.0,42,13,saudi,wind_plus90
23.0,0.4285714285714285,0.8587196467991169,549,-35.22857142857144,hiercomm_heur,saudi,3042.0,42,14,saudi,wind_plus90
23.0,0.4285714285714285,0.9867549668874172,633,-34.528571428571425,hiercomm_heur,saudi,3042.0,1042,0,saudi,wind_plus90
13.0,0.5714285714285714,0.8785871964679912,621,-21.871428571428577,hiercomm_heur,saudi,3042.0,1042,1,saudi,wind_plus90
23.0,0.4285714285714285,0.9293598233995584,510,-34.628571428571426,hiercomm_heur,saudi,3042.0,1042,2,saudi,wind_plus90
23.0,0.4285714285714285,0.8454746136865342,649,-34.628571428571426,hiercomm_heur,saudi,3042.0,1042,3,saudi,wind_plus90
23.0,0.4285714285714285,0.8940397350993378,419,-29.171428571428574,hiercomm_heur,saudi,3042.0,1042,4,saudi,wind_plus90
23.0,0.4285714285714285,0.9161147902869756,649,-34.62857142857143,hiercomm_heur,saudi,3042.0,1042,5,saudi,wind_plus90
13.0,0.5714285714285714,0.8940397350993378,356,-21.571428571428573,hiercomm_heur,saudi,3042.0,1042,6,saudi,wind_plus90
4.0,0.8571428571428571,1.0,440,-6.857142857142858,hiercomm_heur,saudi,3042.0,1042,7,saudi,wind_plus90
13.0,0.5714285714285714,0.9757174392935982,620,-21.67142857142857,hiercomm_heur,saudi,3042.0,1042,8,saudi,wind_plus90
23.0,0.4285714285714285,0.891832229580574,543,-34.728571428571435,hiercomm_heur,saudi,3042.0,1042,9,saudi,wind_plus90
23.0,0.4285714285714285,0.891832229580574,556,-34.82857142857144,hiercomm_heur,saudi,3042.0,1042,10,saudi,wind_plus90
13.0,0.5714285714285714,0.9867549668874172,421,-21.67142857142857,hiercomm_heur,saudi,3042.0,1042,11,saudi,wind_plus90
23.0,0.4285714285714285,0.9381898454746136,662,-34.628571428571426,hiercomm_heur,saudi,3042.0,1042,12,saudi,wind_plus90
23.0,0.4285714285714285,0.9977924944812362,633,-34.42857142857143,hiercomm_heur,saudi,3042.0,1042,13,saudi,wind_plus90
0.0,1.0,1.0,447,0.0,hiercomm_heur,saudi,3042.0,1042,14,saudi,wind_plus90
13.0,0.5714285714285714,0.9757174392935982,635,-21.77142857142857,hiercomm_heur,saudi,3042.0,2042,0,saudi,wind_plus90
23.0,0.4285714285714285,0.926208651399491,373,-28.97142857142857,hiercomm_heur,saudi,3042.0,2042,1,saudi,wind_plus90
23.0,0.4285714285714285,0.9381898454746136,662,-34.628571428571426,hiercomm_heur,saudi,3042.0,2042,2,saudi,wind_plus90
13.0,0.5714285714285714,0.9977924944812362,685,-21.571428571428573,hiercomm_heur,saudi,3042.0,2042,3,saudi,wind_plus90
4.0,0.8571428571428571,0.9977924944812362,447,-6.857142857142858,hiercomm_heur,saudi,3042.0,2042,4,saudi,wind_plus90
23.0,0.4285714285714285,0.7494089834515366,455,-35.12857142857143,hiercomm_heur,saudi,3042.0,2042,5,saudi,wind_plus90
13.0,0.5714285714285714,0.9977924944812362,684,-21.571428571428573,hiercomm_heur,saudi,3042.0,2042,6,saudi,wind_plus90
13.0,0.5714285714285714,0.9624724061810156,561,-21.871428571428577,hiercomm_heur,saudi,3042.0,2042,7,saudi,wind_plus90
23.0,0.4285714285714285,0.8940397350993378,419,-29.171428571428574,hiercomm_heur,saudi,3042.0,2042,8,saudi,wind_plus90
23.0,0.4285714285714285,0.8123620309050773,652,-35.22857142857144,hiercomm_heur,saudi,3042.0,2042,9,saudi,wind_plus90
23.0,0.4285714285714285,0.9205298013245032,435,-28.97142857142857,hiercomm_heur,saudi,3042.0,2042,10,saudi,wind_plus90
4.0,0.8571428571428571,1.0,536,-6.857142857142858,hiercomm_heur,saudi,3042.0,2042,11,saudi,wind_plus90
23.0,0.4285714285714285,0.8807947019867549,651,-34.628571428571426,hiercomm_heur,saudi,3042.0,2042,12,saudi,wind_plus90
23.0,0.4285714285714285,0.8410596026490066,660,-34.628571428571426,hiercomm_heur,saudi,3042.0,2042,13,saudi,wind_plus90
23.0,0.4285714285714285,0.8454746136865342,637,-34.628571428571426,hiercomm_heur,saudi,3042.0,2042,14,saudi,wind_plus90
23.0,0.4285714285714285,0.977924944812362,640,-34.42857142857143,hiercomm_heur,saudi,3042.0,3042,0,saudi,wind_plus90
23.0,0.4285714285714285,0.891832229580574,543,-34.728571428571435,hiercomm_heur,saudi,3042.0,3042,1,saudi,wind_plus90
13.0,0.5714285714285714,0.9713024282560706,469,-21.67142857142857,hiercomm_heur,saudi,3042.0,3042,2,saudi,wind_plus90
23.0,0.4285714285714285,0.8631346578366446,654,-34.42857142857143,hiercomm_heur,saudi,3042.0,3042,3,saudi,wind_plus90
13.0,0.5714285714285714,0.8940397350993378,356,-21.571428571428573,hiercomm_heur,saudi,3042.0,3042,4,saudi,wind_plus90
23.0,0.4285714285714285,0.7814569536423841,644,-34.72857142857143,hiercomm_heur,saudi,3042.0,3042,5,saudi,wind_plus90
13.0,0.5714285714285714,0.8940397350993378,356,-21.571428571428573,hiercomm_heur,saudi,3042.0,3042,6,saudi,wind_plus90
21.0,0.4285714285714285,1.0,387,-26.57142857142857,hiercomm_heur,saudi,3042.0,3042,7,saudi,wind_plus90
23.0,0.4285714285714285,0.8653421633554084,640,-34.528571428571425,hiercomm_heur,saudi,3042.0,3042,8,saudi,wind_plus90
23.0,0.4285714285714285,0.7470449172576832,455,-35.12857142857143,hiercomm_heur,saudi,3042.0,3042,9,saudi,wind_plus90
23.0,0.4285714285714285,0.8807947019867549,651,-34.42857142857143,hiercomm_heur,saudi,3042.0,3042,10,saudi,wind_plus90
23.0,0.4285714285714285,0.9315673289183224,654,-34.72857142857143,hiercomm_heur,saudi,3042.0,3042,11,saudi,wind_plus90
4.0,0.8571428571428571,0.9977924944812362,447,-6.857142857142858,hiercomm_heur,saudi,3042.0,3042,12,saudi,wind_plus90
23.0,0.4285714285714285,0.75,455,-35.12857142857143,hiercomm_heur,saudi,3042.0,3042,13,saudi,wind_plus90
13.0,0.5714285714285714,0.9867549668874172,421,-21.67142857142857,hiercomm_heur,saudi,3042.0,3042,14,saudi,wind_plus90
13.0,0.5714285714285714,0.8940397350993378,356,-21.571428571428573,hiercomm_heur,saudi,3042.0,4042,0,saudi,wind_plus90
23.0,0.4285714285714285,0.7571743929359823,651,-34.628571428571426,hiercomm_heur,saudi,3042.0,4042,1,saudi,wind_plus90
23.0,0.4285714285714285,0.9867549668874172,514,-34.528571428571425,hiercomm_heur,saudi,3042.0,4042,2,saudi,wind_plus90
13.0,0.5714285714285714,0.9955849889624724,604,-21.571428571428573,hiercomm_heur,saudi,3042.0,4042,3,saudi,wind_plus90
13.0,0.5714285714285714,0.9867549668874172,415,-21.67142857142857,hiercomm_heur,saudi,3042.0,4042,4,saudi,wind_plus90
23.0,0.4285714285714285,0.9933774834437086,691,-34.42857142857143,hiercomm_heur,saudi,3042.0,4042,5,saudi,wind_plus90
23.0,0.4285714285714285,0.9845474613686536,636,-34.528571428571425,hiercomm_heur,saudi,3042.0,4042,6,saudi,wind_plus90
6.0,0.8571428571428571,0.9072847682119204,550,-9.057142857142855,hiercomm_heur,saudi,3042.0,4042,7,saudi,wind_plus90
23.0,0.4285714285714285,0.8653421633554084,639,-34.528571428571425,hiercomm_heur,saudi,3042.0,4042,8,saudi,wind_plus90
23.0,0.4285714285714285,0.9293598233995584,510,-34.628571428571426,hiercomm_heur,saudi,3042.0,4042,9,saudi,wind_plus90
23.0,0.4285714285714285,0.9183222958057397,633,-34.82857142857144,hiercomm_heur,saudi,3042.0,4042,10,saudi,wind_plus90
23.0,0.4285714285714285,0.8410596026490066,660,-34.628571428571426,hiercomm_heur,saudi,3042.0,4042,11,saudi,wind_plus90
23.0,0.4285714285714285,0.9183222958057397,633,-34.82857142857144,hiercomm_heur,saudi,3042.0,4042,12,saudi,wind_plus90
23.0,0.4285714285714285,0.7814569536423841,642,-34.72857142857143,hiercomm_heur,saudi,3042.0,4042,13,saudi,wind_plus90
23.0,0.4285714285714285,0.9757174392935982,649,-34.52857142857143,hiercomm_heur,saudi,3042.0,4042,14,saudi,wind_plus90
8.0,0.7142857142857143,0.7350993377483444,522,-13.814285714285711,hiercomm_heur,saudi,4042.0,42,0,saudi,wind_plus90
21.0,0.4285714285714285,0.9977924944812362,406,-26.57142857142857,hiercomm_heur,saudi,4042.0,42,1,saudi,wind_plus90
17.0,0.4285714285714285,1.0,559,-28.42857142857143,hiercomm_heur,saudi,4042.0,42,2,saudi,wind_plus90
14.0,0.5714285714285714,1.0,549,-22.571428571428573,hiercomm_heur,saudi,4042.0,42,3,saudi,wind_plus90
21.0,0.4285714285714285,0.9977924944812362,505,-26.57142857142857,hiercomm_heur,saudi,4042.0,42,4,saudi,wind_plus90
0.0,1.0,0.984984984984985,53,-0.1,hiercomm_heur,saudi,4042.0,42,5,saudi,wind_plus90
0.0,1.0,0.9829059829059827,13,0.0,hiercomm_heur,saudi,4042.0,42,6,saudi,wind_plus90
10.0,0.7142857142857143,1.0,526,-15.714285714285714,hiercomm_heur,saudi,4042.0,42,7,saudi,wind_plus90
10.0,0.7142857142857143,1.0,516,-15.714285714285714,hiercomm_heur,saudi,4042.0,42,8,saudi,wind_plus90
0.0,1.0,0.9611111111111112,56,-0.1,hiercomm_heur,saudi,4042.0,42,9,saudi,wind_plus90
17.0,0.4285714285714285,0.9867549668874172,539,-28.42857142857143,hiercomm_heur,saudi,4042.0,42,10,saudi,wind_plus90
8.0,0.7142857142857143,0.7350993377483444,524,-13.814285714285711,hiercomm_heur,saudi,4042.0,42,11,saudi,wind_plus90
17.0,0.4285714285714285,0.9867549668874172,576,-28.52857142857143,hiercomm_heur,saudi,4042.0,42,12,saudi,wind_plus90
8.0,0.7142857142857143,0.9955849889624724,483,-13.714285714285714,hiercomm_heur,saudi,4042.0,42,13,saudi,wind_plus90
0.0,1.0,0.9743589743589745,12,0.0,hiercomm_heur,saudi,4042.0,42,14,saudi,wind_plus90
11.0,0.5714285714285714,0.7549668874172185,727,-19.67142857142857,hiercomm_heur,saudi,4042.0,1042,0,saudi,wind_plus90
0.0,1.0,0.9743589743589745,12,0.0,hiercomm_heur,saudi,4042.0,1042,1,saudi,wind_plus90
17.0,0.4285714285714285,0.9977924944812362,637,-28.42857142857143,hiercomm_heur,saudi,4042.0,1042,2,saudi,wind_plus90
17.0,0.4285714285714285,1.0,559,-28.42857142857143,hiercomm_heur,saudi,4042.0,1042,3,saudi,wind_plus90
21.0,0.4285714285714285,0.7660044150110376,510,-26.57142857142857,hiercomm_heur,saudi,4042.0,1042,4,saudi,wind_plus90
0.0,1.0,0.9833333333333332,13,0.0,hiercomm_heur,saudi,4042.0,1042,5,saudi,wind_plus90
10.0,0.7142857142857143,1.0,527,-15.714285714285714,hiercomm_heur,saudi,4042.0,1042,6,saudi,wind_plus90
0.0,1.0,0.9514348785871964,546,-0.2,hiercomm_heur,saudi,4042.0,1042,7,saudi,wind_plus90
8.0,0.7142857142857143,0.9955849889624724,482,-13.714285714285714,hiercomm_heur,saudi,4042.0,1042,8,saudi,wind_plus90
0.0,1.0,0.9829059829059827,13,0.0,hiercomm_heur,saudi,4042.0,1042,9,saudi,wind_plus90
0.0,1.0,0.9829059829059827,13,0.0,hiercomm_heur,saudi,4042.0,1042,10,saudi,wind_plus90
8.0,0.7142857142857143,0.7350993377483444,522,-13.814285714285711,hiercomm_heur,saudi,4042.0,1042,11,saudi,wind_plus90
17.0,0.4285714285714285,1.0,556,-28.42857142857143,hiercomm_heur,saudi,4042.0,1042,12,saudi,wind_plus90
0.0,1.0,0.9833333333333332,13,0.0,hiercomm_heur,saudi,4042.0,1042,13,saudi,wind_plus90
0.0,1.0,0.96,47,-0.1,hiercomm_heur,saudi,4042.0,1042,14,saudi,wind_plus90
17.0,0.4285714285714285,0.9867549668874172,571,-28.52857142857143,hiercomm_heur,saudi,4042.0,2042,0,saudi,wind_plus90
21.0,0.4285714285714285,0.9977924944812362,405,-26.57142857142857,hiercomm_heur,saudi,4042.0,2042,1,saudi,wind_plus90
17.0,0.4285714285714285,1.0,554,-28.42857142857143,hiercomm_heur,saudi,4042.0,2042,2,saudi,wind_plus90
14.0,0.5714285714285714,1.0,549,-22.571428571428573,hiercomm_heur,saudi,4042.0,2042,3,saudi,wind_plus90
0.0,1.0,0.9649122807017544,50,-0.1,hiercomm_heur,saudi,4042.0,2042,4,saudi,wind_plus90
17.0,0.4285714285714285,0.9977924944812362,632,-28.42857142857143,hiercomm_heur,saudi,4042.0,2042,5,saudi,wind_plus90
14.0,0.5714285714285714,1.0,548,-22.571428571428573,hiercomm_heur,saudi,4042.0,2042,6,saudi,wind_plus90
0.0,1.0,0.9833333333333332,13,0.0,hiercomm_heur,saudi,4042.0,2042,7,saudi,wind_plus90
21.0,0.4285714285714285,0.7660044150110376,510,-26.57142857142857,hiercomm_heur,saudi,4042.0,2042,8,saudi,wind_plus90
17.0,0.4285714285714285,0.7527593818984547,564,-28.42857142857143,hiercomm_heur,saudi,4042.0,2042,9,saudi,wind_plus90
21.0,0.4285714285714285,0.9977924944812362,514,-26.57142857142857,hiercomm_heur,saudi,4042.0,2042,10,saudi,wind_plus90
0.0,1.0,0.9611111111111112,56,-0.1,hiercomm_heur,saudi,4042.0,2042,11,saudi,wind_plus90
8.0,0.7142857142857143,0.9955849889624724,484,-13.714285714285714,hiercomm_heur,saudi,4042.0,2042,12,saudi,wind_plus90
17.0,0.4285714285714285,0.8609271523178808,643,-28.42857142857143,hiercomm_heur,saudi,4042.0,2042,13,saudi,wind_plus90
17.0,0.4285714285714285,1.0,556,-28.42857142857143,hiercomm_heur,saudi,4042.0,2042,14,saudi,wind_plus90
0.0,1.0,0.9833333333333332,13,0.0,hiercomm_heur,saudi,4042.0,3042,0,saudi,wind_plus90
0.0,1.0,0.9743589743589745,12,0.0,hiercomm_heur,saudi,4042.0,3042,1,saudi,wind_plus90
8.0,0.7142857142857143,0.7350993377483444,522,-13.814285714285711,hiercomm_heur,saudi,4042.0,3042,2,saudi,wind_plus90
10.0,0.7142857142857143,1.0,516,-15.714285714285714,hiercomm_heur,saudi,4042.0,3042,3,saudi,wind_plus90
10.0,0.7142857142857143,1.0,526,-15.714285714285714,hiercomm_heur,saudi,4042.0,3042,4,saudi,wind_plus90
17.0,0.4285714285714285,0.9801324503311258,484,-28.42857142857143,hiercomm_heur,saudi,4042.0,3042,5,saudi,wind_plus90
10.0,0.7142857142857143,1.0,526,-15.714285714285714,hiercomm_heur,saudi,4042.0,3042,6,saudi,wind_plus90
21.0,0.4285714285714285,1.0,437,-26.57142857142857,hiercomm_heur,saudi,4042.0,3042,7,saudi,wind_plus90
8.0,0.7142857142857143,0.93598233995585,561,-13.714285714285714,hiercomm_heur,saudi,4042.0,3042,8,saudi,wind_plus90
17.0,0.4285714285714285,0.9977924944812362,632,-28.42857142857143,hiercomm_heur,saudi,4042.0,3042,9,saudi,wind_plus90
0.0,1.0,0.9829059829059827,13,0.0,hiercomm_heur,saudi,4042.0,3042,10,saudi,wind_plus90
17.0,0.4285714285714285,0.9801324503311258,486,-28.42857142857143,hiercomm_heur,saudi,4042.0,3042,11,saudi,wind_plus90
0.0,1.0,0.9701492537313432,50,-0.1,hiercomm_heur,saudi,4042.0,3042,12,saudi,wind_plus90
17.0,0.4285714285714285,0.9977924944812362,632,-28.42857142857143,hiercomm_heur,saudi,4042.0,3042,13,saudi,wind_plus90
8.0,0.7142857142857143,0.7350993377483444,522,-13.814285714285711,hiercomm_heur,saudi,4042.0,3042,14,saudi,wind_plus90
10.0,0.7142857142857143,1.0,526,-15.714285714285714,hiercomm_heur,saudi,4042.0,4042,0,saudi,wind_plus90
8.0,0.7142857142857143,0.9955849889624724,516,-13.714285714285714,hiercomm_heur,saudi,4042.0,4042,1,saudi,wind_plus90
17.0,0.4285714285714285,0.9867549668874172,538,-28.42857142857143,hiercomm_heur,saudi,4042.0,4042,2,saudi,wind_plus90
10.0,0.7142857142857143,1.0,516,-15.714285714285714,hiercomm_heur,saudi,4042.0,4042,3,saudi,wind_plus90
8.0,0.7142857142857143,0.7350993377483444,521,-13.814285714285711,hiercomm_heur,saudi,4042.0,4042,4,saudi,wind_plus90
17.0,0.4285714285714285,0.9911699779249448,529,-28.42857142857143,hiercomm_heur,saudi,4042.0,4042,5,saudi,wind_plus90
17.0,0.4285714285714285,0.9977924944812362,633,-28.42857142857143,hiercomm_heur,saudi,4042.0,4042,6,saudi,wind_plus90
8.0,0.7142857142857143,0.9955849889624724,482,-13.714285714285714,hiercomm_heur,saudi,4042.0,4042,7,saudi,wind_plus90
17.0,0.4285714285714285,1.0,562,-28.42857142857143,hiercomm_heur,saudi,4042.0,4042,8,saudi,wind_plus90
17.0,0.4285714285714285,0.9977924944812362,635,-28.42857142857143,hiercomm_heur,saudi,4042.0,4042,9,saudi,wind_plus90
17.0,0.4285714285714285,0.9977924944812362,535,-28.42857142857143,hiercomm_heur,saudi,4042.0,4042,10,saudi,wind_plus90
17.0,0.4285714285714285,0.8609271523178808,644,-28.42857142857143,hiercomm_heur,saudi,4042.0,4042,11,saudi,wind_plus90
17.0,0.4285714285714285,0.9977924944812362,535,-28.42857142857143,hiercomm_heur,saudi,4042.0,4042,12,saudi,wind_plus90
17.0,0.4285714285714285,0.9801324503311258,482,-28.42857142857143,hiercomm_heur,saudi,4042.0,4042,13,saudi,wind_plus90
0.0,1.0,0.9833333333333332,13,0.0,hiercomm_heur,saudi,4042.0,4042,14,saudi,wind_plus90
43.0,0.0,1.0,879,-63.0,noop,saudi,,42,0,saudi,assets_rot90
37.0,0.1428571428571428,1.0,718,-54.142857142857146,noop,saudi,,42,1,saudi,assets_rot90
43.0,0.0,1.0,851,-63.0,noop,saudi,,42,2,saudi,assets_rot90
43.0,0.0,1.0,832,-63.0,noop,saudi,,42,3,saudi,assets_rot90
43.0,0.0,1.0,769,-63.0,noop,saudi,,42,4,saudi,assets_rot90
43.0,0.0,1.0,899,-63.0,noop,saudi,,42,5,saudi,assets_rot90
43.0,0.0,1.0,876,-63.0,noop,saudi,,42,6,saudi,assets_rot90
43.0,0.0,1.0,801,-63.0,noop,saudi,,42,7,saudi,assets_rot90
43.0,0.0,1.0,834,-63.0,noop,saudi,,42,8,saudi,assets_rot90
43.0,0.0,1.0,900,-63.0,noop,saudi,,42,9,saudi,assets_rot90
43.0,0.0,1.0,874,-63.0,noop,saudi,,42,10,saudi,assets_rot90
43.0,0.0,1.0,869,-63.0,noop,saudi,,42,11,saudi,assets_rot90
43.0,0.0,1.0,900,-63.0,noop,saudi,,42,12,saudi,assets_rot90
43.0,0.0,1.0,900,-63.0,noop,saudi,,42,13,saudi,assets_rot90
43.0,0.0,1.0,894,-63.0,noop,saudi,,42,14,saudi,assets_rot90
43.0,0.0,1.0,896,-63.0,noop,saudi,,1042,0,saudi,assets_rot90
43.0,0.0,1.0,862,-63.0,noop,saudi,,1042,1,saudi,assets_rot90
43.0,0.0,1.0,849,-63.0,noop,saudi,,1042,2,saudi,assets_rot90
43.0,0.0,1.0,873,-63.0,noop,saudi,,1042,3,saudi,assets_rot90
43.0,0.0,1.0,757,-63.0,noop,saudi,,1042,4,saudi,assets_rot90
43.0,0.0,1.0,899,-63.0,noop,saudi,,1042,5,saudi,assets_rot90
43.0,0.0,1.0,805,-63.0,noop,saudi,,1042,6,saudi,assets_rot90
43.0,0.0,1.0,899,-63.0,noop,saudi,,1042,7,saudi,assets_rot90
43.0,0.0,1.0,882,-63.0,noop,saudi,,1042,8,saudi,assets_rot90
43.0,0.0,1.0,892,-63.0,noop,saudi,,1042,9,saudi,assets_rot90
43.0,0.0,1.0,821,-63.0,noop,saudi,,1042,10,saudi,assets_rot90
43.0,0.0,1.0,865,-63.0,noop,saudi,,1042,11,saudi,assets_rot90
43.0,0.0,1.0,879,-63.0,noop,saudi,,1042,12,saudi,assets_rot90
43.0,0.0,1.0,891,-63.0,noop,saudi,,1042,13,saudi,assets_rot90
43.0,0.0,1.0,900,-63.0,noop,saudi,,1042,14,saudi,assets_rot90
43.0,0.0,1.0,880,-63.0,noop,saudi,,2042,0,saudi,assets_rot90
43.0,0.0,1.0,779,-63.0,noop,saudi,,2042,1,saudi,assets_rot90
43.0,0.0,1.0,840,-63.0,noop,saudi,,2042,2,saudi,assets_rot90
43.0,0.0,1.0,876,-63.0,noop,saudi,,2042,3,saudi,assets_rot90
43.0,0.0,1.0,900,-63.0,noop,saudi,,2042,4,saudi,assets_rot90
43.0,0.0,1.0,870,-63.0,noop,saudi,,2042,5,saudi,assets_rot90
43.0,0.0,1.0,892,-63.0,noop,saudi,,2042,6,saudi,assets_rot90
43.0,0.0,1.0,900,-63.0,noop,saudi,,2042,7,saudi,assets_rot90
43.0,0.0,1.0,785,-63.0,noop,saudi,,2042,8,saudi,assets_rot90
43.0,0.0,1.0,878,-63.0,noop,saudi,,2042,9,saudi,assets_rot90
43.0,0.0,1.0,757,-63.0,noop,saudi,,2042,10,saudi,assets_rot90
43.0,0.0,1.0,900,-63.0,noop,saudi,,2042,11,saudi,assets_rot90
43.0,0.0,1.0,900,-63.0,noop,saudi,,2042,12,saudi,assets_rot90
43.0,0.0,1.0,843,-63.0,noop,saudi,,2042,13,saudi,assets_rot90
43.0,0.0,1.0,843,-63.0,noop,saudi,,2042,14,saudi,assets_rot90
43.0,0.0,1.0,873,-63.0,noop,saudi,,3042,0,saudi,assets_rot90
43.0,0.0,1.0,879,-63.0,noop,saudi,,3042,1,saudi,assets_rot90
43.0,0.0,1.0,900,-63.0,noop,saudi,,3042,2,saudi,assets_rot90
43.0,0.0,1.0,850,-63.0,noop,saudi,,3042,3,saudi,assets_rot90
43.0,0.0,1.0,892,-63.0,noop,saudi,,3042,4,saudi,assets_rot90
43.0,0.0,1.0,866,-63.0,noop,saudi,,3042,5,saudi,assets_rot90
43.0,0.0,1.0,879,-63.0,noop,saudi,,3042,6,saudi,assets_rot90
43.0,0.0,1.0,767,-63.0,noop,saudi,,3042,7,saudi,assets_rot90
43.0,0.0,1.0,885,-63.0,noop,saudi,,3042,8,saudi,assets_rot90
43.0,0.0,1.0,844,-63.0,noop,saudi,,3042,9,saudi,assets_rot90
43.0,0.0,1.0,896,-63.0,noop,saudi,,3042,10,saudi,assets_rot90
43.0,0.0,1.0,792,-63.0,noop,saudi,,3042,11,saudi,assets_rot90
43.0,0.0,1.0,898,-63.0,noop,saudi,,3042,12,saudi,assets_rot90
43.0,0.0,1.0,847,-63.0,noop,saudi,,3042,13,saudi,assets_rot90
43.0,0.0,1.0,835,-63.0,noop,saudi,,3042,14,saudi,assets_rot90
43.0,0.0,1.0,850,-63.0,noop,saudi,,4042,0,saudi,assets_rot90
43.0,0.0,1.0,875,-63.0,noop,saudi,,4042,1,saudi,assets_rot90
43.0,0.0,1.0,896,-63.0,noop,saudi,,4042,2,saudi,assets_rot90
43.0,0.0,1.0,769,-63.0,noop,saudi,,4042,3,saudi,assets_rot90
43.0,0.0,1.0,900,-63.0,noop,saudi,,4042,4,saudi,assets_rot90
43.0,0.0,1.0,792,-63.0,noop,saudi,,4042,5,saudi,assets_rot90
43.0,0.0,1.0,857,-63.0,noop,saudi,,4042,6,saudi,assets_rot90
43.0,0.0,1.0,885,-63.0,noop,saudi,,4042,7,saudi,assets_rot90
43.0,0.0,1.0,853,-63.0,noop,saudi,,4042,8,saudi,assets_rot90
43.0,0.0,1.0,884,-63.0,noop,saudi,,4042,9,saudi,assets_rot90
43.0,0.0,1.0,857,-63.0,noop,saudi,,4042,10,saudi,assets_rot90
43.0,0.0,1.0,865,-63.0,noop,saudi,,4042,11,saudi,assets_rot90
43.0,0.0,1.0,888,-63.0,noop,saudi,,4042,12,saudi,assets_rot90
43.0,0.0,1.0,877,-63.0,noop,saudi,,4042,13,saudi,assets_rot90
43.0,0.0,1.0,900,-63.0,noop,saudi,,4042,14,saudi,assets_rot90
33.0,0.2857142857142857,1.0,850,-47.285714285714285,value_first,saudi,,42,0,saudi,assets_rot90
31.0,0.2857142857142857,0.9955849889624724,701,-45.285714285714285,value_first,saudi,,42,1,saudi,assets_rot90
37.0,0.1428571428571428,0.9977924944812362,835,-54.142857142857146,value_first,saudi,,42,2,saudi,assets_rot90
43.0,0.0,0.9977924944812362,825,-63.0,value_first,saudi,,42,3,saudi,assets_rot90
43.0,0.0,0.9977924944812362,762,-63.0,value_first,saudi,,42,4,saudi,assets_rot90
33.0,0.2857142857142857,0.9977924944812362,881,-47.285714285714285,value_first,saudi,,42,5,saudi,assets_rot90
33.0,0.2857142857142857,0.9977924944812362,840,-47.285714285714285,value_first,saudi,,42,6,saudi,assets_rot90
43.0,0.0,0.9977924944812362,794,-63.0,value_first,saudi,,42,7,saudi,assets_rot90
43.0,0.0,0.9977924944812362,827,-63.0,value_first,saudi,,42,8,saudi,assets_rot90
33.0,0.2857142857142857,0.9948320413436692,882,-47.285714285714285,value_first,saudi,,42,9,saudi,assets_rot90
33.0,0.2857142857142857,0.9955849889624724,849,-47.285714285714285,value_first,saudi,,42,10,saudi,assets_rot90
33.0,0.2857142857142857,0.9955849889624724,844,-47.285714285714285,value_first,saudi,,42,11,saudi,assets_rot90
33.0,0.2857142857142857,1.0,873,-47.28571428571429,value_first,saudi,,42,12,saudi,assets_rot90
33.0,0.2857142857142857,0.9952380952380953,866,-47.285714285714285,value_first,saudi,,42,13,saudi,assets_rot90
33.0,0.2857142857142857,0.9977924944812362,867,-47.285714285714285,value_first,saudi,,42,14,saudi,assets_rot90
33.0,0.2857142857142857,0.9955849889624724,871,-47.285714285714285,value_first,saudi,,1042,0,saudi,assets_rot90
33.0,0.2857142857142857,0.9977924944812362,827,-47.285714285714285,value_first,saudi,,1042,1,saudi,assets_rot90
43.0,0.0,0.9977924944812362,842,-63.0,value_first,saudi,,1042,2,saudi,assets_rot90
43.0,0.0,0.9955849889624724,866,-63.0,value_first,saudi,,1042,3,saudi,assets_rot90
43.0,0.0,0.9977924944812362,750,-63.0,value_first,saudi,,1042,4,saudi,assets_rot90
33.0,0.2857142857142857,0.9933774834437086,862,-47.285714285714285,value_first,saudi,,1042,5,saudi,assets_rot90
43.0,0.0,0.9977924944812362,798,-63.0,value_first,saudi,,1042,6,saudi,assets_rot90
33.0,0.2857142857142857,0.9977924944812362,871,-47.285714285714285,value_first,saudi,,1042,7,saudi,assets_rot90
33.0,0.2857142857142857,1.0,864,-47.285714285714285,value_first,saudi,,1042,8,saudi,assets_rot90
33.0,0.2857142857142857,1.0,852,-47.285714285714285,value_first,saudi,,1042,9,saudi,assets_rot90
33.0,0.2857142857142857,0.9977924944812362,796,-47.285714285714285,value_first,saudi,,1042,10,saudi,assets_rot90
33.0,0.2857142857142857,0.9977924944812362,831,-47.285714285714285,value_first,saudi,,1042,11,saudi,assets_rot90
33.0,0.2857142857142857,0.9955849889624724,854,-47.285714285714285,value_first,saudi,,1042,12,saudi,assets_rot90
33.0,0.2857142857142857,0.9955849889624724,851,-47.285714285714285,value_first,saudi,,1042,13,saudi,assets_rot90
33.0,0.2857142857142857,0.9975669099756692,882,-47.285714285714285,value_first,saudi,,1042,14,saudi,assets_rot90
43.0,0.0,0.9955849889624724,873,-63.0,value_first,saudi,,2042,0,saudi,assets_rot90
43.0,0.0,0.9977924944812362,772,-63.0,value_first,saudi,,2042,1,saudi,assets_rot90
43.0,0.0,0.9977924944812362,833,-63.0,value_first,saudi,,2042,2,saudi,assets_rot90
43.0,0.0,0.9955849889624724,869,-63.0,value_first,saudi,,2042,3,saudi,assets_rot90
33.0,0.2857142857142857,0.9948320413436692,873,-47.285714285714285,value_first,saudi,,2042,4,saudi,assets_rot90
33.0,0.2857142857142857,0.9955849889624724,845,-47.285714285714285,value_first,saudi,,2042,5,saudi,assets_rot90
33.0,0.2857142857142857,1.0,874,-47.285714285714285,value_first,saudi,,2042,6,saudi,assets_rot90
33.0,0.2857142857142857,0.997716894977169,873,-47.285714285714285,value_first,saudi,,2042,7,saudi,assets_rot90
43.0,0.0,0.9977924944812362,778,-63.0,value_first,saudi,,2042,8,saudi,assets_rot90
33.0,0.2857142857142857,0.9955849889624724,853,-47.285714285714285,value_first,saudi,,2042,9,saudi,assets_rot90
43.0,0.0,0.9977924944812362,750,-63.0,value_first,saudi,,2042,10,saudi,assets_rot90
33.0,0.2857142857142857,0.9944903581267218,882,-47.285714285714285,value_first,saudi,,2042,11,saudi,assets_rot90
33.0,0.2857142857142857,0.9952038369304556,866,-47.285714285714285,value_first,saudi,,2042,12,saudi,assets_rot90
43.0,0.0,0.9977924944812362,836,-63.0,value_first,saudi,,2042,13,saudi,assets_rot90
43.0,0.0,0.9977924944812362,836,-63.0,value_first,saudi,,2042,14,saudi,assets_rot90
33.0,0.2857142857142857,1.0,845,-47.285714285714285,value_first,saudi,,3042,0,saudi,assets_rot90
33.0,0.2857142857142857,1.0,850,-47.285714285714285,value_first,saudi,,3042,1,saudi,assets_rot90
33.0,0.2857142857142857,0.9975669099756692,882,-47.285714285714285,value_first,saudi,,3042,2,saudi,assets_rot90
33.0,0.2857142857142857,0.9977924944812362,825,-47.285714285714285,value_first,saudi,,3042,3,saudi,assets_rot90
33.0,0.2857142857142857,1.0,857,-47.285714285714285,value_first,saudi,,3042,4,saudi,assets_rot90
33.0,0.2857142857142857,0.9955849889624724,841,-47.285714285714285,value_first,saudi,,3042,5,saudi,assets_rot90
33.0,0.2857142857142857,1.0,839,-47.285714285714285,value_first,saudi,,3042,6,saudi,assets_rot90
43.0,0.0,0.9977924944812362,760,-63.0,value_first,saudi,,3042,7,saudi,assets_rot90
33.0,0.2857142857142857,0.9955849889624724,860,-47.285714285714285,value_first,saudi,,3042,8,saudi,assets_rot90
43.0,0.0,0.9977924944812362,837,-63.0,value_first,saudi,,3042,9,saudi,assets_rot90
33.0,0.2857142857142857,1.0,858,-47.285714285714285,value_first,saudi,,3042,10,saudi,assets_rot90
43.0,0.0,0.9977924944812362,785,-63.0,value_first,saudi,,3042,11,saudi,assets_rot90
33.0,0.2857142857142857,0.9955849889624724,880,-47.285714285714285,value_first,saudi,,3042,12,saudi,assets_rot90
43.0,0.0,0.9977924944812362,840,-63.0,value_first,saudi,,3042,13,saudi,assets_rot90
33.0,0.2857142857142857,0.9977924944812362,810,-47.285714285714285,value_first,saudi,,3042,14,saudi,assets_rot90
33.0,0.2857142857142857,0.9933774834437086,825,-47.285714285714285,value_first,saudi,,4042,0,saudi,assets_rot90
33.0,0.2857142857142857,1.0,847,-47.285714285714285,value_first,saudi,,4042,1,saudi,assets_rot90
33.0,0.2857142857142857,1.0,859,-47.285714285714285,value_first,saudi,,4042,2,saudi,assets_rot90
43.0,0.0,0.9977924944812362,762,-63.0,value_first,saudi,,4042,3,saudi,assets_rot90
33.0,0.2857142857142857,0.9954648526077098,866,-47.285714285714285,value_first,saudi,,4042,4,saudi,assets_rot90
43.0,0.0,0.9977924944812362,785,-63.0,value_first,saudi,,4042,5,saudi,assets_rot90
33.0,0.2857142857142857,0.9955849889624724,832,-47.285714285714285,value_first,saudi,,4042,6,saudi,assets_rot90
33.0,0.2857142857142857,1.0,856,-47.285714285714285,value_first,saudi,,4042,7,saudi,assets_rot90
43.0,0.0,0.9977924944812362,846,-63.0,value_first,saudi,,4042,8,saudi,assets_rot90
33.0,0.2857142857142857,1.0,843,-47.285714285714285,value_first,saudi,,4042,9,saudi,assets_rot90
43.0,0.0,0.9955849889624724,850,-63.0,value_first,saudi,,4042,10,saudi,assets_rot90
43.0,0.0,0.9955849889624724,858,-63.0,value_first,saudi,,4042,11,saudi,assets_rot90
37.0,0.1428571428571428,1.0,857,-54.142857142857146,value_first,saudi,,4042,12,saudi,assets_rot90
33.0,0.2857142857142857,0.9955849889624724,852,-47.285714285714285,value_first,saudi,,4042,13,saudi,assets_rot90
33.0,0.2857142857142857,0.9975669099756692,873,-47.285714285714285,value_first,saudi,,4042,14,saudi,assets_rot90
30.0,0.2857142857142857,0.3818984547461369,645,-49.38571428571432,local_reactive,saudi,,42,0,saudi,assets_rot90
3.0,0.8571428571428571,0.6394557823129252,191,-8.657142857142855,local_reactive,saudi,,42,1,saudi,assets_rot90
0.0,1.0,0.8571428571428571,12,-0.3,local_reactive,saudi,,42,2,saudi,assets_rot90
4.0,0.8571428571428571,0.4146981627296588,434,-11.05714285714285,local_reactive,saudi,,42,3,saudi,assets_rot90
24.0,0.4285714285714285,0.4966887417218543,389,-39.228571428571456,local_reactive,saudi,,42,4,saudi,assets_rot90
4.0,0.8571428571428571,0.3818984547461369,671,-11.15714285714285,local_reactive,saudi,,42,5,saudi,assets_rot90
18.0,0.5714285714285714,0.4260485651214128,484,-30.77142857142856,local_reactive,saudi,,42,6,saudi,assets_rot90
0.0,1.0,0.8172043010752689,18,-0.3000000000000014,local_reactive,saudi,,42,7,saudi,assets_rot90
37.0,0.1428571428571428,0.3968253968253968,293,-59.04285714285721,local_reactive,saudi,,42,8,saudi,assets_rot90
4.0,0.8571428571428571,0.4613686534216336,480,-10.557142857142852,local_reactive,saudi,,42,9,saudi,assets_rot90
0.0,1.0,0.6942355889724311,288,-1.7000000000000004,local_reactive,saudi,,42,10,saudi,assets_rot90
8.0,0.7142857142857143,0.4679911699779249,423,-17.714285714285705,local_reactive,saudi,,42,11,saudi,assets_rot90
37.0,0.1428571428571428,0.3951612903225806,493,-58.342857142857184,local_reactive,saudi,,42,12,saudi,assets_rot90
37.0,0.1428571428571428,0.4481236203090508,540,-57.84285714285716,local_reactive,saudi,,42,13,saudi,assets_rot90
14.0,0.5714285714285714,0.3818984547461369,638,-27.47142857142856,local_reactive,saudi,,42,14,saudi,assets_rot90
43.0,0.0,0.379690949227373,599,-68.40000000000006,local_reactive,saudi,,1042,0,saudi,assets_rot90
10.0,0.7142857142857143,0.3774834437086092,571,-20.614285714285703,local_reactive,saudi,,1042,1,saudi,assets_rot90
37.0,0.1428571428571428,0.5540838852097131,463,-57.34285714285719,local_reactive,saudi,,1042,2,saudi,assets_rot90
0.0,1.0,0.7708333333333334,25,-0.3999999999999992,local_reactive,saudi,,1042,3,saudi,assets_rot90
19.0,0.5714285714285714,0.9135802469135802,13,-27.571428571428573,local_reactive,saudi,,1042,4,saudi,assets_rot90
27.0,0.2857142857142857,0.4415011037527593,541,-45.785714285714285,local_reactive,saudi,,1042,5,saudi,assets_rot90
8.0,0.7142857142857143,0.4966887417218543,407,-17.414285714285707,local_reactive,saudi,,1042,6,saudi,assets_rot90
10.0,0.7142857142857143,0.3774834437086092,704,-20.214285714285705,local_reactive,saudi,,1042,7,saudi,assets_rot90
4.0,0.8571428571428571,0.8333333333333334,227,-7.857142857142854,local_reactive,saudi,,1042,8,saudi,assets_rot90
4.0,0.8571428571428571,0.5077262693156733,335,-10.757142857142846,local_reactive,saudi,,1042,9,saudi,assets_rot90
4.0,0.8571428571428571,0.3774834437086092,512,-12.357142857142842,local_reactive,saudi,,1042,10,saudi,assets_rot90
10.0,0.7142857142857143,0.3774834437086092,611,-20.4142857142857,local_reactive,saudi,,1042,11,saudi,assets_rot90
37.0,0.1428571428571428,0.3877068557919622,577,-59.74285714285721,local_reactive,saudi,,1042,12,saudi,assets_rot90
10.0,0.7142857142857143,0.3818984547461369,637,-20.614285714285703,local_reactive,saudi,,1042,13,saudi,assets_rot90
0.0,1.0,0.8070175438596491,20,-0.5,local_reactive,saudi,,1042,14,saudi,assets_rot90
0.0,1.0,0.7741935483870968,31,-0.3999999999999992,local_reactive,saudi,,2042,0,saudi,assets_rot90
24.0,0.4285714285714285,0.4613686534216336,320,-38.92857142857145,local_reactive,saudi,,2042,1,saudi,assets_rot90
14.0,0.7142857142857143,0.4657836644591611,397,-23.114285714285707,local_reactive,saudi,,2042,2,saudi,assets_rot90
4.0,0.8571428571428571,0.491358024691358,437,-10.55714285714285,local_reactive,saudi,,2042,3,saudi,assets_rot90
4.0,0.8571428571428571,0.3881278538812785,703,-11.957142857142848,local_reactive,saudi,,2042,4,saudi,assets_rot90
4.0,0.8571428571428571,0.6940298507462687,300,-8.857142857142856,local_reactive,saudi,,2042,5,saudi,assets_rot90
4.0,0.8571428571428571,0.4611528822055137,458,-10.457142857142852,local_reactive,saudi,,2042,6,saudi,assets_rot90
10.0,0.7142857142857143,0.4635761589403973,628,-18.914285714285704,local_reactive,saudi,,2042,7,saudi,assets_rot90
24.0,0.4285714285714285,0.4613686534216336,334,-38.92857142857145,local_reactive,saudi,,2042,8,saudi,assets_rot90
37.0,0.1428571428571428,0.4015748031496063,590,-59.0428571428572,local_reactive,saudi,,2042,9,saudi,assets_rot90
19.0,0.5714285714285714,0.9135802469135802,13,-27.571428571428573,local_reactive,saudi,,2042,10,saudi,assets_rot90
4.0,0.8571428571428571,0.3860911270983213,503,-12.557142857142846,local_reactive,saudi,,2042,11,saudi,assets_rot90
24.0,0.4285714285714285,0.4562647754137116,524,-39.12857142857143,local_reactive,saudi,,2042,12,saudi,assets_rot90
0.0,1.0,0.7741935483870968,15,-0.400000000000001,local_reactive,saudi,,2042,13,saudi,assets_rot90
18.0,0.5714285714285714,0.4657836644591611,376,-29.971428571428564,local_reactive,saudi,,2042,14,saudi,assets_rot90
18.0,0.5714285714285714,0.4292237442922374,490,-30.771428571428565,local_reactive,saudi,,3042,0,saudi,assets_rot90
10.0,0.7142857142857143,0.4392935982339956,568,-19.814285714285703,local_reactive,saudi,,3042,1,saudi,assets_rot90
4.0,0.8571428571428571,0.4701986754966887,532,-10.757142857142853,local_reactive,saudi,,3042,2,saudi,assets_rot90
37.0,0.1428571428571428,0.3818984547461369,580,-58.64285714285719,local_reactive,saudi,,3042,3,saudi,assets_rot90
4.0,0.8571428571428571,0.4481236203090508,478,-11.157142857142857,local_reactive,saudi,,3042,4,saudi,assets_rot90
37.0,0.1428571428571428,0.3934426229508196,333,-59.4428571428572,local_reactive,saudi,,3042,5,saudi,assets_rot90
37.0,0.1428571428571428,0.3934837092731829,382,-59.04285714285719,local_reactive,saudi,,3042,6,saudi,assets_rot90
19.0,0.5714285714285714,0.9135802469135802,13,-27.571428571428573,local_reactive,saudi,,3042,7,saudi,assets_rot90
43.0,0.0,0.3818984547461369,519,-68.10000000000007,local_reactive,saudi,,3042,8,saudi,assets_rot90
37.0,0.1428571428571428,0.6158940397350994,445,-56.842857142857184,local_reactive,saudi,,3042,9,saudi,assets_rot90
34.0,0.2857142857142857,0.4419753086419753,406,-52.785714285714334,local_reactive,saudi,,3042,10,saudi,assets_rot90
20.0,0.5714285714285714,0.6269315673289183,351,-31.071428571428584,local_reactive,saudi,,3042,11,saudi,assets_rot90
4.0,0.8571428571428571,0.4194260485651214,486,-11.157142857142851,local_reactive,saudi,,3042,12,saudi,assets_rot90
37.0,0.1428571428571428,0.6158940397350994,445,-56.842857142857184,local_reactive,saudi,,3042,13,saudi,assets_rot90
0.0,1.0,0.8611111111111112,5,-0.2,local_reactive,saudi,,3042,14,saudi,assets_rot90
10.0,0.7142857142857143,0.4415011037527593,508,-20.2142857142857,local_reactive,saudi,,4042,0,saudi,assets_rot90
4.0,0.8571428571428571,0.5950782997762863,358,-9.55714285714285,local_reactive,saudi,,4042,1,saudi,assets_rot90
34.0,0.2857142857142857,0.4427860696517413,410,-52.58571428571433,local_reactive,saudi,,4042,2,saudi,assets_rot90
20.0,0.5714285714285714,0.6379690949227373,333,-31.571428571428573,local_reactive,saudi,,4042,3,saudi,assets_rot90
4.0,0.8571428571428571,0.4503311258278146,451,-10.657142857142857,local_reactive,saudi,,4042,4,saudi,assets_rot90
18.0,0.5714285714285714,0.4912280701754385,428,-29.57142857142857,local_reactive,saudi,,4042,5,saudi,assets_rot90
4.0,0.8571428571428571,0.4304635761589404,340,-11.657142857142844,local_reactive,saudi,,4042,6,saudi,assets_rot90
30.0,0.2857142857142857,0.3818984547461369,649,-49.38571428571432,local_reactive,saudi,,4042,7,saudi,assets_rot90
0.0,1.0,0.7708333333333334,19,-0.500000000000001,local_reactive,saudi,,4042,8,saudi,assets_rot90
43.0,0.0,0.3863134657836644,637,-67.30000000000004,local_reactive,saudi,,4042,9,saudi,assets_rot90
8.0,0.7142857142857143,0.6335540838852097,345,-15.714285714285706,local_reactive,saudi,,4042,10,saudi,assets_rot90
4.0,0.8571428571428571,0.4370860927152318,418,-11.35714285714285,local_reactive,saudi,,4042,11,saudi,assets_rot90
43.0,0.0,0.3863134657836644,677,-67.10000000000002,local_reactive,saudi,,4042,12,saudi,assets_rot90
37.0,0.1428571428571428,0.3927648578811369,573,-58.9428571428572,local_reactive,saudi,,4042,13,saudi,assets_rot90
4.0,0.8571428571428571,0.4591611479028697,624,-10.25714285714285,local_reactive,saudi,,4042,14,saudi,assets_rot90
39.0,0.1428571428571428,0.8852097130242825,727,-56.54285714285715,commnet,saudi,42.0,42,0,saudi,assets_rot90
33.0,0.2857142857142857,0.9470198675496688,572,-47.68571428571429,commnet,saudi,42.0,42,1,saudi,assets_rot90
39.0,0.1428571428571428,0.6821192052980133,698,-56.64285714285715,commnet,saudi,42.0,42,2,saudi,assets_rot90
39.0,0.1428571428571428,0.6821192052980133,686,-56.54285714285714,commnet,saudi,42.0,42,3,saudi,assets_rot90
39.0,0.1428571428571428,0.6821192052980133,616,-56.64285714285716,commnet,saudi,42.0,42,4,saudi,assets_rot90
39.0,0.1428571428571428,0.8785871964679912,753,-56.54285714285714,commnet,saudi,42.0,42,5,saudi,assets_rot90
39.0,0.1428571428571428,0.8852097130242825,721,-56.54285714285715,commnet,saudi,42.0,42,6,saudi,assets_rot90
39.0,0.1428571428571428,0.6821192052980133,648,-56.64285714285716,commnet,saudi,42.0,42,7,saudi,assets_rot90
39.0,0.1428571428571428,0.6821192052980133,681,-56.64285714285715,commnet,saudi,42.0,42,8,saudi,assets_rot90
39.0,0.1428571428571428,0.7855297157622739,745,-56.54285714285715,commnet,saudi,42.0,42,9,saudi,assets_rot90
39.0,0.1428571428571428,0.6821192052980133,724,-56.64285714285715,commnet,saudi,42.0,42,10,saudi,assets_rot90
39.0,0.1428571428571428,0.9094922737306844,719,-56.54285714285715,commnet,saudi,42.0,42,11,saudi,assets_rot90
39.0,0.1428571428571428,0.8888888888888888,754,-56.54285714285715,commnet,saudi,42.0,42,12,saudi,assets_rot90
39.0,0.1428571428571428,0.8429951690821256,745,-56.54285714285715,commnet,saudi,42.0,42,13,saudi,assets_rot90
39.0,0.1428571428571428,0.8830022075055187,741,-56.54285714285715,commnet,saudi,42.0,42,14,saudi,assets_rot90
39.0,0.1428571428571428,0.6821192052980133,743,-56.64285714285715,commnet,saudi,42.0,1042,0,saudi,assets_rot90
39.0,0.1428571428571428,0.8852097130242825,701,-56.54285714285715,commnet,saudi,42.0,1042,1,saudi,assets_rot90
39.0,0.1428571428571428,0.6821192052980133,696,-56.642857142857146,commnet,saudi,42.0,1042,2,saudi,assets_rot90
39.0,0.1428571428571428,0.8300220750551877,727,-56.54285714285714,commnet,saudi,42.0,1042,3,saudi,assets_rot90
39.0,0.1428571428571428,0.9470198675496688,599,-56.54285714285715,commnet,saudi,42.0,1042,4,saudi,assets_rot90
39.0,0.1428571428571428,0.8830022075055187,753,-56.54285714285715,commnet,saudi,42.0,1042,5,saudi,assets_rot90
39.0,0.1428571428571428,0.6821192052980133,655,-56.642857142857146,commnet,saudi,42.0,1042,6,saudi,assets_rot90
39.0,0.1428571428571428,0.7770419426048565,744,-56.54285714285715,commnet,saudi,42.0,1042,7,saudi,assets_rot90
39.0,0.1428571428571428,0.6821192052980133,736,-56.54285714285715,commnet,saudi,42.0,1042,8,saudi,assets_rot90
39.0,0.1428571428571428,0.8675496688741722,738,-56.54285714285715,commnet,saudi,42.0,1042,9,saudi,assets_rot90
39.0,0.1428571428571428,0.9028697571743928,675,-56.54285714285715,commnet,saudi,42.0,1042,10,saudi,assets_rot90
39.0,0.1428571428571428,0.8432671081677704,703,-56.54285714285715,commnet,saudi,42.0,1042,11,saudi,assets_rot90
39.0,0.1428571428571428,0.6821192052980133,729,-56.64285714285715,commnet,saudi,42.0,1042,12,saudi,assets_rot90
39.0,0.1428571428571428,0.8057395143487859,745,-56.54285714285715,commnet,saudi,42.0,1042,13,saudi,assets_rot90
39.0,0.1428571428571428,0.781021897810219,745,-56.54285714285715,commnet,saudi,42.0,1042,14,saudi,assets_rot90
39.0,0.1428571428571428,0.911699779249448,725,-56.54285714285714,commnet,saudi,42.0,2042,0,saudi,assets_rot90
39.0,0.1428571428571428,0.6821192052980133,626,-56.64285714285715,commnet,saudi,42.0,2042,1,saudi,assets_rot90
39.0,0.1428571428571428,0.8962472406181016,684,-56.54285714285716,commnet,saudi,42.0,2042,2,saudi,assets_rot90
39.0,0.1428571428571428,0.8344370860927153,729,-56.54285714285714,commnet,saudi,42.0,2042,3,saudi,assets_rot90
39.0,0.1428571428571428,0.772609819121447,745,-56.54285714285715,commnet,saudi,42.0,2042,4,saudi,assets_rot90
39.0,0.1428571428571428,0.9094922737306844,689,-56.54285714285715,commnet,saudi,42.0,2042,5,saudi,assets_rot90
39.0,0.1428571428571428,0.6821192052980133,742,-56.64285714285715,commnet,saudi,42.0,2042,6,saudi,assets_rot90
39.0,0.1428571428571428,0.8671328671328671,745,-56.54285714285715,commnet,saudi,42.0,2042,7,saudi,assets_rot90
39.0,0.1428571428571428,0.6821192052980133,632,-56.64285714285715,commnet,saudi,42.0,2042,8,saudi,assets_rot90
39.0,0.1428571428571428,0.6821192052980133,725,-56.64285714285715,commnet,saudi,42.0,2042,9,saudi,assets_rot90
39.0,0.1428571428571428,0.9470198675496688,600,-56.54285714285715,commnet,saudi,42.0,2042,10,saudi,assets_rot90
39.0,0.1428571428571428,0.8879781420765027,754,-56.54285714285715,commnet,saudi,42.0,2042,11,saudi,assets_rot90
39.0,0.1428571428571428,0.8418491484184915,745,-56.54285714285715,commnet,saudi,42.0,2042,12,saudi,assets_rot90
39.0,0.1428571428571428,0.9050772626931568,676,-56.54285714285714,commnet,saudi,42.0,2042,13,saudi,assets_rot90
39.0,0.1428571428571428,0.8962472406181016,687,-56.54285714285716,commnet,saudi,42.0,2042,14,saudi,assets_rot90
39.0,0.1428571428571428,0.9624724061810156,727,-56.44285714285714,commnet,saudi,42.0,3042,0,saudi,assets_rot90
39.0,0.1428571428571428,0.8852097130242825,718,-56.54285714285715,commnet,saudi,42.0,3042,1,saudi,assets_rot90
39.0,0.1428571428571428,0.708029197080292,745,-56.54285714285715,commnet,saudi,42.0,3042,2,saudi,assets_rot90
39.0,0.1428571428571428,0.7969094922737306,689,-56.54285714285715,commnet,saudi,42.0,3042,3,saudi,assets_rot90
39.0,0.1428571428571428,0.847682119205298,746,-56.54285714285715,commnet,saudi,42.0,3042,4,saudi,assets_rot90
39.0,0.1428571428571428,0.6821192052980133,716,-56.64285714285715,commnet,saudi,42.0,3042,5,saudi,assets_rot90
39.0,0.1428571428571428,0.7152317880794702,724,-56.54285714285715,commnet,saudi,42.0,3042,6,saudi,assets_rot90
39.0,0.1428571428571428,0.8741721854304636,606,-56.54285714285715,commnet,saudi,42.0,3042,7,saudi,assets_rot90
39.0,0.1428571428571428,0.6821192052980133,732,-56.64285714285715,commnet,saudi,42.0,3042,8,saudi,assets_rot90
39.0,0.1428571428571428,0.6821192052980133,691,-56.642857142857146,commnet,saudi,42.0,3042,9,saudi,assets_rot90
39.0,0.1428571428571428,0.8852097130242825,744,-56.54285714285715,commnet,saudi,42.0,3042,10,saudi,assets_rot90
39.0,0.1428571428571428,0.6843267108167771,633,-56.64285714285715,commnet,saudi,42.0,3042,11,saudi,assets_rot90
39.0,0.1428571428571428,0.8543046357615894,746,-56.54285714285715,commnet,saudi,42.0,3042,12,saudi,assets_rot90
39.0,0.1428571428571428,0.6821192052980133,694,-56.642857142857146,commnet,saudi,42.0,3042,13,saudi,assets_rot90
39.0,0.1428571428571428,0.9624724061810156,671,-56.44285714285714,commnet,saudi,42.0,3042,14,saudi,assets_rot90
39.0,0.1428571428571428,0.8145695364238411,686,-56.54285714285715,commnet,saudi,42.0,4042,0,saudi,assets_rot90
39.0,0.1428571428571428,0.8609271523178808,720,-56.54285714285715,commnet,saudi,42.0,4042,1,saudi,assets_rot90
39.0,0.1428571428571428,0.8719646799116998,744,-56.54285714285715,commnet,saudi,42.0,4042,2,saudi,assets_rot90
39.0,0.1428571428571428,0.6821192052980133,616,-56.64285714285716,commnet,saudi,42.0,4042,3,saudi,assets_rot90
39.0,0.1428571428571428,0.8228438228438228,745,-56.54285714285715,commnet,saudi,42.0,4042,4,saudi,assets_rot90
39.0,0.1428571428571428,0.6821192052980133,639,-56.642857142857146,commnet,saudi,42.0,4042,5,saudi,assets_rot90
39.0,0.1428571428571428,0.8189845474613686,696,-56.54285714285715,commnet,saudi,42.0,4042,6,saudi,assets_rot90
39.0,0.1428571428571428,0.8233995584988962,730,-56.54285714285715,commnet,saudi,42.0,4042,7,saudi,assets_rot90
39.0,0.1428571428571428,0.82560706401766,693,-56.54285714285714,commnet,saudi,42.0,4042,8,saudi,assets_rot90
39.0,0.1428571428571428,0.8388520971302428,715,-56.54285714285715,commnet,saudi,42.0,4042,9,saudi,assets_rot90
39.0,0.1428571428571428,0.6821192052980133,704,-56.64285714285715,commnet,saudi,42.0,4042,10,saudi,assets_rot90
39.0,0.1428571428571428,0.7571743929359823,708,-56.64285714285715,commnet,saudi,42.0,4042,11,saudi,assets_rot90
39.0,0.1428571428571428,0.6821192052980133,742,-56.54285714285715,commnet,saudi,42.0,4042,12,saudi,assets_rot90
39.0,0.1428571428571428,0.6821192052980133,727,-56.64285714285715,commnet,saudi,42.0,4042,13,saudi,assets_rot90
39.0,0.1428571428571428,0.7396593673965937,745,-56.54285714285715,commnet,saudi,42.0,4042,14,saudi,assets_rot90
39.0,0.1428571428571428,1.0,730,-56.142857142857146,commnet,saudi,1042.0,42,0,saudi,assets_rot90
33.0,0.2857142857142857,1.0,152,-47.285714285714285,commnet,saudi,1042.0,42,1,saudi,assets_rot90
33.0,0.2857142857142857,1.0,196,-47.285714285714285,commnet,saudi,1042.0,42,2,saudi,assets_rot90
39.0,0.1428571428571428,0.7196467991169978,455,-56.142857142857146,commnet,saudi,1042.0,42,3,saudi,assets_rot90
33.0,0.2857142857142857,1.0,183,-47.285714285714285,commnet,saudi,1042.0,42,4,saudi,assets_rot90
20.0,0.5714285714285714,0.9161147902869756,744,-28.571428571428573,commnet,saudi,1042.0,42,5,saudi,assets_rot90
39.0,0.1428571428571428,1.0,743,-56.142857142857146,commnet,saudi,1042.0,42,6,saudi,assets_rot90
39.0,0.1428571428571428,1.0,676,-56.142857142857146,commnet,saudi,1042.0,42,7,saudi,assets_rot90
39.0,0.1428571428571428,0.8852097130242825,744,-56.142857142857146,commnet,saudi,1042.0,42,8,saudi,assets_rot90
29.0,0.2857142857142857,1.0,803,-43.285714285714285,commnet,saudi,1042.0,42,9,saudi,assets_rot90
39.0,0.1428571428571428,1.0,814,-56.142857142857146,commnet,saudi,1042.0,42,10,saudi,assets_rot90
33.0,0.2857142857142857,1.0,203,-47.285714285714285,commnet,saudi,1042.0,42,11,saudi,assets_rot90
39.0,0.1428571428571428,1.0,767,-56.142857142857146,commnet,saudi,1042.0,42,12,saudi,assets_rot90
39.0,0.1428571428571428,0.8091787439613527,775,-56.142857142857146,commnet,saudi,1042.0,42,13,saudi,assets_rot90
39.0,0.1428571428571428,0.8498896247240618,780,-56.142857142857146,commnet,saudi,1042.0,42,14,saudi,assets_rot90
39.0,0.1428571428571428,1.0,817,-56.142857142857146,commnet,saudi,1042.0,1042,0,saudi,assets_rot90
14.0,0.7142857142857143,0.8410596026490066,675,-19.714285714285715,commnet,saudi,1042.0,1042,1,saudi,assets_rot90
39.0,0.1428571428571428,0.8741721854304636,757,-56.142857142857146,commnet,saudi,1042.0,1042,2,saudi,assets_rot90
33.0,0.2857142857142857,1.0,194,-47.285714285714285,commnet,saudi,1042.0,1042,3,saudi,assets_rot90
33.0,0.2857142857142857,1.0,173,-47.285714285714285,commnet,saudi,1042.0,1042,4,saudi,assets_rot90
20.0,0.5714285714285714,1.0,758,-28.571428571428573,commnet,saudi,1042.0,1042,5,saudi,assets_rot90
33.0,0.2857142857142857,1.0,658,-47.285714285714285,commnet,saudi,1042.0,1042,6,saudi,assets_rot90
10.0,0.7142857142857143,1.0,737,-15.714285714285714,commnet,saudi,1042.0,1042,7,saudi,assets_rot90
39.0,0.1428571428571428,1.0,754,-56.142857142857146,commnet,saudi,1042.0,1042,8,saudi,assets_rot90
39.0,0.1428571428571428,0.977924944812362,745,-56.34285714285715,commnet,saudi,1042.0,1042,9,saudi,assets_rot90
33.0,0.2857142857142857,1.0,209,-47.285714285714285,commnet,saudi,1042.0,1042,10,saudi,assets_rot90
35.0,0.2857142857142857,1.0,723,-49.285714285714285,commnet,saudi,1042.0,1042,11,saudi,assets_rot90
39.0,0.1428571428571428,1.0,819,-56.142857142857146,commnet,saudi,1042.0,1042,12,saudi,assets_rot90
39.0,0.1428571428571428,0.8543046357615894,777,-56.142857142857146,commnet,saudi,1042.0,1042,13,saudi,assets_rot90
39.0,0.1428571428571428,1.0,823,-56.142857142857146,commnet,saudi,1042.0,1042,14,saudi,assets_rot90
33.0,0.2857142857142857,1.0,207,-47.285714285714285,commnet,saudi,1042.0,2042,0,saudi,assets_rot90
33.0,0.2857142857142857,1.0,189,-47.285714285714285,commnet,saudi,1042.0,2042,1,saudi,assets_rot90
39.0,0.1428571428571428,1.0,679,-56.142857142857146,commnet,saudi,1042.0,2042,2,saudi,assets_rot90
39.0,0.1428571428571428,1.0,749,-56.142857142857146,commnet,saudi,1042.0,2042,3,saudi,assets_rot90
6.0,0.8571428571428571,1.0,653,-8.857142857142858,commnet,saudi,1042.0,2042,4,saudi,assets_rot90
33.0,0.2857142857142857,1.0,212,-47.285714285714285,commnet,saudi,1042.0,2042,5,saudi,assets_rot90
39.0,0.1428571428571428,1.0,799,-56.142857142857146,commnet,saudi,1042.0,2042,6,saudi,assets_rot90
39.0,0.1428571428571428,1.0,801,-56.142857142857146,commnet,saudi,1042.0,2042,7,saudi,assets_rot90
39.0,0.1428571428571428,1.0,660,-56.142857142857146,commnet,saudi,1042.0,2042,8,saudi,assets_rot90
33.0,0.2857142857142857,1.0,201,-47.285714285714285,commnet,saudi,1042.0,2042,9,saudi,assets_rot90
33.0,0.2857142857142857,1.0,174,-47.285714285714285,commnet,saudi,1042.0,2042,10,saudi,assets_rot90
39.0,0.1428571428571428,1.0,833,-56.142857142857146,commnet,saudi,1042.0,2042,11,saudi,assets_rot90
39.0,0.1428571428571428,0.8102189781021898,775,-56.142857142857146,commnet,saudi,1042.0,2042,12,saudi,assets_rot90
39.0,0.1428571428571428,1.0,674,-56.142857142857146,commnet,saudi,1042.0,2042,13,saudi,assets_rot90
33.0,0.2857142857142857,1.0,196,-47.285714285714285,commnet,saudi,1042.0,2042,14,saudi,assets_rot90
39.0,0.1428571428571428,0.8675496688741722,745,-56.142857142857146,commnet,saudi,1042.0,3042,0,saudi,assets_rot90
20.0,0.5714285714285714,0.9271523178807948,749,-28.571428571428577,commnet,saudi,1042.0,3042,1,saudi,assets_rot90
39.0,0.1428571428571428,1.0,801,-56.142857142857146,commnet,saudi,1042.0,3042,2,saudi,assets_rot90
39.0,0.1428571428571428,1.0,790,-56.142857142857146,commnet,saudi,1042.0,3042,3,saudi,assets_rot90
39.0,0.1428571428571428,0.9646799116997792,771,-56.142857142857146,commnet,saudi,1042.0,3042,4,saudi,assets_rot90
33.0,0.2857142857142857,1.0,201,-47.285714285714285,commnet,saudi,1042.0,3042,5,saudi,assets_rot90
33.0,0.2857142857142857,1.0,211,-47.285714285714285,commnet,saudi,1042.0,3042,6,saudi,assets_rot90
33.0,0.2857142857142857,1.0,173,-47.285714285714285,commnet,saudi,1042.0,3042,7,saudi,assets_rot90
33.0,0.2857142857142857,1.0,212,-47.285714285714285,commnet,saudi,1042.0,3042,8,saudi,assets_rot90
39.0,0.1428571428571428,0.8852097130242825,754,-56.142857142857146,commnet,saudi,1042.0,3042,9,saudi,assets_rot90
39.0,0.1428571428571428,0.8101545253863135,741,-56.142857142857146,commnet,saudi,1042.0,3042,10,saudi,assets_rot90
39.0,0.1428571428571428,1.0,660,-56.142857142857146,commnet,saudi,1042.0,3042,11,saudi,assets_rot90
6.0,0.8571428571428571,0.7924944812362031,652,-8.857142857142858,commnet,saudi,1042.0,3042,12,saudi,assets_rot90
39.0,0.1428571428571428,0.8852097130242825,756,-56.142857142857146,commnet,saudi,1042.0,3042,13,saudi,assets_rot90
39.0,0.1428571428571428,0.9977924944812362,738,-56.142857142857146,commnet,saudi,1042.0,3042,14,saudi,assets_rot90
33.0,0.2857142857142857,1.0,203,-47.285714285714285,commnet,saudi,1042.0,4042,0,saudi,assets_rot90
39.0,0.1428571428571428,1.0,745,-56.142857142857146,commnet,saudi,1042.0,4042,1,saudi,assets_rot90
39.0,0.1428571428571428,1.0,732,-56.142857142857146,commnet,saudi,1042.0,4042,2,saudi,assets_rot90
33.0,0.2857142857142857,1.0,182,-47.285714285714285,commnet,saudi,1042.0,4042,3,saudi,assets_rot90
39.0,0.1428571428571428,1.0,772,-56.142857142857146,commnet,saudi,1042.0,4042,4,saudi,assets_rot90
39.0,0.1428571428571428,0.7086092715231788,431,-56.142857142857146,commnet,saudi,1042.0,4042,5,saudi,assets_rot90
33.0,0.2857142857142857,1.0,203,-47.285714285714285,commnet,saudi,1042.0,4042,6,saudi,assets_rot90
39.0,0.1428571428571428,1.0,736,-56.142857142857146,commnet,saudi,1042.0,4042,7,saudi,assets_rot90
39.0,0.1428571428571428,1.0,691,-56.142857142857146,commnet,saudi,1042.0,4042,8,saudi,assets_rot90
33.0,0.2857142857142857,1.0,664,-47.285714285714285,commnet,saudi,1042.0,4042,9,saudi,assets_rot90
33.0,0.2857142857142857,1.0,194,-47.285714285714285,commnet,saudi,1042.0,4042,10,saudi,assets_rot90
33.0,0.2857142857142857,1.0,194,-47.285714285714285,commnet,saudi,1042.0,4042,11,saudi,assets_rot90
33.0,0.2857142857142857,0.9977924944812362,645,-47.285714285714285,commnet,saudi,1042.0,4042,12,saudi,assets_rot90
39.0,0.1428571428571428,1.0,817,-56.142857142857146,commnet,saudi,1042.0,4042,13,saudi,assets_rot90
10.0,0.7142857142857143,1.0,750,-15.714285714285714,commnet,saudi,1042.0,4042,14,saudi,assets_rot90
39.0,0.1428571428571428,0.5695364238410596,785,-56.642857142857146,commnet,saudi,2042.0,42,0,saudi,assets_rot90
33.0,0.2857142857142857,0.9646799116997792,624,-47.58571428571429,commnet,saudi,2042.0,42,1,saudi,assets_rot90
39.0,0.1428571428571428,0.9646799116997792,763,-56.44285714285714,commnet,saudi,2042.0,42,2,saudi,assets_rot90
39.0,0.1428571428571428,0.9646799116997792,744,-56.44285714285714,commnet,saudi,2042.0,42,3,saudi,assets_rot90
39.0,0.1428571428571428,0.9646799116997792,677,-56.44285714285715,commnet,saudi,2042.0,42,4,saudi,assets_rot90
39.0,0.1428571428571428,0.609271523178808,805,-56.642857142857146,commnet,saudi,2042.0,42,5,saudi,assets_rot90
39.0,0.1428571428571428,0.9624724061810156,788,-56.44285714285714,commnet,saudi,2042.0,42,6,saudi,assets_rot90
39.0,0.1428571428571428,0.9646799116997792,709,-56.44285714285716,commnet,saudi,2042.0,42,7,saudi,assets_rot90
39.0,0.1428571428571428,0.9646799116997792,742,-56.44285714285716,commnet,saudi,2042.0,42,8,saudi,assets_rot90
39.0,0.1428571428571428,0.8475452196382429,815,-56.54285714285715,commnet,saudi,2042.0,42,9,saudi,assets_rot90
39.0,0.1428571428571428,0.9646799116997792,780,-56.44285714285714,commnet,saudi,2042.0,42,10,saudi,assets_rot90
39.0,0.1428571428571428,0.5562913907284768,775,-56.642857142857146,commnet,saudi,2042.0,42,11,saudi,assets_rot90
39.0,0.1428571428571428,0.6855791962174941,815,-56.54285714285715,commnet,saudi,2042.0,42,12,saudi,assets_rot90
39.0,0.1428571428571428,0.961352657004831,806,-56.44285714285714,commnet,saudi,2042.0,42,13,saudi,assets_rot90
39.0,0.1428571428571428,0.9624724061810156,806,-56.44285714285714,commnet,saudi,2042.0,42,14,saudi,assets_rot90
39.0,0.1428571428571428,0.9646799116997792,802,-56.44285714285714,commnet,saudi,2042.0,1042,0,saudi,assets_rot90
39.0,0.1428571428571428,0.9624724061810156,774,-56.44285714285714,commnet,saudi,2042.0,1042,1,saudi,assets_rot90
39.0,0.1428571428571428,0.9646799116997792,755,-56.44285714285714,commnet,saudi,2042.0,1042,2,saudi,assets_rot90
39.0,0.1428571428571428,0.9646799116997792,779,-56.44285714285714,commnet,saudi,2042.0,1042,3,saudi,assets_rot90
39.0,0.1428571428571428,0.9646799116997792,663,-56.44285714285715,commnet,saudi,2042.0,1042,4,saudi,assets_rot90
39.0,0.1428571428571428,0.9624724061810156,811,-56.44285714285714,commnet,saudi,2042.0,1042,5,saudi,assets_rot90
39.0,0.1428571428571428,0.5739514348785872,711,-56.642857142857146,commnet,saudi,2042.0,1042,6,saudi,assets_rot90
39.0,0.1428571428571428,0.6843267108167771,814,-56.54285714285715,commnet,saudi,2042.0,1042,7,saudi,assets_rot90
39.0,0.1428571428571428,0.9646799116997792,788,-56.44285714285714,commnet,saudi,2042.0,1042,8,saudi,assets_rot90
39.0,0.1428571428571428,0.9624724061810156,804,-56.44285714285714,commnet,saudi,2042.0,1042,9,saudi,assets_rot90
39.0,0.1428571428571428,0.9624724061810156,733,-56.44285714285714,commnet,saudi,2042.0,1042,10,saudi,assets_rot90
39.0,0.1428571428571428,0.9624724061810156,777,-56.44285714285714,commnet,saudi,2042.0,1042,11,saudi,assets_rot90
39.0,0.1428571428571428,0.9646799116997792,785,-56.44285714285714,commnet,saudi,2042.0,1042,12,saudi,assets_rot90
39.0,0.1428571428571428,0.9624724061810156,803,-56.44285714285714,commnet,saudi,2042.0,1042,13,saudi,assets_rot90
39.0,0.1428571428571428,0.6958637469586375,815,-56.54285714285715,commnet,saudi,2042.0,1042,14,saudi,assets_rot90
39.0,0.1428571428571428,0.6843267108167771,795,-56.54285714285714,commnet,saudi,2042.0,2042,0,saudi,assets_rot90
39.0,0.1428571428571428,0.9646799116997792,685,-56.44285714285715,commnet,saudi,2042.0,2042,1,saudi,assets_rot90
39.0,0.1428571428571428,0.9646799116997792,746,-56.44285714285716,commnet,saudi,2042.0,2042,2,saudi,assets_rot90
39.0,0.1428571428571428,0.8344370860927153,791,-56.54285714285714,commnet,saudi,2042.0,2042,3,saudi,assets_rot90
39.0,0.1428571428571428,0.958656330749354,811,-56.44285714285714,commnet,saudi,2042.0,2042,4,saudi,assets_rot90
39.0,0.1428571428571428,0.9646799116997792,776,-56.44285714285714,commnet,saudi,2042.0,2042,5,saudi,assets_rot90
39.0,0.1428571428571428,0.9646799116997792,798,-56.44285714285714,commnet,saudi,2042.0,2042,6,saudi,assets_rot90
39.0,0.1428571428571428,0.6338028169014085,806,-56.642857142857146,commnet,saudi,2042.0,2042,7,saudi,assets_rot90
39.0,0.1428571428571428,0.9646799116997792,691,-56.44285714285715,commnet,saudi,2042.0,2042,8,saudi,assets_rot90
39.0,0.1428571428571428,0.9646799116997792,784,-56.44285714285714,commnet,saudi,2042.0,2042,9,saudi,assets_rot90
39.0,0.1428571428571428,0.9646799116997792,663,-56.44285714285715,commnet,saudi,2042.0,2042,10,saudi,assets_rot90
39.0,0.1428571428571428,0.8360655737704918,804,-56.54285714285715,commnet,saudi,2042.0,2042,11,saudi,assets_rot90
39.0,0.1428571428571428,0.9610705596107056,806,-56.44285714285714,commnet,saudi,2042.0,2042,12,saudi,assets_rot90
39.0,0.1428571428571428,0.9646799116997792,749,-56.44285714285714,commnet,saudi,2042.0,2042,13,saudi,assets_rot90
39.0,0.1428571428571428,0.9646799116997792,749,-56.44285714285716,commnet,saudi,2042.0,2042,14,saudi,assets_rot90
39.0,0.1428571428571428,0.9624724061810156,785,-56.44285714285714,commnet,saudi,2042.0,3042,0,saudi,assets_rot90
39.0,0.1428571428571428,0.9624724061810156,791,-56.44285714285714,commnet,saudi,2042.0,3042,1,saudi,assets_rot90
39.0,0.1428571428571428,0.9610705596107056,806,-56.44285714285714,commnet,saudi,2042.0,3042,2,saudi,assets_rot90
39.0,0.1428571428571428,0.5629139072847682,756,-56.64285714285715,commnet,saudi,2042.0,3042,3,saudi,assets_rot90
39.0,0.1428571428571428,0.9646799116997792,804,-56.44285714285714,commnet,saudi,2042.0,3042,4,saudi,assets_rot90
39.0,0.1428571428571428,0.9646799116997792,772,-56.44285714285714,commnet,saudi,2042.0,3042,5,saudi,assets_rot90
39.0,0.1428571428571428,0.5916114790286976,785,-56.642857142857146,commnet,saudi,2042.0,3042,6,saudi,assets_rot90
39.0,0.1428571428571428,0.9646799116997792,673,-56.44285714285715,commnet,saudi,2042.0,3042,7,saudi,assets_rot90
39.0,0.1428571428571428,0.9646799116997792,791,-56.44285714285714,commnet,saudi,2042.0,3042,8,saudi,assets_rot90
39.0,0.1428571428571428,0.9646799116997792,750,-56.44285714285714,commnet,saudi,2042.0,3042,9,saudi,assets_rot90
39.0,0.1428571428571428,0.9646799116997792,802,-56.44285714285714,commnet,saudi,2042.0,3042,10,saudi,assets_rot90
39.0,0.1428571428571428,0.9646799116997792,698,-56.44285714285715,commnet,saudi,2042.0,3042,11,saudi,assets_rot90
39.0,0.1428571428571428,0.8609271523178808,813,-56.54285714285715,commnet,saudi,2042.0,3042,12,saudi,assets_rot90
39.0,0.1428571428571428,0.9646799116997792,753,-56.44285714285714,commnet,saudi,2042.0,3042,13,saudi,assets_rot90
39.0,0.1428571428571428,0.9470198675496688,758,-56.44285714285714,commnet,saudi,2042.0,3042,14,saudi,assets_rot90
39.0,0.1428571428571428,0.9624724061810156,762,-56.44285714285714,commnet,saudi,2042.0,4042,0,saudi,assets_rot90
39.0,0.1428571428571428,0.9624724061810156,787,-56.44285714285714,commnet,saudi,2042.0,4042,1,saudi,assets_rot90
39.0,0.1428571428571428,0.9646799116997792,802,-56.44285714285714,commnet,saudi,2042.0,4042,2,saudi,assets_rot90
39.0,0.1428571428571428,0.9646799116997792,677,-56.44285714285715,commnet,saudi,2042.0,4042,3,saudi,assets_rot90
39.0,0.1428571428571428,0.9627039627039627,806,-56.44285714285714,commnet,saudi,2042.0,4042,4,saudi,assets_rot90
39.0,0.1428571428571428,0.7262693156732892,692,-56.44285714285714,commnet,saudi,2042.0,4042,5,saudi,assets_rot90
39.0,0.1428571428571428,0.9624724061810156,769,-56.44285714285714,commnet,saudi,2042.0,4042,6,saudi,assets_rot90
39.0,0.1428571428571428,0.5739514348785872,791,-56.642857142857146,commnet,saudi,2042.0,4042,7,saudi,assets_rot90
39.0,0.1428571428571428,0.9646799116997792,759,-56.44285714285714,commnet,saudi,2042.0,4042,8,saudi,assets_rot90
39.0,0.1428571428571428,0.9646799116997792,790,-56.44285714285714,commnet,saudi,2042.0,4042,9,saudi,assets_rot90
39.0,0.1428571428571428,0.9646799116997792,763,-56.44285714285714,commnet,saudi,2042.0,4042,10,saudi,assets_rot90
39.0,0.1428571428571428,0.9646799116997792,771,-56.44285714285714,commnet,saudi,2042.0,4042,11,saudi,assets_rot90
39.0,0.1428571428571428,0.9646799116997792,794,-56.44285714285714,commnet,saudi,2042.0,4042,12,saudi,assets_rot90
39.0,0.1428571428571428,0.9646799116997792,783,-56.44285714285714,commnet,saudi,2042.0,4042,13,saudi,assets_rot90
39.0,0.1428571428571428,0.6861313868613139,815,-56.54285714285715,commnet,saudi,2042.0,4042,14,saudi,assets_rot90
39.0,0.1428571428571428,0.9845474613686536,774,-56.142857142857146,commnet,saudi,3042.0,42,0,saudi,assets_rot90
33.0,0.2857142857142857,0.4569536423841059,663,-47.285714285714285,commnet,saudi,3042.0,42,1,saudi,assets_rot90
39.0,0.1428571428571428,0.9911699779249448,787,-56.142857142857146,commnet,saudi,3042.0,42,2,saudi,assets_rot90
39.0,0.1428571428571428,0.7439293598233996,775,-56.142857142857146,commnet,saudi,3042.0,42,3,saudi,assets_rot90
39.0,0.1428571428571428,0.8498896247240618,660,-56.142857142857146,commnet,saudi,3042.0,42,4,saudi,assets_rot90
39.0,0.1428571428571428,0.9845474613686536,792,-56.142857142857146,commnet,saudi,3042.0,42,5,saudi,assets_rot90
39.0,0.1428571428571428,0.9845474613686536,778,-56.142857142857146,commnet,saudi,3042.0,42,6,saudi,assets_rot90
39.0,0.1428571428571428,0.891832229580574,741,-56.142857142857146,commnet,saudi,3042.0,42,7,saudi,assets_rot90
39.0,0.1428571428571428,0.8874172185430463,779,-56.142857142857146,commnet,saudi,3042.0,42,8,saudi,assets_rot90
39.0,0.1428571428571428,0.7390180878552972,836,-56.142857142857146,commnet,saudi,3042.0,42,9,saudi,assets_rot90
39.0,0.1428571428571428,0.8719646799116998,807,-56.142857142857146,commnet,saudi,3042.0,42,10,saudi,assets_rot90
39.0,0.1428571428571428,0.8785871964679912,771,-56.142857142857146,commnet,saudi,3042.0,42,11,saudi,assets_rot90
39.0,0.1428571428571428,0.9881796690307328,786,-56.142857142857146,commnet,saudi,3042.0,42,12,saudi,assets_rot90
39.0,0.1428571428571428,0.9710144927536232,845,-56.142857142857146,commnet,saudi,3042.0,42,13,saudi,assets_rot90
39.0,0.1428571428571428,0.9845474613686536,791,-56.142857142857146,commnet,saudi,3042.0,42,14,saudi,assets_rot90
39.0,0.1428571428571428,0.9911699779249448,790,-56.142857142857146,commnet,saudi,3042.0,1042,0,saudi,assets_rot90
39.0,0.1428571428571428,0.9845474613686536,759,-56.142857142857146,commnet,saudi,3042.0,1042,1,saudi,assets_rot90
39.0,0.1428571428571428,0.8896247240618101,783,-56.142857142857146,commnet,saudi,3042.0,1042,2,saudi,assets_rot90
39.0,0.1428571428571428,0.9911699779249448,748,-56.142857142857146,commnet,saudi,3042.0,1042,3,saudi,assets_rot90
39.0,0.1428571428571428,0.739514348785872,702,-56.142857142857146,commnet,saudi,3042.0,1042,4,saudi,assets_rot90
39.0,0.1428571428571428,0.9845474613686536,797,-56.142857142857146,commnet,saudi,3042.0,1042,5,saudi,assets_rot90
39.0,0.1428571428571428,0.9845474613686536,694,-56.142857142857146,commnet,saudi,3042.0,1042,6,saudi,assets_rot90
39.0,0.1428571428571428,0.9845474613686536,803,-56.142857142857146,commnet,saudi,3042.0,1042,7,saudi,assets_rot90
39.0,0.1428571428571428,0.93598233995585,810,-56.142857142857146,commnet,saudi,3042.0,1042,8,saudi,assets_rot90
39.0,0.1428571428571428,0.9845474613686536,792,-56.142857142857146,commnet,saudi,3042.0,1042,9,saudi,assets_rot90
39.0,0.1428571428571428,0.9050772626931568,723,-56.142857142857146,commnet,saudi,3042.0,1042,10,saudi,assets_rot90
39.0,0.1428571428571428,0.9845474613686536,762,-56.142857142857146,commnet,saudi,3042.0,1042,11,saudi,assets_rot90
39.0,0.1428571428571428,0.7947019867549668,814,-56.142857142857146,commnet,saudi,3042.0,1042,12,saudi,assets_rot90
39.0,0.1428571428571428,0.9845474613686536,788,-56.142857142857146,commnet,saudi,3042.0,1042,13,saudi,assets_rot90
39.0,0.1428571428571428,0.7347931873479319,836,-56.142857142857146,commnet,saudi,3042.0,1042,14,saudi,assets_rot90
39.0,0.1428571428571428,0.9911699779249448,756,-56.142857142857146,commnet,saudi,3042.0,2042,0,saudi,assets_rot90
39.0,0.1428571428571428,0.7527593818984547,724,-56.142857142857146,commnet,saudi,3042.0,2042,1,saudi,assets_rot90
39.0,0.1428571428571428,0.9624724061810156,784,-56.142857142857146,commnet,saudi,3042.0,2042,2,saudi,assets_rot90
39.0,0.1428571428571428,0.9911699779249448,752,-56.142857142857146,commnet,saudi,3042.0,2042,3,saudi,assets_rot90
39.0,0.1428571428571428,0.9198966408268734,845,-56.142857142857146,commnet,saudi,3042.0,2042,4,saudi,assets_rot90
39.0,0.1428571428571428,0.9205298013245032,798,-56.142857142857146,commnet,saudi,3042.0,2042,5,saudi,assets_rot90
39.0,0.1428571428571428,0.8520971302428256,821,-56.142857142857146,commnet,saudi,3042.0,2042,6,saudi,assets_rot90
39.0,0.1428571428571428,0.9836829836829836,788,-56.142857142857146,commnet,saudi,3042.0,2042,7,saudi,assets_rot90
39.0,0.1428571428571428,0.9735099337748344,730,-56.142857142857146,commnet,saudi,3042.0,2042,8,saudi,assets_rot90
39.0,0.1428571428571428,0.9911699779249448,756,-56.142857142857146,commnet,saudi,3042.0,2042,9,saudi,assets_rot90
39.0,0.1428571428571428,0.8830022075055187,702,-56.142857142857146,commnet,saudi,3042.0,2042,10,saudi,assets_rot90
39.0,0.1428571428571428,0.7373068432671082,797,-56.142857142857146,commnet,saudi,3042.0,2042,11,saudi,assets_rot90
39.0,0.1428571428571428,0.9708029197080292,845,-56.142857142857146,commnet,saudi,3042.0,2042,12,saudi,assets_rot90
39.0,0.1428571428571428,0.7483443708609272,786,-56.142857142857146,commnet,saudi,3042.0,2042,13,saudi,assets_rot90
39.0,0.1428571428571428,0.9624724061810156,787,-56.142857142857146,commnet,saudi,3042.0,2042,14,saudi,assets_rot90
39.0,0.1428571428571428,0.9845474613686536,770,-56.142857142857146,commnet,saudi,3042.0,3042,0,saudi,assets_rot90
39.0,0.1428571428571428,0.9845474613686536,776,-56.142857142857146,commnet,saudi,3042.0,3042,1,saudi,assets_rot90
39.0,0.1428571428571428,0.8588807785888077,845,-56.142857142857146,commnet,saudi,3042.0,3042,2,saudi,assets_rot90
39.0,0.1428571428571428,0.8520971302428256,752,-56.142857142857146,commnet,saudi,3042.0,3042,3,saudi,assets_rot90
39.0,0.1428571428571428,0.9072847682119204,816,-56.142857142857146,commnet,saudi,3042.0,3042,4,saudi,assets_rot90
39.0,0.1428571428571428,0.9050772626931568,798,-56.142857142857146,commnet,saudi,3042.0,3042,5,saudi,assets_rot90
39.0,0.1428571428571428,0.9271523178807948,803,-56.142857142857146,commnet,saudi,3042.0,3042,6,saudi,assets_rot90
39.0,0.1428571428571428,0.8123620309050773,648,-56.142857142857146,commnet,saudi,3042.0,3042,7,saudi,assets_rot90
39.0,0.1428571428571428,0.9911699779249448,761,-56.142857142857146,commnet,saudi,3042.0,3042,8,saudi,assets_rot90
39.0,0.1428571428571428,0.9006622516556292,789,-56.142857142857146,commnet,saudi,3042.0,3042,9,saudi,assets_rot90
39.0,0.1428571428571428,0.911699779249448,820,-56.142857142857146,commnet,saudi,3042.0,3042,10,saudi,assets_rot90
39.0,0.1428571428571428,0.869757174392936,737,-56.142857142857146,commnet,saudi,3042.0,3042,11,saudi,assets_rot90
39.0,0.1428571428571428,0.9801324503311258,799,-56.142857142857146,commnet,saudi,3042.0,3042,12,saudi,assets_rot90
39.0,0.1428571428571428,0.9006622516556292,791,-56.142857142857146,commnet,saudi,3042.0,3042,13,saudi,assets_rot90
39.0,0.1428571428571428,0.9845474613686536,732,-56.142857142857146,commnet,saudi,3042.0,3042,14,saudi,assets_rot90
39.0,0.1428571428571428,0.8300220750551877,752,-56.142857142857146,commnet,saudi,3042.0,4042,0,saudi,assets_rot90
39.0,0.1428571428571428,0.9845474613686536,772,-56.142857142857146,commnet,saudi,3042.0,4042,1,saudi,assets_rot90
39.0,0.1428571428571428,0.911699779249448,820,-56.142857142857146,commnet,saudi,3042.0,4042,2,saudi,assets_rot90
39.0,0.1428571428571428,0.8631346578366446,696,-56.142857142857146,commnet,saudi,3042.0,4042,3,saudi,assets_rot90
39.0,0.1428571428571428,0.9090909090909092,832,-56.142857142857146,commnet,saudi,3042.0,4042,4,saudi,assets_rot90
39.0,0.1428571428571428,0.913907284768212,686,-56.142857142857146,commnet,saudi,3042.0,4042,5,saudi,assets_rot90
39.0,0.1428571428571428,0.82560706401766,759,-56.142857142857146,commnet,saudi,3042.0,4042,6,saudi,assets_rot90
39.0,0.1428571428571428,0.9668874172185432,768,-56.142857142857146,commnet,saudi,3042.0,4042,7,saudi,assets_rot90
39.0,0.1428571428571428,0.7350993377483444,795,-56.142857142857146,commnet,saudi,3042.0,4042,8,saudi,assets_rot90
39.0,0.1428571428571428,0.8543046357615894,812,-56.142857142857146,commnet,saudi,3042.0,4042,9,saudi,assets_rot90
39.0,0.1428571428571428,0.8896247240618101,790,-56.142857142857146,commnet,saudi,3042.0,4042,10,saudi,assets_rot90
39.0,0.1428571428571428,0.869757174392936,807,-56.142857142857146,commnet,saudi,3042.0,4042,11,saudi,assets_rot90
39.0,0.1428571428571428,0.9403973509933776,808,-56.142857142857146,commnet,saudi,3042.0,4042,12,saudi,assets_rot90
39.0,0.1428571428571428,0.9403973509933776,812,-56.142857142857146,commnet,saudi,3042.0,4042,13,saudi,assets_rot90
39.0,0.1428571428571428,0.9829683698296836,785,-56.142857142857146,commnet,saudi,3042.0,4042,14,saudi,assets_rot90
39.0,0.1428571428571428,0.4591611479028697,816,-56.54285714285715,commnet,saudi,4042.0,42,0,saudi,assets_rot90
33.0,0.2857142857142857,0.6909492273730684,653,-47.68571428571429,commnet,saudi,4042.0,42,1,saudi,assets_rot90
39.0,0.1428571428571428,0.5231788079470199,793,-56.54285714285715,commnet,saudi,4042.0,42,2,saudi,assets_rot90
39.0,0.1428571428571428,0.7064017660044151,763,-56.54285714285715,commnet,saudi,4042.0,42,3,saudi,assets_rot90
39.0,0.1428571428571428,0.5827814569536424,712,-56.742857142857154,commnet,saudi,4042.0,42,4,saudi,assets_rot90
39.0,0.1428571428571428,0.4790286975717439,849,-56.54285714285714,commnet,saudi,4042.0,42,5,saudi,assets_rot90
39.0,0.1428571428571428,0.5474613686534217,817,-56.54285714285715,commnet,saudi,4042.0,42,6,saudi,assets_rot90
39.0,0.1428571428571428,0.6622516556291391,738,-56.54285714285715,commnet,saudi,4042.0,42,7,saudi,assets_rot90
39.0,0.1428571428571428,0.58719646799117,774,-56.742857142857154,commnet,saudi,4042.0,42,8,saudi,assets_rot90
39.0,0.1428571428571428,0.5142118863049095,850,-56.54285714285715,commnet,saudi,4042.0,42,9,saudi,assets_rot90
39.0,0.1428571428571428,0.7041942604856513,806,-56.54285714285715,commnet,saudi,4042.0,42,10,saudi,assets_rot90
39.0,0.1428571428571428,0.6313465783664459,802,-56.54285714285715,commnet,saudi,4042.0,42,11,saudi,assets_rot90
39.0,0.1428571428571428,0.5791962174940898,841,-56.54285714285715,commnet,saudi,4042.0,42,12,saudi,assets_rot90
39.0,0.1428571428571428,0.6400966183574879,850,-56.54285714285715,commnet,saudi,4042.0,42,13,saudi,assets_rot90
39.0,0.1428571428571428,0.4481236203090508,841,-56.54285714285715,commnet,saudi,4042.0,42,14,saudi,assets_rot90
39.0,0.1428571428571428,0.7350993377483444,830,-56.54285714285715,commnet,saudi,4042.0,1042,0,saudi,assets_rot90
39.0,0.1428571428571428,0.7064017660044151,797,-56.54285714285715,commnet,saudi,4042.0,1042,1,saudi,assets_rot90
39.0,0.1428571428571428,0.6114790286975718,785,-56.54285714285714,commnet,saudi,4042.0,1042,2,saudi,assets_rot90
39.0,0.1428571428571428,0.6181015452538632,812,-56.54285714285714,commnet,saudi,4042.0,1042,3,saudi,assets_rot90
39.0,0.1428571428571428,0.6357615894039735,694,-56.54285714285715,commnet,saudi,4042.0,1042,4,saudi,assets_rot90
39.0,0.1428571428571428,0.5187637969094923,849,-56.54285714285715,commnet,saudi,4042.0,1042,5,saudi,assets_rot90
39.0,0.1428571428571428,0.6004415011037527,744,-56.54285714285714,commnet,saudi,4042.0,1042,6,saudi,assets_rot90
39.0,0.1428571428571428,0.6490066225165563,849,-56.54285714285715,commnet,saudi,4042.0,1042,7,saudi,assets_rot90
39.0,0.1428571428571428,0.5982339955849889,813,-56.54285714285715,commnet,saudi,4042.0,1042,8,saudi,assets_rot90
39.0,0.1428571428571428,0.6335540838852097,842,-56.54285714285715,commnet,saudi,4042.0,1042,9,saudi,assets_rot90
39.0,0.1428571428571428,0.6203090507726269,754,-56.742857142857154,commnet,saudi,4042.0,1042,10,saudi,assets_rot90
39.0,0.1428571428571428,0.5275938189845475,808,-56.64285714285715,commnet,saudi,4042.0,1042,11,saudi,assets_rot90
39.0,0.1428571428571428,0.5805739514348786,816,-56.742857142857154,commnet,saudi,4042.0,1042,12,saudi,assets_rot90
39.0,0.1428571428571428,0.4437086092715231,841,-56.54285714285715,commnet,saudi,4042.0,1042,13,saudi,assets_rot90
39.0,0.1428571428571428,0.4890510948905109,850,-56.54285714285715,commnet,saudi,4042.0,1042,14,saudi,assets_rot90
39.0,0.1428571428571428,0.5342163355408388,821,-56.64285714285714,commnet,saudi,4042.0,2042,0,saudi,assets_rot90
39.0,0.1428571428571428,0.6004415011037527,717,-56.54285714285715,commnet,saudi,4042.0,2042,1,saudi,assets_rot90
39.0,0.1428571428571428,0.5916114790286976,773,-56.54285714285715,commnet,saudi,4042.0,2042,2,saudi,assets_rot90
39.0,0.1428571428571428,0.5496688741721855,818,-56.64285714285715,commnet,saudi,4042.0,2042,3,saudi,assets_rot90
39.0,0.1428571428571428,0.3901808785529715,850,-56.54285714285715,commnet,saudi,4042.0,2042,4,saudi,assets_rot90
39.0,0.1428571428571428,0.543046357615894,812,-56.54285714285715,commnet,saudi,4042.0,2042,5,saudi,assets_rot90
39.0,0.1428571428571428,0.7262693156732892,826,-56.54285714285715,commnet,saudi,4042.0,2042,6,saudi,assets_rot90
39.0,0.1428571428571428,0.4812206572769953,850,-56.54285714285715,commnet,saudi,4042.0,2042,7,saudi,assets_rot90
39.0,0.1428571428571428,0.5916114790286976,725,-56.742857142857154,commnet,saudi,4042.0,2042,8,saudi,assets_rot90
39.0,0.1428571428571428,0.6379690949227373,810,-56.54285714285715,commnet,saudi,4042.0,2042,9,saudi,assets_rot90
39.0,0.1428571428571428,0.6357615894039735,695,-56.54285714285715,commnet,saudi,4042.0,2042,10,saudi,assets_rot90
39.0,0.1428571428571428,0.3939393939393939,850,-56.54285714285715,commnet,saudi,4042.0,2042,11,saudi,assets_rot90
39.0,0.1428571428571428,0.6423357664233577,850,-56.54285714285715,commnet,saudi,4042.0,2042,12,saudi,assets_rot90
39.0,0.1428571428571428,0.5121412803532008,781,-56.54285714285715,commnet,saudi,4042.0,2042,13,saudi,assets_rot90
39.0,0.1428571428571428,0.6158940397350994,778,-56.54285714285715,commnet,saudi,4042.0,2042,14,saudi,assets_rot90
39.0,0.1428571428571428,0.5452538631346578,814,-56.54285714285715,commnet,saudi,4042.0,3042,0,saudi,assets_rot90
39.0,0.1428571428571428,0.6401766004415012,816,-56.64285714285715,commnet,saudi,4042.0,3042,1,saudi,assets_rot90
39.0,0.1428571428571428,0.4841849148418491,850,-56.54285714285715,commnet,saudi,4042.0,3042,2,saudi,assets_rot90
39.0,0.1428571428571428,0.5187637969094923,793,-56.54285714285715,commnet,saudi,4042.0,3042,3,saudi,assets_rot90
39.0,0.1428571428571428,0.565121412803532,832,-56.64285714285715,commnet,saudi,4042.0,3042,4,saudi,assets_rot90
39.0,0.1428571428571428,0.5253863134657837,805,-56.54285714285715,commnet,saudi,4042.0,3042,5,saudi,assets_rot90
39.0,0.1428571428571428,0.6909492273730684,816,-56.54285714285715,commnet,saudi,4042.0,3042,6,saudi,assets_rot90
39.0,0.1428571428571428,0.6467991169977925,704,-56.54285714285715,commnet,saudi,4042.0,3042,7,saudi,assets_rot90
39.0,0.1428571428571428,0.6335540838852097,821,-56.742857142857154,commnet,saudi,4042.0,3042,8,saudi,assets_rot90
39.0,0.1428571428571428,0.4988962472406181,787,-56.64285714285714,commnet,saudi,4042.0,3042,9,saudi,assets_rot90
39.0,0.1428571428571428,0.5673289183222958,837,-56.64285714285715,commnet,saudi,4042.0,3042,10,saudi,assets_rot90
39.0,0.1428571428571428,0.673289183222958,728,-56.54285714285715,commnet,saudi,4042.0,3042,11,saudi,assets_rot90
39.0,0.1428571428571428,0.4724061810154525,848,-56.54285714285715,commnet,saudi,4042.0,3042,12,saudi,assets_rot90
39.0,0.1428571428571428,0.4988962472406181,791,-56.64285714285714,commnet,saudi,4042.0,3042,13,saudi,assets_rot90
39.0,0.1428571428571428,0.5562913907284768,768,-56.54285714285715,commnet,saudi,4042.0,3042,14,saudi,assets_rot90
39.0,0.1428571428571428,0.58719646799117,784,-56.54285714285715,commnet,saudi,4042.0,4042,0,saudi,assets_rot90
39.0,0.1428571428571428,0.543046357615894,816,-56.64285714285715,commnet,saudi,4042.0,4042,1,saudi,assets_rot90
39.0,0.1428571428571428,0.5717439293598234,837,-56.64285714285715,commnet,saudi,4042.0,4042,2,saudi,assets_rot90
39.0,0.1428571428571428,0.5916114790286976,706,-56.54285714285715,commnet,saudi,4042.0,4042,3,saudi,assets_rot90
39.0,0.1428571428571428,0.634032634032634,850,-56.54285714285715,commnet,saudi,4042.0,4042,4,saudi,assets_rot90
39.0,0.1428571428571428,0.6181015452538632,727,-56.64285714285715,commnet,saudi,4042.0,4042,5,saudi,assets_rot90
39.0,0.1428571428571428,0.5894039735099338,789,-56.54285714285715,commnet,saudi,4042.0,4042,6,saudi,assets_rot90
39.0,0.1428571428571428,0.6622516556291391,801,-56.64285714285715,commnet,saudi,4042.0,4042,7,saudi,assets_rot90
39.0,0.1428571428571428,0.5165562913907285,789,-56.54285714285715,commnet,saudi,4042.0,4042,8,saudi,assets_rot90
39.0,0.1428571428571428,0.6997792494481236,821,-56.54285714285715,commnet,saudi,4042.0,4042,9,saudi,assets_rot90
39.0,0.1428571428571428,0.5275938189845475,800,-56.64285714285714,commnet,saudi,4042.0,4042,10,saudi,assets_rot90
39.0,0.1428571428571428,0.5077262693156733,806,-56.64285714285714,commnet,saudi,4042.0,4042,11,saudi,assets_rot90
39.0,0.1428571428571428,0.7086092715231788,825,-56.54285714285715,commnet,saudi,4042.0,4042,12,saudi,assets_rot90
39.0,0.1428571428571428,0.7130242825607064,808,-56.54285714285715,commnet,saudi,4042.0,4042,13,saudi,assets_rot90
39.0,0.1428571428571428,0.5012165450121655,850,-56.54285714285715,commnet,saudi,4042.0,4042,14,saudi,assets_rot90
8.0,0.7142857142857143,0.8874172185430463,548,-13.714285714285714,hiercomm_heur,saudi,42.0,42,0,saudi,assets_rot90
23.0,0.4285714285714285,0.7284768211920529,487,-34.52857142857143,hiercomm_heur,saudi,42.0,42,1,saudi,assets_rot90
4.0,0.8571428571428571,0.8984547461368654,568,-7.357142857142858,hiercomm_heur,saudi,42.0,42,2,saudi,assets_rot90
20.0,0.5714285714285714,0.8631346578366446,441,-29.871428571428595,hiercomm_heur,saudi,42.0,42,3,saudi,assets_rot90
23.0,0.4285714285714285,0.9315673289183224,596,-34.42857142857143,hiercomm_heur,saudi,42.0,42,4,saudi,assets_rot90
4.0,0.8571428571428571,0.5673289183222958,688,-6.857142857142858,hiercomm_heur,saudi,42.0,42,5,saudi,assets_rot90
8.0,0.7142857142857143,0.6777041942604857,606,-14.014285714285712,hiercomm_heur,saudi,42.0,42,6,saudi,assets_rot90
20.0,0.5714285714285714,0.8145695364238411,579,-28.671428571428574,hiercomm_heur,saudi,42.0,42,7,saudi,assets_rot90
8.0,0.7142857142857143,0.6799116997792495,617,-13.914285714285716,hiercomm_heur,saudi,42.0,42,8,saudi,assets_rot90
10.0,0.7142857142857143,0.9646799116997792,697,-15.714285714285714,hiercomm_heur,saudi,42.0,42,9,saudi,assets_rot90
8.0,0.7142857142857143,0.7417218543046358,652,-13.914285714285713,hiercomm_heur,saudi,42.0,42,10,saudi,assets_rot90
4.0,0.8571428571428571,1.0,609,-6.857142857142858,hiercomm_heur,saudi,42.0,42,11,saudi,assets_rot90
8.0,0.7142857142857143,0.9933774834437086,706,-13.714285714285714,hiercomm_heur,saudi,42.0,42,12,saudi,assets_rot90
8.0,0.7142857142857143,0.9602649006622516,578,-13.714285714285714,hiercomm_heur,saudi,42.0,42,13,saudi,assets_rot90
8.0,0.7142857142857143,0.7461368653421634,655,-14.214285714285714,hiercomm_heur,saudi,42.0,42,14,saudi,assets_rot90
8.0,0.7142857142857143,0.8874172185430463,698,-13.714285714285714,hiercomm_heur,saudi,42.0,1042,0,saudi,assets_rot90
8.0,0.7142857142857143,0.9514348785871964,498,-13.914285714285716,hiercomm_heur,saudi,42.0,1042,1,saudi,assets_rot90
8.0,0.7142857142857143,0.8057395143487859,627,-13.814285714285717,hiercomm_heur,saudi,42.0,1042,2,saudi,assets_rot90
18.0,0.5714285714285714,0.9315673289183224,516,-26.871428571428574,hiercomm_heur,saudi,42.0,1042,3,saudi,assets_rot90
33.0,0.2857142857142857,0.4922737306843267,586,-47.285714285714285,hiercomm_heur,saudi,42.0,1042,4,saudi,assets_rot90
8.0,0.7142857142857143,0.9823399558498896,600,-13.814285714285711,hiercomm_heur,saudi,42.0,1042,5,saudi,assets_rot90
14.0,0.7142857142857143,0.8167770419426048,538,-19.81428571428572,hiercomm_heur,saudi,42.0,1042,6,saudi,assets_rot90
14.0,0.5714285714285714,0.5960264900662252,685,-22.571428571428573,hiercomm_heur,saudi,42.0,1042,7,saudi,assets_rot90
8.0,0.7142857142857143,0.5452538631346578,606,-13.914285714285713,hiercomm_heur,saudi,42.0,1042,8,saudi,assets_rot90
8.0,0.7142857142857143,0.9381898454746136,530,-13.814285714285711,hiercomm_heur,saudi,42.0,1042,9,saudi,assets_rot90
4.0,0.8571428571428571,0.9271523178807948,422,-7.1571428571428575,hiercomm_heur,saudi,42.0,1042,10,saudi,assets_rot90
8.0,0.7142857142857143,0.7991169977924945,542,-13.914285714285716,hiercomm_heur,saudi,42.0,1042,11,saudi,assets_rot90
8.0,0.7142857142857143,0.7328918322295805,587,-13.814285714285711,hiercomm_heur,saudi,42.0,1042,12,saudi,assets_rot90
8.0,0.7142857142857143,0.8631346578366446,641,-13.714285714285714,hiercomm_heur,saudi,42.0,1042,13,saudi,assets_rot90
14.0,0.7142857142857143,0.565121412803532,706,-19.714285714285715,hiercomm_heur,saudi,42.0,1042,14,saudi,assets_rot90
14.0,0.5714285714285714,1.0,594,-22.571428571428577,hiercomm_heur,saudi,42.0,2042,0,saudi,assets_rot90
23.0,0.4285714285714285,0.7350993377483444,598,-34.728571428571435,hiercomm_heur,saudi,42.0,2042,1,saudi,assets_rot90
23.0,0.4285714285714285,0.9955849889624724,605,-34.42857142857143,hiercomm_heur,saudi,42.0,2042,2,saudi,assets_rot90
14.0,0.5714285714285714,0.9977924944812362,539,-22.571428571428577,hiercomm_heur,saudi,42.0,2042,3,saudi,assets_rot90
10.0,0.7142857142857143,1.0,716,-15.714285714285714,hiercomm_heur,saudi,42.0,2042,4,saudi,assets_rot90
8.0,0.7142857142857143,0.8410596026490066,597,-13.914285714285716,hiercomm_heur,saudi,42.0,2042,5,saudi,assets_rot90
8.0,0.7142857142857143,1.0,566,-13.714285714285714,hiercomm_heur,saudi,42.0,2042,6,saudi,assets_rot90
4.0,0.8571428571428571,0.7571743929359823,718,-6.857142857142858,hiercomm_heur,saudi,42.0,2042,7,saudi,assets_rot90
23.0,0.4285714285714285,0.7350993377483444,603,-34.728571428571435,hiercomm_heur,saudi,42.0,2042,8,saudi,assets_rot90
20.0,0.5714285714285714,0.8035320088300221,663,-28.77142857142857,hiercomm_heur,saudi,42.0,2042,9,saudi,assets_rot90
33.0,0.2857142857142857,0.4922737306843267,589,-47.285714285714285,hiercomm_heur,saudi,42.0,2042,10,saudi,assets_rot90
10.0,0.7142857142857143,0.9955849889624724,709,-15.814285714285711,hiercomm_heur,saudi,42.0,2042,11,saudi,assets_rot90
8.0,0.7142857142857143,0.9955849889624724,602,-13.714285714285714,hiercomm_heur,saudi,42.0,2042,12,saudi,assets_rot90
20.0,0.5714285714285714,0.9801324503311258,584,-28.671428571428574,hiercomm_heur,saudi,42.0,2042,13,saudi,assets_rot90
23.0,0.4285714285714285,0.7373068432671082,607,-35.22857142857144,hiercomm_heur,saudi,42.0,2042,14,saudi,assets_rot90
8.0,0.7142857142857143,0.7858719646799117,602,-14.014285714285712,hiercomm_heur,saudi,42.0,3042,0,saudi,assets_rot90
8.0,0.7142857142857143,0.9933774834437086,547,-13.714285714285714,hiercomm_heur,saudi,42.0,3042,1,saudi,assets_rot90
4.0,0.8571428571428571,1.0,713,-6.857142857142858,hiercomm_heur,saudi,42.0,3042,2,saudi,assets_rot90
20.0,0.5714285714285714,0.7505518763796909,592,-28.571428571428577,hiercomm_heur,saudi,42.0,3042,3,saudi,assets_rot90
13.0,0.5714285714285714,0.9271523178807948,524,-21.571428571428573,hiercomm_heur,saudi,42.0,3042,4,saudi,assets_rot90
4.0,0.8571428571428571,0.7549668874172185,542,-6.857142857142858,hiercomm_heur,saudi,42.0,3042,5,saudi,assets_rot90
16.0,0.5714285714285714,0.7792494481236203,612,-24.571428571428577,hiercomm_heur,saudi,42.0,3042,6,saudi,assets_rot90
33.0,0.2857142857142857,1.0,613,-47.285714285714285,hiercomm_heur,saudi,42.0,3042,7,saudi,assets_rot90
8.0,0.7142857142857143,0.9072847682119204,696,-13.714285714285714,hiercomm_heur,saudi,42.0,3042,8,saudi,assets_rot90
8.0,0.7142857142857143,0.8057395143487859,626,-13.914285714285716,hiercomm_heur,saudi,42.0,3042,9,saudi,assets_rot90
17.0,0.4285714285714285,1.0,591,-28.42857142857143,hiercomm_heur,saudi,42.0,3042,10,saudi,assets_rot90
25.0,0.4285714285714285,0.4966887417218543,539,-36.42857142857143,hiercomm_heur,saudi,42.0,3042,11,saudi,assets_rot90
10.0,0.7142857142857143,0.7880794701986755,677,-15.714285714285714,hiercomm_heur,saudi,42.0,3042,12,saudi,assets_rot90
8.0,0.7142857142857143,0.8057395143487859,626,-13.914285714285716,hiercomm_heur,saudi,42.0,3042,13,saudi,assets_rot90
8.0,0.7142857142857143,0.8432671081677704,533,-13.714285714285714,hiercomm_heur,saudi,42.0,3042,14,saudi,assets_rot90
4.0,0.8571428571428571,0.933774834437086,545,-7.057142857142858,hiercomm_heur,saudi,42.0,4042,0,saudi,assets_rot90
4.0,0.8571428571428571,1.0,592,-6.857142857142858,hiercomm_heur,saudi,42.0,4042,1,saudi,assets_rot90
17.0,0.4285714285714285,1.0,593,-28.42857142857143,hiercomm_heur,saudi,42.0,4042,2,saudi,assets_rot90
23.0,0.4285714285714285,0.933774834437086,595,-34.42857142857143,hiercomm_heur,saudi,42.0,4042,3,saudi,assets_rot90
8.0,0.7142857142857143,0.8123620309050773,624,-13.714285714285714,hiercomm_heur,saudi,42.0,4042,4,saudi,assets_rot90
4.0,0.8571428571428571,0.7549668874172185,588,-6.857142857142859,hiercomm_heur,saudi,42.0,4042,5,saudi,assets_rot90
4.0,0.8571428571428571,0.6777041942604857,547,-6.857142857142858,hiercomm_heur,saudi,42.0,4042,6,saudi,assets_rot90
8.0,0.7142857142857143,0.7218543046357616,633,-14.314285714285711,hiercomm_heur,saudi,42.0,4042,7,saudi,assets_rot90
14.0,0.7142857142857143,0.8233995584988962,630,-19.714285714285715,hiercomm_heur,saudi,42.0,4042,8,saudi,assets_rot90
30.0,0.2857142857142857,0.7328918322295805,708,-44.38571428571428,hiercomm_heur,saudi,42.0,4042,9,saudi,assets_rot90
8.0,0.7142857142857143,0.7571743929359823,565,-13.914285714285716,hiercomm_heur,saudi,42.0,4042,10,saudi,assets_rot90
24.0,0.4285714285714285,0.7902869757174393,580,-35.42857142857143,hiercomm_heur,saudi,42.0,4042,11,saudi,assets_rot90
24.0,0.4285714285714285,0.8189845474613686,567,-35.52857142857143,hiercomm_heur,saudi,42.0,4042,12,saudi,assets_rot90
8.0,0.7142857142857143,0.9028697571743928,580,-13.814285714285711,hiercomm_heur,saudi,42.0,4042,13,saudi,assets_rot90
4.0,0.8571428571428571,1.0,709,-6.857142857142858,hiercomm_heur,saudi,42.0,4042,14,saudi,assets_rot90
29.0,0.2857142857142857,0.9889624724061812,803,-43.285714285714285,hiercomm_heur,saudi,1042.0,42,0,saudi,assets_rot90
33.0,0.2857142857142857,0.9889624724061812,527,-47.285714285714285,hiercomm_heur,saudi,1042.0,42,1,saudi,assets_rot90
36.0,0.2857142857142857,1.0,640,-50.285714285714285,hiercomm_heur,saudi,1042.0,42,2,saudi,assets_rot90
20.0,0.5714285714285714,0.9977924944812362,509,-28.571428571428577,hiercomm_heur,saudi,1042.0,42,3,saudi,assets_rot90
23.0,0.4285714285714285,0.986013986013986,483,-34.42857142857143,hiercomm_heur,saudi,1042.0,42,4,saudi,assets_rot90
10.0,0.7142857142857143,0.9726027397260274,767,-15.714285714285714,hiercomm_heur,saudi,1042.0,42,5,saudi,assets_rot90
14.0,0.5714285714285714,0.9690949227373068,781,-22.67142857142857,hiercomm_heur,saudi,1042.0,42,6,saudi,assets_rot90
24.0,0.4285714285714285,0.9536423841059604,609,-35.62857142857143,hiercomm_heur,saudi,1042.0,42,7,saudi,assets_rot90
20.0,0.5714285714285714,0.8035320088300221,657,-28.87142857142858,hiercomm_heur,saudi,1042.0,42,8,saudi,assets_rot90
14.0,0.5714285714285714,0.8609112709832134,855,-22.571428571428573,hiercomm_heur,saudi,1042.0,42,9,saudi,assets_rot90
26.0,0.4285714285714285,0.7814569536423841,795,-37.72857142857144,hiercomm_heur,saudi,1042.0,42,10,saudi,assets_rot90
30.0,0.4285714285714285,0.9638888888888888,636,-41.42857142857143,hiercomm_heur,saudi,1042.0,42,11,saudi,assets_rot90
26.0,0.4285714285714285,0.7539149888143176,842,-37.62857142857143,hiercomm_heur,saudi,1042.0,42,12,saudi,assets_rot90
40.0,0.1428571428571428,0.966183574879227,844,-57.142857142857146,hiercomm_heur,saudi,1042.0,42,13,saudi,assets_rot90
36.0,0.2857142857142857,0.9867549668874172,803,-50.285714285714285,hiercomm_heur,saudi,1042.0,42,14,saudi,assets_rot90
33.0,0.2857142857142857,0.8189845474613686,751,-47.285714285714285,hiercomm_heur,saudi,1042.0,1042,0,saudi,assets_rot90
10.0,0.7142857142857143,0.9911699779249448,746,-15.714285714285714,hiercomm_heur,saudi,1042.0,1042,1,saudi,assets_rot90
20.0,0.5714285714285714,0.9602649006622516,701,-28.671428571428574,hiercomm_heur,saudi,1042.0,1042,2,saudi,assets_rot90
24.0,0.4285714285714285,0.997289972899729,628,-35.42857142857143,hiercomm_heur,saudi,1042.0,1042,3,saudi,assets_rot90
23.0,0.4285714285714285,0.9889624724061812,506,-34.42857142857143,hiercomm_heur,saudi,1042.0,1042,4,saudi,assets_rot90
30.0,0.2857142857142857,0.93598233995585,824,-44.28571428571428,hiercomm_heur,saudi,1042.0,1042,5,saudi,assets_rot90
30.0,0.4285714285714285,0.9974747474747476,541,-41.42857142857143,hiercomm_heur,saudi,1042.0,1042,6,saudi,assets_rot90
10.0,0.7142857142857143,0.9976689976689976,778,-15.714285714285714,hiercomm_heur,saudi,1042.0,1042,7,saudi,assets_rot90
33.0,0.2857142857142857,0.9911699779249448,796,-47.285714285714285,hiercomm_heur,saudi,1042.0,1042,8,saudi,assets_rot90
39.0,0.1428571428571428,0.9823399558498896,845,-56.142857142857146,hiercomm_heur,saudi,1042.0,1042,9,saudi,assets_rot90
33.0,0.2857142857142857,0.8432671081677704,653,-47.385714285714286,hiercomm_heur,saudi,1042.0,1042,10,saudi,assets_rot90
10.0,0.7142857142857143,0.9823399558498896,658,-15.814285714285711,hiercomm_heur,saudi,1042.0,1042,11,saudi,assets_rot90
20.0,0.5714285714285714,0.7461368653421634,771,-28.871428571428584,hiercomm_heur,saudi,1042.0,1042,12,saudi,assets_rot90
20.0,0.4285714285714285,0.7350993377483444,817,-32.228571428571435,hiercomm_heur,saudi,1042.0,1042,13,saudi,assets_rot90
16.0,0.5714285714285714,0.8646616541353384,784,-24.571428571428573,hiercomm_heur,saudi,1042.0,1042,14,saudi,assets_rot90
30.0,0.4285714285714285,0.9757174392935982,618,-41.52857142857143,hiercomm_heur,saudi,1042.0,2042,0,saudi,assets_rot90
23.0,0.4285714285714285,1.0,473,-34.42857142857143,hiercomm_heur,saudi,1042.0,2042,1,saudi,assets_rot90
23.0,0.4285714285714285,1.0,507,-34.42857142857143,hiercomm_heur,saudi,1042.0,2042,2,saudi,assets_rot90
30.0,0.4285714285714285,0.9757174392935982,726,-41.62857142857143,hiercomm_heur,saudi,1042.0,2042,3,saudi,assets_rot90
30.0,0.2857142857142857,0.7897091722595079,850,-44.285714285714285,hiercomm_heur,saudi,1042.0,2042,4,saudi,assets_rot90
24.0,0.4285714285714285,0.9801324503311258,763,-35.42857142857143,hiercomm_heur,saudi,1042.0,2042,5,saudi,assets_rot90
33.0,0.2857142857142857,0.9249448123620309,726,-47.285714285714285,hiercomm_heur,saudi,1042.0,2042,6,saudi,assets_rot90
29.0,0.2857142857142857,0.9696969696969696,780,-43.285714285714285,hiercomm_heur,saudi,1042.0,2042,7,saudi,assets_rot90
23.0,0.4285714285714285,1.0,563,-34.42857142857143,hiercomm_heur,saudi,1042.0,2042,8,saudi,assets_rot90
34.0,0.2857142857142857,0.9492273730684326,736,-48.285714285714285,hiercomm_heur,saudi,1042.0,2042,9,saudi,assets_rot90
23.0,0.4285714285714285,0.9889624724061812,502,-34.42857142857143,hiercomm_heur,saudi,1042.0,2042,10,saudi,assets_rot90
10.0,0.7142857142857143,0.9448123620309052,785,-15.714285714285714,hiercomm_heur,saudi,1042.0,2042,11,saudi,assets_rot90
40.0,0.1428571428571428,0.97323600973236,844,-57.142857142857146,hiercomm_heur,saudi,1042.0,2042,12,saudi,assets_rot90
36.0,0.2857142857142857,0.955849889624724,627,-50.285714285714285,hiercomm_heur,saudi,1042.0,2042,13,saudi,assets_rot90
23.0,0.4285714285714285,1.0,542,-34.42857142857143,hiercomm_heur,saudi,1042.0,2042,14,saudi,assets_rot90
14.0,0.5714285714285714,0.8807947019867549,715,-22.571428571428577,hiercomm_heur,saudi,1042.0,3042,0,saudi,assets_rot90
33.0,0.1428571428571428,0.9426048565121412,821,-50.642857142857146,hiercomm_heur,saudi,1042.0,3042,1,saudi,assets_rot90
6.0,0.8571428571428571,0.97323600973236,760,-8.857142857142858,hiercomm_heur,saudi,1042.0,3042,2,saudi,assets_rot90
24.0,0.4285714285714285,0.977924944812362,694,-35.42857142857143,hiercomm_heur,saudi,1042.0,3042,3,saudi,assets_rot90
26.0,0.4285714285714285,0.7439293598233996,812,-37.82857142857143,hiercomm_heur,saudi,1042.0,3042,4,saudi,assets_rot90
36.0,0.2857142857142857,0.9624724061810156,650,-50.285714285714285,hiercomm_heur,saudi,1042.0,3042,5,saudi,assets_rot90
39.0,0.1428571428571428,0.9911699779249448,819,-56.142857142857146,hiercomm_heur,saudi,1042.0,3042,6,saudi,assets_rot90
23.0,0.4285714285714285,0.7880794701986755,456,-34.728571428571435,hiercomm_heur,saudi,1042.0,3042,7,saudi,assets_rot90
24.0,0.4285714285714285,0.7284768211920529,768,-35.728571428571435,hiercomm_heur,saudi,1042.0,3042,8,saudi,assets_rot90
26.0,0.4285714285714285,0.9977924944812362,756,-37.42857142857143,hiercomm_heur,saudi,1042.0,3042,9,saudi,assets_rot90
26.0,0.4285714285714285,0.8498896247240618,798,-37.62857142857143,hiercomm_heur,saudi,1042.0,3042,10,saudi,assets_rot90
23.0,0.4285714285714285,0.8035320088300221,515,-34.42857142857143,hiercomm_heur,saudi,1042.0,3042,11,saudi,assets_rot90
14.0,0.5714285714285714,0.7902869757174393,824,-22.571428571428573,hiercomm_heur,saudi,1042.0,3042,12,saudi,assets_rot90
26.0,0.4285714285714285,0.9977924944812362,765,-37.42857142857143,hiercomm_heur,saudi,1042.0,3042,13,saudi,assets_rot90
8.0,0.7142857142857143,0.977924944812362,638,-13.814285714285711,hiercomm_heur,saudi,1042.0,3042,14,saudi,assets_rot90
36.0,0.2857142857142857,0.9911699779249448,786,-50.285714285714285,hiercomm_heur,saudi,1042.0,4042,0,saudi,assets_rot90
16.0,0.5714285714285714,0.7549668874172185,797,-25.071428571428577,hiercomm_heur,saudi,1042.0,4042,1,saudi,assets_rot90
26.0,0.4285714285714285,0.8498896247240618,798,-37.62857142857143,hiercomm_heur,saudi,1042.0,4042,2,saudi,assets_rot90
23.0,0.4285714285714285,0.9977924944812362,507,-34.42857142857143,hiercomm_heur,saudi,1042.0,4042,3,saudi,assets_rot90
43.0,0.0,0.944055944055944,856,-63.0,hiercomm_heur,saudi,1042.0,4042,4,saudi,assets_rot90
36.0,0.2857142857142857,0.9977924944812362,662,-50.285714285714285,hiercomm_heur,saudi,1042.0,4042,5,saudi,assets_rot90
30.0,0.4285714285714285,0.933774834437086,701,-41.82857142857144,hiercomm_heur,saudi,1042.0,4042,6,saudi,assets_rot90
23.0,0.4285714285714285,0.8763796909492274,705,-34.42857142857143,hiercomm_heur,saudi,1042.0,4042,7,saudi,assets_rot90
36.0,0.2857142857142857,1.0,717,-50.285714285714285,hiercomm_heur,saudi,1042.0,4042,8,saudi,assets_rot90
33.0,0.2857142857142857,0.8079470198675497,725,-47.285714285714285,hiercomm_heur,saudi,1042.0,4042,9,saudi,assets_rot90
30.0,0.4285714285714285,0.8940397350993378,629,-41.42857142857143,hiercomm_heur,saudi,1042.0,4042,10,saudi,assets_rot90
20.0,0.5714285714285714,0.9801324503311258,740,-28.67142857142858,hiercomm_heur,saudi,1042.0,4042,11,saudi,assets_rot90
26.0,0.4285714285714285,0.7483443708609272,815,-37.82857142857144,hiercomm_heur,saudi,1042.0,4042,12,saudi,assets_rot90
24.0,0.4285714285714285,0.8785871964679912,696,-35.82857142857144,hiercomm_heur,saudi,1042.0,4042,13,saudi,assets_rot90
10.0,0.7142857142857143,0.9708029197080292,790,-15.714285714285714,hiercomm_heur,saudi,1042.0,4042,14,saudi,assets_rot90
4.0,0.8571428571428571,1.0,664,-6.857142857142858,hiercomm_heur,saudi,2042.0,42,0,saudi,assets_rot90
13.0,0.5714285714285714,1.0,384,-21.571428571428577,hiercomm_heur,saudi,2042.0,42,1,saudi,assets_rot90
10.0,0.7142857142857143,0.9426048565121412,653,-16.414285714285715,hiercomm_heur,saudi,2042.0,42,2,saudi,assets_rot90
10.0,0.7142857142857143,0.8543046357615894,531,-15.714285714285715,hiercomm_heur,saudi,2042.0,42,3,saudi,assets_rot90
23.0,0.4285714285714285,0.9690949227373068,427,-34.42857142857143,hiercomm_heur,saudi,2042.0,42,4,saudi,assets_rot90
6.0,0.8571428571428571,1.0,673,-8.857142857142858,hiercomm_heur,saudi,2042.0,42,5,saudi,assets_rot90
4.0,0.8571428571428571,0.9823399558498896,623,-6.957142857142857,hiercomm_heur,saudi,2042.0,42,6,saudi,assets_rot90
19.0,0.5714285714285714,1.0,55,-27.571428571428577,hiercomm_heur,saudi,2042.0,42,7,saudi,assets_rot90
16.0,0.7142857142857143,0.9448123620309052,515,-21.714285714285715,hiercomm_heur,saudi,2042.0,42,8,saudi,assets_rot90
6.0,0.8571428571428571,1.0,685,-8.857142857142858,hiercomm_heur,saudi,2042.0,42,9,saudi,assets_rot90
16.0,0.7142857142857143,1.0,173,-21.714285714285715,hiercomm_heur,saudi,2042.0,42,10,saudi,assets_rot90
4.0,0.8571428571428571,0.977924944812362,483,-6.957142857142857,hiercomm_heur,saudi,2042.0,42,11,saudi,assets_rot90
4.0,0.8571428571428571,1.0,377,-6.857142857142858,hiercomm_heur,saudi,2042.0,42,12,saudi,assets_rot90
16.0,0.7142857142857143,0.927710843373494,111,-22.214285714285715,hiercomm_heur,saudi,2042.0,42,13,saudi,assets_rot90
4.0,0.8571428571428571,0.933774834437086,604,-7.557142857142858,hiercomm_heur,saudi,2042.0,42,14,saudi,assets_rot90
4.0,0.8571428571428571,0.9867549668874172,642,-6.957142857142857,hiercomm_heur,saudi,2042.0,1042,0,saudi,assets_rot90
4.0,0.8571428571428571,1.0,457,-6.857142857142858,hiercomm_heur,saudi,2042.0,1042,1,saudi,assets_rot90
16.0,0.7142857142857143,1.0,580,-21.714285714285715,hiercomm_heur,saudi,2042.0,1042,2,saudi,assets_rot90
20.0,0.5714285714285714,0.955849889624724,501,-29.17142857142858,hiercomm_heur,saudi,2042.0,1042,3,saudi,assets_rot90
19.0,0.5714285714285714,1.0,20,-27.571428571428573,hiercomm_heur,saudi,2042.0,1042,4,saudi,assets_rot90
0.0,1.0,0.7858719646799117,70,-0.2,hiercomm_heur,saudi,2042.0,1042,5,saudi,assets_rot90
4.0,0.8571428571428571,1.0,459,-6.857142857142858,hiercomm_heur,saudi,2042.0,1042,6,saudi,assets_rot90
0.0,1.0,0.9914529914529916,47,0.0,hiercomm_heur,saudi,2042.0,1042,7,saudi,assets_rot90
4.0,0.8571428571428571,1.0,441,-6.857142857142858,hiercomm_heur,saudi,2042.0,1042,8,saudi,assets_rot90
4.0,0.8571428571428571,1.0,604,-6.857142857142858,hiercomm_heur,saudi,2042.0,1042,9,saudi,assets_rot90
0.0,1.0,0.9889624724061812,441,-0.1,hiercomm_heur,saudi,2042.0,1042,10,saudi,assets_rot90
4.0,0.8571428571428571,0.9867549668874172,643,-6.857142857142858,hiercomm_heur,saudi,2042.0,1042,11,saudi,assets_rot90
16.0,0.7142857142857143,1.0,54,-21.714285714285715,hiercomm_heur,saudi,2042.0,1042,12,saudi,assets_rot90
4.0,0.8571428571428571,0.9426048565121412,679,-7.057142857142857,hiercomm_heur,saudi,2042.0,1042,13,saudi,assets_rot90
6.0,0.8571428571428571,0.9757174392935982,675,-8.857142857142858,hiercomm_heur,saudi,2042.0,1042,14,saudi,assets_rot90
16.0,0.7142857142857143,1.0,52,-21.714285714285715,hiercomm_heur,saudi,2042.0,2042,0,saudi,assets_rot90
23.0,0.4285714285714285,0.9977924944812362,495,-34.42857142857143,hiercomm_heur,saudi,2042.0,2042,1,saudi,assets_rot90
33.0,0.2857142857142857,0.9536423841059604,416,-47.485714285714295,hiercomm_heur,saudi,2042.0,2042,2,saudi,assets_rot90
16.0,0.7142857142857143,0.9955849889624724,250,-21.714285714285715,hiercomm_heur,saudi,2042.0,2042,3,saudi,assets_rot90
6.0,0.8571428571428571,1.0,698,-8.857142857142858,hiercomm_heur,saudi,2042.0,2042,4,saudi,assets_rot90
16.0,0.7142857142857143,1.0,159,-21.714285714285715,hiercomm_heur,saudi,2042.0,2042,5,saudi,assets_rot90
6.0,0.8571428571428571,0.9887005649717514,52,-8.857142857142858,hiercomm_heur,saudi,2042.0,2042,6,saudi,assets_rot90
6.0,0.8571428571428571,0.9977924944812362,686,-8.857142857142858,hiercomm_heur,saudi,2042.0,2042,7,saudi,assets_rot90
23.0,0.4285714285714285,0.9906759906759908,501,-34.52857142857143,hiercomm_heur,saudi,2042.0,2042,8,saudi,assets_rot90
0.0,1.0,0.977924944812362,612,0.0,hiercomm_heur,saudi,2042.0,2042,9,saudi,assets_rot90
19.0,0.5714285714285714,1.0,20,-27.571428571428573,hiercomm_heur,saudi,2042.0,2042,10,saudi,assets_rot90
6.0,0.8571428571428571,1.0,698,-8.857142857142858,hiercomm_heur,saudi,2042.0,2042,11,saudi,assets_rot90
16.0,0.7142857142857143,0.926829268292683,113,-22.214285714285715,hiercomm_heur,saudi,2042.0,2042,12,saudi,assets_rot90
20.0,0.5714285714285714,1.0,445,-28.571428571428577,hiercomm_heur,saudi,2042.0,2042,13,saudi,assets_rot90
19.0,0.5714285714285714,1.0,52,-27.571428571428577,hiercomm_heur,saudi,2042.0,2042,14,saudi,assets_rot90
4.0,0.8571428571428571,0.9624724061810156,650,-7.057142857142858,hiercomm_heur,saudi,2042.0,3042,0,saudi,assets_rot90
4.0,0.8571428571428571,1.0,653,-6.857142857142858,hiercomm_heur,saudi,2042.0,3042,1,saudi,assets_rot90
6.0,0.8571428571428571,0.6269315673289183,687,-8.857142857142858,hiercomm_heur,saudi,2042.0,3042,2,saudi,assets_rot90
4.0,0.8571428571428571,1.0,541,-6.857142857142858,hiercomm_heur,saudi,2042.0,3042,3,saudi,assets_rot90
4.0,0.8571428571428571,1.0,686,-6.857142857142858,hiercomm_heur,saudi,2042.0,3042,4,saudi,assets_rot90
4.0,0.8571428571428571,0.9536423841059604,514,-6.857142857142858,hiercomm_heur,saudi,2042.0,3042,5,saudi,assets_rot90
16.0,0.7142857142857143,0.953216374269006,69,-21.914285714285715,hiercomm_heur,saudi,2042.0,3042,6,saudi,assets_rot90
23.0,0.4285714285714285,1.0,446,-34.42857142857143,hiercomm_heur,saudi,2042.0,3042,7,saudi,assets_rot90
6.0,0.8571428571428571,1.0,55,-8.85714285714286,hiercomm_heur,saudi,2042.0,3042,8,saudi,assets_rot90
20.0,0.5714285714285714,0.9690949227373068,694,-28.671428571428574,hiercomm_heur,saudi,2042.0,3042,9,saudi,assets_rot90
0.0,1.0,1.0,680,0.0,hiercomm_heur,saudi,2042.0,3042,10,saudi,assets_rot90
27.0,0.2857142857142857,1.0,311,-41.285714285714285,hiercomm_heur,saudi,2042.0,3042,11,saudi,assets_rot90
0.0,1.0,1.0,646,0.0,hiercomm_heur,saudi,2042.0,3042,12,saudi,assets_rot90
20.0,0.5714285714285714,0.9690949227373068,696,-28.671428571428574,hiercomm_heur,saudi,2042.0,3042,13,saudi,assets_rot90
10.0,0.7142857142857143,0.8211920529801324,676,-15.914285714285713,hiercomm_heur,saudi,2042.0,3042,14,saudi,assets_rot90
4.0,0.8571428571428571,1.0,559,-6.857142857142858,hiercomm_heur,saudi,2042.0,4042,0,saudi,assets_rot90
4.0,0.8571428571428571,1.0,573,-6.857142857142858,hiercomm_heur,saudi,2042.0,4042,1,saudi,assets_rot90
0.0,1.0,1.0,602,0.0,hiercomm_heur,saudi,2042.0,4042,2,saudi,assets_rot90
23.0,0.4285714285714285,1.0,453,-34.42857142857143,hiercomm_heur,saudi,2042.0,4042,3,saudi,assets_rot90
16.0,0.7142857142857143,0.9375,103,-22.114285714285717,hiercomm_heur,saudi,2042.0,4042,4,saudi,assets_rot90
6.0,0.8571428571428571,1.0,460,-8.85714285714286,hiercomm_heur,saudi,2042.0,4042,5,saudi,assets_rot90
4.0,0.8571428571428571,1.0,445,-6.857142857142858,hiercomm_heur,saudi,2042.0,4042,6,saudi,assets_rot90
4.0,0.8571428571428571,0.955849889624724,676,-7.057142857142858,hiercomm_heur,saudi,2042.0,4042,7,saudi,assets_rot90
29.0,0.2857142857142857,1.0,484,-43.285714285714285,hiercomm_heur,saudi,2042.0,4042,8,saudi,assets_rot90
16.0,0.7142857142857143,0.953216374269006,69,-21.914285714285715,hiercomm_heur,saudi,2042.0,4042,9,saudi,assets_rot90
20.0,0.5714285714285714,1.0,619,-28.571428571428577,hiercomm_heur,saudi,2042.0,4042,10,saudi,assets_rot90
16.0,0.7142857142857143,1.0,603,-21.714285714285715,hiercomm_heur,saudi,2042.0,4042,11,saudi,assets_rot90
16.0,0.7142857142857143,0.9930555555555556,67,-21.714285714285715,hiercomm_heur,saudi,2042.0,4042,12,saudi,assets_rot90
16.0,0.7142857142857143,1.0,48,-21.714285714285715,hiercomm_heur,saudi,2042.0,4042,13,saudi,assets_rot90
6.0,0.8571428571428571,0.7836644591611479,696,-8.857142857142858,hiercomm_heur,saudi,2042.0,4042,14,saudi,assets_rot90
0.0,1.0,1.0,378,0.0,hiercomm_heur,saudi,3042.0,42,0,saudi,assets_rot90
27.0,0.2857142857142857,0.9006622516556292,324,-41.285714285714285,hiercomm_heur,saudi,3042.0,42,1,saudi,assets_rot90
24.0,0.4285714285714285,0.911699779249448,677,-35.628571428571426,hiercomm_heur,saudi,3042.0,42,2,saudi,assets_rot90
14.0,0.5714285714285714,1.0,316,-22.571428571428577,hiercomm_heur,saudi,3042.0,42,3,saudi,assets_rot90
20.0,0.5714285714285714,1.0,356,-28.571428571428577,hiercomm_heur,saudi,3042.0,42,4,saudi,assets_rot90
0.0,1.0,0.9602649006622516,376,0.0,hiercomm_heur,saudi,3042.0,42,5,saudi,assets_rot90
0.0,1.0,0.977924944812362,351,-0.2,hiercomm_heur,saudi,3042.0,42,6,saudi,assets_rot90
16.0,0.7142857142857143,0.8962962962962963,29,-21.714285714285715,hiercomm_heur,saudi,3042.0,42,7,saudi,assets_rot90
4.0,0.8571428571428571,0.9845474613686536,559,-6.957142857142857,hiercomm_heur,saudi,3042.0,42,8,saudi,assets_rot90
6.0,0.8571428571428571,1.0,500,-8.857142857142858,hiercomm_heur,saudi,3042.0,42,9,saudi,assets_rot90
18.0,0.5714285714285714,0.9977924944812362,527,-26.571428571428577,hiercomm_heur,saudi,3042.0,42,10,saudi,assets_rot90
8.0,0.7142857142857143,1.0,542,-13.714285714285714,hiercomm_heur,saudi,3042.0,42,11,saudi,assets_rot90
0.0,1.0,0.9955849889624724,426,0.0,hiercomm_heur,saudi,3042.0,42,12,saudi,assets_rot90
8.0,0.7142857142857143,1.0,640,-13.714285714285714,hiercomm_heur,saudi,3042.0,42,13,saudi,assets_rot90
0.0,1.0,1.0,429,0.0,hiercomm_heur,saudi,3042.0,42,14,saudi,assets_rot90
0.0,1.0,0.9690949227373068,430,-0.3,hiercomm_heur,saudi,3042.0,1042,0,saudi,assets_rot90
0.0,1.0,1.0,300,0.0,hiercomm_heur,saudi,3042.0,1042,1,saudi,assets_rot90
4.0,0.8571428571428571,1.0,403,-6.857142857142858,hiercomm_heur,saudi,3042.0,1042,2,saudi,assets_rot90
20.0,0.5714285714285714,1.0,495,-28.571428571428577,hiercomm_heur,saudi,3042.0,1042,3,saudi,assets_rot90
27.0,0.2857142857142857,1.0,319,-41.285714285714285,hiercomm_heur,saudi,3042.0,1042,4,saudi,assets_rot90
0.0,1.0,0.9867549668874172,402,-0.1,hiercomm_heur,saudi,3042.0,1042,5,saudi,assets_rot90
18.0,0.5714285714285714,0.958057395143488,485,-26.671428571428574,hiercomm_heur,saudi,3042.0,1042,6,saudi,assets_rot90
0.0,1.0,1.0,460,0.0,hiercomm_heur,saudi,3042.0,1042,7,saudi,assets_rot90
0.0,1.0,0.9668874172185432,441,0.0,hiercomm_heur,saudi,3042.0,1042,8,saudi,assets_rot90
0.0,1.0,0.9470198675496688,322,0.0,hiercomm_heur,saudi,3042.0,1042,9,saudi,assets_rot90
4.0,0.8571428571428571,0.9977924944812362,383,-6.857142857142858,hiercomm_heur,saudi,3042.0,1042,10,saudi,assets_rot90
0.0,1.0,1.0,132,0.0,hiercomm_heur,saudi,3042.0,1042,11,saudi,assets_rot90
14.0,0.5714285714285714,0.9602649006622516,572,-23.071428571428573,hiercomm_heur,saudi,3042.0,1042,12,saudi,assets_rot90
0.0,1.0,1.0,346,0.0,hiercomm_heur,saudi,3042.0,1042,13,saudi,assets_rot90
0.0,1.0,0.9668874172185432,427,-0.2999999999999989,hiercomm_heur,saudi,3042.0,1042,14,saudi,assets_rot90
16.0,0.7142857142857143,1.0,418,-21.714285714285715,hiercomm_heur,saudi,3042.0,2042,0,saudi,assets_rot90
20.0,0.5714285714285714,1.0,426,-28.571428571428577,hiercomm_heur,saudi,3042.0,2042,1,saudi,assets_rot90
16.0,0.7142857142857143,0.9126984126984128,29,-21.714285714285715,hiercomm_heur,saudi,3042.0,2042,2,saudi,assets_rot90
24.0,0.4285714285714285,0.9933774834437086,506,-35.42857142857143,hiercomm_heur,saudi,3042.0,2042,3,saudi,assets_rot90
14.0,0.5714285714285714,1.0,280,-22.571428571428573,hiercomm_heur,saudi,3042.0,2042,4,saudi,assets_rot90
8.0,0.7142857142857143,0.9183222958057397,602,-13.814285714285711,hiercomm_heur,saudi,3042.0,2042,5,saudi,assets_rot90
0.0,1.0,1.0,393,0.0,hiercomm_heur,saudi,3042.0,2042,6,saudi,assets_rot90
6.0,0.8571428571428571,1.0,420,-8.857142857142858,hiercomm_heur,saudi,3042.0,2042,7,saudi,assets_rot90
20.0,0.5714285714285714,0.9845474613686536,447,-28.671428571428574,hiercomm_heur,saudi,3042.0,2042,8,saudi,assets_rot90
18.0,0.5714285714285714,0.9977924944812362,477,-26.571428571428577,hiercomm_heur,saudi,3042.0,2042,9,saudi,assets_rot90
27.0,0.2857142857142857,1.0,344,-41.285714285714285,hiercomm_heur,saudi,3042.0,2042,10,saudi,assets_rot90
14.0,0.5714285714285714,1.0,265,-22.571428571428573,hiercomm_heur,saudi,3042.0,2042,11,saudi,assets_rot90
8.0,0.7142857142857143,1.0,642,-13.714285714285714,hiercomm_heur,saudi,3042.0,2042,12,saudi,assets_rot90
18.0,0.5714285714285714,0.9235474006116208,449,-27.17142857142857,hiercomm_heur,saudi,3042.0,2042,13,saudi,assets_rot90
16.0,0.7142857142857143,0.9126984126984128,29,-21.714285714285715,hiercomm_heur,saudi,3042.0,2042,14,saudi,assets_rot90
0.0,1.0,0.9624724061810156,313,-0.3,hiercomm_heur,saudi,3042.0,3042,0,saudi,assets_rot90
0.0,1.0,0.9426048565121412,396,0.0,hiercomm_heur,saudi,3042.0,3042,1,saudi,assets_rot90
6.0,0.8571428571428571,1.0,433,-8.857142857142858,hiercomm_heur,saudi,3042.0,3042,2,saudi,assets_rot90
0.0,1.0,0.9050772626931568,153,-1.0,hiercomm_heur,saudi,3042.0,3042,3,saudi,assets_rot90
4.0,0.8571428571428571,0.9955849889624724,505,-6.857142857142858,hiercomm_heur,saudi,3042.0,3042,4,saudi,assets_rot90
0.0,1.0,0.9094922737306844,176,-1.0,hiercomm_heur,saudi,3042.0,3042,5,saudi,assets_rot90
4.0,0.8571428571428571,0.9757174392935982,442,-7.057142857142858,hiercomm_heur,saudi,3042.0,3042,6,saudi,assets_rot90
27.0,0.2857142857142857,1.0,343,-41.285714285714285,hiercomm_heur,saudi,3042.0,3042,7,saudi,assets_rot90
14.0,0.5714285714285714,0.9933774834437086,461,-22.571428571428577,hiercomm_heur,saudi,3042.0,3042,8,saudi,assets_rot90
4.0,0.8571428571428571,1.0,451,-6.857142857142858,hiercomm_heur,saudi,3042.0,3042,9,saudi,assets_rot90
4.0,0.8571428571428571,1.0,568,-6.857142857142858,hiercomm_heur,saudi,3042.0,3042,10,saudi,assets_rot90
24.0,0.4285714285714285,1.0,369,-35.42857142857143,hiercomm_heur,saudi,3042.0,3042,11,saudi,assets_rot90
6.0,0.8571428571428571,1.0,419,-8.857142857142858,hiercomm_heur,saudi,3042.0,3042,12,saudi,assets_rot90
4.0,0.8571428571428571,0.9602649006622516,469,-6.957142857142857,hiercomm_heur,saudi,3042.0,3042,13,saudi,assets_rot90
0.0,1.0,1.0,239,0.0,hiercomm_heur,saudi,3042.0,3042,14,saudi,assets_rot90
8.0,0.7142857142857143,0.8123620309050773,473,-14.414285714285713,hiercomm_heur,saudi,3042.0,4042,0,saudi,assets_rot90
0.0,1.0,0.9271523178807948,353,-0.7999999999999999,hiercomm_heur,saudi,3042.0,4042,1,saudi,assets_rot90
4.0,0.8571428571428571,1.0,567,-6.857142857142858,hiercomm_heur,saudi,3042.0,4042,2,saudi,assets_rot90
24.0,0.4285714285714285,1.0,526,-35.42857142857143,hiercomm_heur,saudi,3042.0,4042,3,saudi,assets_rot90
14.0,0.5714285714285714,1.0,671,-22.571428571428573,hiercomm_heur,saudi,3042.0,4042,4,saudi,assets_rot90
28.0,0.4285714285714285,1.0,405,-39.42857142857143,hiercomm_heur,saudi,3042.0,4042,5,saudi,assets_rot90
8.0,0.7142857142857143,0.9735099337748344,540,-14.014285714285712,hiercomm_heur,saudi,3042.0,4042,6,saudi,assets_rot90
0.0,1.0,0.8763796909492274,410,-0.4,hiercomm_heur,saudi,3042.0,4042,7,saudi,assets_rot90
28.0,0.4285714285714285,1.0,423,-39.42857142857143,hiercomm_heur,saudi,3042.0,4042,8,saudi,assets_rot90
4.0,0.8571428571428571,0.9933774834437086,522,-6.857142857142858,hiercomm_heur,saudi,3042.0,4042,9,saudi,assets_rot90
4.0,0.8571428571428571,1.0,417,-6.857142857142858,hiercomm_heur,saudi,3042.0,4042,10,saudi,assets_rot90
20.0,0.5714285714285714,0.6931567328918322,485,-28.87142857142858,hiercomm_heur,saudi,3042.0,4042,11,saudi,assets_rot90
0.0,1.0,1.0,380,0.0,hiercomm_heur,saudi,3042.0,4042,12,saudi,assets_rot90
18.0,0.5714285714285714,1.0,507,-26.571428571428577,hiercomm_heur,saudi,3042.0,4042,13,saudi,assets_rot90
19.0,0.5714285714285714,0.9911699779249448,543,-27.571428571428577,hiercomm_heur,saudi,3042.0,4042,14,saudi,assets_rot90
25.0,0.4285714285714285,0.9823399558498896,616,-36.62857142857143,hiercomm_heur,saudi,4042.0,42,0,saudi,assets_rot90
33.0,0.2857142857142857,0.9823399558498896,462,-47.48571428571429,hiercomm_heur,saudi,4042.0,42,1,saudi,assets_rot90
35.0,0.2857142857142857,0.7417218543046358,711,-49.88571428571429,hiercomm_heur,saudi,4042.0,42,2,saudi,assets_rot90
35.0,0.2857142857142857,0.8432671081677704,662,-49.58571428571428,hiercomm_heur,saudi,4042.0,42,3,saudi,assets_rot90
19.0,0.5714285714285714,0.9751243781094528,462,-27.87142857142858,hiercomm_heur,saudi,4042.0,42,4,saudi,assets_rot90
6.0,0.8571428571428571,1.0,622,-8.857142857142858,hiercomm_heur,saudi,4042.0,42,5,saudi,assets_rot90
6.0,0.8571428571428571,0.9823399558498896,659,-9.057142857142855,hiercomm_heur,saudi,4042.0,42,6,saudi,assets_rot90
25.0,0.4285714285714285,0.8278145695364238,643,-36.52857142857144,hiercomm_heur,saudi,4042.0,42,7,saudi,assets_rot90
25.0,0.4285714285714285,0.9889624724061812,614,-36.52857142857144,hiercomm_heur,saudi,4042.0,42,8,saudi,assets_rot90
16.0,0.7142857142857143,1.0,659,-21.714285714285715,hiercomm_heur,saudi,4042.0,42,9,saudi,assets_rot90
25.0,0.4285714285714285,0.9889624724061812,655,-36.52857142857143,hiercomm_heur,saudi,4042.0,42,10,saudi,assets_rot90
25.0,0.4285714285714285,0.9889624724061812,667,-36.52857142857143,hiercomm_heur,saudi,4042.0,42,11,saudi,assets_rot90
25.0,0.4285714285714285,0.9810874704491724,714,-36.62857142857143,hiercomm_heur,saudi,4042.0,42,12,saudi,assets_rot90
35.0,0.2857142857142857,0.9954022988505749,710,-49.285714285714285,hiercomm_heur,saudi,4042.0,42,13,saudi,assets_rot90
12.0,0.7142857142857143,0.9823399558498896,588,-17.91428571428571,hiercomm_heur,saudi,4042.0,42,14,saudi,assets_rot90
25.0,0.4285714285714285,0.9602649006622516,702,-36.82857142857144,hiercomm_heur,saudi,4042.0,1042,0,saudi,assets_rot90
6.0,0.8571428571428571,0.9823399558498896,540,-9.057142857142855,hiercomm_heur,saudi,4042.0,1042,1,saudi,assets_rot90
25.0,0.4285714285714285,0.9889624724061812,643,-36.52857142857143,hiercomm_heur,saudi,4042.0,1042,2,saudi,assets_rot90
19.0,0.5714285714285714,0.9690949227373068,538,-27.871428571428574,hiercomm_heur,saudi,4042.0,1042,3,saudi,assets_rot90
33.0,0.2857142857142857,0.9624724061810156,408,-47.48571428571429,hiercomm_heur,saudi,4042.0,1042,4,saudi,assets_rot90
39.0,0.1428571428571428,0.9911699779249448,763,-56.24285714285714,hiercomm_heur,saudi,4042.0,1042,5,saudi,assets_rot90
19.0,0.5714285714285714,0.977924944812362,474,-27.871428571428574,hiercomm_heur,saudi,4042.0,1042,6,saudi,assets_rot90
39.0,0.1428571428571428,0.9911699779249448,747,-56.24285714285714,hiercomm_heur,saudi,4042.0,1042,7,saudi,assets_rot90
25.0,0.4285714285714285,0.9889624724061812,675,-36.52857142857144,hiercomm_heur,saudi,4042.0,1042,8,saudi,assets_rot90
22.0,0.5714285714285714,0.9823399558498896,646,-30.77142857142857,hiercomm_heur,saudi,4042.0,1042,9,saudi,assets_rot90
39.0,0.1428571428571428,0.8631346578366446,660,-56.44285714285714,hiercomm_heur,saudi,4042.0,1042,10,saudi,assets_rot90
6.0,0.8571428571428571,0.9823399558498896,627,-9.057142857142852,hiercomm_heur,saudi,4042.0,1042,11,saudi,assets_rot90
35.0,0.2857142857142857,0.9889624724061812,741,-49.38571428571428,hiercomm_heur,saudi,4042.0,1042,12,saudi,assets_rot90
12.0,0.7142857142857143,0.9823399558498896,560,-17.91428571428571,hiercomm_heur,saudi,4042.0,1042,13,saudi,assets_rot90
35.0,0.2857142857142857,1.0,725,-49.285714285714285,hiercomm_heur,saudi,4042.0,1042,14,saudi,assets_rot90
35.0,0.2857142857142857,0.9448123620309052,741,-49.88571428571429,hiercomm_heur,saudi,4042.0,2042,0,saudi,assets_rot90
19.0,0.5714285714285714,0.977924944812362,499,-27.87142857142858,hiercomm_heur,saudi,4042.0,2042,1,saudi,assets_rot90
19.0,0.5714285714285714,0.9889624724061812,570,-27.671428571428574,hiercomm_heur,saudi,4042.0,2042,2,saudi,assets_rot90
25.0,0.4285714285714285,0.977924944812362,726,-36.72857142857143,hiercomm_heur,saudi,4042.0,2042,3,saudi,assets_rot90
26.0,0.5714285714285714,0.7938931297709924,706,-34.771428571428565,hiercomm_heur,saudi,4042.0,2042,4,saudi,assets_rot90
25.0,0.4285714285714285,0.9889624724061812,651,-36.52857142857143,hiercomm_heur,saudi,4042.0,2042,5,saudi,assets_rot90
25.0,0.4285714285714285,0.9602649006622516,705,-36.82857142857144,hiercomm_heur,saudi,4042.0,2042,6,saudi,assets_rot90
35.0,0.2857142857142857,1.0,603,-49.285714285714285,hiercomm_heur,saudi,4042.0,2042,7,saudi,assets_rot90
25.0,0.4285714285714285,0.977924944812362,622,-36.72857142857144,hiercomm_heur,saudi,4042.0,2042,8,saudi,assets_rot90
35.0,0.2857142857142857,0.9315673289183224,738,-49.88571428571429,hiercomm_heur,saudi,4042.0,2042,9,saudi,assets_rot90
33.0,0.2857142857142857,0.9602649006622516,411,-47.48571428571429,hiercomm_heur,saudi,4042.0,2042,10,saudi,assets_rot90
9.0,0.7142857142857143,1.0,687,-14.714285714285714,hiercomm_heur,saudi,4042.0,2042,11,saudi,assets_rot90
35.0,0.2857142857142857,0.9954022988505749,710,-49.285714285714285,hiercomm_heur,saudi,4042.0,2042,12,saudi,assets_rot90
35.0,0.2857142857142857,0.977924944812362,687,-49.48571428571429,hiercomm_heur,saudi,4042.0,2042,13,saudi,assets_rot90
25.0,0.4285714285714285,0.9889624724061812,659,-36.52857142857144,hiercomm_heur,saudi,4042.0,2042,14,saudi,assets_rot90
25.0,0.4285714285714285,0.7549668874172185,690,-36.62857142857143,hiercomm_heur,saudi,4042.0,3042,0,saudi,assets_rot90
12.0,0.7142857142857143,0.9823399558498896,618,-17.91428571428571,hiercomm_heur,saudi,4042.0,3042,1,saudi,assets_rot90
16.0,0.7142857142857143,1.0,634,-21.714285714285715,hiercomm_heur,saudi,4042.0,3042,2,saudi,assets_rot90
35.0,0.2857142857142857,0.7814569536423841,712,-49.38571428571428,hiercomm_heur,saudi,4042.0,3042,3,saudi,assets_rot90
25.0,0.4285714285714285,0.913907284768212,706,-36.52857142857144,hiercomm_heur,saudi,4042.0,3042,4,saudi,assets_rot90
25.0,0.4285714285714285,0.9889624724061812,706,-36.52857142857143,hiercomm_heur,saudi,4042.0,3042,5,saudi,assets_rot90
25.0,0.4285714285714285,0.9823399558498896,637,-36.62857142857143,hiercomm_heur,saudi,4042.0,3042,6,saudi,assets_rot90
33.0,0.2857142857142857,0.8785871964679912,119,-47.48571428571429,hiercomm_heur,saudi,4042.0,3042,7,saudi,assets_rot90
35.0,0.2857142857142857,0.9889624724061812,747,-49.38571428571428,hiercomm_heur,saudi,4042.0,3042,8,saudi,assets_rot90
25.0,0.4285714285714285,0.9889624724061812,632,-36.52857142857143,hiercomm_heur,saudi,4042.0,3042,9,saudi,assets_rot90
25.0,0.4285714285714285,0.933774834437086,711,-36.72857142857144,hiercomm_heur,saudi,4042.0,3042,10,saudi,assets_rot90
25.0,0.4285714285714285,0.9889624724061812,462,-36.52857142857144,hiercomm_heur,saudi,4042.0,3042,11,saudi,assets_rot90
26.0,0.5714285714285714,0.9514348785871964,694,-34.57142857142858,hiercomm_heur,saudi,4042.0,3042,12,saudi,assets_rot90
25.0,0.4285714285714285,0.9889624724061812,641,-36.52857142857143,hiercomm_heur,saudi,4042.0,3042,13,saudi,assets_rot90
0.0,1.0,0.9823399558498896,463,-0.2,hiercomm_heur,saudi,4042.0,3042,14,saudi,assets_rot90
29.0,0.2857142857142857,0.6313465783664459,667,-43.38571428571428,hiercomm_heur,saudi,4042.0,4042,0,saudi,assets_rot90
16.0,0.7142857142857143,0.9823399558498896,518,-21.91428571428571,hiercomm_heur,saudi,4042.0,4042,1,saudi,assets_rot90
25.0,0.4285714285714285,0.93598233995585,681,-36.72857142857144,hiercomm_heur,saudi,4042.0,4042,2,saudi,assets_rot90
19.0,0.5714285714285714,0.8233995584988962,457,-29.0714285714286,hiercomm_heur,saudi,4042.0,4042,3,saudi,assets_rot90
35.0,0.2857142857142857,0.9953379953379954,741,-49.285714285714285,hiercomm_heur,saudi,4042.0,4042,4,saudi,assets_rot90
39.0,0.1428571428571428,0.9757174392935982,653,-56.34285714285715,hiercomm_heur,saudi,4042.0,4042,5,saudi,assets_rot90
29.0,0.2857142857142857,0.6754966887417219,674,-43.385714285714286,hiercomm_heur,saudi,4042.0,4042,6,saudi,assets_rot90
25.0,0.4285714285714285,0.9823399558498896,636,-36.62857142857143,hiercomm_heur,saudi,4042.0,4042,7,saudi,assets_rot90
35.0,0.2857142857142857,0.977924944812362,691,-49.48571428571429,hiercomm_heur,saudi,4042.0,4042,8,saudi,assets_rot90
25.0,0.4285714285714285,0.9823399558498896,642,-36.62857142857143,hiercomm_heur,saudi,4042.0,4042,9,saudi,assets_rot90
35.0,0.2857142857142857,0.9889624724061812,672,-49.38571428571428,hiercomm_heur,saudi,4042.0,4042,10,saudi,assets_rot90
25.0,0.4285714285714285,0.9690949227373068,659,-36.72857142857143,hiercomm_heur,saudi,4042.0,4042,11,saudi,assets_rot90
25.0,0.4285714285714285,0.8565121412803532,702,-36.52857142857143,hiercomm_heur,saudi,4042.0,4042,12,saudi,assets_rot90
25.0,0.4285714285714285,0.9889624724061812,658,-36.52857142857144,hiercomm_heur,saudi,4042.0,4042,13,saudi,assets_rot90
6.0,0.8571428571428571,1.0,615,-8.857142857142858,hiercomm_heur,saudi,4042.0,4042,14,saudi,assets_rot90
27.0,0.2857142857142857,1.0,483,-41.285714285714285,noop,saudi,,42,0,saudi,cross_region
27.0,0.2857142857142857,1.0,374,-41.285714285714285,noop,saudi,,42,1,saudi,cross_region
27.0,0.2857142857142857,1.0,441,-41.285714285714285,noop,saudi,,42,2,saudi,cross_region
27.0,0.2857142857142857,1.0,454,-41.285714285714285,noop,saudi,,42,3,saudi,cross_region
27.0,0.2857142857142857,1.0,428,-41.285714285714285,noop,saudi,,42,4,saudi,cross_region
27.0,0.2857142857142857,1.0,543,-41.285714285714285,noop,saudi,,42,5,saudi,cross_region
27.0,0.2857142857142857,1.0,493,-41.285714285714285,noop,saudi,,42,6,saudi,cross_region
27.0,0.2857142857142857,1.0,421,-41.285714285714285,noop,saudi,,42,7,saudi,cross_region
27.0,0.2857142857142857,1.0,459,-41.285714285714285,noop,saudi,,42,8,saudi,cross_region
27.0,0.2857142857142857,1.0,597,-41.285714285714285,noop,saudi,,42,9,saudi,cross_region
27.0,0.2857142857142857,1.0,526,-41.285714285714285,noop,saudi,,42,10,saudi,cross_region
27.0,0.2857142857142857,1.0,487,-41.285714285714285,noop,saudi,,42,11,saudi,cross_region
27.0,0.2857142857142857,1.0,606,-41.285714285714285,noop,saudi,,42,12,saudi,cross_region
27.0,0.2857142857142857,1.0,639,-41.285714285714285,noop,saudi,,42,13,saudi,cross_region
27.0,0.2857142857142857,1.0,524,-41.285714285714285,noop,saudi,,42,14,saudi,cross_region
27.0,0.2857142857142857,1.0,524,-41.285714285714285,noop,saudi,,1042,0,saudi,cross_region
27.0,0.2857142857142857,1.0,440,-41.285714285714285,noop,saudi,,1042,1,saudi,cross_region
27.0,0.2857142857142857,1.0,465,-41.285714285714285,noop,saudi,,1042,2,saudi,cross_region
27.0,0.2857142857142857,1.0,526,-41.285714285714285,noop,saudi,,1042,3,saudi,cross_region
27.0,0.2857142857142857,1.0,408,-41.285714285714285,noop,saudi,,1042,4,saudi,cross_region
27.0,0.2857142857142857,1.0,528,-41.28571428571429,noop,saudi,,1042,5,saudi,cross_region
27.0,0.2857142857142857,1.0,447,-41.285714285714285,noop,saudi,,1042,6,saudi,cross_region
27.0,0.2857142857142857,1.0,544,-41.285714285714285,noop,saudi,,1042,7,saudi,cross_region
27.0,0.2857142857142857,1.0,537,-41.28571428571429,noop,saudi,,1042,8,saudi,cross_region
27.0,0.2857142857142857,1.0,534,-41.285714285714285,noop,saudi,,1042,9,saudi,cross_region
27.0,0.2857142857142857,1.0,415,-41.285714285714285,noop,saudi,,1042,10,saudi,cross_region
27.0,0.2857142857142857,1.0,444,-41.285714285714285,noop,saudi,,1042,11,saudi,cross_region
27.0,0.2857142857142857,1.0,518,-41.285714285714285,noop,saudi,,1042,12,saudi,cross_region
27.0,0.2857142857142857,1.0,518,-41.285714285714285,noop,saudi,,1042,13,saudi,cross_region
27.0,0.2857142857142857,1.0,583,-41.285714285714285,noop,saudi,,1042,14,saudi,cross_region
27.0,0.2857142857142857,1.0,512,-41.285714285714285,noop,saudi,,2042,0,saudi,cross_region
27.0,0.2857142857142857,1.0,436,-41.285714285714285,noop,saudi,,2042,1,saudi,cross_region
27.0,0.2857142857142857,1.0,488,-41.285714285714285,noop,saudi,,2042,2,saudi,cross_region
27.0,0.2857142857142857,1.0,501,-41.285714285714285,noop,saudi,,2042,3,saudi,cross_region
27.0,0.2857142857142857,1.0,615,-41.285714285714285,noop,saudi,,2042,4,saudi,cross_region
27.0,0.2857142857142857,1.0,493,-41.285714285714285,noop,saudi,,2042,5,saudi,cross_region
27.0,0.2857142857142857,1.0,520,-41.285714285714285,noop,saudi,,2042,6,saudi,cross_region
27.0,0.2857142857142857,1.0,555,-41.285714285714285,noop,saudi,,2042,7,saudi,cross_region
27.0,0.2857142857142857,1.0,407,-41.285714285714285,noop,saudi,,2042,8,saudi,cross_region
27.0,0.2857142857142857,1.0,516,-41.285714285714285,noop,saudi,,2042,9,saudi,cross_region
27.0,0.2857142857142857,1.0,383,-41.285714285714285,noop,saudi,,2042,10,saudi,cross_region
27.0,0.2857142857142857,1.0,598,-41.285714285714285,noop,saudi,,2042,11,saudi,cross_region
27.0,0.2857142857142857,1.0,608,-41.28571428571429,noop,saudi,,2042,12,saudi,cross_region
27.0,0.2857142857142857,1.0,468,-41.285714285714285,noop,saudi,,2042,13,saudi,cross_region
27.0,0.2857142857142857,1.0,447,-41.285714285714285,noop,saudi,,2042,14,saudi,cross_region
27.0,0.2857142857142857,1.0,480,-41.285714285714285,noop,saudi,,3042,0,saudi,cross_region
27.0,0.2857142857142857,1.0,466,-41.28571428571429,noop,saudi,,3042,1,saudi,cross_region
27.0,0.2857142857142857,1.0,571,-41.285714285714285,noop,saudi,,3042,2,saudi,cross_region
27.0,0.2857142857142857,1.0,448,-41.285714285714285,noop,saudi,,3042,3,saudi,cross_region
27.0,0.2857142857142857,1.0,556,-41.285714285714285,noop,saudi,,3042,4,saudi,cross_region
27.0,0.2857142857142857,1.0,466,-41.285714285714285,noop,saudi,,3042,5,saudi,cross_region
27.0,0.2857142857142857,1.0,551,-41.285714285714285,noop,saudi,,3042,6,saudi,cross_region
27.0,0.2857142857142857,1.0,389,-41.285714285714285,noop,saudi,,3042,7,saudi,cross_region
27.0,0.2857142857142857,1.0,523,-41.285714285714285,noop,saudi,,3042,8,saudi,cross_region
27.0,0.2857142857142857,1.0,496,-41.285714285714285,noop,saudi,,3042,9,saudi,cross_region
27.0,0.2857142857142857,1.0,580,-41.28571428571429,noop,saudi,,3042,10,saudi,cross_region
27.0,0.2857142857142857,1.0,440,-41.285714285714285,noop,saudi,,3042,11,saudi,cross_region
27.0,0.2857142857142857,1.0,519,-41.285714285714285,noop,saudi,,3042,12,saudi,cross_region
27.0,0.2857142857142857,1.0,494,-41.285714285714285,noop,saudi,,3042,13,saudi,cross_region
27.0,0.2857142857142857,1.0,436,-41.285714285714285,noop,saudi,,3042,14,saudi,cross_region
27.0,0.2857142857142857,1.0,447,-41.285714285714285,noop,saudi,,4042,0,saudi,cross_region
27.0,0.2857142857142857,1.0,492,-41.28571428571429,noop,saudi,,4042,1,saudi,cross_region
27.0,0.2857142857142857,1.0,565,-41.285714285714285,noop,saudi,,4042,2,saudi,cross_region
27.0,0.2857142857142857,1.0,391,-41.285714285714285,noop,saudi,,4042,3,saudi,cross_region
27.0,0.2857142857142857,1.0,612,-41.285714285714285,noop,saudi,,4042,4,saudi,cross_region
27.0,0.2857142857142857,1.0,423,-41.285714285714285,noop,saudi,,4042,5,saudi,cross_region
27.0,0.2857142857142857,1.0,451,-41.285714285714285,noop,saudi,,4042,6,saudi,cross_region
27.0,0.2857142857142857,1.0,497,-41.285714285714285,noop,saudi,,4042,7,saudi,cross_region
27.0,0.2857142857142857,1.0,483,-41.285714285714285,noop,saudi,,4042,8,saudi,cross_region
27.0,0.2857142857142857,1.0,564,-41.285714285714285,noop,saudi,,4042,9,saudi,cross_region
27.0,0.2857142857142857,1.0,504,-41.285714285714285,noop,saudi,,4042,10,saudi,cross_region
27.0,0.2857142857142857,1.0,514,-41.285714285714285,noop,saudi,,4042,11,saudi,cross_region
27.0,0.2857142857142857,1.0,541,-41.285714285714285,noop,saudi,,4042,12,saudi,cross_region
27.0,0.2857142857142857,1.0,543,-41.285714285714285,noop,saudi,,4042,13,saudi,cross_region
27.0,0.2857142857142857,1.0,599,-41.285714285714285,noop,saudi,,4042,14,saudi,cross_region
27.0,0.2857142857142857,1.0,367,-41.285714285714285,commnet,california,42.0,42,0,saudi,cross_region
27.0,0.2857142857142857,1.0,345,-41.285714285714285,commnet,california,42.0,42,1,saudi,cross_region
27.0,0.2857142857142857,0.9668874172185432,379,-41.58571428571428,commnet,california,42.0,42,2,saudi,cross_region
27.0,0.2857142857142857,0.8675496688741722,374,-41.385714285714286,commnet,california,42.0,42,3,saudi,cross_region
27.0,0.2857142857142857,1.0,378,-41.285714285714285,commnet,california,42.0,42,4,saudi,cross_region
0.0,1.0,1.0,0,0.0,commnet,california,42.0,42,5,saudi,cross_region
27.0,0.2857142857142857,0.9801324503311258,363,-41.48571428571428,commnet,california,42.0,42,6,saudi,cross_region
27.0,0.2857142857142857,1.0,375,-41.285714285714285,commnet,california,42.0,42,7,saudi,cross_region
27.0,0.2857142857142857,1.0,386,-41.285714285714285,commnet,california,42.0,42,8,saudi,cross_region
27.0,0.2857142857142857,1.0,470,-41.285714285714285,commnet,california,42.0,42,9,saudi,cross_region
27.0,0.2857142857142857,1.0,408,-41.285714285714285,commnet,california,42.0,42,10,saudi,cross_region
27.0,0.2857142857142857,1.0,370,-41.285714285714285,commnet,california,42.0,42,11,saudi,cross_region
27.0,0.2857142857142857,1.0,443,-41.285714285714285,commnet,california,42.0,42,12,saudi,cross_region
27.0,0.2857142857142857,0.9271523178807948,460,-41.285714285714285,commnet,california,42.0,42,13,saudi,cross_region
0.0,1.0,0.9444444444444444,0,0.0,commnet,california,42.0,42,14,saudi,cross_region
27.0,0.2857142857142857,1.0,406,-41.285714285714285,commnet,california,42.0,1042,0,saudi,cross_region
27.0,0.2857142857142857,1.0,364,-41.285714285714285,commnet,california,42.0,1042,1,saudi,cross_region
27.0,0.2857142857142857,1.0,389,-41.285714285714285,commnet,california,42.0,1042,2,saudi,cross_region
27.0,0.2857142857142857,1.0,419,-41.285714285714285,commnet,california,42.0,1042,3,saudi,cross_region
27.0,0.2857142857142857,1.0,369,-41.285714285714285,commnet,california,42.0,1042,4,saudi,cross_region
27.0,0.2857142857142857,1.0,379,-41.285714285714285,commnet,california,42.0,1042,5,saudi,cross_region
27.0,0.2857142857142857,1.0,367,-41.285714285714285,commnet,california,42.0,1042,6,saudi,cross_region
27.0,0.2857142857142857,1.0,448,-41.285714285714285,commnet,california,42.0,1042,7,saudi,cross_region
27.0,0.2857142857142857,0.7417218543046358,416,-41.285714285714285,commnet,california,42.0,1042,8,saudi,cross_region
27.0,0.2857142857142857,1.0,383,-41.285714285714285,commnet,california,42.0,1042,9,saudi,cross_region
27.0,0.2857142857142857,0.9668874172185432,362,-41.58571428571428,commnet,california,42.0,1042,10,saudi,cross_region
27.0,0.2857142857142857,1.0,366,-41.285714285714285,commnet,california,42.0,1042,11,saudi,cross_region
27.0,0.2857142857142857,1.0,417,-41.285714285714285,commnet,california,42.0,1042,12,saudi,cross_region
0.0,1.0,0.9444444444444444,0,0.0,commnet,california,42.0,1042,13,saudi,cross_region
0.0,1.0,1.0,0,0.0,commnet,california,42.0,1042,14,saudi,cross_region
27.0,0.2857142857142857,1.0,419,-41.285714285714285,commnet,california,42.0,2042,0,saudi,cross_region
27.0,0.2857142857142857,1.0,385,-41.285714285714285,commnet,california,42.0,2042,1,saudi,cross_region
27.0,0.2857142857142857,1.0,406,-41.285714285714285,commnet,california,42.0,2042,2,saudi,cross_region
27.0,0.2857142857142857,1.0,415,-41.285714285714285,commnet,california,42.0,2042,3,saudi,cross_region
0.0,1.0,1.0,17,0.0,commnet,california,42.0,2042,4,saudi,cross_region
27.0,0.2857142857142857,1.0,399,-41.285714285714285,commnet,california,42.0,2042,5,saudi,cross_region
27.0,0.2857142857142857,1.0,423,-41.285714285714285,commnet,california,42.0,2042,6,saudi,cross_region
0.0,1.0,0.9318181818181818,1,-0.1,commnet,california,42.0,2042,7,saudi,cross_region
27.0,0.2857142857142857,1.0,369,-41.285714285714285,commnet,california,42.0,2042,8,saudi,cross_region
27.0,0.2857142857142857,1.0,402,-41.285714285714285,commnet,california,42.0,2042,9,saudi,cross_region
27.0,0.2857142857142857,1.0,352,-41.285714285714285,commnet,california,42.0,2042,10,saudi,cross_region
27.0,0.2857142857142857,1.0,471,-41.285714285714285,commnet,california,42.0,2042,11,saudi,cross_region
27.0,0.2857142857142857,0.9911699779249448,537,-41.285714285714285,commnet,california,42.0,2042,12,saudi,cross_region
27.0,0.2857142857142857,1.0,379,-41.285714285714285,commnet,california,42.0,2042,13,saudi,cross_region
27.0,0.2857142857142857,1.0,396,-41.285714285714285,commnet,california,42.0,2042,14,saudi,cross_region
27.0,0.2857142857142857,1.0,343,-41.285714285714285,commnet,california,42.0,3042,0,saudi,cross_region
27.0,0.2857142857142857,1.0,362,-41.285714285714285,commnet,california,42.0,3042,1,saudi,cross_region
0.0,1.0,0.9285714285714286,1,-0.1,commnet,california,42.0,3042,2,saudi,cross_region
27.0,0.2857142857142857,1.0,368,-41.285714285714285,commnet,california,42.0,3042,3,saudi,cross_region
27.0,0.2857142857142857,0.9889624724061812,418,-41.285714285714285,commnet,california,42.0,3042,4,saudi,cross_region
27.0,0.2857142857142857,1.0,378,-41.285714285714285,commnet,california,42.0,3042,5,saudi,cross_region
27.0,0.2857142857142857,0.8388520971302428,454,-41.385714285714286,commnet,california,42.0,3042,6,saudi,cross_region
27.0,0.2857142857142857,1.0,356,-41.285714285714285,commnet,california,42.0,3042,7,saudi,cross_region
27.0,0.2857142857142857,1.0,419,-41.285714285714285,commnet,california,42.0,3042,8,saudi,cross_region
27.0,0.2857142857142857,1.0,402,-41.285714285714285,commnet,california,42.0,3042,9,saudi,cross_region
27.0,0.2857142857142857,0.9977924944812362,426,-41.285714285714285,commnet,california,42.0,3042,10,saudi,cross_region
27.0,0.2857142857142857,1.0,393,-41.285714285714285,commnet,california,42.0,3042,11,saudi,cross_region
27.0,0.2857142857142857,1.0,434,-41.285714285714285,commnet,california,42.0,3042,12,saudi,cross_region
27.0,0.2857142857142857,1.0,400,-41.285714285714285,commnet,california,42.0,3042,13,saudi,cross_region
27.0,0.2857142857142857,1.0,361,-41.285714285714285,commnet,california,42.0,3042,14,saudi,cross_region
27.0,0.2857142857142857,1.0,367,-41.285714285714285,commnet,california,42.0,4042,0,saudi,cross_region
27.0,0.2857142857142857,1.0,392,-41.285714285714285,commnet,california,42.0,4042,1,saudi,cross_region
27.0,0.2857142857142857,0.9889624724061812,423,-41.285714285714285,commnet,california,42.0,4042,2,saudi,cross_region
27.0,0.2857142857142857,1.0,356,-41.285714285714285,commnet,california,42.0,4042,3,saudi,cross_region
27.0,0.2857142857142857,1.0,364,-41.285714285714285,commnet,california,42.0,4042,4,saudi,cross_region
27.0,0.2857142857142857,0.9668874172185432,370,-41.58571428571428,commnet,california,42.0,4042,5,saudi,cross_region
27.0,0.2857142857142857,1.0,370,-41.285714285714285,commnet,california,42.0,4042,6,saudi,cross_region
27.0,0.2857142857142857,1.0,393,-41.285714285714285,commnet,california,42.0,4042,7,saudi,cross_region
27.0,0.2857142857142857,1.0,408,-41.285714285714285,commnet,california,42.0,4042,8,saudi,cross_region
27.0,0.2857142857142857,0.9889624724061812,421,-41.285714285714285,commnet,california,42.0,4042,9,saudi,cross_region
27.0,0.2857142857142857,1.0,408,-41.285714285714285,commnet,california,42.0,4042,10,saudi,cross_region
27.0,0.2857142857142857,1.0,414,-41.285714285714285,commnet,california,42.0,4042,11,saudi,cross_region
27.0,0.2857142857142857,1.0,417,-41.285714285714285,commnet,california,42.0,4042,12,saudi,cross_region
27.0,0.2857142857142857,1.0,418,-41.285714285714285,commnet,california,42.0,4042,13,saudi,cross_region
27.0,0.2857142857142857,1.0,357,-41.285714285714285,commnet,california,42.0,4042,14,saudi,cross_region
27.0,0.2857142857142857,1.0,359,-41.285714285714285,commnet,california,1042.0,42,0,saudi,cross_region
27.0,0.2857142857142857,0.7218543046357616,316,-41.285714285714285,commnet,california,1042.0,42,1,saudi,cross_region
27.0,0.2857142857142857,1.0,367,-41.285714285714285,commnet,california,1042.0,42,2,saudi,cross_region
27.0,0.2857142857142857,1.0,370,-41.285714285714285,commnet,california,1042.0,42,3,saudi,cross_region
27.0,0.2857142857142857,1.0,339,-41.285714285714285,commnet,california,1042.0,42,4,saudi,cross_region
0.0,1.0,1.0,0,0.0,commnet,california,1042.0,42,5,saudi,cross_region
27.0,0.2857142857142857,1.0,349,-41.285714285714285,commnet,california,1042.0,42,6,saudi,cross_region
27.0,0.2857142857142857,1.0,336,-41.285714285714285,commnet,california,1042.0,42,7,saudi,cross_region
27.0,0.2857142857142857,1.0,333,-41.285714285714285,commnet,california,1042.0,42,8,saudi,cross_region
0.0,1.0,1.0,0,0.0,commnet,california,1042.0,42,9,saudi,cross_region
27.0,0.2857142857142857,1.0,365,-41.285714285714285,commnet,california,1042.0,42,10,saudi,cross_region
27.0,0.2857142857142857,1.0,364,-41.285714285714285,commnet,california,1042.0,42,11,saudi,cross_region
27.0,0.2857142857142857,1.0,392,-41.285714285714285,commnet,california,1042.0,42,12,saudi,cross_region
27.0,0.2857142857142857,1.0,368,-41.285714285714285,commnet,california,1042.0,42,13,saudi,cross_region
0.0,1.0,1.0,0,0.0,commnet,california,1042.0,42,14,saudi,cross_region
27.0,0.2857142857142857,1.0,382,-41.285714285714285,commnet,california,1042.0,1042,0,saudi,cross_region
27.0,0.2857142857142857,0.7130242825607064,360,-41.285714285714285,commnet,california,1042.0,1042,1,saudi,cross_region
27.0,0.2857142857142857,1.0,336,-41.285714285714285,commnet,california,1042.0,1042,2,saudi,cross_region
27.0,0.2857142857142857,0.7130242825607064,371,-41.285714285714285,commnet,california,1042.0,1042,3,saudi,cross_region
27.0,0.2857142857142857,1.0,329,-41.285714285714285,commnet,california,1042.0,1042,4,saudi,cross_region
27.0,0.2857142857142857,0.7130242825607064,355,-41.285714285714285,commnet,california,1042.0,1042,5,saudi,cross_region
27.0,0.2857142857142857,1.0,351,-41.285714285714285,commnet,california,1042.0,1042,6,saudi,cross_region
0.0,1.0,1.0,0,0.0,commnet,california,1042.0,1042,7,saudi,cross_region
27.0,0.2857142857142857,1.0,375,-41.285714285714285,commnet,california,1042.0,1042,8,saudi,cross_region
27.0,0.2857142857142857,0.7130242825607064,356,-41.285714285714285,commnet,california,1042.0,1042,9,saudi,cross_region
27.0,0.2857142857142857,1.0,352,-41.285714285714285,commnet,california,1042.0,1042,10,saudi,cross_region
27.0,0.2857142857142857,0.7130242825607064,362,-41.285714285714285,commnet,california,1042.0,1042,11,saudi,cross_region
27.0,0.2857142857142857,1.0,360,-41.285714285714285,commnet,california,1042.0,1042,12,saudi,cross_region
0.0,1.0,1.0,0,0.0,commnet,california,1042.0,1042,13,saudi,cross_region
0.0,1.0,1.0,0,0.0,commnet,california,1042.0,1042,14,saudi,cross_region
27.0,0.2857142857142857,0.7218543046357616,362,-41.285714285714285,commnet,california,1042.0,2042,0,saudi,cross_region
27.0,0.2857142857142857,1.0,343,-41.285714285714285,commnet,california,1042.0,2042,1,saudi,cross_region
27.0,0.2857142857142857,1.0,349,-41.285714285714285,commnet,california,1042.0,2042,2,saudi,cross_region
27.0,0.2857142857142857,0.7218543046357616,361,-41.285714285714285,commnet,california,1042.0,2042,3,saudi,cross_region
27.0,0.2857142857142857,0.7086092715231788,449,-41.285714285714285,commnet,california,1042.0,2042,4,saudi,cross_region
27.0,0.2857142857142857,1.0,350,-41.285714285714285,commnet,california,1042.0,2042,5,saudi,cross_region
27.0,0.2857142857142857,1.0,381,-41.285714285714285,commnet,california,1042.0,2042,6,saudi,cross_region
0.0,1.0,1.0,0,0.0,commnet,california,1042.0,2042,7,saudi,cross_region
27.0,0.2857142857142857,1.0,329,-41.285714285714285,commnet,california,1042.0,2042,8,saudi,cross_region
27.0,0.2857142857142857,1.0,375,-41.285714285714285,commnet,california,1042.0,2042,9,saudi,cross_region
27.0,0.2857142857142857,1.0,325,-41.285714285714285,commnet,california,1042.0,2042,10,saudi,cross_region
0.0,1.0,1.0,0,0.0,commnet,california,1042.0,2042,11,saudi,cross_region
27.0,0.2857142857142857,1.0,388,-41.285714285714285,commnet,california,1042.0,2042,12,saudi,cross_region
27.0,0.2857142857142857,1.0,361,-41.285714285714285,commnet,california,1042.0,2042,13,saudi,cross_region
27.0,0.2857142857142857,1.0,357,-41.285714285714285,commnet,california,1042.0,2042,14,saudi,cross_region
0.0,1.0,1.0,0,0.0,commnet,california,1042.0,3042,0,saudi,cross_region
27.0,0.2857142857142857,1.0,363,-41.285714285714285,commnet,california,1042.0,3042,1,saudi,cross_region
0.0,1.0,1.0,0,0.0,commnet,california,1042.0,3042,2,saudi,cross_region
27.0,0.2857142857142857,1.0,352,-41.285714285714285,commnet,california,1042.0,3042,3,saudi,cross_region
27.0,0.2857142857142857,1.0,355,-41.285714285714285,commnet,california,1042.0,3042,4,saudi,cross_region
27.0,0.2857142857142857,1.0,359,-41.285714285714285,commnet,california,1042.0,3042,5,saudi,cross_region
27.0,0.2857142857142857,1.0,362,-41.285714285714285,commnet,california,1042.0,3042,6,saudi,cross_region
27.0,0.2857142857142857,0.7218543046357616,319,-41.285714285714285,commnet,california,1042.0,3042,7,saudi,cross_region
27.0,0.2857142857142857,1.0,365,-41.285714285714285,commnet,california,1042.0,3042,8,saudi,cross_region
27.0,0.2857142857142857,1.0,350,-41.285714285714285,commnet,california,1042.0,3042,9,saudi,cross_region
27.0,0.2857142857142857,1.0,376,-41.285714285714285,commnet,california,1042.0,3042,10,saudi,cross_region
27.0,0.2857142857142857,1.0,355,-41.285714285714285,commnet,california,1042.0,3042,11,saudi,cross_region
0.0,1.0,1.0,0,0.0,commnet,california,1042.0,3042,12,saudi,cross_region
27.0,0.2857142857142857,1.0,351,-41.285714285714285,commnet,california,1042.0,3042,13,saudi,cross_region
27.0,0.2857142857142857,1.0,365,-41.285714285714285,commnet,california,1042.0,3042,14,saudi,cross_region
27.0,0.2857142857142857,1.0,351,-41.285714285714285,commnet,california,1042.0,4042,0,saudi,cross_region
27.0,0.2857142857142857,1.0,375,-41.285714285714285,commnet,california,1042.0,4042,1,saudi,cross_region
27.0,0.2857142857142857,1.0,364,-41.285714285714285,commnet,california,1042.0,4042,2,saudi,cross_region
27.0,0.2857142857142857,0.7218543046357616,322,-41.285714285714285,commnet,california,1042.0,4042,3,saudi,cross_region
18.0,0.5714285714285714,0.7041942604856513,420,-26.67142857142857,commnet,california,1042.0,4042,4,saudi,cross_region
27.0,0.2857142857142857,0.7196467991169978,356,-41.285714285714285,commnet,california,1042.0,4042,5,saudi,cross_region
27.0,0.2857142857142857,1.0,353,-41.285714285714285,commnet,california,1042.0,4042,6,saudi,cross_region
27.0,0.2857142857142857,1.0,367,-41.285714285714285,commnet,california,1042.0,4042,7,saudi,cross_region
27.0,0.2857142857142857,1.0,365,-41.285714285714285,commnet,california,1042.0,4042,8,saudi,cross_region
27.0,0.2857142857142857,1.0,362,-41.285714285714285,commnet,california,1042.0,4042,9,saudi,cross_region
27.0,0.2857142857142857,1.0,357,-41.285714285714285,commnet,california,1042.0,4042,10,saudi,cross_region
27.0,0.2857142857142857,1.0,359,-41.285714285714285,commnet,california,1042.0,4042,11,saudi,cross_region
27.0,0.2857142857142857,1.0,358,-41.285714285714285,commnet,california,1042.0,4042,12,saudi,cross_region
27.0,0.2857142857142857,0.7417218543046358,368,-41.285714285714285,commnet,california,1042.0,4042,13,saudi,cross_region
18.0,0.5714285714285714,0.7041942604856513,405,-26.67142857142857,commnet,california,1042.0,4042,14,saudi,cross_region
27.0,0.2857142857142857,1.0,345,-41.285714285714285,commnet,california,2042.0,42,0,saudi,cross_region
27.0,0.2857142857142857,1.0,320,-41.285714285714285,commnet,california,2042.0,42,1,saudi,cross_region
27.0,0.2857142857142857,1.0,349,-41.285714285714285,commnet,california,2042.0,42,2,saudi,cross_region
27.0,0.2857142857142857,1.0,373,-41.285714285714285,commnet,california,2042.0,42,3,saudi,cross_region
27.0,0.2857142857142857,1.0,327,-41.285714285714285,commnet,california,2042.0,42,4,saudi,cross_region
0.0,1.0,1.0,0,0.0,commnet,california,2042.0,42,5,saudi,cross_region
0.0,1.0,1.0,0,0.0,commnet,california,2042.0,42,6,saudi,cross_region
23.0,0.4285714285714285,0.8233995584988962,321,-34.42857142857143,commnet,california,2042.0,42,7,saudi,cross_region
27.0,0.2857142857142857,0.8719646799116998,353,-41.285714285714285,commnet,california,2042.0,42,8,saudi,cross_region
0.0,1.0,1.0,0,0.0,commnet,california,2042.0,42,9,saudi,cross_region
27.0,0.2857142857142857,1.0,381,-41.285714285714285,commnet,california,2042.0,42,10,saudi,cross_region
27.0,0.2857142857142857,0.7704194260485652,364,-41.285714285714285,commnet,california,2042.0,42,11,saudi,cross_region
27.0,0.2857142857142857,1.0,403,-41.285714285714285,commnet,california,2042.0,42,12,saudi,cross_region
0.0,1.0,1.0,1,0.0,commnet,california,2042.0,42,13,saudi,cross_region
0.0,1.0,1.0,0,0.0,commnet,california,2042.0,42,14,saudi,cross_region
27.0,0.2857142857142857,1.0,369,-41.285714285714285,commnet,california,2042.0,1042,0,saudi,cross_region
27.0,0.2857142857142857,0.6975717439293598,355,-41.48571428571428,commnet,california,2042.0,1042,1,saudi,cross_region
27.0,0.2857142857142857,0.8763796909492274,356,-41.285714285714285,commnet,california,2042.0,1042,2,saudi,cross_region
27.0,0.2857142857142857,1.0,376,-41.285714285714285,commnet,california,2042.0,1042,3,saudi,cross_region
27.0,0.2857142857142857,1.0,340,-41.285714285714285,commnet,california,2042.0,1042,4,saudi,cross_region
0.0,1.0,1.0,0,0.0,commnet,california,2042.0,1042,5,saudi,cross_region
27.0,0.2857142857142857,0.7152317880794702,363,-41.285714285714285,commnet,california,2042.0,1042,6,saudi,cross_region
27.0,0.2857142857142857,1.0,340,-41.285714285714285,commnet,california,2042.0,1042,7,saudi,cross_region
27.0,0.2857142857142857,0.7130242825607064,404,-41.68571428571428,commnet,california,2042.0,1042,8,saudi,cross_region
0.0,1.0,1.0,0,0.0,commnet,california,2042.0,1042,9,saudi,cross_region
27.0,0.2857142857142857,0.7019867549668874,353,-41.38571428571428,commnet,california,2042.0,1042,10,saudi,cross_region
27.0,0.2857142857142857,0.6975717439293598,356,-41.48571428571429,commnet,california,2042.0,1042,11,saudi,cross_region
27.0,0.2857142857142857,0.7571743929359823,377,-41.285714285714285,commnet,california,2042.0,1042,12,saudi,cross_region
0.0,1.0,1.0,0,0.0,commnet,california,2042.0,1042,13,saudi,cross_region
0.0,1.0,1.0,0,0.0,commnet,california,2042.0,1042,14,saudi,cross_region
27.0,0.2857142857142857,0.7064017660044151,380,-41.48571428571429,commnet,california,2042.0,2042,0,saudi,cross_region
27.0,0.2857142857142857,0.717439293598234,330,-41.48571428571428,commnet,california,2042.0,2042,1,saudi,cross_region
23.0,0.4285714285714285,1.0,324,-34.42857142857143,commnet,california,2042.0,2042,2,saudi,cross_region
27.0,0.2857142857142857,0.7041942604856513,386,-41.48571428571428,commnet,california,2042.0,2042,3,saudi,cross_region
0.0,1.0,1.0,0,0.0,commnet,california,2042.0,2042,4,saudi,cross_region
27.0,0.2857142857142857,1.0,361,-41.285714285714285,commnet,california,2042.0,2042,5,saudi,cross_region
23.0,0.4285714285714285,1.0,328,-34.42857142857143,commnet,california,2042.0,2042,6,saudi,cross_region
27.0,0.2857142857142857,1.0,292,-41.285714285714285,commnet,california,2042.0,2042,7,saudi,cross_region
27.0,0.2857142857142857,1.0,340,-41.285714285714285,commnet,california,2042.0,2042,8,saudi,cross_region
27.0,0.2857142857142857,1.0,359,-41.285714285714285,commnet,california,2042.0,2042,9,saudi,cross_region
27.0,0.2857142857142857,1.0,325,-41.285714285714285,commnet,california,2042.0,2042,10,saudi,cross_region
0.0,1.0,1.0,0,0.0,commnet,california,2042.0,2042,11,saudi,cross_region
27.0,0.2857142857142857,0.9845474613686536,354,-41.48571428571428,commnet,california,2042.0,2042,12,saudi,cross_region
27.0,0.2857142857142857,1.0,358,-41.285714285714285,commnet,california,2042.0,2042,13,saudi,cross_region
27.0,0.2857142857142857,1.0,367,-41.285714285714285,commnet,california,2042.0,2042,14,saudi,cross_region
27.0,0.2857142857142857,1.0,325,-41.285714285714285,commnet,california,2042.0,3042,0,saudi,cross_region
27.0,0.2857142857142857,1.0,363,-41.285714285714285,commnet,california,2042.0,3042,1,saudi,cross_region
27.0,0.2857142857142857,1.0,297,-41.285714285714285,commnet,california,2042.0,3042,2,saudi,cross_region
27.0,0.2857142857142857,0.7152317880794702,364,-41.285714285714285,commnet,california,2042.0,3042,3,saudi,cross_region
27.0,0.2857142857142857,0.9735099337748344,393,-41.285714285714285,commnet,california,2042.0,3042,4,saudi,cross_region
27.0,0.2857142857142857,1.0,358,-41.285714285714285,commnet,california,2042.0,3042,5,saudi,cross_region
27.0,0.2857142857142857,0.9823399558498896,378,-41.285714285714285,commnet,california,2042.0,3042,6,saudi,cross_region
27.0,0.2857142857142857,1.0,323,-41.285714285714285,commnet,california,2042.0,3042,7,saudi,cross_region
27.0,0.2857142857142857,1.0,374,-41.285714285714285,commnet,california,2042.0,3042,8,saudi,cross_region
27.0,0.2857142857142857,0.7593818984547461,369,-41.285714285714285,commnet,california,2042.0,3042,9,saudi,cross_region
27.0,0.2857142857142857,1.0,366,-41.285714285714285,commnet,california,2042.0,3042,10,saudi,cross_region
27.0,0.2857142857142857,1.0,366,-41.285714285714285,commnet,california,2042.0,3042,11,saudi,cross_region
27.0,0.2857142857142857,1.0,325,-41.285714285714285,commnet,california,2042.0,3042,12,saudi,cross_region
27.0,0.2857142857142857,1.0,362,-41.285714285714285,commnet,california,2042.0,3042,13,saudi,cross_region
27.0,0.2857142857142857,1.0,351,-41.285714285714285,commnet,california,2042.0,3042,14,saudi,cross_region
27.0,0.2857142857142857,0.7152317880794702,363,-41.285714285714285,commnet,california,2042.0,4042,0,saudi,cross_region
27.0,0.2857142857142857,0.9801324503311258,374,-41.48571428571429,commnet,california,2042.0,4042,1,saudi,cross_region
27.0,0.2857142857142857,0.9624724061810156,398,-41.285714285714285,commnet,california,2042.0,4042,2,saudi,cross_region
27.0,0.2857142857142857,1.0,335,-41.285714285714285,commnet,california,2042.0,4042,3,saudi,cross_region
0.0,1.0,1.0,72,0.0,commnet,california,2042.0,4042,4,saudi,cross_region
27.0,0.2857142857142857,0.7019867549668874,356,-41.38571428571428,commnet,california,2042.0,4042,5,saudi,cross_region
27.0,0.2857142857142857,0.7152317880794702,365,-41.285714285714285,commnet,california,2042.0,4042,6,saudi,cross_region
27.0,0.2857142857142857,1.0,400,-41.285714285714285,commnet,california,2042.0,4042,7,saudi,cross_region
27.0,0.2857142857142857,0.7682119205298014,386,-41.48571428571428,commnet,california,2042.0,4042,8,saudi,cross_region
27.0,0.2857142857142857,0.9646799116997792,396,-41.285714285714285,commnet,california,2042.0,4042,9,saudi,cross_region
27.0,0.2857142857142857,1.0,367,-41.285714285714285,commnet,california,2042.0,4042,10,saudi,cross_region
27.0,0.2857142857142857,0.7615894039735099,376,-41.285714285714285,commnet,california,2042.0,4042,11,saudi,cross_region
27.0,0.2857142857142857,0.7196467991169978,395,-41.58571428571428,commnet,california,2042.0,4042,12,saudi,cross_region
27.0,0.2857142857142857,0.9646799116997792,378,-41.285714285714285,commnet,california,2042.0,4042,13,saudi,cross_region
0.0,1.0,1.0,0,0.0,commnet,california,2042.0,4042,14,saudi,cross_region
27.0,0.2857142857142857,0.955849889624724,381,-41.385714285714286,commnet,california,3042.0,42,0,saudi,cross_region
27.0,0.2857142857142857,0.7041942604856513,326,-41.38571428571428,commnet,california,3042.0,42,1,saudi,cross_region
27.0,0.2857142857142857,0.9381898454746136,379,-41.785714285714285,commnet,california,3042.0,42,2,saudi,cross_region
27.0,0.2857142857142857,0.9492273730684326,390,-41.68571428571428,commnet,california,3042.0,42,3,saudi,cross_region
27.0,0.2857142857142857,0.9006622516556292,346,-41.285714285714285,commnet,california,3042.0,42,4,saudi,cross_region
0.0,1.0,0.8275862068965517,1,-0.2,commnet,california,3042.0,42,5,saudi,cross_region
18.0,0.5714285714285714,0.958057395143488,345,-26.97142857142857,commnet,california,3042.0,42,6,saudi,cross_region
21.0,0.4285714285714285,1.0,353,-32.42857142857143,commnet,california,3042.0,42,7,saudi,cross_region
27.0,0.2857142857142857,0.7041942604856513,361,-41.38571428571428,commnet,california,3042.0,42,8,saudi,cross_region
0.0,1.0,0.8461538461538461,0,-0.2,commnet,california,3042.0,42,9,saudi,cross_region
27.0,0.2857142857142857,0.9403973509933776,389,-41.68571428571428,commnet,california,3042.0,42,10,saudi,cross_region
27.0,0.2857142857142857,0.955849889624724,384,-41.385714285714286,commnet,california,3042.0,42,11,saudi,cross_region
27.0,0.2857142857142857,0.9403973509933776,416,-41.68571428571429,commnet,california,3042.0,42,12,saudi,cross_region
18.0,0.5714285714285714,0.8962472406181016,293,-26.77142857142857,commnet,california,3042.0,42,13,saudi,cross_region
0.0,1.0,1.0,1,0.0,commnet,california,3042.0,42,14,saudi,cross_region
27.0,0.2857142857142857,0.9690949227373068,407,-41.385714285714286,commnet,california,3042.0,1042,0,saudi,cross_region
21.0,0.4285714285714285,0.9293598233995584,332,-32.728571428571435,commnet,california,3042.0,1042,1,saudi,cross_region
27.0,0.2857142857142857,0.7041942604856513,364,-41.38571428571428,commnet,california,3042.0,1042,2,saudi,cross_region
18.0,0.5714285714285714,0.9072847682119204,390,-26.67142857142857,commnet,california,3042.0,1042,3,saudi,cross_region
27.0,0.2857142857142857,0.7041942604856513,347,-41.38571428571428,commnet,california,3042.0,1042,4,saudi,cross_region
23.0,0.4285714285714285,0.717439293598234,163,-34.42857142857143,commnet,california,3042.0,1042,5,saudi,cross_region
27.0,0.2857142857142857,0.9315673289183224,371,-41.68571428571428,commnet,california,3042.0,1042,6,saudi,cross_region
27.0,0.2857142857142857,0.8587196467991169,312,-41.48571428571428,commnet,california,3042.0,1042,7,saudi,cross_region
27.0,0.2857142857142857,0.9448123620309052,398,-41.68571428571428,commnet,california,3042.0,1042,8,saudi,cross_region
23.0,0.4285714285714285,0.717439293598234,168,-34.42857142857143,commnet,california,3042.0,1042,9,saudi,cross_region
27.0,0.2857142857142857,0.9293598233995584,363,-41.785714285714285,commnet,california,3042.0,1042,10,saudi,cross_region
21.0,0.4285714285714285,0.6997792494481236,362,-32.82857142857144,commnet,california,3042.0,1042,11,saudi,cross_region
27.0,0.2857142857142857,0.9205298013245032,332,-41.58571428571428,commnet,california,3042.0,1042,12,saudi,cross_region
27.0,0.2857142857142857,0.8520971302428256,286,-41.48571428571428,commnet,california,3042.0,1042,13,saudi,cross_region
0.0,1.0,0.8533333333333334,1,-0.2,commnet,california,3042.0,1042,14,saudi,cross_region
27.0,0.2857142857142857,0.7086092715231788,403,-41.385714285714286,commnet,california,3042.0,2042,0,saudi,cross_region
27.0,0.2857142857142857,0.9690949227373068,346,-41.48571428571428,commnet,california,3042.0,2042,1,saudi,cross_region
18.0,0.5714285714285714,0.9227373068432672,379,-26.77142857142857,commnet,california,3042.0,2042,2,saudi,cross_region
18.0,0.5714285714285714,0.8785871964679912,378,-26.67142857142857,commnet,california,3042.0,2042,3,saudi,cross_region
0.0,1.0,1.0,0,0.0,commnet,california,3042.0,2042,4,saudi,cross_region
27.0,0.2857142857142857,0.7130242825607064,330,-41.68571428571428,commnet,california,3042.0,2042,5,saudi,cross_region
27.0,0.2857142857142857,0.9448123620309052,402,-41.68571428571428,commnet,california,3042.0,2042,6,saudi,cross_region
0.0,1.0,1.0,0,0.0,commnet,california,3042.0,2042,7,saudi,cross_region
27.0,0.2857142857142857,0.7041942604856513,347,-41.38571428571428,commnet,california,3042.0,2042,8,saudi,cross_region
27.0,0.2857142857142857,0.9448123620309052,400,-41.68571428571428,commnet,california,3042.0,2042,9,saudi,cross_region
27.0,0.2857142857142857,0.7064017660044151,342,-41.385714285714286,commnet,california,3042.0,2042,10,saudi,cross_region
0.0,1.0,0.8461538461538461,0,-0.2,commnet,california,3042.0,2042,11,saudi,cross_region
18.0,0.5714285714285714,0.9514348785871964,379,-26.97142857142857,commnet,california,3042.0,2042,12,saudi,cross_region
27.0,0.2857142857142857,0.9403973509933776,383,-41.68571428571428,commnet,california,3042.0,2042,13,saudi,cross_region
21.0,0.4285714285714285,1.0,372,-32.42857142857143,commnet,california,3042.0,2042,14,saudi,cross_region
0.0,1.0,1.0,0,0.0,commnet,california,3042.0,3042,0,saudi,cross_region
18.0,0.5714285714285714,0.8874172185430463,354,-27.071428571428577,commnet,california,3042.0,3042,1,saudi,cross_region
0.0,1.0,1.0,0,0.0,commnet,california,3042.0,3042,2,saudi,cross_region
27.0,0.2857142857142857,0.93598233995585,372,-41.68571428571428,commnet,california,3042.0,3042,3,saudi,cross_region
27.0,0.2857142857142857,0.9668874172185432,394,-41.58571428571428,commnet,california,3042.0,3042,4,saudi,cross_region
27.0,0.2857142857142857,0.9403973509933776,381,-41.68571428571428,commnet,california,3042.0,3042,5,saudi,cross_region
18.0,0.5714285714285714,0.9271523178807948,368,-26.97142857142857,commnet,california,3042.0,3042,6,saudi,cross_region
27.0,0.2857142857142857,0.6975717439293598,328,-41.48571428571428,commnet,california,3042.0,3042,7,saudi,cross_region
27.0,0.2857142857142857,0.7064017660044151,347,-41.68571428571428,commnet,california,3042.0,3042,8,saudi,cross_region
27.0,0.2857142857142857,0.9094922737306844,325,-41.58571428571428,commnet,california,3042.0,3042,9,saudi,cross_region
18.0,0.5714285714285714,0.9470198675496688,373,-26.97142857142857,commnet,california,3042.0,3042,10,saudi,cross_region
21.0,0.4285714285714285,1.0,369,-32.42857142857143,commnet,california,3042.0,3042,11,saudi,cross_region
27.0,0.2857142857142857,0.8653421633554084,301,-41.48571428571428,commnet,california,3042.0,3042,12,saudi,cross_region
27.0,0.2857142857142857,0.7064017660044151,331,-41.68571428571428,commnet,california,3042.0,3042,13,saudi,cross_region
21.0,0.4285714285714285,0.7328918322295805,360,-32.62857142857143,commnet,california,3042.0,3042,14,saudi,cross_region
27.0,0.2857142857142857,0.9315673289183224,371,-41.68571428571428,commnet,california,3042.0,4042,0,saudi,cross_region
18.0,0.5714285714285714,0.9006622516556292,364,-27.071428571428577,commnet,california,3042.0,4042,1,saudi,cross_region
18.0,0.5714285714285714,0.9293598233995584,396,-26.871428571428574,commnet,california,3042.0,4042,2,saudi,cross_region
14.0,0.7142857142857143,0.9845474613686536,296,-19.81428571428571,commnet,california,3042.0,4042,3,saudi,cross_region
18.0,0.5714285714285714,0.8454746136865342,429,-26.77142857142857,commnet,california,3042.0,4042,4,saudi,cross_region
18.0,0.5714285714285714,0.8498896247240618,339,-26.97142857142857,commnet,california,3042.0,4042,5,saudi,cross_region
27.0,0.2857142857142857,0.93598233995585,373,-41.68571428571428,commnet,california,3042.0,4042,6,saudi,cross_region
27.0,0.2857142857142857,0.9403973509933776,390,-41.68571428571428,commnet,california,3042.0,4042,7,saudi,cross_region
18.0,0.5714285714285714,0.9845474613686536,338,-26.671428571428574,commnet,california,3042.0,4042,8,saudi,cross_region
18.0,0.5714285714285714,0.9227373068432672,394,-26.97142857142857,commnet,california,3042.0,4042,9,saudi,cross_region
27.0,0.2857142857142857,0.7108167770419426,334,-41.68571428571428,commnet,california,3042.0,4042,10,saudi,cross_region
27.0,0.2857142857142857,0.9183222958057397,329,-41.58571428571428,commnet,california,3042.0,4042,11,saudi,cross_region
27.0,0.2857142857142857,0.7086092715231788,341,-41.68571428571428,commnet,california,3042.0,4042,12,saudi,cross_region
27.0,0.2857142857142857,0.9448123620309052,341,-41.58571428571428,commnet,california,3042.0,4042,13,saudi,cross_region
18.0,0.5714285714285714,0.8388520971302428,416,-26.77142857142857,commnet,california,3042.0,4042,14,saudi,cross_region
27.0,0.2857142857142857,1.0,403,-41.285714285714285,commnet,california,4042.0,42,0,saudi,cross_region
27.0,0.2857142857142857,1.0,374,-41.285714285714285,commnet,california,4042.0,42,1,saudi,cross_region
27.0,0.2857142857142857,1.0,434,-41.285714285714285,commnet,california,4042.0,42,2,saudi,cross_region
27.0,0.2857142857142857,1.0,438,-41.285714285714285,commnet,california,4042.0,42,3,saudi,cross_region
27.0,0.2857142857142857,1.0,376,-41.285714285714285,commnet,california,4042.0,42,4,saudi,cross_region
27.0,0.2857142857142857,1.0,461,-41.285714285714285,commnet,california,4042.0,42,5,saudi,cross_region
27.0,0.2857142857142857,1.0,403,-41.285714285714285,commnet,california,4042.0,42,6,saudi,cross_region
27.0,0.2857142857142857,1.0,414,-41.285714285714285,commnet,california,4042.0,42,7,saudi,cross_region
27.0,0.2857142857142857,1.0,392,-41.285714285714285,commnet,california,4042.0,42,8,saudi,cross_region
27.0,0.2857142857142857,1.0,545,-41.285714285714285,commnet,california,4042.0,42,9,saudi,cross_region
27.0,0.2857142857142857,1.0,429,-41.285714285714285,commnet,california,4042.0,42,10,saudi,cross_region
27.0,0.2857142857142857,1.0,403,-41.285714285714285,commnet,california,4042.0,42,11,saudi,cross_region
27.0,0.2857142857142857,0.9713024282560706,424,-41.285714285714285,commnet,california,4042.0,42,12,saudi,cross_region
27.0,0.2857142857142857,1.0,520,-41.28571428571429,commnet,california,4042.0,42,13,saudi,cross_region
27.0,0.2857142857142857,1.0,491,-41.285714285714285,commnet,california,4042.0,42,14,saudi,cross_region
27.0,0.2857142857142857,1.0,423,-41.285714285714285,commnet,california,4042.0,1042,0,saudi,cross_region
27.0,0.2857142857142857,1.0,390,-41.285714285714285,commnet,california,4042.0,1042,1,saudi,cross_region
27.0,0.2857142857142857,1.0,387,-41.285714285714285,commnet,california,4042.0,1042,2,saudi,cross_region
27.0,0.2857142857142857,1.0,423,-41.285714285714285,commnet,california,4042.0,1042,3,saudi,cross_region
27.0,0.2857142857142857,1.0,399,-41.285714285714285,commnet,california,4042.0,1042,4,saudi,cross_region
27.0,0.2857142857142857,1.0,403,-41.28571428571429,commnet,california,4042.0,1042,5,saudi,cross_region
27.0,0.2857142857142857,1.0,404,-41.285714285714285,commnet,california,4042.0,1042,6,saudi,cross_region
27.0,0.2857142857142857,1.0,500,-41.285714285714285,commnet,california,4042.0,1042,7,saudi,cross_region
27.0,0.2857142857142857,1.0,412,-41.285714285714285,commnet,california,4042.0,1042,8,saudi,cross_region
27.0,0.2857142857142857,1.0,404,-41.285714285714285,commnet,california,4042.0,1042,9,saudi,cross_region
27.0,0.2857142857142857,1.0,414,-41.285714285714285,commnet,california,4042.0,1042,10,saudi,cross_region
27.0,0.2857142857142857,1.0,391,-41.285714285714285,commnet,california,4042.0,1042,11,saudi,cross_region
27.0,0.2857142857142857,1.0,401,-41.285714285714285,commnet,california,4042.0,1042,12,saudi,cross_region
27.0,0.2857142857142857,1.0,485,-41.285714285714285,commnet,california,4042.0,1042,13,saudi,cross_region
27.0,0.2857142857142857,1.0,492,-41.285714285714285,commnet,california,4042.0,1042,14,saudi,cross_region
27.0,0.2857142857142857,1.0,412,-41.285714285714285,commnet,california,4042.0,2042,0,saudi,cross_region
27.0,0.2857142857142857,1.0,379,-41.285714285714285,commnet,california,4042.0,2042,1,saudi,cross_region
27.0,0.2857142857142857,1.0,397,-41.285714285714285,commnet,california,4042.0,2042,2,saudi,cross_region
27.0,0.2857142857142857,1.0,384,-41.285714285714285,commnet,california,4042.0,2042,3,saudi,cross_region
27.0,0.2857142857142857,1.0,552,-41.285714285714285,commnet,california,4042.0,2042,4,saudi,cross_region
27.0,0.2857142857142857,1.0,414,-41.285714285714285,commnet,california,4042.0,2042,5,saudi,cross_region
27.0,0.2857142857142857,1.0,417,-41.285714285714285,commnet,california,4042.0,2042,6,saudi,cross_region
27.0,0.2857142857142857,1.0,478,-41.285714285714285,commnet,california,4042.0,2042,7,saudi,cross_region
27.0,0.2857142857142857,1.0,375,-41.285714285714285,commnet,california,4042.0,2042,8,saudi,cross_region
27.0,0.2857142857142857,1.0,423,-41.285714285714285,commnet,california,4042.0,2042,9,saudi,cross_region
27.0,0.2857142857142857,1.0,383,-41.285714285714285,commnet,california,4042.0,2042,10,saudi,cross_region
27.0,0.2857142857142857,1.0,545,-41.285714285714285,commnet,california,4042.0,2042,11,saudi,cross_region
27.0,0.2857142857142857,1.0,509,-41.28571428571429,commnet,california,4042.0,2042,12,saudi,cross_region
27.0,0.2857142857142857,1.0,409,-41.285714285714285,commnet,california,4042.0,2042,13,saudi,cross_region
27.0,0.2857142857142857,1.0,437,-41.285714285714285,commnet,california,4042.0,2042,14,saudi,cross_region
27.0,0.2857142857142857,1.0,454,-41.285714285714285,commnet,california,4042.0,3042,0,saudi,cross_region
27.0,0.2857142857142857,1.0,444,-41.28571428571429,commnet,california,4042.0,3042,1,saudi,cross_region
27.0,0.2857142857142857,1.0,491,-41.285714285714285,commnet,california,4042.0,3042,2,saudi,cross_region
27.0,0.2857142857142857,1.0,404,-41.285714285714285,commnet,california,4042.0,3042,3,saudi,cross_region
27.0,0.2857142857142857,1.0,393,-41.285714285714285,commnet,california,4042.0,3042,4,saudi,cross_region
27.0,0.2857142857142857,1.0,409,-41.285714285714285,commnet,california,4042.0,3042,5,saudi,cross_region
27.0,0.2857142857142857,1.0,507,-41.285714285714285,commnet,california,4042.0,3042,6,saudi,cross_region
27.0,0.2857142857142857,1.0,387,-41.285714285714285,commnet,california,4042.0,3042,7,saudi,cross_region
27.0,0.2857142857142857,1.0,405,-41.285714285714285,commnet,california,4042.0,3042,8,saudi,cross_region
27.0,0.2857142857142857,0.7108167770419426,449,-41.285714285714285,commnet,california,4042.0,3042,9,saudi,cross_region
27.0,0.2857142857142857,1.0,450,-41.28571428571429,commnet,california,4042.0,3042,10,saudi,cross_region
27.0,0.2857142857142857,0.8830022075055187,432,-41.285714285714285,commnet,california,4042.0,3042,11,saudi,cross_region
27.0,0.2857142857142857,1.0,478,-41.285714285714285,commnet,california,4042.0,3042,12,saudi,cross_region
27.0,0.2857142857142857,1.0,393,-41.285714285714285,commnet,california,4042.0,3042,13,saudi,cross_region
27.0,0.2857142857142857,1.0,421,-41.285714285714285,commnet,california,4042.0,3042,14,saudi,cross_region
27.0,0.2857142857142857,1.0,404,-41.285714285714285,commnet,california,4042.0,4042,0,saudi,cross_region
27.0,0.2857142857142857,1.0,464,-41.28571428571429,commnet,california,4042.0,4042,1,saudi,cross_region
27.0,0.2857142857142857,0.8145695364238411,461,-41.285714285714285,commnet,california,4042.0,4042,2,saudi,cross_region
27.0,0.2857142857142857,1.0,389,-41.285714285714285,commnet,california,4042.0,4042,3,saudi,cross_region
27.0,0.2857142857142857,1.0,510,-41.285714285714285,commnet,california,4042.0,4042,4,saudi,cross_region
27.0,0.2857142857142857,1.0,421,-41.285714285714285,commnet,california,4042.0,4042,5,saudi,cross_region
27.0,0.2857142857142857,1.0,405,-41.285714285714285,commnet,california,4042.0,4042,6,saudi,cross_region
27.0,0.2857142857142857,1.0,415,-41.285714285714285,commnet,california,4042.0,4042,7,saudi,cross_region
27.0,0.2857142857142857,1.0,413,-41.285714285714285,commnet,california,4042.0,4042,8,saudi,cross_region
27.0,0.2857142857142857,0.8145695364238411,458,-41.285714285714285,commnet,california,4042.0,4042,9,saudi,cross_region
27.0,0.2857142857142857,1.0,397,-41.285714285714285,commnet,california,4042.0,4042,10,saudi,cross_region
27.0,0.2857142857142857,1.0,398,-41.285714285714285,commnet,california,4042.0,4042,11,saudi,cross_region
27.0,0.2857142857142857,1.0,446,-41.285714285714285,commnet,california,4042.0,4042,12,saudi,cross_region
27.0,0.2857142857142857,0.9403973509933776,411,-41.285714285714285,commnet,california,4042.0,4042,13,saudi,cross_region
27.0,0.2857142857142857,1.0,488,-41.285714285714285,commnet,california,4042.0,4042,14,saudi,cross_region
4.0,0.8571428571428571,0.99645390070922,212,-6.857142857142859,hiercomm_heur,california,42.0,42,0,saudi,cross_region
23.0,0.4285714285714285,1.0,204,-34.42857142857143,hiercomm_heur,california,42.0,42,1,saudi,cross_region
14.0,0.7142857142857143,0.9889624724061812,299,-19.814285714285717,hiercomm_heur,california,42.0,42,2,saudi,cross_region
23.0,0.4285714285714285,0.8804347826086957,257,-34.42857142857143,hiercomm_heur,california,42.0,42,3,saudi,cross_region
27.0,0.2857142857142857,1.0,337,-41.285714285714285,hiercomm_heur,california,42.0,42,4,saudi,cross_region
0.0,1.0,1.0,0,0.0,hiercomm_heur,california,42.0,42,5,saudi,cross_region
8.0,0.7142857142857143,1.0,314,-13.714285714285715,hiercomm_heur,california,42.0,42,6,saudi,cross_region
18.0,0.5714285714285714,1.0,311,-26.571428571428577,hiercomm_heur,california,42.0,42,7,saudi,cross_region
27.0,0.2857142857142857,1.0,340,-41.285714285714285,hiercomm_heur,california,42.0,42,8,saudi,cross_region
0.0,1.0,1.0,0,0.0,hiercomm_heur,california,42.0,42,9,saudi,cross_region
18.0,0.5714285714285714,1.0,326,-26.571428571428577,hiercomm_heur,california,42.0,42,10,saudi,cross_region
21.0,0.4285714285714285,1.0,300,-32.42857142857143,hiercomm_heur,california,42.0,42,11,saudi,cross_region
21.0,0.4285714285714285,0.9955849889624724,354,-32.42857142857143,hiercomm_heur,california,42.0,42,12,saudi,cross_region
4.0,0.8571428571428571,1.0,325,-6.857142857142858,hiercomm_heur,california,42.0,42,13,saudi,cross_region
9.0,0.7142857142857143,1.0,58,-14.714285714285714,hiercomm_heur,california,42.0,42,14,saudi,cross_region
27.0,0.2857142857142857,1.0,372,-41.285714285714285,hiercomm_heur,california,42.0,1042,0,saudi,cross_region
8.0,0.7142857142857143,1.0,291,-13.714285714285715,hiercomm_heur,california,42.0,1042,1,saudi,cross_region
27.0,0.2857142857142857,1.0,343,-41.285714285714285,hiercomm_heur,california,42.0,1042,2,saudi,cross_region
27.0,0.2857142857142857,1.0,376,-41.285714285714285,hiercomm_heur,california,42.0,1042,3,saudi,cross_region
27.0,0.2857142857142857,0.9955849889624724,304,-41.285714285714285,hiercomm_heur,california,42.0,1042,4,saudi,cross_region
8.0,0.7142857142857143,1.0,284,-13.714285714285714,hiercomm_heur,california,42.0,1042,5,saudi,cross_region
24.0,0.4285714285714285,0.8543046357615894,305,-35.72857142857143,hiercomm_heur,california,42.0,1042,6,saudi,cross_region
0.0,1.0,1.0,0,0.0,hiercomm_heur,california,42.0,1042,7,saudi,cross_region
20.0,0.5714285714285714,0.93598233995585,254,-28.671428571428574,hiercomm_heur,california,42.0,1042,8,saudi,cross_region
8.0,0.7142857142857143,0.9977924944812362,251,-13.714285714285714,hiercomm_heur,california,42.0,1042,9,saudi,cross_region
14.0,0.7142857142857143,0.9889624724061812,220,-19.814285714285717,hiercomm_heur,california,42.0,1042,10,saudi,cross_region
8.0,0.7142857142857143,1.0,297,-13.714285714285715,hiercomm_heur,california,42.0,1042,11,saudi,cross_region
23.0,0.4285714285714285,1.0,302,-34.42857142857143,hiercomm_heur,california,42.0,1042,12,saudi,cross_region
9.0,0.7142857142857143,1.0,54,-14.714285714285714,hiercomm_heur,california,42.0,1042,13,saudi,cross_region
0.0,1.0,1.0,0,0.0,hiercomm_heur,california,42.0,1042,14,saudi,cross_region
23.0,0.4285714285714285,1.0,302,-34.42857142857143,hiercomm_heur,california,42.0,2042,0,saudi,cross_region
27.0,0.2857142857142857,0.8366445916114791,323,-41.285714285714285,hiercomm_heur,california,42.0,2042,1,saudi,cross_region
23.0,0.4285714285714285,1.0,272,-34.42857142857143,hiercomm_heur,california,42.0,2042,2,saudi,cross_region
27.0,0.2857142857142857,0.9448123620309052,371,-41.385714285714286,hiercomm_heur,california,42.0,2042,3,saudi,cross_region
0.0,1.0,1.0,4,0.0,hiercomm_heur,california,42.0,2042,4,saudi,cross_region
18.0,0.5714285714285714,1.0,334,-26.571428571428577,hiercomm_heur,california,42.0,2042,5,saudi,cross_region
21.0,0.4285714285714285,1.0,362,-32.42857142857143,hiercomm_heur,california,42.0,2042,6,saudi,cross_region
17.0,0.4285714285714285,0.9977924944812362,336,-28.42857142857143,hiercomm_heur,california,42.0,2042,7,saudi,cross_region
27.0,0.2857142857142857,0.9955849889624724,303,-41.285714285714285,hiercomm_heur,california,42.0,2042,8,saudi,cross_region
27.0,0.2857142857142857,1.0,364,-41.285714285714285,hiercomm_heur,california,42.0,2042,9,saudi,cross_region
27.0,0.2857142857142857,0.7836644591611479,296,-41.285714285714285,hiercomm_heur,california,42.0,2042,10,saudi,cross_region
0.0,1.0,1.0,0,0.0,hiercomm_heur,california,42.0,2042,11,saudi,cross_region
0.0,1.0,1.0,0,0.0,hiercomm_heur,california,42.0,2042,12,saudi,cross_region
14.0,0.7142857142857143,0.9889624724061812,297,-19.81428571428572,hiercomm_heur,california,42.0,2042,13,saudi,cross_region
27.0,0.2857142857142857,0.9823399558498896,353,-41.48571428571428,hiercomm_heur,california,42.0,2042,14,saudi,cross_region
8.0,0.7142857142857143,1.0,271,-13.714285714285714,hiercomm_heur,california,42.0,3042,0,saudi,cross_region
4.0,0.8571428571428571,0.9646799116997792,218,-6.957142857142857,hiercomm_heur,california,42.0,3042,1,saudi,cross_region
8.0,0.7142857142857143,1.0,338,-13.714285714285714,hiercomm_heur,california,42.0,3042,2,saudi,cross_region
20.0,0.5714285714285714,0.9690949227373068,267,-28.871428571428574,hiercomm_heur,california,42.0,3042,3,saudi,cross_region
14.0,0.7142857142857143,0.9977924944812362,337,-19.714285714285715,hiercomm_heur,california,42.0,3042,4,saudi,cross_region
14.0,0.7142857142857143,0.9889624724061812,301,-19.81428571428572,hiercomm_heur,california,42.0,3042,5,saudi,cross_region
9.0,0.7142857142857143,1.0,152,-14.714285714285714,hiercomm_heur,california,42.0,3042,6,saudi,cross_region
27.0,0.2857142857142857,1.0,295,-41.285714285714285,hiercomm_heur,california,42.0,3042,7,saudi,cross_region
14.0,0.7142857142857143,1.0,283,-19.714285714285715,hiercomm_heur,california,42.0,3042,8,saudi,cross_region
27.0,0.2857142857142857,1.0,345,-41.285714285714285,hiercomm_heur,california,42.0,3042,9,saudi,cross_region
0.0,1.0,1.0,0,0.0,hiercomm_heur,california,42.0,3042,10,saudi,cross_region
27.0,0.2857142857142857,0.9072847682119204,351,-42.38571428571429,hiercomm_heur,california,42.0,3042,11,saudi,cross_region
0.0,1.0,1.0,0,0.0,hiercomm_heur,california,42.0,3042,12,saudi,cross_region
18.0,0.5714285714285714,1.0,339,-26.571428571428577,hiercomm_heur,california,42.0,3042,13,saudi,cross_region
8.0,0.7142857142857143,1.0,310,-13.714285714285715,hiercomm_heur,california,42.0,3042,14,saudi,cross_region
24.0,0.4285714285714285,0.9668874172185432,305,-35.72857142857143,hiercomm_heur,california,42.0,4042,0,saudi,cross_region
4.0,0.8571428571428571,1.0,220,-6.857142857142858,hiercomm_heur,california,42.0,4042,1,saudi,cross_region
17.0,0.5714285714285714,0.9911699779249448,291,-25.571428571428577,hiercomm_heur,california,42.0,4042,2,saudi,cross_region
27.0,0.2857142857142857,1.0,305,-41.285714285714285,hiercomm_heur,california,42.0,4042,3,saudi,cross_region
8.0,0.7142857142857143,1.0,440,-13.714285714285714,hiercomm_heur,california,42.0,4042,4,saudi,cross_region
20.0,0.5714285714285714,0.9889624724061812,248,-28.67142857142857,hiercomm_heur,california,42.0,4042,5,saudi,cross_region
20.0,0.5714285714285714,0.9426048565121412,272,-28.871428571428574,hiercomm_heur,california,42.0,4042,6,saudi,cross_region
27.0,0.2857142857142857,1.0,354,-41.285714285714285,hiercomm_heur,california,42.0,4042,7,saudi,cross_region
27.0,0.2857142857142857,0.911699779249448,338,-41.98571428571428,hiercomm_heur,california,42.0,4042,8,saudi,cross_region
17.0,0.5714285714285714,0.9271523178807948,347,-25.571428571428577,hiercomm_heur,california,42.0,4042,9,saudi,cross_region
18.0,0.5714285714285714,1.0,345,-26.571428571428577,hiercomm_heur,california,42.0,4042,10,saudi,cross_region
23.0,0.4285714285714285,1.0,297,-34.42857142857143,hiercomm_heur,california,42.0,4042,11,saudi,cross_region
27.0,0.2857142857142857,1.0,349,-41.285714285714285,hiercomm_heur,california,42.0,4042,12,saudi,cross_region
27.0,0.2857142857142857,1.0,347,-41.285714285714285,hiercomm_heur,california,42.0,4042,13,saudi,cross_region
8.0,0.7142857142857143,1.0,421,-13.714285714285714,hiercomm_heur,california,42.0,4042,14,saudi,cross_region
17.0,0.4285714285714285,0.7064017660044151,409,-28.728571428571428,hiercomm_heur,california,1042.0,42,0,saudi,cross_region
23.0,0.4285714285714285,1.0,270,-34.42857142857143,hiercomm_heur,california,1042.0,42,1,saudi,cross_region
18.0,0.5714285714285714,1.0,309,-26.571428571428577,hiercomm_heur,california,1042.0,42,2,saudi,cross_region
14.0,0.7142857142857143,0.977924944812362,217,-19.81428571428572,hiercomm_heur,california,1042.0,42,3,saudi,cross_region
19.0,0.5714285714285714,0.9977924944812362,262,-27.571428571428573,hiercomm_heur,california,1042.0,42,4,saudi,cross_region
0.0,1.0,1.0,0,0.0,hiercomm_heur,california,1042.0,42,5,saudi,cross_region
0.0,1.0,1.0,0,0.0,hiercomm_heur,california,1042.0,42,6,saudi,cross_region
13.0,0.7142857142857143,1.0,259,-18.714285714285715,hiercomm_heur,california,1042.0,42,7,saudi,cross_region
17.0,0.4285714285714285,1.0,343,-28.42857142857143,hiercomm_heur,california,1042.0,42,8,saudi,cross_region
0.0,1.0,1.0,0,0.0,hiercomm_heur,california,1042.0,42,9,saudi,cross_region
27.0,0.2857142857142857,0.9823399558498896,392,-41.385714285714286,hiercomm_heur,california,1042.0,42,10,saudi,cross_region
17.0,0.4285714285714285,0.695364238410596,411,-28.728571428571428,hiercomm_heur,california,1042.0,42,11,saudi,cross_region
11.0,0.5714285714285714,0.8211920529801324,400,-19.871428571428574,hiercomm_heur,california,1042.0,42,12,saudi,cross_region
17.0,0.4285714285714285,0.7505518763796909,535,-28.42857142857143,hiercomm_heur,california,1042.0,42,13,saudi,cross_region
8.0,0.7142857142857143,0.9977924944812362,200,-13.714285714285714,hiercomm_heur,california,1042.0,42,14,saudi,cross_region
27.0,0.2857142857142857,0.6887417218543046,435,-41.58571428571428,hiercomm_heur,california,1042.0,1042,0,saudi,cross_region
8.0,0.7142857142857143,1.0,263,-13.714285714285714,hiercomm_heur,california,1042.0,1042,1,saudi,cross_region
17.0,0.4285714285714285,1.0,355,-28.42857142857143,hiercomm_heur,california,1042.0,1042,2,saudi,cross_region
17.0,0.4285714285714285,1.0,396,-28.42857142857143,hiercomm_heur,california,1042.0,1042,3,saudi,cross_region
23.0,0.4285714285714285,1.0,283,-34.42857142857143,hiercomm_heur,california,1042.0,1042,4,saudi,cross_region
17.0,0.4285714285714285,0.7262693156732892,282,-28.528571428571425,hiercomm_heur,california,1042.0,1042,5,saudi,cross_region
18.0,0.5714285714285714,1.0,344,-26.571428571428577,hiercomm_heur,california,1042.0,1042,6,saudi,cross_region
0.0,1.0,1.0,0,0.0,hiercomm_heur,california,1042.0,1042,7,saudi,cross_region
17.0,0.4285714285714285,0.7792494481236203,386,-28.42857142857143,hiercomm_heur,california,1042.0,1042,8,saudi,cross_region
17.0,0.4285714285714285,0.7218543046357616,344,-28.528571428571425,hiercomm_heur,california,1042.0,1042,9,saudi,cross_region
21.0,0.4285714285714285,0.7439293598233996,332,-32.42857142857143,hiercomm_heur,california,1042.0,1042,10,saudi,cross_region
17.0,0.4285714285714285,1.0,295,-28.42857142857143,hiercomm_heur,california,1042.0,1042,11,saudi,cross_region
18.0,0.5714285714285714,1.0,381,-26.571428571428577,hiercomm_heur,california,1042.0,1042,12,saudi,cross_region
8.0,0.7142857142857143,0.9977924944812362,194,-13.714285714285714,hiercomm_heur,california,1042.0,1042,13,saudi,cross_region
0.0,1.0,1.0,0,0.0,hiercomm_heur,california,1042.0,1042,14,saudi,cross_region
27.0,0.2857142857142857,0.9977924944812362,432,-41.285714285714285,hiercomm_heur,california,1042.0,2042,0,saudi,cross_region
19.0,0.5714285714285714,1.0,274,-27.571428571428573,hiercomm_heur,california,1042.0,2042,1,saudi,cross_region
17.0,0.4285714285714285,1.0,376,-28.42857142857143,hiercomm_heur,california,1042.0,2042,2,saudi,cross_region
18.0,0.5714285714285714,1.0,413,-26.571428571428577,hiercomm_heur,california,1042.0,2042,3,saudi,cross_region
0.0,1.0,1.0,0,0.0,hiercomm_heur,california,1042.0,2042,4,saudi,cross_region
18.0,0.5714285714285714,0.8587196467991169,388,-26.571428571428577,hiercomm_heur,california,1042.0,2042,5,saudi,cross_region
18.0,0.5714285714285714,1.0,387,-26.571428571428577,hiercomm_heur,california,1042.0,2042,6,saudi,cross_region
17.0,0.4285714285714285,0.6887417218543046,351,-28.82857142857143,hiercomm_heur,california,1042.0,2042,7,saudi,cross_region
19.0,0.5714285714285714,1.0,245,-27.571428571428573,hiercomm_heur,california,1042.0,2042,8,saudi,cross_region
27.0,0.2857142857142857,0.6865342163355408,421,-41.68571428571428,hiercomm_heur,california,1042.0,2042,9,saudi,cross_region
21.0,0.4285714285714285,1.0,255,-32.42857142857143,hiercomm_heur,california,1042.0,2042,10,saudi,cross_region
0.0,1.0,1.0,0,0.0,hiercomm_heur,california,1042.0,2042,11,saudi,cross_region
13.0,0.5714285714285714,0.958057395143488,388,-21.871428571428574,hiercomm_heur,california,1042.0,2042,12,saudi,cross_region
21.0,0.4285714285714285,0.7417218543046358,367,-32.42857142857143,hiercomm_heur,california,1042.0,2042,13,saudi,cross_region
18.0,0.5714285714285714,1.0,314,-26.571428571428577,hiercomm_heur,california,1042.0,2042,14,saudi,cross_region
4.0,0.8571428571428571,0.7196467991169978,263,-6.857142857142858,hiercomm_heur,california,1042.0,3042,0,saudi,cross_region
0.0,1.0,1.0,0,0.0,hiercomm_heur,california,1042.0,3042,1,saudi,cross_region
17.0,0.4285714285714285,0.6865342163355408,377,-28.82857142857143,hiercomm_heur,california,1042.0,3042,2,saudi,cross_region
18.0,0.5714285714285714,1.0,345,-26.571428571428577,hiercomm_heur,california,1042.0,3042,3,saudi,cross_region
4.0,0.8571428571428571,1.0,427,-6.857142857142858,hiercomm_heur,california,1042.0,3042,4,saudi,cross_region
21.0,0.4285714285714285,0.7417218543046358,365,-32.42857142857143,hiercomm_heur,california,1042.0,3042,5,saudi,cross_region
4.0,0.8571428571428571,0.9977924944812362,177,-6.857142857142858,hiercomm_heur,california,1042.0,3042,6,saudi,cross_region
27.0,0.2857142857142857,1.0,306,-41.285714285714285,hiercomm_heur,california,1042.0,3042,7,saudi,cross_region
21.0,0.4285714285714285,1.0,414,-32.42857142857143,hiercomm_heur,california,1042.0,3042,8,saudi,cross_region
21.0,0.4285714285714285,1.0,373,-32.42857142857143,hiercomm_heur,california,1042.0,3042,9,saudi,cross_region
17.0,0.4285714285714285,0.955849889624724,295,-28.82857142857143,hiercomm_heur,california,1042.0,3042,10,saudi,cross_region
18.0,0.5714285714285714,1.0,322,-26.571428571428577,hiercomm_heur,california,1042.0,3042,11,saudi,cross_region
0.0,1.0,1.0,0,0.0,hiercomm_heur,california,1042.0,3042,12,saudi,cross_region
18.0,0.5714285714285714,0.8587196467991169,391,-26.571428571428577,hiercomm_heur,california,1042.0,3042,13,saudi,cross_region
17.0,0.4285714285714285,0.9072847682119204,257,-28.82857142857143,hiercomm_heur,california,1042.0,3042,14,saudi,cross_region
18.0,0.5714285714285714,1.0,343,-26.571428571428577,hiercomm_heur,california,1042.0,4042,0,saudi,cross_region
0.0,1.0,1.0,0,0.0,hiercomm_heur,california,1042.0,4042,1,saudi,cross_region
8.0,0.7142857142857143,1.0,433,-13.714285714285714,hiercomm_heur,california,1042.0,4042,2,saudi,cross_region
27.0,0.2857142857142857,1.0,314,-41.285714285714285,hiercomm_heur,california,1042.0,4042,3,saudi,cross_region
4.0,0.8571428571428571,0.9911699779249448,403,-6.857142857142858,hiercomm_heur,california,1042.0,4042,4,saudi,cross_region
18.0,0.5714285714285714,1.0,294,-26.571428571428577,hiercomm_heur,california,1042.0,4042,5,saudi,cross_region
18.0,0.5714285714285714,1.0,348,-26.571428571428577,hiercomm_heur,california,1042.0,4042,6,saudi,cross_region
27.0,0.2857142857142857,0.6887417218543046,399,-41.68571428571428,hiercomm_heur,california,1042.0,4042,7,saudi,cross_region
27.0,0.2857142857142857,1.0,361,-41.285714285714285,hiercomm_heur,california,1042.0,4042,8,saudi,cross_region
8.0,0.7142857142857143,0.8940397350993378,390,-13.714285714285714,hiercomm_heur,california,1042.0,4042,9,saudi,cross_region
21.0,0.4285714285714285,0.8300220750551877,400,-32.42857142857143,hiercomm_heur,california,1042.0,4042,10,saudi,cross_region
18.0,0.5714285714285714,1.0,380,-26.571428571428577,hiercomm_heur,california,1042.0,4042,11,saudi,cross_region
21.0,0.4285714285714285,0.7748344370860927,404,-32.42857142857143,hiercomm_heur,california,1042.0,4042,12,saudi,cross_region
21.0,0.4285714285714285,1.0,397,-32.42857142857143,hiercomm_heur,california,1042.0,4042,13,saudi,cross_region
4.0,0.8571428571428571,0.9911699779249448,386,-6.857142857142858,hiercomm_heur,california,1042.0,4042,14,saudi,cross_region
13.0,0.5714285714285714,1.0,248,-21.571428571428577,hiercomm_heur,california,2042.0,42,0,saudi,cross_region
19.0,0.5714285714285714,1.0,177,-27.571428571428573,hiercomm_heur,california,2042.0,42,1,saudi,cross_region
14.0,0.7142857142857143,1.0,187,-19.714285714285715,hiercomm_heur,california,2042.0,42,2,saudi,cross_region
23.0,0.4285714285714285,0.9735099337748344,168,-34.72857142857143,hiercomm_heur,california,2042.0,42,3,saudi,cross_region
23.0,0.4285714285714285,0.9227373068432672,216,-34.52857142857143,hiercomm_heur,california,2042.0,42,4,saudi,cross_region
0.0,1.0,1.0,0,0.0,hiercomm_heur,california,2042.0,42,5,saudi,cross_region
8.0,0.7142857142857143,0.9955849889624724,255,-13.714285714285714,hiercomm_heur,california,2042.0,42,6,saudi,cross_region
19.0,0.5714285714285714,1.0,199,-27.571428571428577,hiercomm_heur,california,2042.0,42,7,saudi,cross_region
19.0,0.5714285714285714,0.9293598233995584,208,-27.571428571428573,hiercomm_heur,california,2042.0,42,8,saudi,cross_region
0.0,1.0,1.0,0,0.0,hiercomm_heur,california,2042.0,42,9,saudi,cross_region
18.0,0.5714285714285714,0.9735099337748344,347,-26.67142857142857,hiercomm_heur,california,2042.0,42,10,saudi,cross_region
17.0,0.4285714285714285,0.8233995584988962,293,-28.42857142857143,hiercomm_heur,california,2042.0,42,11,saudi,cross_region
21.0,0.4285714285714285,1.0,430,-32.42857142857143,hiercomm_heur,california,2042.0,42,12,saudi,cross_region
8.0,0.7142857142857143,1.0,327,-13.714285714285714,hiercomm_heur,california,2042.0,42,13,saudi,cross_region
0.0,1.0,1.0,0,0.0,hiercomm_heur,california,2042.0,42,14,saudi,cross_region
27.0,0.2857142857142857,1.0,233,-41.285714285714285,hiercomm_heur,california,2042.0,1042,0,saudi,cross_region
17.0,0.4285714285714285,1.0,301,-28.42857142857143,hiercomm_heur,california,2042.0,1042,1,saudi,cross_region
19.0,0.5714285714285714,1.0,206,-27.571428571428573,hiercomm_heur,california,2042.0,1042,2,saudi,cross_region
19.0,0.5714285714285714,0.8498896247240618,214,-27.571428571428573,hiercomm_heur,california,2042.0,1042,3,saudi,cross_region
19.0,0.5714285714285714,1.0,167,-27.571428571428573,hiercomm_heur,california,2042.0,1042,4,saudi,cross_region
17.0,0.4285714285714285,1.0,277,-28.42857142857143,hiercomm_heur,california,2042.0,1042,5,saudi,cross_region
13.0,0.7142857142857143,1.0,216,-18.714285714285715,hiercomm_heur,california,2042.0,1042,6,saudi,cross_region
0.0,1.0,1.0,0,0.0,hiercomm_heur,california,2042.0,1042,7,saudi,cross_region
23.0,0.4285714285714285,0.9911699779249448,278,-34.42857142857143,hiercomm_heur,california,2042.0,1042,8,saudi,cross_region
17.0,0.4285714285714285,0.9977924944812362,337,-28.42857142857143,hiercomm_heur,california,2042.0,1042,9,saudi,cross_region
16.0,0.7142857142857143,1.0,142,-21.714285714285715,hiercomm_heur,california,2042.0,1042,10,saudi,cross_region
13.0,0.5714285714285714,0.9624724061810156,184,-21.77142857142857,hiercomm_heur,california,2042.0,1042,11,saudi,cross_region
27.0,0.2857142857142857,0.9911699779249448,278,-41.285714285714285,hiercomm_heur,california,2042.0,1042,12,saudi,cross_region
0.0,1.0,1.0,0,0.0,hiercomm_heur,california,2042.0,1042,13,saudi,cross_region
0.0,1.0,1.0,0,0.0,hiercomm_heur,california,2042.0,1042,14,saudi,cross_region
19.0,0.5714285714285714,0.9977924944812362,221,-27.571428571428573,hiercomm_heur,california,2042.0,2042,0,saudi,cross_region
23.0,0.4285714285714285,1.0,257,-34.42857142857143,hiercomm_heur,california,2042.0,2042,1,saudi,cross_region
19.0,0.5714285714285714,1.0,195,-27.571428571428573,hiercomm_heur,california,2042.0,2042,2,saudi,cross_region
19.0,0.5714285714285714,0.9977924944812362,259,-27.571428571428573,hiercomm_heur,california,2042.0,2042,3,saudi,cross_region
4.0,0.8571428571428571,0.9977924944812362,413,-6.857142857142858,hiercomm_heur,california,2042.0,2042,4,saudi,cross_region
14.0,0.7142857142857143,1.0,298,-19.714285714285715,hiercomm_heur,california,2042.0,2042,5,saudi,cross_region
21.0,0.4285714285714285,0.9713024282560706,387,-32.628571428571426,hiercomm_heur,california,2042.0,2042,6,saudi,cross_region
0.0,1.0,0.9523809523809524,0,0.0,hiercomm_heur,california,2042.0,2042,7,saudi,cross_region
19.0,0.5714285714285714,1.0,160,-27.571428571428573,hiercomm_heur,california,2042.0,2042,8,saudi,cross_region
23.0,0.4285714285714285,1.0,230,-34.42857142857143,hiercomm_heur,california,2042.0,2042,9,saudi,cross_region
19.0,0.5714285714285714,0.7858719646799117,179,-27.67142857142857,hiercomm_heur,california,2042.0,2042,10,saudi,cross_region
0.0,1.0,1.0,0,0.0,hiercomm_heur,california,2042.0,2042,11,saudi,cross_region
17.0,0.4285714285714285,1.0,319,-28.42857142857143,hiercomm_heur,california,2042.0,2042,12,saudi,cross_region
20.0,0.5714285714285714,1.0,206,-28.571428571428577,hiercomm_heur,california,2042.0,2042,13,saudi,cross_region
19.0,0.5714285714285714,0.7836644591611479,210,-27.571428571428573,hiercomm_heur,california,2042.0,2042,14,saudi,cross_region
8.0,0.7142857142857143,1.0,233,-13.714285714285714,hiercomm_heur,california,2042.0,3042,0,saudi,cross_region
17.0,0.4285714285714285,1.0,244,-28.42857142857143,hiercomm_heur,california,2042.0,3042,1,saudi,cross_region
0.0,1.0,0.9523809523809524,0,0.0,hiercomm_heur,california,2042.0,3042,2,saudi,cross_region
16.0,0.7142857142857143,1.0,170,-21.714285714285715,hiercomm_heur,california,2042.0,3042,3,saudi,cross_region
23.0,0.4285714285714285,0.9624724061810156,272,-34.42857142857143,hiercomm_heur,california,2042.0,3042,4,saudi,cross_region
16.0,0.7142857142857143,1.0,184,-21.714285714285715,hiercomm_heur,california,2042.0,3042,5,saudi,cross_region
21.0,0.4285714285714285,1.0,390,-32.42857142857143,hiercomm_heur,california,2042.0,3042,6,saudi,cross_region
9.0,0.7142857142857143,1.0,141,-14.714285714285714,hiercomm_heur,california,2042.0,3042,7,saudi,cross_region
18.0,0.5714285714285714,1.0,326,-26.571428571428577,hiercomm_heur,california,2042.0,3042,8,saudi,cross_region
23.0,0.4285714285714285,1.0,162,-34.42857142857143,hiercomm_heur,california,2042.0,3042,9,saudi,cross_region
13.0,0.5714285714285714,1.0,262,-21.571428571428573,hiercomm_heur,california,2042.0,3042,10,saudi,cross_region
19.0,0.5714285714285714,0.7836644591611479,208,-27.571428571428577,hiercomm_heur,california,2042.0,3042,11,saudi,cross_region
0.0,1.0,1.0,0,0.0,hiercomm_heur,california,2042.0,3042,12,saudi,cross_region
14.0,0.7142857142857143,1.0,299,-19.714285714285715,hiercomm_heur,california,2042.0,3042,13,saudi,cross_region
17.0,0.4285714285714285,0.8741721854304636,284,-28.42857142857143,hiercomm_heur,california,2042.0,3042,14,saudi,cross_region
16.0,0.7142857142857143,1.0,155,-21.714285714285715,hiercomm_heur,california,2042.0,4042,0,saudi,cross_region
17.0,0.4285714285714285,1.0,294,-28.42857142857143,hiercomm_heur,california,2042.0,4042,1,saudi,cross_region
27.0,0.2857142857142857,0.7284768211920529,324,-41.385714285714286,hiercomm_heur,california,2042.0,4042,2,saudi,cross_region
13.0,0.5714285714285714,1.0,171,-21.571428571428573,hiercomm_heur,california,2042.0,4042,3,saudi,cross_region
4.0,0.8571428571428571,1.0,247,-6.857142857142858,hiercomm_heur,california,2042.0,4042,4,saudi,cross_region
23.0,0.4285714285714285,1.0,169,-34.42857142857143,hiercomm_heur,california,2042.0,4042,5,saudi,cross_region
20.0,0.5714285714285714,1.0,120,-28.571428571428577,hiercomm_heur,california,2042.0,4042,6,saudi,cross_region
27.0,0.2857142857142857,0.9646799116997792,258,-41.285714285714285,hiercomm_heur,california,2042.0,4042,7,saudi,cross_region
23.0,0.4285714285714285,1.0,126,-34.42857142857143,hiercomm_heur,california,2042.0,4042,8,saudi,cross_region
17.0,0.5714285714285714,0.9050772626931568,323,-25.971428571428586,hiercomm_heur,california,2042.0,4042,9,saudi,cross_region
18.0,0.5714285714285714,1.0,351,-26.571428571428577,hiercomm_heur,california,2042.0,4042,10,saudi,cross_region
27.0,0.2857142857142857,1.0,305,-41.285714285714285,hiercomm_heur,california,2042.0,4042,11,saudi,cross_region
27.0,0.2857142857142857,0.7108167770419426,363,-41.785714285714285,hiercomm_heur,california,2042.0,4042,12,saudi,cross_region
27.0,0.2857142857142857,1.0,389,-41.285714285714285,hiercomm_heur,california,2042.0,4042,13,saudi,cross_region
4.0,0.8571428571428571,1.0,205,-6.857142857142858,hiercomm_heur,california,2042.0,4042,14,saudi,cross_region
27.0,0.2857142857142857,0.9977924944812362,365,-41.285714285714285,hiercomm_heur,california,3042.0,42,0,saudi,cross_region
27.0,0.2857142857142857,0.8984547461368654,351,-41.285714285714285,hiercomm_heur,california,3042.0,42,1,saudi,cross_region
18.0,0.5714285714285714,0.82560706401766,368,-26.571428571428577,hiercomm_heur,california,3042.0,42,2,saudi,cross_region
21.0,0.4285714285714285,0.9470198675496688,391,-32.42857142857143,hiercomm_heur,california,3042.0,42,3,saudi,cross_region
27.0,0.2857142857142857,0.9911699779249448,409,-41.285714285714285,hiercomm_heur,california,3042.0,42,4,saudi,cross_region
0.0,1.0,0.9166666666666666,0,0.0,hiercomm_heur,california,3042.0,42,5,saudi,cross_region
8.0,0.7142857142857143,1.0,327,-13.714285714285714,hiercomm_heur,california,3042.0,42,6,saudi,cross_region
27.0,0.2857142857142857,0.9448123620309052,399,-41.48571428571429,hiercomm_heur,california,3042.0,42,7,saudi,cross_region
27.0,0.2857142857142857,0.9205298013245032,436,-41.385714285714286,hiercomm_heur,california,3042.0,42,8,saudi,cross_region
0.0,1.0,1.0,0,0.0,hiercomm_heur,california,3042.0,42,9,saudi,cross_region
18.0,0.5714285714285714,1.0,450,-26.571428571428577,hiercomm_heur,california,3042.0,42,10,saudi,cross_region
27.0,0.2857142857142857,0.9977924944812362,372,-41.285714285714285,hiercomm_heur,california,3042.0,42,11,saudi,cross_region
27.0,0.2857142857142857,0.8211920529801324,343,-41.285714285714285,hiercomm_heur,california,3042.0,42,12,saudi,cross_region
13.0,0.5714285714285714,1.0,282,-21.571428571428577,hiercomm_heur,california,3042.0,42,13,saudi,cross_region
17.0,0.4285714285714285,1.0,366,-28.42857142857143,hiercomm_heur,california,3042.0,42,14,saudi,cross_region
17.0,0.5714285714285714,1.0,188,-25.571428571428577,hiercomm_heur,california,3042.0,1042,0,saudi,cross_region
27.0,0.2857142857142857,0.9977924944812362,294,-41.285714285714285,hiercomm_heur,california,3042.0,1042,1,saudi,cross_region
27.0,0.2857142857142857,0.9977924944812362,455,-41.285714285714285,hiercomm_heur,california,3042.0,1042,2,saudi,cross_region
27.0,0.2857142857142857,0.9757174392935982,494,-41.285714285714285,hiercomm_heur,california,3042.0,1042,3,saudi,cross_region
27.0,0.2857142857142857,0.8609271523178808,390,-41.385714285714286,hiercomm_heur,california,3042.0,1042,4,saudi,cross_region
21.0,0.4285714285714285,1.0,348,-32.42857142857143,hiercomm_heur,california,3042.0,1042,5,saudi,cross_region
21.0,0.4285714285714285,0.7439293598233996,350,-32.42857142857143,hiercomm_heur,california,3042.0,1042,6,saudi,cross_region
0.0,1.0,1.0,0,0.0,hiercomm_heur,california,3042.0,1042,7,saudi,cross_region
18.0,0.5714285714285714,1.0,250,-26.571428571428577,hiercomm_heur,california,3042.0,1042,8,saudi,cross_region
21.0,0.4285714285714285,0.8189845474613686,383,-32.42857142857143,hiercomm_heur,california,3042.0,1042,9,saudi,cross_region
18.0,0.5714285714285714,0.9801324503311258,349,-26.571428571428577,hiercomm_heur,california,3042.0,1042,10,saudi,cross_region
27.0,0.2857142857142857,0.9977924944812362,294,-41.285714285714285,hiercomm_heur,california,3042.0,1042,11,saudi,cross_region
21.0,0.4285714285714285,0.9933774834437086,513,-32.42857142857143,hiercomm_heur,california,3042.0,1042,12,saudi,cross_region
13.0,0.5714285714285714,0.9977924944812362,283,-21.571428571428573,hiercomm_heur,california,3042.0,1042,13,saudi,cross_region
0.0,1.0,0.9166666666666666,0,0.0,hiercomm_heur,california,3042.0,1042,14,saudi,cross_region
27.0,0.2857142857142857,0.9823399558498896,497,-41.285714285714285,hiercomm_heur,california,3042.0,2042,0,saudi,cross_region
27.0,0.2857142857142857,0.9955849889624724,417,-41.285714285714285,hiercomm_heur,california,3042.0,2042,1,saudi,cross_region
27.0,0.2857142857142857,0.9955849889624724,478,-41.285714285714285,hiercomm_heur,california,3042.0,2042,2,saudi,cross_region
27.0,0.2857142857142857,0.9227373068432672,486,-41.285714285714285,hiercomm_heur,california,3042.0,2042,3,saudi,cross_region
0.0,1.0,1.0,0,0.0,hiercomm_heur,california,3042.0,2042,4,saudi,cross_region
27.0,0.2857142857142857,0.7350993377483444,488,-41.385714285714286,hiercomm_heur,california,3042.0,2042,5,saudi,cross_region
27.0,0.2857142857142857,0.9624724061810156,500,-41.285714285714285,hiercomm_heur,california,3042.0,2042,6,saudi,cross_region
0.0,1.0,1.0,0,0.0,hiercomm_heur,california,3042.0,2042,7,saudi,cross_region
27.0,0.2857142857142857,0.8609271523178808,390,-41.385714285714286,hiercomm_heur,california,3042.0,2042,8,saudi,cross_region
17.0,0.5714285714285714,1.0,190,-25.571428571428577,hiercomm_heur,california,3042.0,2042,9,saudi,cross_region
23.0,0.4285714285714285,0.9006622516556292,297,-34.42857142857143,hiercomm_heur,california,3042.0,2042,10,saudi,cross_region
0.0,1.0,1.0,0,0.0,hiercomm_heur,california,3042.0,2042,11,saudi,cross_region
17.0,0.4285714285714285,1.0,426,-28.42857142857143,hiercomm_heur,california,3042.0,2042,12,saudi,cross_region
14.0,0.7142857142857143,1.0,175,-19.714285714285715,hiercomm_heur,california,3042.0,2042,13,saudi,cross_region
27.0,0.2857142857142857,0.7130242825607064,438,-41.385714285714286,hiercomm_heur,california,3042.0,2042,14,saudi,cross_region
18.0,0.5714285714285714,0.9977924944812362,350,-26.571428571428577,hiercomm_heur,california,3042.0,3042,0,saudi,cross_region
17.0,0.4285714285714285,1.0,348,-28.42857142857143,hiercomm_heur,california,3042.0,3042,1,saudi,cross_region
0.0,1.0,1.0,0,0.0,hiercomm_heur,california,3042.0,3042,2,saudi,cross_region
18.0,0.5714285714285714,0.7527593818984547,349,-26.67142857142857,hiercomm_heur,california,3042.0,3042,3,saudi,cross_region
18.0,0.5714285714285714,1.0,456,-26.571428571428577,hiercomm_heur,california,3042.0,3042,4,saudi,cross_region
14.0,0.7142857142857143,1.0,196,-19.714285714285715,hiercomm_heur,california,3042.0,3042,5,saudi,cross_region
27.0,0.2857142857142857,1.0,309,-41.285714285714285,hiercomm_heur,california,3042.0,3042,6,saudi,cross_region
27.0,0.2857142857142857,0.9911699779249448,322,-41.285714285714285,hiercomm_heur,california,3042.0,3042,7,saudi,cross_region
27.0,0.2857142857142857,0.8962472406181016,422,-41.385714285714286,hiercomm_heur,california,3042.0,3042,8,saudi,cross_region
27.0,0.2857142857142857,0.9977924944812362,483,-41.285714285714285,hiercomm_heur,california,3042.0,3042,9,saudi,cross_region
17.0,0.4285714285714285,1.0,428,-28.42857142857143,hiercomm_heur,california,3042.0,3042,10,saudi,cross_region
27.0,0.2857142857142857,0.7130242825607064,421,-41.385714285714286,hiercomm_heur,california,3042.0,3042,11,saudi,cross_region
0.0,1.0,1.0,0,0.0,hiercomm_heur,california,3042.0,3042,12,saudi,cross_region
27.0,0.2857142857142857,0.7350993377483444,489,-41.385714285714286,hiercomm_heur,california,3042.0,3042,13,saudi,cross_region
10.0,0.7142857142857143,0.977924944812362,147,-15.914285714285716,hiercomm_heur,california,3042.0,3042,14,saudi,cross_region
21.0,0.4285714285714285,0.7439293598233996,350,-32.42857142857143,hiercomm_heur,california,3042.0,4042,0,saudi,cross_region
17.0,0.4285714285714285,0.9977924944812362,371,-28.42857142857143,hiercomm_heur,california,3042.0,4042,1,saudi,cross_region
18.0,0.5714285714285714,1.0,334,-26.571428571428577,hiercomm_heur,california,3042.0,4042,2,saudi,cross_region
27.0,0.2857142857142857,0.7196467991169978,361,-41.285714285714285,hiercomm_heur,california,3042.0,4042,3,saudi,cross_region
17.0,0.4285714285714285,0.93598233995585,500,-28.628571428571423,hiercomm_heur,california,3042.0,4042,4,saudi,cross_region
18.0,0.5714285714285714,0.9735099337748344,354,-26.571428571428577,hiercomm_heur,california,3042.0,4042,5,saudi,cross_region
18.0,0.5714285714285714,0.7505518763796909,350,-26.67142857142857,hiercomm_heur,california,3042.0,4042,6,saudi,cross_region
18.0,0.5714285714285714,1.0,277,-26.571428571428577,hiercomm_heur,california,3042.0,4042,7,saudi,cross_region
27.0,0.2857142857142857,0.9955849889624724,471,-41.285714285714285,hiercomm_heur,california,3042.0,4042,8,saudi,cross_region
18.0,0.5714285714285714,1.0,344,-26.571428571428577,hiercomm_heur,california,3042.0,4042,9,saudi,cross_region
27.0,0.2857142857142857,0.9933774834437086,490,-41.285714285714285,hiercomm_heur,california,3042.0,4042,10,saudi,cross_region
21.0,0.4285714285714285,0.9933774834437086,509,-32.42857142857143,hiercomm_heur,california,3042.0,4042,11,saudi,cross_region
27.0,0.2857142857142857,0.8057395143487859,503,-41.285714285714285,hiercomm_heur,california,3042.0,4042,12,saudi,cross_region
27.0,0.2857142857142857,0.9977924944812362,530,-41.285714285714285,hiercomm_heur,california,3042.0,4042,13,saudi,cross_region
17.0,0.4285714285714285,0.9735099337748344,477,-28.628571428571423,hiercomm_heur,california,3042.0,4042,14,saudi,cross_region
8.0,0.7142857142857143,1.0,361,-13.714285714285715,hiercomm_heur,california,4042.0,42,0,saudi,cross_region
27.0,0.2857142857142857,1.0,323,-41.285714285714285,hiercomm_heur,california,4042.0,42,1,saudi,cross_region
27.0,0.2857142857142857,0.9624724061810156,366,-41.78571428571429,hiercomm_heur,california,4042.0,42,2,saudi,cross_region
27.0,0.2857142857142857,1.0,379,-41.285714285714285,hiercomm_heur,california,4042.0,42,3,saudi,cross_region
27.0,0.2857142857142857,1.0,410,-41.285714285714285,hiercomm_heur,california,4042.0,42,4,saudi,cross_region
0.0,1.0,0.8333333333333334,0,-0.1,hiercomm_heur,california,4042.0,42,5,saudi,cross_region
8.0,0.7142857142857143,1.0,253,-13.714285714285714,hiercomm_heur,california,4042.0,42,6,saudi,cross_region
27.0,0.2857142857142857,0.8410596026490066,362,-41.285714285714285,hiercomm_heur,california,4042.0,42,7,saudi,cross_region
27.0,0.2857142857142857,0.8896247240618101,386,-41.285714285714285,hiercomm_heur,california,4042.0,42,8,saudi,cross_region
0.0,1.0,1.0,0,0.0,hiercomm_heur,california,4042.0,42,9,saudi,cross_region
27.0,0.2857142857142857,0.9955849889624724,429,-41.285714285714285,hiercomm_heur,california,4042.0,42,10,saudi,cross_region
8.0,0.7142857142857143,0.9977924944812362,376,-13.714285714285715,hiercomm_heur,california,4042.0,42,11,saudi,cross_region
27.0,0.2857142857142857,1.0,473,-41.285714285714285,hiercomm_heur,california,4042.0,42,12,saudi,cross_region
4.0,0.8571428571428571,1.0,310,-6.857142857142858,hiercomm_heur,california,4042.0,42,13,saudi,cross_region
0.0,1.0,1.0,0,0.0,hiercomm_heur,california,4042.0,42,14,saudi,cross_region
21.0,0.4285714285714285,0.7748344370860927,394,-32.42857142857143,hiercomm_heur,california,4042.0,1042,0,saudi,cross_region
18.0,0.5714285714285714,1.0,270,-26.571428571428577,hiercomm_heur,california,4042.0,1042,1,saudi,cross_region
27.0,0.2857142857142857,0.8940397350993378,383,-41.285714285714285,hiercomm_heur,california,4042.0,1042,2,saudi,cross_region
27.0,0.2857142857142857,0.911699779249448,443,-41.285714285714285,hiercomm_heur,california,4042.0,1042,3,saudi,cross_region
27.0,0.2857142857142857,0.8344370860927153,323,-41.285714285714285,hiercomm_heur,california,4042.0,1042,4,saudi,cross_region
18.0,0.5714285714285714,1.0,327,-26.571428571428577,hiercomm_heur,california,4042.0,1042,5,saudi,cross_region
18.0,0.5714285714285714,0.9911699779249448,316,-26.571428571428577,hiercomm_heur,california,4042.0,1042,6,saudi,cross_region
0.0,1.0,1.0,0,0.0,hiercomm_heur,california,4042.0,1042,7,saudi,cross_region
21.0,0.4285714285714285,1.0,411,-32.42857142857143,hiercomm_heur,california,4042.0,1042,8,saudi,cross_region
8.0,0.7142857142857143,1.0,317,-13.714285714285714,hiercomm_heur,california,4042.0,1042,9,saudi,cross_region
27.0,0.2857142857142857,0.9227373068432672,350,-41.98571428571429,hiercomm_heur,california,4042.0,1042,10,saudi,cross_region
18.0,0.5714285714285714,1.0,273,-26.571428571428577,hiercomm_heur,california,4042.0,1042,11,saudi,cross_region
23.0,0.4285714285714285,0.8388520971302428,388,-34.42857142857143,hiercomm_heur,california,4042.0,1042,12,saudi,cross_region
0.0,1.0,1.0,0,0.0,hiercomm_heur,california,4042.0,1042,13,saudi,cross_region
0.0,1.0,0.8333333333333334,0,-0.1,hiercomm_heur,california,4042.0,1042,14,saudi,cross_region
27.0,0.2857142857142857,1.0,414,-41.285714285714285,hiercomm_heur,california,4042.0,2042,0,saudi,cross_region
27.0,0.2857142857142857,1.0,324,-41.285714285714285,hiercomm_heur,california,4042.0,2042,1,saudi,cross_region
27.0,0.2857142857142857,0.8719646799116998,395,-41.285714285714285,hiercomm_heur,california,4042.0,2042,2,saudi,cross_region
27.0,0.2857142857142857,1.0,402,-41.285714285714285,hiercomm_heur,california,4042.0,2042,3,saudi,cross_region
0.0,1.0,0.9933774834437086,18,0.0,hiercomm_heur,california,4042.0,2042,4,saudi,cross_region
18.0,0.5714285714285714,1.0,341,-26.571428571428577,hiercomm_heur,california,4042.0,2042,5,saudi,cross_region
21.0,0.4285714285714285,0.977924944812362,439,-32.72857142857143,hiercomm_heur,california,4042.0,2042,6,saudi,cross_region
0.0,1.0,1.0,0,0.0,hiercomm_heur,california,4042.0,2042,7,saudi,cross_region
27.0,0.2857142857142857,0.8344370860927153,323,-41.285714285714285,hiercomm_heur,california,4042.0,2042,8,saudi,cross_region
27.0,0.2857142857142857,0.7064017660044151,420,-41.58571428571428,hiercomm_heur,california,4042.0,2042,9,saudi,cross_region
23.0,0.4285714285714285,1.0,309,-34.42857142857143,hiercomm_heur,california,4042.0,2042,10,saudi,cross_region
0.0,1.0,1.0,0,0.0,hiercomm_heur,california,4042.0,2042,11,saudi,cross_region
18.0,0.5714285714285714,0.9801324503311258,345,-26.571428571428577,hiercomm_heur,california,4042.0,2042,12,saudi,cross_region
27.0,0.2857142857142857,0.9624724061810156,401,-41.285714285714285,hiercomm_heur,california,4042.0,2042,13,saudi,cross_region
27.0,0.2857142857142857,0.9713024282560706,416,-41.285714285714285,hiercomm_heur,california,4042.0,2042,14,saudi,cross_region
8.0,0.7142857142857143,0.9845474613686536,260,-13.714285714285714,hiercomm_heur,california,4042.0,3042,0,saudi,cross_region
24.0,0.4285714285714285,0.891832229580574,333,-35.42857142857143,hiercomm_heur,california,4042.0,3042,1,saudi,cross_region
0.0,1.0,1.0,0,0.0,hiercomm_heur,california,4042.0,3042,2,saudi,cross_region
18.0,0.5714285714285714,0.9911699779249448,318,-26.571428571428577,hiercomm_heur,california,4042.0,3042,3,saudi,cross_region
18.0,0.5714285714285714,0.9889624724061812,443,-26.571428571428577,hiercomm_heur,california,4042.0,3042,4,saudi,cross_region
18.0,0.5714285714285714,0.9072847682119204,361,-26.571428571428577,hiercomm_heur,california,4042.0,3042,5,saudi,cross_region
21.0,0.4285714285714285,1.0,439,-32.42857142857143,hiercomm_heur,california,4042.0,3042,6,saudi,cross_region
27.0,0.2857142857142857,1.0,306,-41.285714285714285,hiercomm_heur,california,4042.0,3042,7,saudi,cross_region
27.0,0.2857142857142857,0.9867549668874172,363,-41.285714285714285,hiercomm_heur,california,4042.0,3042,8,saudi,cross_region
27.0,0.2857142857142857,0.8410596026490066,433,-41.285714285714285,hiercomm_heur,california,4042.0,3042,9,saudi,cross_region
21.0,0.4285714285714285,0.9205298013245032,345,-32.42857142857143,hiercomm_heur,california,4042.0,3042,10,saudi,cross_region
27.0,0.2857142857142857,0.9757174392935982,412,-41.285714285714285,hiercomm_heur,california,4042.0,3042,11,saudi,cross_region
0.0,1.0,1.0,0,0.0,hiercomm_heur,california,4042.0,3042,12,saudi,cross_region
18.0,0.5714285714285714,1.0,342,-26.571428571428577,hiercomm_heur,california,4042.0,3042,13,saudi,cross_region
8.0,0.7142857142857143,1.0,326,-13.714285714285714,hiercomm_heur,california,4042.0,3042,14,saudi,cross_region
18.0,0.5714285714285714,0.9889624724061812,316,-26.571428571428577,hiercomm_heur,california,4042.0,4042,0,saudi,cross_region
8.0,0.7142857142857143,0.8211920529801324,297,-13.714285714285714,hiercomm_heur,california,4042.0,4042,1,saudi,cross_region
27.0,0.2857142857142857,0.9977924944812362,386,-41.285714285714285,hiercomm_heur,california,4042.0,4042,2,saudi,cross_region
27.0,0.2857142857142857,0.9911699779249448,330,-41.285714285714285,hiercomm_heur,california,4042.0,4042,3,saudi,cross_region
23.0,0.4285714285714285,0.9757174392935982,397,-34.72857142857143,hiercomm_heur,california,4042.0,4042,4,saudi,cross_region
27.0,0.2857142857142857,0.7064017660044151,354,-41.785714285714285,hiercomm_heur,california,4042.0,4042,5,saudi,cross_region
18.0,0.5714285714285714,0.9889624724061812,320,-26.571428571428577,hiercomm_heur,california,4042.0,4042,6,saudi,cross_region
8.0,0.7142857142857143,0.9757174392935982,369,-13.914285714285713,hiercomm_heur,california,4042.0,4042,7,saudi,cross_region
18.0,0.5714285714285714,0.8057395143487859,364,-26.571428571428577,hiercomm_heur,california,4042.0,4042,8,saudi,cross_region
27.0,0.2857142857142857,0.9977924944812362,475,-41.285714285714285,hiercomm_heur,california,4042.0,4042,9,saudi,cross_region
18.0,0.5714285714285714,0.8830022075055187,361,-26.571428571428577,hiercomm_heur,california,4042.0,4042,10,saudi,cross_region
27.0,0.2857142857142857,1.0,434,-41.285714285714285,hiercomm_heur,california,4042.0,4042,11,saudi,cross_region
27.0,0.2857142857142857,0.9911699779249448,467,-41.385714285714286,hiercomm_heur,california,4042.0,4042,12,saudi,cross_region
23.0,0.4285714285714285,0.9514348785871964,410,-34.42857142857143,hiercomm_heur,california,4042.0,4042,13,saudi,cross_region
4.0,0.8571428571428571,0.9955849889624724,206,-6.957142857142857,hiercomm_heur,california,4042.0,4042,14,saudi,cross_region
34.0,0.0,1.0,827,-54.0,noop,california,,42,0,california,standard
34.0,0.0,1.0,827,-54.0,noop,california,,42,1,california,standard
34.0,0.0,1.0,827,-54.0,noop,california,,42,2,california,standard
34.0,0.0,1.0,827,-54.0,noop,california,,42,3,california,standard
34.0,0.0,1.0,789,-54.0,noop,california,,42,4,california,standard
34.0,0.0,1.0,826,-54.0,noop,california,,42,5,california,standard
34.0,0.0,1.0,827,-54.0,noop,california,,42,6,california,standard
34.0,0.0,1.0,827,-54.0,noop,california,,42,7,california,standard
34.0,0.0,1.0,824,-54.0,noop,california,,42,8,california,standard
34.0,0.0,1.0,827,-54.0,noop,california,,42,9,california,standard
34.0,0.0,1.0,827,-54.0,noop,california,,42,10,california,standard
34.0,0.0,1.0,827,-54.0,noop,california,,42,11,california,standard
34.0,0.0,1.0,827,-54.0,noop,california,,42,12,california,standard
34.0,0.0,1.0,827,-54.0,noop,california,,42,13,california,standard
34.0,0.0,1.0,826,-54.0,noop,california,,42,14,california,standard
34.0,0.0,1.0,827,-54.0,noop,california,,1042,0,california,standard
34.0,0.0,1.0,649,-54.0,noop,california,,1042,1,california,standard
34.0,0.0,1.0,827,-54.0,noop,california,,1042,2,california,standard
34.0,0.0,1.0,827,-54.0,noop,california,,1042,3,california,standard
34.0,0.0,1.0,827,-54.0,noop,california,,1042,4,california,standard
34.0,0.0,1.0,826,-54.0,noop,california,,1042,5,california,standard
34.0,0.0,1.0,827,-54.0,noop,california,,1042,6,california,standard
34.0,0.0,1.0,827,-54.0,noop,california,,1042,7,california,standard
34.0,0.0,1.0,827,-54.0,noop,california,,1042,8,california,standard
34.0,0.0,1.0,827,-54.0,noop,california,,1042,9,california,standard
34.0,0.0,1.0,827,-54.0,noop,california,,1042,10,california,standard
34.0,0.0,1.0,660,-54.0,noop,california,,1042,11,california,standard
34.0,0.0,1.0,827,-54.0,noop,california,,1042,12,california,standard
34.0,0.0,1.0,825,-54.0,noop,california,,1042,13,california,standard
34.0,0.0,1.0,827,-54.0,noop,california,,1042,14,california,standard
34.0,0.0,1.0,827,-54.0,noop,california,,2042,0,california,standard
34.0,0.0,1.0,820,-54.0,noop,california,,2042,1,california,standard
34.0,0.0,1.0,827,-54.0,noop,california,,2042,2,california,standard
34.0,0.0,1.0,827,-54.0,noop,california,,2042,3,california,standard
34.0,0.0,1.0,826,-54.0,noop,california,,2042,4,california,standard
34.0,0.0,1.0,827,-54.0,noop,california,,2042,5,california,standard
34.0,0.0,1.0,827,-54.0,noop,california,,2042,6,california,standard
34.0,0.0,1.0,825,-54.0,noop,california,,2042,7,california,standard
34.0,0.0,1.0,827,-54.0,noop,california,,2042,8,california,standard
34.0,0.0,1.0,827,-54.0,noop,california,,2042,9,california,standard
34.0,0.0,1.0,827,-54.0,noop,california,,2042,10,california,standard
34.0,0.0,1.0,827,-54.0,noop,california,,2042,11,california,standard
34.0,0.0,1.0,827,-54.0,noop,california,,2042,12,california,standard
34.0,0.0,1.0,827,-54.0,noop,california,,2042,13,california,standard
34.0,0.0,1.0,827,-54.0,noop,california,,2042,14,california,standard
34.0,0.0,1.0,826,-54.0,noop,california,,3042,0,california,standard
34.0,0.0,1.0,827,-54.0,noop,california,,3042,1,california,standard
34.0,0.0,1.0,826,-54.0,noop,california,,3042,2,california,standard
34.0,0.0,1.0,827,-54.0,noop,california,,3042,3,california,standard
34.0,0.0,1.0,827,-54.0,noop,california,,3042,4,california,standard
34.0,0.0,1.0,827,-54.0,noop,california,,3042,5,california,standard
34.0,0.0,1.0,827,-54.0,noop,california,,3042,6,california,standard
34.0,0.0,1.0,827,-54.0,noop,california,,3042,7,california,standard
34.0,0.0,1.0,827,-54.0,noop,california,,3042,8,california,standard
34.0,0.0,1.0,827,-54.0,noop,california,,3042,9,california,standard
34.0,0.0,1.0,827,-54.0,noop,california,,3042,10,california,standard
34.0,0.0,1.0,827,-54.0,noop,california,,3042,11,california,standard
34.0,0.0,1.0,826,-54.0,noop,california,,3042,12,california,standard
34.0,0.0,1.0,827,-54.0,noop,california,,3042,13,california,standard
34.0,0.0,1.0,802,-54.0,noop,california,,3042,14,california,standard
34.0,0.0,1.0,827,-54.0,noop,california,,4042,0,california,standard
34.0,0.0,1.0,827,-54.0,noop,california,,4042,1,california,standard
34.0,0.0,1.0,827,-54.0,noop,california,,4042,2,california,standard
34.0,0.0,1.0,827,-54.0,noop,california,,4042,3,california,standard
34.0,0.0,1.0,827,-54.0,noop,california,,4042,4,california,standard
34.0,0.0,1.0,827,-54.0,noop,california,,4042,5,california,standard
34.0,0.0,1.0,827,-54.0,noop,california,,4042,6,california,standard
34.0,0.0,1.0,827,-54.0,noop,california,,4042,7,california,standard
34.0,0.0,1.0,827,-54.0,noop,california,,4042,8,california,standard
34.0,0.0,1.0,827,-54.0,noop,california,,4042,9,california,standard
34.0,0.0,1.0,827,-54.0,noop,california,,4042,10,california,standard
34.0,0.0,1.0,827,-54.0,noop,california,,4042,11,california,standard
34.0,0.0,1.0,827,-54.0,noop,california,,4042,12,california,standard
34.0,0.0,1.0,827,-54.0,noop,california,,4042,13,california,standard
34.0,0.0,1.0,824,-54.0,noop,california,,4042,14,california,standard
28.0,0.1666666666666666,0.9952038369304556,818,-44.66666666666667,value_first,california,,42,0,california,standard
34.0,0.0,0.9974747474747476,800,-54.0,value_first,california,,42,1,california,standard
28.0,0.1666666666666666,0.9893333333333332,809,-44.66666666666667,value_first,california,,42,2,california,standard
28.0,0.1666666666666666,0.9944444444444444,809,-44.66666666666667,value_first,california,,42,3,california,standard
28.0,0.1666666666666666,0.9977924944812362,740,-44.66666666666667,value_first,california,,42,4,california,standard
28.0,0.1666666666666666,0.9977924944812362,790,-44.66666666666667,value_first,california,,42,5,california,standard
28.0,0.1666666666666666,0.9933333333333332,782,-44.66666666666667,value_first,california,,42,6,california,standard
28.0,0.1666666666666666,0.9911699779249448,790,-44.66666666666667,value_first,california,,42,7,california,standard
28.0,0.1666666666666666,0.9889624724061812,797,-44.66666666666667,value_first,california,,42,8,california,standard
28.0,0.1666666666666666,0.9976359338061466,791,-44.66666666666667,value_first,california,,42,9,california,standard
28.0,0.1666666666666666,0.9925925925925926,809,-44.66666666666667,value_first,california,,42,10,california,standard
28.0,0.1666666666666666,0.989821882951654,809,-44.66666666666667,value_first,california,,42,11,california,standard
28.0,0.1666666666666666,0.9921259842519684,791,-44.66666666666667,value_first,california,,42,12,california,standard
28.0,0.1666666666666666,0.9976019184652278,791,-44.66666666666667,value_first,california,,42,13,california,standard
28.0,0.1666666666666666,0.9977924944812362,781,-44.66666666666667,value_first,california,,42,14,california,standard
28.0,0.1666666666666666,0.994535519125683,818,-44.66666666666667,value_first,california,,1042,0,california,standard
28.0,0.1666666666666666,0.9911699779249448,581,-44.66666666666667,value_first,california,,1042,1,california,standard
28.0,0.1666666666666666,0.9929577464788732,809,-44.66666666666667,value_first,california,,1042,2,california,standard
28.0,0.1666666666666666,0.9925373134328358,818,-44.66666666666667,value_first,california,,1042,3,california,standard
34.0,0.0,0.9873737373737372,809,-54.0,value_first,california,,1042,4,california,standard
28.0,0.1666666666666666,0.9977924944812362,790,-44.66666666666667,value_first,california,,1042,5,california,standard
28.0,0.1666666666666666,0.9950980392156864,800,-44.66666666666667,value_first,california,,1042,6,california,standard
28.0,0.1666666666666666,0.9929078014184396,800,-44.66666666666667,value_first,california,,1042,7,california,standard
28.0,0.1666666666666666,0.992248062015504,809,-44.66666666666667,value_first,california,,1042,8,california,standard
28.0,0.1666666666666666,0.9976190476190476,818,-44.66666666666667,value_first,california,,1042,9,california,standard
28.0,0.1666666666666666,0.9905437352245864,800,-44.66666666666667,value_first,california,,1042,10,california,standard
28.0,0.1666666666666666,0.9977924944812362,600,-44.66666666666667,value_first,california,,1042,11,california,standard
28.0,0.1666666666666666,0.9974747474747476,818,-44.66666666666667,value_first,california,,1042,12,california,standard
28.0,0.1666666666666666,0.9977924944812362,780,-44.66666666666667,value_first,california,,1042,13,california,standard
28.0,0.1666666666666666,0.9951338199513382,809,-44.66666666666667,value_first,california,,1042,14,california,standard
28.0,0.1666666666666666,0.9918032786885246,818,-44.66666666666667,value_first,california,,2042,0,california,standard
28.0,0.1666666666666666,0.9911699779249448,775,-44.66666666666667,value_first,california,,2042,1,california,standard
28.0,0.1666666666666666,0.990990990990991,791,-44.66666666666667,value_first,california,,2042,2,california,standard
28.0,0.1666666666666666,0.9929078014184396,791,-44.66666666666667,value_first,california,,2042,3,california,standard
28.0,0.1666666666666666,0.9977924944812362,790,-44.66666666666667,value_first,california,,2042,4,california,standard
28.0,0.1666666666666666,0.9927007299270072,809,-44.66666666666667,value_first,california,,2042,5,california,standard
28.0,0.1666666666666666,0.9919354838709676,809,-44.66666666666667,value_first,california,,2042,6,california,standard
28.0,0.1666666666666666,0.9977924944812362,789,-44.66666666666667,value_first,california,,2042,7,california,standard
28.0,0.1666666666666666,0.9933774834437086,799,-44.66666666666667,value_first,california,,2042,8,california,standard
28.0,0.1666666666666666,0.991869918699187,809,-44.66666666666667,value_first,california,,2042,9,california,standard
28.0,0.1666666666666666,0.9911699779249448,790,-44.66666666666667,value_first,california,,2042,10,california,standard
28.0,0.1666666666666666,0.9976359338061466,791,-44.66666666666667,value_first,california,,2042,11,california,standard
34.0,0.0,0.98989898989899,800,-54.0,value_first,california,,2042,12,california,standard
28.0,0.1666666666666666,0.9894179894179894,809,-44.66666666666667,value_first,california,,2042,13,california,standard
28.0,0.1666666666666666,0.9894179894179894,809,-44.66666666666667,value_first,california,,2042,14,california,standard
28.0,0.1666666666666666,0.9933774834437086,781,-44.66666666666667,value_first,california,,3042,0,california,standard
28.0,0.1666666666666666,0.9932432432432432,782,-44.66666666666667,value_first,california,,3042,1,california,standard
28.0,0.1666666666666666,0.9977924944812362,790,-44.66666666666667,value_first,california,,3042,2,california,standard
28.0,0.1666666666666666,0.9928571428571428,818,-44.66666666666667,value_first,california,,3042,3,california,standard
28.0,0.1666666666666666,0.9911699779249448,791,-44.66666666666667,value_first,california,,3042,4,california,standard
28.0,0.1666666666666666,0.9924242424242424,809,-44.66666666666667,value_first,california,,3042,5,california,standard
28.0,0.1666666666666666,0.9931506849315068,818,-44.66666666666667,value_first,california,,3042,6,california,standard
34.0,0.0,0.9921875,800,-54.0,value_first,california,,3042,7,california,standard
34.0,0.0,0.9946236559139784,818,-54.0,value_first,california,,3042,8,california,standard
28.0,0.1666666666666666,0.993006993006993,809,-44.66666666666667,value_first,california,,3042,9,california,standard
28.0,0.1666666666666666,0.9930555555555556,791,-44.66666666666667,value_first,california,,3042,10,california,standard
28.0,0.1666666666666666,0.9924242424242424,791,-44.66666666666667,value_first,california,,3042,11,california,standard
28.0,0.1666666666666666,0.9933774834437086,799,-44.66666666666667,value_first,california,,3042,12,california,standard
28.0,0.1666666666666666,0.9925925925925926,809,-44.66666666666667,value_first,california,,3042,13,california,standard
28.0,0.1666666666666666,0.9911699779249448,758,-44.66666666666667,value_first,california,,3042,14,california,standard
28.0,0.1666666666666666,0.9929577464788732,818,-44.66666666666667,value_first,california,,4042,0,california,standard
28.0,0.1666666666666666,0.9975124378109452,782,-44.66666666666667,value_first,california,,4042,1,california,standard
28.0,0.1666666666666666,0.993103448275862,791,-44.66666666666667,value_first,california,,4042,2,california,standard
28.0,0.1666666666666666,0.9907407407407408,791,-44.66666666666667,value_first,california,,4042,3,california,standard
28.0,0.1666666666666666,0.9932432432432432,800,-44.66666666666667,value_first,california,,4042,4,california,standard
28.0,0.1666666666666666,0.989821882951654,809,-44.66666666666667,value_first,california,,4042,5,california,standard
28.0,0.1666666666666666,0.9928057553956836,818,-44.66666666666667,value_first,california,,4042,6,california,standard
28.0,0.1666666666666666,0.9950248756218906,818,-44.66666666666667,value_first,california,,4042,7,california,standard
28.0,0.1666666666666666,0.9889807162534436,800,-44.66666666666667,value_first,california,,4042,8,california,standard
28.0,0.1666666666666666,0.9933333333333332,800,-44.66666666666667,value_first,california,,4042,9,california,standard
28.0,0.1666666666666666,0.9923664122137404,809,-44.66666666666667,value_first,california,,4042,10,california,standard
28.0,0.1666666666666666,0.9925373134328358,818,-44.66666666666667,value_first,california,,4042,11,california,standard
28.0,0.1666666666666666,0.9924242424242424,809,-44.66666666666667,value_first,california,,4042,12,california,standard
28.0,0.1666666666666666,0.9926470588235294,818,-44.66666666666667,value_first,california,,4042,13,california,standard
28.0,0.1666666666666666,0.9977924944812362,788,-44.66666666666667,value_first,california,,4042,14,california,standard
28.0,0.1666666666666666,0.41280353200883,515,-49.36666666666667,local_reactive,california,,42,0,california,standard
6.0,0.8333333333333334,0.803030303030303,1,-9.533333333333331,local_reactive,california,,42,1,california,standard
22.0,0.3333333333333333,0.4282560706401766,664,-39.03333333333335,local_reactive,california,,42,2,california,standard
22.0,0.3333333333333333,0.4257907542579075,675,-39.13333333333334,local_reactive,california,,42,3,california,standard
0.0,1.0,1.0,0,0.0,local_reactive,california,,42,4,california,standard
25.0,0.3333333333333333,0.4150110375275938,497,-44.03333333333333,local_reactive,california,,42,5,california,standard
0.0,1.0,0.4812362030905077,129,-4.400000000000001,local_reactive,california,,42,6,california,standard
18.0,0.3333333333333333,0.4260485651214128,566,-36.23333333333333,local_reactive,california,,42,7,california,standard
0.0,1.0,0.6037735849056604,8,-0.8,local_reactive,california,,42,8,california,standard
24.0,0.1666666666666666,0.5205479452054794,349,-44.3666666666667,local_reactive,california,,42,9,california,standard
6.0,0.8333333333333334,0.5060606060606061,58,-13.933333333333318,local_reactive,california,,42,10,california,standard
16.0,0.5,0.4172185430463576,643,-30.299999999999997,local_reactive,california,,42,11,california,standard
6.0,0.8333333333333334,0.7301587301587301,67,-9.93333333333333,local_reactive,california,,42,12,california,standard
6.0,0.8333333333333334,0.9032258064516128,55,-9.533333333333331,local_reactive,california,,42,13,california,standard
6.0,0.8333333333333334,0.8282828282828283,36,-9.633333333333333,local_reactive,california,,42,14,california,standard
25.0,0.3333333333333333,0.4213333333333333,667,-42.83333333333335,local_reactive,california,,1042,0,california,standard
0.0,1.0,1.0,0,0.0,local_reactive,california,,1042,1,california,standard
16.0,0.6666666666666666,0.445916114790287,488,-27.166666666666654,local_reactive,california,,1042,2,california,standard
0.0,1.0,0.8076923076923077,35,-0.6000000000000001,local_reactive,california,,1042,3,california,standard
6.0,0.8333333333333334,0.5864197530864198,7,-11.033333333333326,local_reactive,california,,1042,4,california,standard
12.0,0.6666666666666666,0.4365079365079365,209,-22.866666666666653,local_reactive,california,,1042,5,california,standard
16.0,0.5,0.4304635761589404,600,-30.199999999999992,local_reactive,california,,1042,6,california,standard
0.0,1.0,0.4774774774774775,186,-3.3000000000000007,local_reactive,california,,1042,7,california,standard
6.0,0.8333333333333334,0.5061728395061729,67,-14.033333333333315,local_reactive,california,,1042,8,california,standard
6.0,0.8333333333333334,0.7121212121212122,66,-12.033333333333324,local_reactive,california,,1042,9,california,standard
0.0,1.0,0.9803921568627452,0,0.0,local_reactive,california,,1042,10,california,standard
0.0,1.0,1.0,0,0.0,local_reactive,california,,1042,11,california,standard
0.0,1.0,0.6729559748427673,49,-1.2999999999999998,local_reactive,california,,1042,12,california,standard
0.0,1.0,0.4453551912568306,144,-4.4,local_reactive,california,,1042,13,california,standard
0.0,1.0,0.8095238095238095,32,-0.2999999999999989,local_reactive,california,,1042,14,california,standard
6.0,0.8333333333333334,0.6440677966101694,64,-10.63333333333333,local_reactive,california,,2042,0,california,standard
0.0,1.0,0.9696969696969696,0,0.0,local_reactive,california,,2042,1,california,standard
0.0,1.0,0.7428571428571429,3,-0.4,local_reactive,california,,2042,2,california,standard
0.0,1.0,0.8373983739837398,3,-0.4,local_reactive,california,,2042,3,california,standard
12.0,0.6666666666666666,0.4194260485651214,179,-23.86666666666665,local_reactive,california,,2042,4,california,standard
6.0,0.8333333333333334,0.5212121212121212,62,-13.833333333333318,local_reactive,california,,2042,5,california,standard
6.0,0.8333333333333334,0.5517241379310345,90,-11.033333333333328,local_reactive,california,,2042,6,california,standard
6.0,0.8333333333333334,0.7916666666666666,33,-9.73333333333333,local_reactive,california,,2042,7,california,standard
12.0,0.6666666666666666,0.5025641025641026,53,-23.06666666666665,local_reactive,california,,2042,8,california,standard
25.0,0.3333333333333333,0.4091954022988506,637,-43.43333333333335,local_reactive,california,,2042,9,california,standard
0.0,1.0,0.8253968253968254,0,-0.2,local_reactive,california,,2042,10,california,standard
21.0,0.3333333333333333,0.5717439293598234,333,-37.73333333333335,local_reactive,california,,2042,11,california,standard
34.0,0.0,0.4370860927152318,645,-58.10000000000002,local_reactive,california,,2042,12,california,standard
16.0,0.5,0.4856512141280353,591,-30.199999999999985,local_reactive,california,,2042,13,california,standard
22.0,0.3333333333333333,0.4045977011494253,668,-39.63333333333334,local_reactive,california,,2042,14,california,standard
3.0,0.8333333333333334,0.4150110375275938,214,-11.633333333333333,local_reactive,california,,3042,0,california,standard
0.0,1.0,0.6994535519125683,33,-0.8,local_reactive,california,,3042,1,california,standard
6.0,0.8333333333333334,0.819047619047619,37,-9.533333333333331,local_reactive,california,,3042,2,california,standard
25.0,0.3333333333333333,0.4392935982339956,643,-42.23333333333335,local_reactive,california,,3042,3,california,standard
6.0,0.8333333333333334,0.4714714714714714,65,-14.533333333333314,local_reactive,california,,3042,4,california,standard
25.0,0.3333333333333333,0.4172185430463576,639,-42.73333333333335,local_reactive,california,,3042,5,california,standard
6.0,0.8333333333333334,0.725,68,-9.83333333333333,local_reactive,california,,3042,6,california,standard
19.0,0.5,0.4746136865342163,488,-33.3,local_reactive,california,,3042,7,california,standard
22.0,0.3333333333333333,0.4285714285714285,669,-39.433333333333344,local_reactive,california,,3042,8,california,standard
21.0,0.3333333333333333,0.4944812362030905,524,-38.53333333333333,local_reactive,california,,3042,9,california,standard
15.0,0.5,0.5143487858719646,315,-29.299999999999983,local_reactive,california,,3042,10,california,standard
22.0,0.3333333333333333,0.4878587196467991,609,-38.63333333333335,local_reactive,california,,3042,11,california,standard
9.0,0.6666666666666666,0.423841059602649,233,-20.066666666666656,local_reactive,california,,3042,12,california,standard
22.0,0.3333333333333333,0.4172185430463576,669,-39.03333333333334,local_reactive,california,,3042,13,california,standard
0.0,1.0,1.0,0,0.0,local_reactive,california,,3042,14,california,standard
13.0,0.6666666666666666,0.4392935982339956,550,-23.966666666666654,local_reactive,california,,4042,0,california,standard
0.0,1.0,0.8095238095238095,27,-0.4,local_reactive,california,,4042,1,california,standard
6.0,0.8333333333333334,0.9333333333333332,51,-9.333333333333332,local_reactive,california,,4042,2,california,standard
16.0,0.5,0.4790286975717439,565,-30.19999999999999,local_reactive,california,,4042,3,california,standard
6.0,0.8333333333333334,0.7753623188405797,65,-9.633333333333333,local_reactive,california,,4042,4,california,standard
0.0,1.0,0.6636363636363637,32,-3.3000000000000016,local_reactive,california,,4042,5,california,standard
19.0,0.5,0.4392935982339956,542,-33.70000000000002,local_reactive,california,,4042,6,california,standard
25.0,0.3333333333333333,0.4436274509803921,668,-42.43333333333335,local_reactive,california,,4042,7,california,standard
6.0,0.8333333333333334,0.5216049382716049,38,-13.933333333333318,local_reactive,california,,4042,8,california,standard
6.0,0.8333333333333334,0.8461538461538461,55,-9.333333333333332,local_reactive,california,,4042,9,california,standard
25.0,0.3333333333333333,0.4172185430463576,611,-42.63333333333335,local_reactive,california,,4042,10,california,standard
0.0,1.0,0.6666666666666666,49,-1.2999999999999998,local_reactive,california,,4042,11,california,standard
0.0,1.0,0.4923547400611621,58,-4.600000000000001,local_reactive,california,,4042,12,california,standard
0.0,1.0,0.735632183908046,53,-0.5,local_reactive,california,,4042,13,california,standard
6.0,0.8333333333333334,0.5321100917431193,47,-12.73333333333332,local_reactive,california,,4042,14,california,standard
15.0,0.5,0.9845474613686536,422,-25.1,commnet,california,42.0,42,0,california,standard
19.0,0.5,0.9646799116997792,560,-29.4,commnet,california,42.0,42,1,california,standard
6.0,0.8333333333333334,0.7670250896057348,178,-10.13333333333333,commnet,california,42.0,42,2,california,standard
6.0,0.8333333333333334,0.9017543859649124,167,-9.533333333333331,commnet,california,42.0,42,3,california,standard
10.0,0.8333333333333334,0.9271523178807948,436,-13.733333333333333,commnet,california,42.0,42,4,california,standard
12.0,0.6666666666666666,0.9801324503311258,380,-18.866666666666667,commnet,california,42.0,42,5,california,standard
6.0,0.8333333333333334,0.9719298245614036,145,-9.433333333333332,commnet,california,42.0,42,6,california,standard
6.0,0.8333333333333334,0.9420289855072465,151,-9.433333333333332,commnet,california,42.0,42,7,california,standard
0.0,1.0,0.9845474613686536,91,0.0,commnet,california,42.0,42,8,california,standard
12.0,0.6666666666666666,0.9094922737306844,433,-19.06666666666667,commnet,california,42.0,42,9,california,standard
9.0,0.6666666666666666,0.9889624724061812,300,-15.666666666666668,commnet,california,42.0,42,10,california,standard
12.0,0.6666666666666666,0.8587196467991169,406,-18.666666666666668,commnet,california,42.0,42,11,california,standard
12.0,0.6666666666666666,0.9801324503311258,419,-18.766666666666666,commnet,california,42.0,42,12,california,standard
6.0,0.8333333333333334,0.9239130434782608,144,-9.433333333333332,commnet,california,42.0,42,13,california,standard
6.0,0.8333333333333334,0.7991169977924945,386,-9.333333333333332,commnet,california,42.0,42,14,california,standard
9.0,0.6666666666666666,0.9911699779249448,374,-15.666666666666668,commnet,california,42.0,1042,0,california,standard
0.0,1.0,0.9111111111111112,0,-0.3,commnet,california,42.0,1042,1,california,standard
9.0,0.6666666666666666,0.5827814569536424,419,-16.366666666666667,commnet,california,42.0,1042,2,california,standard
9.0,0.6666666666666666,0.7108167770419426,313,-15.866666666666667,commnet,california,42.0,1042,3,california,standard
15.0,0.5,0.9006622516556292,492,-25.300000000000004,commnet,california,42.0,1042,4,california,standard
6.0,0.8333333333333334,0.9668874172185432,259,-9.533333333333331,commnet,california,42.0,1042,5,california,standard
9.0,0.6666666666666666,1.0,312,-15.666666666666668,commnet,california,42.0,1042,6,california,standard
12.0,0.6666666666666666,0.9183222958057397,405,-18.96666666666667,commnet,california,42.0,1042,7,california,standard
9.0,0.6666666666666666,0.9889624724061812,356,-15.666666666666668,commnet,california,42.0,1042,8,california,standard
9.0,0.6666666666666666,0.9094922737306844,291,-15.766666666666667,commnet,california,42.0,1042,9,california,standard
0.0,1.0,0.9823399558498896,98,-0.2,commnet,california,42.0,1042,10,california,standard
0.0,1.0,0.9111111111111112,0,-0.3,commnet,california,42.0,1042,11,california,standard
6.0,0.8333333333333334,0.9243986254295532,151,-9.533333333333331,commnet,california,42.0,1042,12,california,standard
6.0,0.8333333333333334,0.7505518763796909,145,-9.633333333333333,commnet,california,42.0,1042,13,california,standard
12.0,0.6666666666666666,0.9801324503311258,437,-18.866666666666667,commnet,california,42.0,1042,14,california,standard
9.0,0.6666666666666666,0.9492273730684326,379,-15.766666666666667,commnet,california,42.0,2042,0,california,standard
0.0,1.0,1.0,11,0.0,commnet,california,42.0,2042,1,california,standard
6.0,0.8333333333333334,0.8013245033112583,126,-9.333333333333332,commnet,california,42.0,2042,2,california,standard
6.0,0.8333333333333334,0.9933774834437086,367,-9.333333333333332,commnet,california,42.0,2042,3,california,standard
12.0,0.6666666666666666,0.7902869757174393,333,-19.06666666666667,commnet,california,42.0,2042,4,california,standard
9.0,0.6666666666666666,0.9293598233995584,284,-15.966666666666669,commnet,california,42.0,2042,5,california,standard
6.0,0.8333333333333334,0.9838187702265372,174,-9.333333333333332,commnet,california,42.0,2042,6,california,standard
12.0,0.6666666666666666,0.8763796909492274,392,-18.866666666666667,commnet,california,42.0,2042,7,california,standard
0.0,1.0,0.9713024282560706,63,0.0,commnet,california,42.0,2042,8,california,standard
6.0,0.8333333333333334,1.0,173,-9.333333333333332,commnet,california,42.0,2042,9,california,standard
0.0,1.0,1.0,38,0.0,commnet,california,42.0,2042,10,california,standard
12.0,0.6666666666666666,0.8145695364238411,416,-18.96666666666667,commnet,california,42.0,2042,11,california,standard
6.0,0.8333333333333334,0.9032258064516128,156,-9.433333333333332,commnet,california,42.0,2042,12,california,standard
6.0,0.8333333333333334,0.8771929824561403,165,-9.433333333333332,commnet,california,42.0,2042,13,california,standard
6.0,0.8333333333333334,0.941747572815534,171,-9.433333333333332,commnet,california,42.0,2042,14,california,standard
6.0,0.8333333333333334,1.0,141,-9.333333333333332,commnet,california,42.0,3042,0,california,standard
6.0,0.8333333333333334,0.8936170212765957,159,-9.433333333333332,commnet,california,42.0,3042,1,california,standard
12.0,0.6666666666666666,0.8830022075055187,366,-18.866666666666667,commnet,california,42.0,3042,2,california,standard
6.0,0.8333333333333334,0.897196261682243,150,-9.433333333333332,commnet,california,42.0,3042,3,california,standard
6.0,0.8333333333333334,0.9937694704049844,134,-9.333333333333332,commnet,california,42.0,3042,4,california,standard
6.0,0.8333333333333334,0.9052631578947368,179,-9.533333333333331,commnet,california,42.0,3042,5,california,standard
9.0,0.6666666666666666,0.93598233995585,196,-15.866666666666667,commnet,california,42.0,3042,6,california,standard
25.0,0.3333333333333333,0.8145695364238411,583,-39.03333333333335,commnet,california,42.0,3042,7,california,standard
9.0,0.6666666666666666,0.7417218543046358,382,-16.066666666666666,commnet,california,42.0,3042,8,california,standard
9.0,0.6666666666666666,0.5849889624724062,416,-16.366666666666667,commnet,california,42.0,3042,9,california,standard
9.0,0.6666666666666666,0.9426048565121412,250,-15.966666666666669,commnet,california,42.0,3042,10,california,standard
6.0,0.8333333333333334,0.7549019607843137,154,-9.633333333333333,commnet,california,42.0,3042,11,california,standard
12.0,0.6666666666666666,0.7615894039735099,287,-18.96666666666667,commnet,california,42.0,3042,12,california,standard
9.0,0.6666666666666666,0.9889624724061812,304,-15.666666666666668,commnet,california,42.0,3042,13,california,standard
6.0,0.8333333333333334,0.9646799116997792,351,-9.633333333333333,commnet,california,42.0,3042,14,california,standard
6.0,0.8333333333333334,0.8459119496855346,157,-9.73333333333333,commnet,california,42.0,4042,0,california,standard
6.0,0.8333333333333334,0.9017543859649124,156,-9.333333333333332,commnet,california,42.0,4042,1,california,standard
9.0,0.6666666666666666,0.9514348785871964,228,-15.766666666666667,commnet,california,42.0,4042,2,california,standard
6.0,0.8333333333333334,0.8725490196078431,152,-9.533333333333331,commnet,california,42.0,4042,3,california,standard
6.0,0.8333333333333334,0.8031746031746032,149,-9.633333333333333,commnet,california,42.0,4042,4,california,standard
6.0,0.8333333333333334,0.89937106918239,158,-9.533333333333331,commnet,california,42.0,4042,5,california,standard
9.0,0.6666666666666666,0.847682119205298,267,-16.166666666666668,commnet,california,42.0,4042,6,california,standard
9.0,0.6666666666666666,0.7947019867549668,307,-15.866666666666667,commnet,california,42.0,4042,7,california,standard
9.0,0.6666666666666666,0.8719646799116998,362,-15.966666666666669,commnet,california,42.0,4042,8,california,standard
6.0,0.8333333333333334,0.9155555555555556,147,-9.433333333333332,commnet,california,42.0,4042,9,california,standard
6.0,0.8333333333333334,0.9157894736842104,167,-9.433333333333332,commnet,california,42.0,4042,10,california,standard
9.0,0.6666666666666666,0.9867549668874172,301,-15.766666666666667,commnet,california,42.0,4042,11,california,standard
6.0,0.8333333333333334,0.7578947368421053,166,-9.633333333333333,commnet,california,42.0,4042,12,california,standard
9.0,0.6666666666666666,0.977924944812362,287,-15.666666666666668,commnet,california,42.0,4042,13,california,standard
6.0,0.8333333333333334,0.9735099337748344,319,-9.533333333333331,commnet,california,42.0,4042,14,california,standard
21.0,0.3333333333333333,0.7130242825607064,526,-34.333333333333336,commnet,california,1042.0,42,0,california,standard
21.0,0.3333333333333333,1.0,504,-34.333333333333336,commnet,california,1042.0,42,1,california,standard
21.0,0.3333333333333333,1.0,587,-34.333333333333336,commnet,california,1042.0,42,2,california,standard
21.0,0.3333333333333333,1.0,601,-34.333333333333336,commnet,california,1042.0,42,3,california,standard
21.0,0.3333333333333333,0.7130242825607064,304,-34.333333333333336,commnet,california,1042.0,42,4,california,standard
21.0,0.3333333333333333,0.7152317880794702,513,-34.333333333333336,commnet,california,1042.0,42,5,california,standard
21.0,0.3333333333333333,0.717439293598234,513,-34.333333333333336,commnet,california,1042.0,42,6,california,standard
21.0,0.3333333333333333,0.7130242825607064,491,-34.333333333333336,commnet,california,1042.0,42,7,california,standard
21.0,0.3333333333333333,0.7152317880794702,452,-34.333333333333336,commnet,california,1042.0,42,8,california,standard
21.0,0.3333333333333333,0.717439293598234,587,-34.333333333333336,commnet,california,1042.0,42,9,california,standard
21.0,0.3333333333333333,0.7130242825607064,545,-34.333333333333336,commnet,california,1042.0,42,10,california,standard
21.0,0.3333333333333333,0.7240618101545254,564,-34.333333333333336,commnet,california,1042.0,42,11,california,standard
21.0,0.3333333333333333,0.7328918322295805,578,-34.333333333333336,commnet,california,1042.0,42,12,california,standard
21.0,0.3333333333333333,0.717439293598234,524,-34.333333333333336,commnet,california,1042.0,42,13,california,standard
21.0,0.3333333333333333,0.717439293598234,525,-34.333333333333336,commnet,california,1042.0,42,14,california,standard
21.0,0.3333333333333333,0.7505518763796909,601,-34.333333333333336,commnet,california,1042.0,1042,0,california,standard
21.0,0.3333333333333333,0.7130242825607064,364,-34.333333333333336,commnet,california,1042.0,1042,1,california,standard
21.0,0.3333333333333333,0.7130242825607064,513,-34.333333333333336,commnet,california,1042.0,1042,2,california,standard
21.0,0.3333333333333333,0.7152317880794702,551,-34.333333333333336,commnet,california,1042.0,1042,3,california,standard
21.0,0.3333333333333333,1.0,504,-34.333333333333336,commnet,california,1042.0,1042,4,california,standard
21.0,0.3333333333333333,0.7130242825607064,502,-34.333333333333336,commnet,california,1042.0,1042,5,california,standard
21.0,0.3333333333333333,1.0,536,-34.333333333333336,commnet,california,1042.0,1042,6,california,standard
21.0,0.3333333333333333,0.717439293598234,581,-34.333333333333336,commnet,california,1042.0,1042,7,california,standard
21.0,0.3333333333333333,0.7284768211920529,570,-34.333333333333336,commnet,california,1042.0,1042,8,california,standard
21.0,0.3333333333333333,0.7130242825607064,523,-34.333333333333336,commnet,california,1042.0,1042,9,california,standard
21.0,0.3333333333333333,0.7814569536423841,519,-34.333333333333336,commnet,california,1042.0,1042,10,california,standard
21.0,0.3333333333333333,0.7130242825607064,373,-34.333333333333336,commnet,california,1042.0,1042,11,california,standard
21.0,0.3333333333333333,0.7196467991169978,559,-34.333333333333336,commnet,california,1042.0,1042,12,california,standard
21.0,0.3333333333333333,0.7152317880794702,513,-34.333333333333336,commnet,california,1042.0,1042,13,california,standard
21.0,0.3333333333333333,0.717439293598234,602,-34.333333333333336,commnet,california,1042.0,1042,14,california,standard
21.0,0.3333333333333333,0.7505518763796909,601,-34.333333333333336,commnet,california,1042.0,2042,0,california,standard
21.0,0.3333333333333333,0.7130242825607064,422,-34.333333333333336,commnet,california,1042.0,2042,1,california,standard
21.0,0.3333333333333333,0.7130242825607064,491,-34.333333333333336,commnet,california,1042.0,2042,2,california,standard
21.0,0.3333333333333333,0.7130242825607064,504,-34.333333333333336,commnet,california,1042.0,2042,3,california,standard
21.0,0.3333333333333333,0.7196467991169978,524,-34.333333333333336,commnet,california,1042.0,2042,4,california,standard
21.0,0.3333333333333333,0.7130242825607064,531,-34.333333333333336,commnet,california,1042.0,2042,5,california,standard
21.0,0.3333333333333333,0.7461368653421634,600,-34.333333333333336,commnet,california,1042.0,2042,6,california,standard
21.0,0.3333333333333333,0.7130242825607064,504,-34.333333333333336,commnet,california,1042.0,2042,7,california,standard
21.0,0.3333333333333333,1.0,479,-34.333333333333336,commnet,california,1042.0,2042,8,california,standard
21.0,0.3333333333333333,0.7461368653421634,600,-34.333333333333336,commnet,california,1042.0,2042,9,california,standard
21.0,0.3333333333333333,1.0,497,-34.333333333333336,commnet,california,1042.0,2042,10,california,standard
21.0,0.3333333333333333,0.717439293598234,587,-34.333333333333336,commnet,california,1042.0,2042,11,california,standard
21.0,0.3333333333333333,0.7196467991169978,558,-34.333333333333336,commnet,california,1042.0,2042,12,california,standard
21.0,0.3333333333333333,1.0,578,-34.333333333333336,commnet,california,1042.0,2042,13,california,standard
21.0,0.3333333333333333,1.0,584,-34.333333333333336,commnet,california,1042.0,2042,14,california,standard
21.0,0.3333333333333333,0.7130242825607064,505,-34.333333333333336,commnet,california,1042.0,3042,0,california,standard
21.0,0.3333333333333333,0.7196467991169978,523,-34.333333333333336,commnet,california,1042.0,3042,1,california,standard
21.0,0.3333333333333333,0.7196467991169978,533,-34.333333333333336,commnet,california,1042.0,3042,2,california,standard
21.0,0.3333333333333333,0.7130242825607064,520,-34.333333333333336,commnet,california,1042.0,3042,3,california,standard
21.0,0.3333333333333333,0.7130242825607064,495,-34.333333333333336,commnet,california,1042.0,3042,4,california,standard
21.0,0.3333333333333333,0.7196467991169978,558,-34.333333333333336,commnet,california,1042.0,3042,5,california,standard
21.0,0.3333333333333333,0.7130242825607064,501,-34.333333333333336,commnet,california,1042.0,3042,6,california,standard
21.0,0.3333333333333333,1.0,521,-34.333333333333336,commnet,california,1042.0,3042,7,california,standard
21.0,0.3333333333333333,1.0,592,-34.333333333333336,commnet,california,1042.0,3042,8,california,standard
21.0,0.3333333333333333,0.7130242825607064,512,-34.333333333333336,commnet,california,1042.0,3042,9,california,standard
21.0,0.3333333333333333,0.7130242825607064,506,-34.333333333333336,commnet,california,1042.0,3042,10,california,standard
21.0,0.3333333333333333,1.0,558,-34.333333333333336,commnet,california,1042.0,3042,11,california,standard
21.0,0.3333333333333333,0.717439293598234,537,-34.333333333333336,commnet,california,1042.0,3042,12,california,standard
21.0,0.3333333333333333,0.7130242825607064,539,-34.333333333333336,commnet,california,1042.0,3042,13,california,standard
21.0,0.3333333333333333,0.717439293598234,525,-34.333333333333336,commnet,california,1042.0,3042,14,california,standard
21.0,0.3333333333333333,0.7130242825607064,513,-34.333333333333336,commnet,california,1042.0,4042,0,california,standard
21.0,0.3333333333333333,0.7284768211920529,571,-34.333333333333336,commnet,california,1042.0,4042,1,california,standard
21.0,0.3333333333333333,0.7130242825607064,504,-34.333333333333336,commnet,california,1042.0,4042,2,california,standard
21.0,0.3333333333333333,1.0,507,-34.333333333333336,commnet,california,1042.0,4042,3,california,standard
21.0,0.3333333333333333,0.7130242825607064,498,-34.333333333333336,commnet,california,1042.0,4042,4,california,standard
21.0,0.3333333333333333,1.0,557,-34.333333333333336,commnet,california,1042.0,4042,5,california,standard
21.0,0.3333333333333333,0.7130242825607064,525,-34.333333333333336,commnet,california,1042.0,4042,6,california,standard
21.0,0.3333333333333333,0.717439293598234,552,-34.333333333333336,commnet,california,1042.0,4042,7,california,standard
21.0,0.3333333333333333,1.0,601,-34.333333333333336,commnet,california,1042.0,4042,8,california,standard
21.0,0.3333333333333333,0.7130242825607064,493,-34.333333333333336,commnet,california,1042.0,4042,9,california,standard
21.0,0.3333333333333333,1.0,553,-34.333333333333336,commnet,california,1042.0,4042,10,california,standard
21.0,0.3333333333333333,0.7152317880794702,551,-34.333333333333336,commnet,california,1042.0,4042,11,california,standard
21.0,0.3333333333333333,0.717439293598234,557,-34.333333333333336,commnet,california,1042.0,4042,12,california,standard
21.0,0.3333333333333333,0.7130242825607064,537,-34.333333333333336,commnet,california,1042.0,4042,13,california,standard
21.0,0.3333333333333333,0.7130242825607064,493,-34.333333333333336,commnet,california,1042.0,4042,14,california,standard
18.0,0.5,1.0,204,-28.0,commnet,california,2042.0,42,0,california,standard
18.0,0.5,1.0,206,-28.0,commnet,california,2042.0,42,1,california,standard
21.0,0.3333333333333333,0.9690949227373068,581,-34.333333333333336,commnet,california,2042.0,42,2,california,standard
21.0,0.3333333333333333,1.0,542,-34.333333333333336,commnet,california,2042.0,42,3,california,standard
12.0,0.6666666666666666,1.0,198,-18.666666666666668,commnet,california,2042.0,42,4,california,standard
18.0,0.5,1.0,202,-28.0,commnet,california,2042.0,42,5,california,standard
12.0,0.6666666666666666,1.0,198,-18.666666666666668,commnet,california,2042.0,42,6,california,standard
18.0,0.5,1.0,206,-28.0,commnet,california,2042.0,42,7,california,standard
12.0,0.6666666666666666,1.0,198,-18.666666666666668,commnet,california,2042.0,42,8,california,standard
18.0,0.5,1.0,204,-28.0,commnet,california,2042.0,42,9,california,standard
21.0,0.3333333333333333,0.9690949227373068,539,-34.333333333333336,commnet,california,2042.0,42,10,california,standard
21.0,0.3333333333333333,0.9690949227373068,558,-34.333333333333336,commnet,california,2042.0,42,11,california,standard
18.0,0.5,1.0,204,-28.0,commnet,california,2042.0,42,12,california,standard
12.0,0.6666666666666666,1.0,198,-18.666666666666668,commnet,california,2042.0,42,13,california,standard
18.0,0.5,1.0,202,-28.0,commnet,california,2042.0,42,14,california,standard
21.0,0.3333333333333333,1.0,466,-34.333333333333336,commnet,california,2042.0,1042,0,california,standard
12.0,0.6666666666666666,1.0,198,-18.666666666666668,commnet,california,2042.0,1042,1,california,standard
18.0,0.5,1.0,210,-28.0,commnet,california,2042.0,1042,2,california,standard
12.0,0.6666666666666666,1.0,198,-18.666666666666668,commnet,california,2042.0,1042,3,california,standard
18.0,0.5,0.847682119205298,459,-28.1,commnet,california,2042.0,1042,4,california,standard
18.0,0.5,1.0,202,-28.0,commnet,california,2042.0,1042,5,california,standard
21.0,0.3333333333333333,1.0,423,-34.333333333333336,commnet,california,2042.0,1042,6,california,standard
18.0,0.5,1.0,204,-28.0,commnet,california,2042.0,1042,7,california,standard
21.0,0.3333333333333333,0.9690949227373068,558,-34.333333333333336,commnet,california,2042.0,1042,8,california,standard
18.0,0.5,1.0,204,-28.0,commnet,california,2042.0,1042,9,california,standard
18.0,0.5,1.0,204,-28.0,commnet,california,2042.0,1042,10,california,standard
12.0,0.6666666666666666,1.0,198,-18.666666666666668,commnet,california,2042.0,1042,11,california,standard
18.0,0.5,1.0,210,-28.0,commnet,california,2042.0,1042,12,california,standard
18.0,0.5,1.0,202,-28.0,commnet,california,2042.0,1042,13,california,standard
21.0,0.3333333333333333,1.0,525,-34.333333333333336,commnet,california,2042.0,1042,14,california,standard
18.0,0.5,0.7902869757174393,527,-28.1,commnet,california,2042.0,2042,0,california,standard
12.0,0.6666666666666666,1.0,198,-18.666666666666668,commnet,california,2042.0,2042,1,california,standard
12.0,0.6666666666666666,1.0,198,-18.666666666666668,commnet,california,2042.0,2042,2,california,standard
12.0,0.6666666666666666,1.0,198,-18.666666666666668,commnet,california,2042.0,2042,3,california,standard
18.0,0.5,1.0,202,-28.0,commnet,california,2042.0,2042,4,california,standard
21.0,0.3333333333333333,0.8940397350993378,488,-34.333333333333336,commnet,california,2042.0,2042,5,california,standard
21.0,0.3333333333333333,1.0,507,-34.333333333333336,commnet,california,2042.0,2042,6,california,standard
18.0,0.5,1.0,202,-28.0,commnet,california,2042.0,2042,7,california,standard
18.0,0.5,1.0,204,-28.0,commnet,california,2042.0,2042,8,california,standard
21.0,0.3333333333333333,0.9735099337748344,594,-34.333333333333336,commnet,california,2042.0,2042,9,california,standard
18.0,0.5,1.0,206,-28.0,commnet,california,2042.0,2042,10,california,standard
18.0,0.5,1.0,204,-28.0,commnet,california,2042.0,2042,11,california,standard
21.0,0.3333333333333333,1.0,458,-34.333333333333336,commnet,california,2042.0,2042,12,california,standard
21.0,0.3333333333333333,1.0,572,-34.333333333333336,commnet,california,2042.0,2042,13,california,standard
18.0,0.5,1.0,477,-28.0,commnet,california,2042.0,2042,14,california,standard
12.0,0.6666666666666666,1.0,198,-18.666666666666668,commnet,california,2042.0,3042,0,california,standard
12.0,0.6666666666666666,1.0,186,-18.666666666666668,commnet,california,2042.0,3042,1,california,standard
18.0,0.5,1.0,202,-28.0,commnet,california,2042.0,3042,2,california,standard
21.0,0.3333333333333333,0.9006622516556292,477,-34.333333333333336,commnet,california,2042.0,3042,3,california,standard
18.0,0.5,1.0,202,-28.0,commnet,california,2042.0,3042,4,california,standard
21.0,0.3333333333333333,1.0,490,-34.333333333333336,commnet,california,2042.0,3042,5,california,standard
12.0,0.6666666666666666,1.0,198,-18.666666666666668,commnet,california,2042.0,3042,6,california,standard
18.0,0.5,1.0,204,-28.0,commnet,california,2042.0,3042,7,california,standard
18.0,0.5,1.0,474,-28.0,commnet,california,2042.0,3042,8,california,standard
18.0,0.5,1.0,210,-28.0,commnet,california,2042.0,3042,9,california,standard
12.0,0.6666666666666666,1.0,198,-18.666666666666668,commnet,california,2042.0,3042,10,california,standard
18.0,0.5,0.9315673289183224,388,-28.0,commnet,california,2042.0,3042,11,california,standard
18.0,0.5,1.0,204,-28.0,commnet,california,2042.0,3042,12,california,standard
21.0,0.3333333333333333,0.9690949227373068,533,-34.333333333333336,commnet,california,2042.0,3042,13,california,standard
18.0,0.5,1.0,202,-28.0,commnet,california,2042.0,3042,14,california,standard
21.0,0.3333333333333333,0.9050772626931568,470,-34.333333333333336,commnet,california,2042.0,4042,0,california,standard
18.0,0.5,1.0,204,-28.0,commnet,california,2042.0,4042,1,california,standard
12.0,0.6666666666666666,1.0,198,-18.666666666666668,commnet,california,2042.0,4042,2,california,standard
21.0,0.3333333333333333,0.8211920529801324,472,-34.53333333333334,commnet,california,2042.0,4042,3,california,standard
12.0,0.6666666666666666,1.0,198,-18.666666666666668,commnet,california,2042.0,4042,4,california,standard
21.0,0.3333333333333333,1.0,554,-34.333333333333336,commnet,california,2042.0,4042,5,california,standard
21.0,0.3333333333333333,1.0,468,-34.333333333333336,commnet,california,2042.0,4042,6,california,standard
18.0,0.5,0.8,202,-28.0,commnet,california,2042.0,4042,7,california,standard
18.0,0.5,1.0,206,-28.0,commnet,california,2042.0,4042,8,california,standard
12.0,0.6666666666666666,1.0,198,-18.666666666666668,commnet,california,2042.0,4042,9,california,standard
18.0,0.5,1.0,461,-28.0,commnet,california,2042.0,4042,10,california,standard
18.0,0.5,1.0,204,-28.0,commnet,california,2042.0,4042,11,california,standard
18.0,0.5,0.8410596026490066,492,-28.1,commnet,california,2042.0,4042,12,california,standard
18.0,0.5,1.0,336,-28.0,commnet,california,2042.0,4042,13,california,standard
12.0,0.6666666666666666,1.0,198,-18.666666666666668,commnet,california,2042.0,4042,14,california,standard
21.0,0.3333333333333333,0.7461368653421634,500,-34.53333333333333,commnet,california,3042.0,42,0,california,standard
21.0,0.3333333333333333,0.8454746136865342,464,-34.53333333333333,commnet,california,3042.0,42,1,california,standard
31.0,0.1666666666666666,0.9028697571743928,678,-47.86666666666667,commnet,california,3042.0,42,2,california,standard
21.0,0.3333333333333333,0.9757174392935982,514,-34.53333333333333,commnet,california,3042.0,42,3,california,standard
21.0,0.3333333333333333,0.7461368653421634,288,-34.63333333333333,commnet,california,3042.0,42,4,california,standard
21.0,0.3333333333333333,0.9536423841059604,456,-34.53333333333333,commnet,california,3042.0,42,5,california,standard
21.0,0.3333333333333333,0.977924944812362,491,-34.53333333333333,commnet,california,3042.0,42,6,california,standard
31.0,0.1666666666666666,0.9183222958057397,575,-47.86666666666667,commnet,california,3042.0,42,7,california,standard
21.0,0.3333333333333333,0.9403973509933776,436,-34.63333333333333,commnet,california,3042.0,42,8,california,standard
21.0,0.3333333333333333,0.9183222958057397,513,-34.63333333333333,commnet,california,3042.0,42,9,california,standard
21.0,0.3333333333333333,0.9646799116997792,523,-34.53333333333333,commnet,california,3042.0,42,10,california,standard
31.0,0.1666666666666666,0.9381898454746136,687,-47.86666666666667,commnet,california,3042.0,42,11,california,standard
21.0,0.3333333333333333,0.9624724061810156,526,-34.53333333333333,commnet,california,3042.0,42,12,california,standard
21.0,0.3333333333333333,0.9646799116997792,462,-34.53333333333333,commnet,california,3042.0,42,13,california,standard
21.0,0.3333333333333333,0.8807947019867549,446,-34.53333333333333,commnet,california,3042.0,42,14,california,standard
21.0,0.3333333333333333,0.9646799116997792,552,-34.53333333333333,commnet,california,3042.0,1042,0,california,standard
21.0,0.3333333333333333,0.7615894039735099,348,-34.53333333333333,commnet,california,3042.0,1042,1,california,standard
21.0,0.3333333333333333,0.7770419426048565,480,-34.63333333333333,commnet,california,3042.0,1042,2,california,standard
21.0,0.3333333333333333,0.9205298013245032,524,-34.53333333333333,commnet,california,3042.0,1042,3,california,standard
21.0,0.3333333333333333,0.9757174392935982,488,-34.43333333333333,commnet,california,3042.0,1042,4,california,standard
21.0,0.3333333333333333,0.7902869757174393,467,-34.53333333333333,commnet,california,3042.0,1042,5,california,standard
31.0,0.1666666666666666,0.933774834437086,621,-47.86666666666667,commnet,california,3042.0,1042,6,california,standard
21.0,0.3333333333333333,0.8520971302428256,524,-34.53333333333333,commnet,california,3042.0,1042,7,california,standard
21.0,0.3333333333333333,0.9646799116997792,548,-34.53333333333333,commnet,california,3042.0,1042,8,california,standard
21.0,0.3333333333333333,0.8388520971302428,487,-34.53333333333333,commnet,california,3042.0,1042,9,california,standard
21.0,0.3333333333333333,0.9315673289183224,459,-34.53333333333333,commnet,california,3042.0,1042,10,california,standard
21.0,0.3333333333333333,0.7615894039735099,357,-34.53333333333333,commnet,california,3042.0,1042,11,california,standard
21.0,0.3333333333333333,0.9757174392935982,469,-34.53333333333333,commnet,california,3042.0,1042,12,california,standard
21.0,0.3333333333333333,0.913907284768212,491,-34.53333333333333,commnet,california,3042.0,1042,13,california,standard
21.0,0.3333333333333333,0.9536423841059604,519,-34.53333333333333,commnet,california,3042.0,1042,14,california,standard
21.0,0.3333333333333333,0.9757174392935982,505,-34.53333333333333,commnet,california,3042.0,2042,0,california,standard
18.0,0.5,0.93598233995585,336,-28.2,commnet,california,3042.0,2042,1,california,standard
21.0,0.3333333333333333,0.9514348785871964,448,-34.53333333333333,commnet,california,3042.0,2042,2,california,standard
21.0,0.3333333333333333,0.9646799116997792,479,-34.53333333333333,commnet,california,3042.0,2042,3,california,standard
21.0,0.3333333333333333,0.9492273730684326,451,-34.53333333333333,commnet,california,3042.0,2042,4,california,standard
21.0,0.3333333333333333,0.9646799116997792,509,-34.53333333333333,commnet,california,3042.0,2042,5,california,standard
21.0,0.3333333333333333,0.9790209790209792,574,-34.43333333333333,commnet,california,3042.0,2042,6,california,standard
21.0,0.3333333333333333,0.9470198675496688,440,-34.53333333333333,commnet,california,3042.0,2042,7,california,standard
21.0,0.3333333333333333,0.7064017660044151,447,-34.63333333333333,commnet,california,3042.0,2042,8,california,standard
31.0,0.1666666666666666,0.955849889624724,723,-47.86666666666667,commnet,california,3042.0,2042,9,california,standard
21.0,0.3333333333333333,0.8322295805739515,462,-34.53333333333333,commnet,california,3042.0,2042,10,california,standard
21.0,0.3333333333333333,0.9315673289183224,519,-34.53333333333333,commnet,california,3042.0,2042,11,california,standard
21.0,0.3333333333333333,0.6975717439293598,534,-34.53333333333333,commnet,california,3042.0,2042,12,california,standard
31.0,0.1666666666666666,0.9403973509933776,713,-47.86666666666667,commnet,california,3042.0,2042,13,california,standard
21.0,0.3333333333333333,0.9646799116997792,532,-34.53333333333333,commnet,california,3042.0,2042,14,california,standard
21.0,0.3333333333333333,0.955849889624724,453,-34.53333333333333,commnet,california,3042.0,3042,0,california,standard
21.0,0.3333333333333333,0.9271523178807948,499,-34.733333333333334,commnet,california,3042.0,3042,1,california,standard
21.0,0.3333333333333333,0.9514348785871964,467,-34.53333333333333,commnet,california,3042.0,3042,2,california,standard
31.0,0.1666666666666666,0.9227373068432672,521,-47.86666666666667,commnet,california,3042.0,3042,3,california,standard
21.0,0.3333333333333333,0.9492273730684326,474,-34.53333333333333,commnet,california,3042.0,3042,4,california,standard
31.0,0.1666666666666666,0.9448123620309052,669,-47.86666666666667,commnet,california,3042.0,3042,5,california,standard
21.0,0.3333333333333333,0.7924944812362031,480,-34.53333333333333,commnet,california,3042.0,3042,6,california,standard
28.0,0.3333333333333333,0.9801324503311258,489,-41.43333333333334,commnet,california,3042.0,3042,7,california,standard
31.0,0.1666666666666666,0.9801324503311258,577,-47.766666666666666,commnet,california,3042.0,3042,8,california,standard
21.0,0.3333333333333333,0.7770419426048565,479,-34.63333333333333,commnet,california,3042.0,3042,9,california,standard
21.0,0.3333333333333333,0.9426048565121412,453,-34.733333333333334,commnet,california,3042.0,3042,10,california,standard
31.0,0.1666666666666666,0.9801324503311258,661,-47.766666666666666,commnet,california,3042.0,3042,11,california,standard
21.0,0.3333333333333333,0.9028697571743928,461,-34.733333333333334,commnet,california,3042.0,3042,12,california,standard
21.0,0.3333333333333333,0.7682119205298014,585,-34.43333333333333,commnet,california,3042.0,3042,13,california,standard
21.0,0.3333333333333333,0.8830022075055187,500,-34.53333333333333,commnet,california,3042.0,3042,14,california,standard
21.0,0.3333333333333333,0.9227373068432672,513,-34.53333333333333,commnet,california,3042.0,4042,0,california,standard
21.0,0.3333333333333333,0.7770419426048565,543,-34.63333333333333,commnet,california,3042.0,4042,1,california,standard
21.0,0.3333333333333333,0.9492273730684326,482,-34.53333333333333,commnet,california,3042.0,4042,2,california,standard
31.0,0.1666666666666666,0.9315673289183224,612,-47.86666666666667,commnet,california,3042.0,4042,3,california,standard
21.0,0.3333333333333333,0.7041942604856513,477,-34.833333333333336,commnet,california,3042.0,4042,4,california,standard
31.0,0.1666666666666666,0.933774834437086,665,-47.86666666666667,commnet,california,3042.0,4042,5,california,standard
31.0,0.1666666666666666,0.9227373068432672,530,-47.86666666666667,commnet,california,3042.0,4042,6,california,standard
21.0,0.3333333333333333,0.8189845474613686,526,-34.53333333333333,commnet,california,3042.0,4042,7,california,standard
21.0,0.3333333333333333,0.8344370860927153,531,-34.733333333333334,commnet,california,3042.0,4042,8,california,standard
21.0,0.3333333333333333,0.9690949227373068,457,-34.53333333333333,commnet,california,3042.0,4042,9,california,standard
21.0,0.3333333333333333,0.7682119205298014,609,-34.43333333333333,commnet,california,3042.0,4042,10,california,standard
21.0,0.3333333333333333,0.9757174392935982,465,-34.53333333333333,commnet,california,3042.0,4042,11,california,standard
21.0,0.3333333333333333,0.9757174392935982,467,-34.53333333333333,commnet,california,3042.0,4042,12,california,standard
21.0,0.3333333333333333,0.9492273730684326,506,-34.53333333333333,commnet,california,3042.0,4042,13,california,standard
21.0,0.3333333333333333,0.9403973509933776,437,-34.53333333333333,commnet,california,3042.0,4042,14,california,standard
34.0,0.0,1.0,740,-54.0,commnet,california,4042.0,42,0,california,standard
34.0,0.0,0.8167770419426048,721,-54.0,commnet,california,4042.0,42,1,california,standard
34.0,0.0,0.88,757,-54.30000000000001,commnet,california,4042.0,42,2,california,standard
24.0,0.1666666666666666,1.0,611,-40.66666666666667,commnet,california,4042.0,42,3,california,standard
22.0,0.3333333333333333,1.0,709,-35.333333333333336,commnet,california,4042.0,42,4,california,standard
34.0,0.0,1.0,744,-54.0,commnet,california,4042.0,42,5,california,standard
24.0,0.1666666666666666,1.0,697,-40.66666666666667,commnet,california,4042.0,42,6,california,standard
34.0,0.0,1.0,754,-54.0,commnet,california,4042.0,42,7,california,standard
24.0,0.1666666666666666,1.0,607,-40.66666666666667,commnet,california,4042.0,42,8,california,standard
34.0,0.0,1.0,714,-54.0,commnet,california,4042.0,42,9,california,standard
34.0,0.0,1.0,642,-54.0,commnet,california,4042.0,42,10,california,standard
34.0,0.0,1.0,745,-54.0,commnet,california,4042.0,42,11,california,standard
34.0,0.0,1.0,752,-54.0,commnet,california,4042.0,42,12,california,standard
24.0,0.1666666666666666,1.0,624,-40.66666666666667,commnet,california,4042.0,42,13,california,standard
34.0,0.0,1.0,711,-54.0,commnet,california,4042.0,42,14,california,standard
34.0,0.0,0.9757174392935982,704,-54.0,commnet,california,4042.0,1042,0,california,standard
24.0,0.1666666666666666,1.0,550,-40.66666666666667,commnet,california,4042.0,1042,1,california,standard
24.0,0.1666666666666666,0.8145695364238411,623,-41.36666666666668,commnet,california,4042.0,1042,2,california,standard
34.0,0.0,1.0,790,-54.0,commnet,california,4042.0,1042,3,california,standard
34.0,0.0,0.963963963963964,760,-54.0,commnet,california,4042.0,1042,4,california,standard
24.0,0.1666666666666666,1.0,718,-40.66666666666667,commnet,california,4042.0,1042,5,california,standard
24.0,0.1666666666666666,1.0,595,-40.66666666666667,commnet,california,4042.0,1042,6,california,standard
34.0,0.0,1.0,724,-54.0,commnet,california,4042.0,1042,7,california,standard
24.0,0.1666666666666666,1.0,644,-40.66666666666667,commnet,california,4042.0,1042,8,california,standard
34.0,0.0,1.0,714,-54.0,commnet,california,4042.0,1042,9,california,standard
24.0,0.1666666666666666,1.0,371,-40.66666666666667,commnet,california,4042.0,1042,10,california,standard
21.0,0.3333333333333333,1.0,509,-34.333333333333336,commnet,california,4042.0,1042,11,california,standard
34.0,0.0,1.0,720,-54.0,commnet,california,4042.0,1042,12,california,standard
34.0,0.0,1.0,715,-54.0,commnet,california,4042.0,1042,13,california,standard
24.0,0.1666666666666666,1.0,662,-40.66666666666667,commnet,california,4042.0,1042,14,california,standard
24.0,0.1666666666666666,0.924119241192412,651,-40.66666666666667,commnet,california,4042.0,2042,0,california,standard
18.0,0.3333333333333333,0.9713024282560706,639,-31.333333333333336,commnet,california,4042.0,2042,1,california,standard
24.0,0.1666666666666666,1.0,702,-40.66666666666667,commnet,california,4042.0,2042,2,california,standard
24.0,0.1666666666666666,0.8959810874704491,653,-40.866666666666674,commnet,california,4042.0,2042,3,california,standard
24.0,0.1666666666666666,1.0,719,-40.66666666666667,commnet,california,4042.0,2042,4,california,standard
34.0,0.0,1.0,790,-54.0,commnet,california,4042.0,2042,5,california,standard
24.0,0.1666666666666666,1.0,679,-40.66666666666667,commnet,california,4042.0,2042,6,california,standard
34.0,0.0,1.0,721,-54.0,commnet,california,4042.0,2042,7,california,standard
34.0,0.0,1.0,766,-54.0,commnet,california,4042.0,2042,8,california,standard
24.0,0.1666666666666666,1.0,603,-40.66666666666667,commnet,california,4042.0,2042,9,california,standard
31.0,0.1666666666666666,1.0,631,-47.66666666666667,commnet,california,4042.0,2042,10,california,standard
34.0,0.0,1.0,714,-54.0,commnet,california,4042.0,2042,11,california,standard
34.0,0.0,1.0,733,-54.0,commnet,california,4042.0,2042,12,california,standard
18.0,0.3333333333333333,1.0,557,-31.333333333333336,commnet,california,4042.0,2042,13,california,standard
24.0,0.1666666666666666,1.0,679,-40.66666666666667,commnet,california,4042.0,2042,14,california,standard
34.0,0.0,1.0,759,-54.0,commnet,california,4042.0,3042,0,california,standard
34.0,0.0,1.0,768,-54.0,commnet,california,4042.0,3042,1,california,standard
24.0,0.1666666666666666,1.0,636,-40.66666666666667,commnet,california,4042.0,3042,2,california,standard
34.0,0.0,1.0,790,-54.0,commnet,california,4042.0,3042,3,california,standard
34.0,0.0,1.0,760,-54.0,commnet,california,4042.0,3042,4,california,standard
34.0,0.0,1.0,723,-54.0,commnet,california,4042.0,3042,5,california,standard
24.0,0.1666666666666666,1.0,644,-40.66666666666667,commnet,california,4042.0,3042,6,california,standard
24.0,0.1666666666666666,0.911699779249448,655,-40.66666666666667,commnet,california,4042.0,3042,7,california,standard
24.0,0.1666666666666666,0.9301075268817204,676,-40.66666666666667,commnet,california,4042.0,3042,8,california,standard
24.0,0.1666666666666666,1.0,650,-40.66666666666667,commnet,california,4042.0,3042,9,california,standard
24.0,0.1666666666666666,1.0,660,-40.66666666666667,commnet,california,4042.0,3042,10,california,standard
34.0,0.0,1.0,722,-54.0,commnet,california,4042.0,3042,11,california,standard
24.0,0.1666666666666666,1.0,664,-40.66666666666667,commnet,california,4042.0,3042,12,california,standard
24.0,0.1666666666666666,1.0,420,-40.66666666666667,commnet,california,4042.0,3042,13,california,standard
31.0,0.1666666666666666,1.0,704,-47.66666666666667,commnet,california,4042.0,3042,14,california,standard
34.0,0.0,1.0,615,-54.0,commnet,california,4042.0,4042,0,california,standard
24.0,0.1666666666666666,0.965174129353234,628,-40.66666666666667,commnet,california,4042.0,4042,1,california,standard
34.0,0.0,1.0,772,-54.0,commnet,california,4042.0,4042,2,california,standard
34.0,0.0,1.0,772,-54.0,commnet,california,4042.0,4042,3,california,standard
24.0,0.1666666666666666,1.0,598,-40.66666666666667,commnet,california,4042.0,4042,4,california,standard
24.0,0.1666666666666666,1.0,643,-40.66666666666667,commnet,california,4042.0,4042,5,california,standard
34.0,0.0,1.0,716,-54.0,commnet,california,4042.0,4042,6,california,standard
34.0,0.0,1.0,759,-54.0,commnet,california,4042.0,4042,7,california,standard
24.0,0.1666666666666666,1.0,661,-40.66666666666667,commnet,california,4042.0,4042,8,california,standard
34.0,0.0,1.0,760,-54.0,commnet,california,4042.0,4042,9,california,standard
24.0,0.1666666666666666,1.0,718,-40.66666666666667,commnet,california,4042.0,4042,10,california,standard
24.0,0.1666666666666666,0.8980099502487562,590,-40.866666666666674,commnet,california,4042.0,4042,11,california,standard
34.0,0.0,1.0,790,-54.0,commnet,california,4042.0,4042,12,california,standard
34.0,0.0,1.0,720,-54.0,commnet,california,4042.0,4042,13,california,standard
34.0,0.0,1.0,713,-54.0,commnet,california,4042.0,4042,14,california,standard
6.0,0.8333333333333334,1.0,109,-9.333333333333332,hiercomm_heur,california,42.0,42,0,california,standard
9.0,0.6666666666666666,0.9977924944812362,138,-15.666666666666668,hiercomm_heur,california,42.0,42,1,california,standard
6.0,0.8333333333333334,1.0,58,-9.333333333333332,hiercomm_heur,california,42.0,42,2,california,standard
6.0,0.8333333333333334,0.9883040935672516,86,-9.333333333333332,hiercomm_heur,california,42.0,42,3,california,standard
0.0,1.0,1.0,0,0.0,hiercomm_heur,california,42.0,42,4,california,standard
6.0,0.8333333333333334,0.900497512437811,64,-9.73333333333333,hiercomm_heur,california,42.0,42,5,california,standard
9.0,0.6666666666666666,1.0,335,-15.666666666666668,hiercomm_heur,california,42.0,42,6,california,standard
0.0,1.0,0.9933774834437086,106,0.0,hiercomm_heur,california,42.0,42,7,california,standard
0.0,1.0,1.0,16,0.0,hiercomm_heur,california,42.0,42,8,california,standard
6.0,0.8333333333333334,0.9403973509933776,301,-9.333333333333332,hiercomm_heur,california,42.0,42,9,california,standard
6.0,0.8333333333333334,0.98,77,-9.433333333333332,hiercomm_heur,california,42.0,42,10,california,standard
6.0,0.8333333333333334,1.0,293,-9.333333333333332,hiercomm_heur,california,42.0,42,11,california,standard
6.0,0.8333333333333334,1.0,65,-9.333333333333332,hiercomm_heur,california,42.0,42,12,california,standard
6.0,0.8333333333333334,1.0,83,-9.333333333333332,hiercomm_heur,california,42.0,42,13,california,standard
6.0,0.8333333333333334,0.993939393939394,52,-9.333333333333332,hiercomm_heur,california,42.0,42,14,california,standard
6.0,0.8333333333333334,0.9953703703703703,91,-9.333333333333332,hiercomm_heur,california,42.0,1042,0,california,standard
9.0,0.6666666666666666,1.0,241,-15.666666666666668,hiercomm_heur,california,42.0,1042,1,california,standard
15.0,0.5,1.0,298,-25.0,hiercomm_heur,california,42.0,1042,2,california,standard
6.0,0.8333333333333334,1.0,71,-9.333333333333332,hiercomm_heur,california,42.0,1042,3,california,standard
0.0,1.0,0.8868501529051988,34,0.0,hiercomm_heur,california,42.0,1042,4,california,standard
6.0,0.8333333333333334,0.9859154929577464,78,-9.333333333333332,hiercomm_heur,california,42.0,1042,5,california,standard
0.0,1.0,1.0,20,0.0,hiercomm_heur,california,42.0,1042,6,california,standard
6.0,0.8333333333333334,0.9791666666666666,65,-9.333333333333332,hiercomm_heur,california,42.0,1042,7,california,standard
15.0,0.5,0.9889624724061812,460,-25.1,hiercomm_heur,california,42.0,1042,8,california,standard
6.0,0.8333333333333334,0.9799196787148594,99,-9.433333333333332,hiercomm_heur,california,42.0,1042,9,california,standard
0.0,1.0,1.0,0,0.0,hiercomm_heur,california,42.0,1042,10,california,standard
9.0,0.6666666666666666,1.0,248,-15.666666666666668,hiercomm_heur,california,42.0,1042,11,california,standard
12.0,0.6666666666666666,0.8785871964679912,289,-18.766666666666666,hiercomm_heur,california,42.0,1042,12,california,standard
0.0,1.0,1.0,69,0.0,hiercomm_heur,california,42.0,1042,13,california,standard
6.0,0.8333333333333334,1.0,86,-9.333333333333332,hiercomm_heur,california,42.0,1042,14,california,standard
6.0,0.8333333333333334,1.0,80,-9.333333333333332,hiercomm_heur,california,42.0,2042,0,california,standard
0.0,1.0,1.0,0,0.0,hiercomm_heur,california,42.0,2042,1,california,standard
0.0,1.0,1.0,22,0.0,hiercomm_heur,california,42.0,2042,2,california,standard
12.0,0.5,0.9977924944812362,433,-22.0,hiercomm_heur,california,42.0,2042,3,california,standard
6.0,0.8333333333333334,0.9693486590038314,71,-9.433333333333332,hiercomm_heur,california,42.0,2042,4,california,standard
6.0,0.8333333333333334,0.906392694063927,102,-9.533333333333331,hiercomm_heur,california,42.0,2042,5,california,standard
6.0,0.8333333333333334,0.987012987012987,116,-9.433333333333332,hiercomm_heur,california,42.0,2042,6,california,standard
6.0,0.8333333333333334,0.9866666666666668,74,-9.333333333333332,hiercomm_heur,california,42.0,2042,7,california,standard
0.0,1.0,1.0,14,0.0,hiercomm_heur,california,42.0,2042,8,california,standard
18.0,0.3333333333333333,1.0,501,-31.333333333333336,hiercomm_heur,california,42.0,2042,9,california,standard
0.0,1.0,1.0,0,0.0,hiercomm_heur,california,42.0,2042,10,california,standard
6.0,0.8333333333333334,0.958057395143488,219,-9.333333333333332,hiercomm_heur,california,42.0,2042,11,california,standard
6.0,0.8333333333333334,0.987878787878788,102,-9.333333333333332,hiercomm_heur,california,42.0,2042,12,california,standard
9.0,0.6666666666666666,0.9735449735449736,123,-15.866666666666667,hiercomm_heur,california,42.0,2042,13,california,standard
15.0,0.5,0.9911699779249448,386,-25.1,hiercomm_heur,california,42.0,2042,14,california,standard
6.0,0.8333333333333334,1.0,112,-9.333333333333332,hiercomm_heur,california,42.0,3042,0,california,standard
0.0,1.0,1.0,70,0.0,hiercomm_heur,california,42.0,3042,1,california,standard
6.0,0.8333333333333334,1.0,87,-9.333333333333332,hiercomm_heur,california,42.0,3042,2,california,standard
6.0,0.8333333333333334,0.9958333333333332,115,-9.333333333333332,hiercomm_heur,california,42.0,3042,3,california,standard
6.0,0.8333333333333334,1.0,65,-9.333333333333332,hiercomm_heur,california,42.0,3042,4,california,standard
6.0,0.8333333333333334,0.991869918699187,74,-9.333333333333332,hiercomm_heur,california,42.0,3042,5,california,standard
6.0,0.8333333333333334,0.987878787878788,83,-9.333333333333332,hiercomm_heur,california,42.0,3042,6,california,standard
0.0,1.0,0.9888888888888888,67,0.0,hiercomm_heur,california,42.0,3042,7,california,standard
6.0,0.8333333333333334,0.9911699779249448,248,-9.433333333333332,hiercomm_heur,california,42.0,3042,8,california,standard
6.0,0.8333333333333334,0.9777777777777776,78,-9.333333333333332,hiercomm_heur,california,42.0,3042,9,california,standard
6.0,0.8333333333333334,0.9874213836477987,72,-9.433333333333332,hiercomm_heur,california,42.0,3042,10,california,standard
18.0,0.3333333333333333,0.9470198675496688,415,-31.53333333333334,hiercomm_heur,california,42.0,3042,11,california,standard
6.0,0.8333333333333334,0.9583333333333334,75,-9.433333333333332,hiercomm_heur,california,42.0,3042,12,california,standard
6.0,0.8333333333333334,0.931726907630522,89,-9.433333333333332,hiercomm_heur,california,42.0,3042,13,california,standard
0.0,1.0,0.9950248756218906,29,0.0,hiercomm_heur,california,42.0,3042,14,california,standard
6.0,0.8333333333333334,1.0,116,-9.333333333333332,hiercomm_heur,california,42.0,4042,0,california,standard
6.0,0.8333333333333334,1.0,83,-9.333333333333332,hiercomm_heur,california,42.0,4042,1,california,standard
6.0,0.8333333333333334,1.0,65,-9.333333333333332,hiercomm_heur,california,42.0,4042,2,california,standard
6.0,0.8333333333333334,0.9823399558498896,171,-9.433333333333332,hiercomm_heur,california,42.0,4042,3,california,standard
6.0,0.8333333333333334,1.0,62,-9.333333333333332,hiercomm_heur,california,42.0,4042,4,california,standard
6.0,0.8333333333333334,1.0,49,-9.333333333333332,hiercomm_heur,california,42.0,4042,5,california,standard
12.0,0.6666666666666666,1.0,283,-18.666666666666668,hiercomm_heur,california,42.0,4042,6,california,standard
6.0,0.8333333333333334,1.0,106,-9.333333333333332,hiercomm_heur,california,42.0,4042,7,california,standard
6.0,0.8333333333333334,0.9646799116997792,272,-9.333333333333332,hiercomm_heur,california,42.0,4042,8,california,standard
6.0,0.8333333333333334,0.987878787878788,60,-9.333333333333332,hiercomm_heur,california,42.0,4042,9,california,standard
6.0,0.8333333333333334,0.9906759906759908,111,-9.433333333333332,hiercomm_heur,california,42.0,4042,10,california,standard
12.0,0.6666666666666666,0.8763796909492274,285,-18.766666666666666,hiercomm_heur,california,42.0,4042,11,california,standard
12.0,0.6666666666666666,0.9448123620309052,264,-18.666666666666668,hiercomm_heur,california,42.0,4042,12,california,standard
6.0,0.8333333333333334,1.0,78,-9.333333333333332,hiercomm_heur,california,42.0,4042,13,california,standard
6.0,0.8333333333333334,0.9907407407407408,46,-9.333333333333332,hiercomm_heur,california,42.0,4042,14,california,standard
12.0,0.6666666666666666,0.9823399558498896,246,-18.666666666666668,hiercomm_heur,california,1042.0,42,0,california,standard
9.0,0.6666666666666666,0.9933774834437086,413,-15.666666666666668,hiercomm_heur,california,1042.0,42,1,california,standard
0.0,1.0,1.0,67,0.0,hiercomm_heur,california,1042.0,42,2,california,standard
6.0,0.8333333333333334,0.9977924944812362,323,-9.333333333333332,hiercomm_heur,california,1042.0,42,3,california,standard
0.0,1.0,0.9897435897435898,7,0.0,hiercomm_heur,california,1042.0,42,4,california,standard
6.0,0.8333333333333334,0.976401179941003,78,-9.333333333333332,hiercomm_heur,california,1042.0,42,5,california,standard
6.0,0.8333333333333334,1.0,73,-9.333333333333332,hiercomm_heur,california,1042.0,42,6,california,standard
6.0,0.8333333333333334,0.9823399558498896,64,-9.333333333333332,hiercomm_heur,california,1042.0,42,7,california,standard
0.0,1.0,1.0,17,0.0,hiercomm_heur,california,1042.0,42,8,california,standard
6.0,0.8333333333333334,0.9977924944812362,123,-9.333333333333332,hiercomm_heur,california,1042.0,42,9,california,standard
6.0,0.8333333333333334,1.0,103,-9.333333333333332,hiercomm_heur,california,1042.0,42,10,california,standard
0.0,1.0,0.94,119,0.0,hiercomm_heur,california,1042.0,42,11,california,standard
6.0,0.8333333333333334,1.0,55,-9.333333333333332,hiercomm_heur,california,1042.0,42,12,california,standard
6.0,0.8333333333333334,1.0,65,-9.333333333333332,hiercomm_heur,california,1042.0,42,13,california,standard
0.0,1.0,1.0,60,0.0,hiercomm_heur,california,1042.0,42,14,california,standard
6.0,0.8333333333333334,0.911699779249448,238,-9.83333333333333,hiercomm_heur,california,1042.0,1042,0,california,standard
9.0,0.6666666666666666,0.9624724061810156,410,-15.966666666666669,hiercomm_heur,california,1042.0,1042,1,california,standard
9.0,0.6666666666666666,0.958057395143488,346,-15.866666666666667,hiercomm_heur,california,1042.0,1042,2,california,standard
6.0,0.8333333333333334,0.9889624724061812,361,-9.433333333333332,hiercomm_heur,california,1042.0,1042,3,california,standard
15.0,0.5,0.9955849889624724,301,-25.0,hiercomm_heur,california,1042.0,1042,4,california,standard
6.0,0.8333333333333334,0.958057395143488,105,-9.633333333333333,hiercomm_heur,california,1042.0,1042,5,california,standard
6.0,0.8333333333333334,0.9823399558498896,135,-9.433333333333332,hiercomm_heur,california,1042.0,1042,6,california,standard
3.0,0.8333333333333334,0.8609271523178808,267,-7.133333333333329,hiercomm_heur,california,1042.0,1042,7,california,standard
0.0,1.0,0.9924242424242424,133,0.0,hiercomm_heur,california,1042.0,1042,8,california,standard
6.0,0.8333333333333334,0.9494949494949496,85,-9.533333333333331,hiercomm_heur,california,1042.0,1042,9,california,standard
12.0,0.6666666666666666,0.955849889624724,212,-19.06666666666667,hiercomm_heur,california,1042.0,1042,10,california,standard
9.0,0.6666666666666666,0.9911699779249448,418,-15.666666666666668,hiercomm_heur,california,1042.0,1042,11,california,standard
19.0,0.5,1.0,397,-29.0,hiercomm_heur,california,1042.0,1042,12,california,standard
0.0,1.0,0.9907407407407408,65,0.0,hiercomm_heur,california,1042.0,1042,13,california,standard
0.0,1.0,0.9911699779249448,398,0.0,hiercomm_heur,california,1042.0,1042,14,california,standard
0.0,1.0,0.8609271523178808,166,-0.6,hiercomm_heur,california,1042.0,2042,0,california,standard
0.0,1.0,0.9375,8,-0.2,hiercomm_heur,california,1042.0,2042,1,california,standard
0.0,1.0,0.978021978021978,66,-0.1,hiercomm_heur,california,1042.0,2042,2,california,standard
0.0,1.0,0.9403973509933776,136,-0.4,hiercomm_heur,california,1042.0,2042,3,california,standard
6.0,0.8333333333333334,0.9801324503311258,106,-9.433333333333332,hiercomm_heur,california,1042.0,2042,4,california,standard
6.0,0.8333333333333334,1.0,104,-9.333333333333332,hiercomm_heur,california,1042.0,2042,5,california,standard
6.0,0.8333333333333334,0.9690949227373068,220,-9.533333333333331,hiercomm_heur,california,1042.0,2042,6,california,standard
6.0,0.8333333333333334,0.9666666666666668,54,-9.333333333333332,hiercomm_heur,california,1042.0,2042,7,california,standard
6.0,0.8333333333333334,0.9823399558498896,178,-9.633333333333333,hiercomm_heur,california,1042.0,2042,8,california,standard
3.0,0.8333333333333334,0.9205298013245032,347,-6.633333333333331,hiercomm_heur,california,1042.0,2042,9,california,standard
0.0,1.0,0.9824561403508772,0,0.0,hiercomm_heur,california,1042.0,2042,10,california,standard
6.0,0.8333333333333334,0.9977924944812362,121,-9.333333333333332,hiercomm_heur,california,1042.0,2042,11,california,standard
6.0,0.8333333333333334,0.9757174392935982,228,-9.433333333333332,hiercomm_heur,california,1042.0,2042,12,california,standard
25.0,0.3333333333333333,1.0,486,-38.333333333333336,hiercomm_heur,california,1042.0,2042,13,california,standard
0.0,1.0,0.9845474613686536,348,-0.1,hiercomm_heur,california,1042.0,2042,14,california,standard
6.0,0.8333333333333334,1.0,67,-9.333333333333332,hiercomm_heur,california,1042.0,3042,0,california,standard
0.0,1.0,1.0,79,0.0,hiercomm_heur,california,1042.0,3042,1,california,standard
6.0,0.8333333333333334,0.9799196787148594,98,-9.333333333333332,hiercomm_heur,california,1042.0,3042,2,california,standard
0.0,1.0,1.0,324,0.0,hiercomm_heur,california,1042.0,3042,3,california,standard
6.0,0.8333333333333334,0.9514348785871964,326,-9.733333333333333,hiercomm_heur,california,1042.0,3042,4,california,standard
6.0,0.8333333333333334,0.93598233995585,319,-9.93333333333333,hiercomm_heur,california,1042.0,3042,5,california,standard
6.0,0.8333333333333334,0.9602649006622516,238,-9.533333333333331,hiercomm_heur,california,1042.0,3042,6,california,standard
0.0,1.0,1.0,23,0.0,hiercomm_heur,california,1042.0,3042,7,california,standard
10.0,0.8333333333333334,0.9955849889624724,300,-13.333333333333332,hiercomm_heur,california,1042.0,3042,8,california,standard
0.0,1.0,0.9735099337748344,292,0.0,hiercomm_heur,california,1042.0,3042,9,california,standard
15.0,0.5,0.9492273730684326,496,-25.500000000000007,hiercomm_heur,california,1042.0,3042,10,california,standard
0.0,1.0,0.9889624724061812,115,0.0,hiercomm_heur,california,1042.0,3042,11,california,standard
0.0,1.0,0.9800995024875622,63,0.0,hiercomm_heur,california,1042.0,3042,12,california,standard
9.0,0.6666666666666666,1.0,292,-15.666666666666668,hiercomm_heur,california,1042.0,3042,13,california,standard
0.0,1.0,0.9646799116997792,160,-0.3,hiercomm_heur,california,1042.0,3042,14,california,standard
0.0,1.0,0.9977924944812362,308,0.0,hiercomm_heur,california,1042.0,4042,0,california,standard
0.0,1.0,0.9403973509933776,178,-0.0999999999999996,hiercomm_heur,california,1042.0,4042,1,california,standard
6.0,0.8333333333333334,1.0,63,-9.333333333333332,hiercomm_heur,california,1042.0,4042,2,california,standard
0.0,1.0,0.9933774834437086,237,0.0,hiercomm_heur,california,1042.0,4042,3,california,standard
6.0,0.8333333333333334,0.8562091503267973,72,-9.633333333333333,hiercomm_heur,california,1042.0,4042,4,california,standard
0.0,1.0,0.9426048565121412,300,-0.2,hiercomm_heur,california,1042.0,4042,5,california,standard
0.0,1.0,1.0,94,0.0,hiercomm_heur,california,1042.0,4042,6,california,standard
9.0,0.6666666666666666,0.926509186351706,189,-15.866666666666667,hiercomm_heur,california,1042.0,4042,7,california,standard
0.0,1.0,0.97119341563786,100,-0.2,hiercomm_heur,california,1042.0,4042,8,california,standard
6.0,0.8333333333333334,1.0,40,-9.333333333333332,hiercomm_heur,california,1042.0,4042,9,california,standard
19.0,0.5,1.0,333,-29.0,hiercomm_heur,california,1042.0,4042,10,california,standard
0.0,1.0,1.0,151,0.0,hiercomm_heur,california,1042.0,4042,11,california,standard
6.0,0.8333333333333334,0.9448123620309052,226,-9.83333333333333,hiercomm_heur,california,1042.0,4042,12,california,standard
0.0,1.0,0.9743589743589745,48,0.0,hiercomm_heur,california,1042.0,4042,13,california,standard
6.0,0.8333333333333334,0.9911699779249448,93,-9.333333333333332,hiercomm_heur,california,1042.0,4042,14,california,standard
6.0,0.8333333333333334,0.9940476190476192,77,-9.333333333333332,hiercomm_heur,california,2042.0,42,0,california,standard
6.0,0.8333333333333334,1.0,1,-9.333333333333332,hiercomm_heur,california,2042.0,42,1,california,standard
12.0,0.6666666666666666,1.0,88,-18.666666666666668,hiercomm_heur,california,2042.0,42,2,california,standard
6.0,0.8333333333333334,1.0,231,-9.333333333333332,hiercomm_heur,california,2042.0,42,3,california,standard
0.0,1.0,1.0,0,0.0,hiercomm_heur,california,2042.0,42,4,california,standard
6.0,0.8333333333333334,1.0,70,-9.333333333333332,hiercomm_heur,california,2042.0,42,5,california,standard
6.0,0.8333333333333334,1.0,81,-9.333333333333332,hiercomm_heur,california,2042.0,42,6,california,standard
0.0,1.0,1.0,60,0.0,hiercomm_heur,california,2042.0,42,7,california,standard
0.0,1.0,0.9929078014184396,17,0.0,hiercomm_heur,california,2042.0,42,8,california,standard
16.0,0.6666666666666666,0.7682119205298014,366,-22.666666666666668,hiercomm_heur,california,2042.0,42,9,california,standard
19.0,0.5,0.9933774834437086,400,-29.0,hiercomm_heur,california,2042.0,42,10,california,standard
6.0,0.8333333333333334,0.9969418960244648,74,-9.333333333333332,hiercomm_heur,california,2042.0,42,11,california,standard
6.0,0.8333333333333334,0.9420289855072465,61,-9.533333333333331,hiercomm_heur,california,2042.0,42,12,california,standard
6.0,0.8333333333333334,1.0,67,-9.333333333333332,hiercomm_heur,california,2042.0,42,13,california,standard
6.0,0.8333333333333334,0.9848484848484848,88,-9.533333333333331,hiercomm_heur,california,2042.0,42,14,california,standard
6.0,0.8333333333333334,0.9955849889624724,166,-9.333333333333332,hiercomm_heur,california,2042.0,1042,0,california,standard
0.0,1.0,1.0,0,0.0,hiercomm_heur,california,2042.0,1042,1,california,standard
0.0,1.0,1.0,50,0.0,hiercomm_heur,california,2042.0,1042,2,california,standard
6.0,0.8333333333333334,1.0,46,-9.333333333333332,hiercomm_heur,california,2042.0,1042,3,california,standard
6.0,0.8333333333333334,0.9625,44,-9.433333333333332,hiercomm_heur,california,2042.0,1042,4,california,standard
6.0,0.8333333333333334,0.9861111111111112,81,-9.333333333333332,hiercomm_heur,california,2042.0,1042,5,california,standard
0.0,1.0,1.0,49,0.0,hiercomm_heur,california,2042.0,1042,6,california,standard
6.0,0.8333333333333334,1.0,102,-9.333333333333332,hiercomm_heur,california,2042.0,1042,7,california,standard
6.0,0.8333333333333334,1.0,78,-9.333333333333332,hiercomm_heur,california,2042.0,1042,8,california,standard
6.0,0.8333333333333334,0.993939393939394,101,-9.333333333333332,hiercomm_heur,california,2042.0,1042,9,california,standard
0.0,1.0,1.0,13,0.0,hiercomm_heur,california,2042.0,1042,10,california,standard
0.0,1.0,1.0,0,0.0,hiercomm_heur,california,2042.0,1042,11,california,standard
10.0,0.8333333333333334,0.9977924944812362,331,-13.333333333333332,hiercomm_heur,california,2042.0,1042,12,california,standard
6.0,0.8333333333333334,0.9906103286384976,80,-9.333333333333332,hiercomm_heur,california,2042.0,1042,13,california,standard
9.0,0.6666666666666666,1.0,397,-15.666666666666668,hiercomm_heur,california,2042.0,1042,14,california,standard
6.0,0.8333333333333334,1.0,84,-9.333333333333332,hiercomm_heur,california,2042.0,2042,0,california,standard
0.0,1.0,0.9876543209876544,0,0.0,hiercomm_heur,california,2042.0,2042,1,california,standard
0.0,1.0,0.990990990990991,12,0.0,hiercomm_heur,california,2042.0,2042,2,california,standard
0.0,1.0,0.990990990990991,9,0.0,hiercomm_heur,california,2042.0,2042,3,california,standard
6.0,0.8333333333333334,0.9874213836477987,63,-9.333333333333332,hiercomm_heur,california,2042.0,2042,4,california,standard
16.0,0.6666666666666666,0.9955849889624724,164,-22.666666666666668,hiercomm_heur,california,2042.0,2042,5,california,standard
6.0,0.8333333333333334,1.0,78,-9.333333333333332,hiercomm_heur,california,2042.0,2042,6,california,standard
6.0,0.8333333333333334,1.0,62,-9.333333333333332,hiercomm_heur,california,2042.0,2042,7,california,standard
0.0,1.0,1.0,29,0.0,hiercomm_heur,california,2042.0,2042,8,california,standard
6.0,0.8333333333333334,0.9904761904761904,124,-9.333333333333332,hiercomm_heur,california,2042.0,2042,9,california,standard
0.0,1.0,1.0,3,0.0,hiercomm_heur,california,2042.0,2042,10,california,standard
16.0,0.6666666666666666,0.7682119205298014,366,-22.666666666666668,hiercomm_heur,california,2042.0,2042,11,california,standard
6.0,0.8333333333333334,0.9351851851851852,74,-9.533333333333331,hiercomm_heur,california,2042.0,2042,12,california,standard
15.0,0.5,0.9911699779249448,318,-25.0,hiercomm_heur,california,2042.0,2042,13,california,standard
6.0,0.8333333333333334,1.0,110,-9.333333333333332,hiercomm_heur,california,2042.0,2042,14,california,standard
6.0,0.8333333333333334,1.0,81,-9.333333333333332,hiercomm_heur,california,2042.0,3042,0,california,standard
6.0,0.8333333333333334,0.9823399558498896,107,-9.533333333333331,hiercomm_heur,california,2042.0,3042,1,california,standard
6.0,0.8333333333333334,1.0,66,-9.333333333333332,hiercomm_heur,california,2042.0,3042,2,california,standard
6.0,0.8333333333333334,1.0,188,-9.333333333333332,hiercomm_heur,california,2042.0,3042,3,california,standard
6.0,0.8333333333333334,0.9801324503311258,219,-9.533333333333331,hiercomm_heur,california,2042.0,3042,4,california,standard
19.0,0.5,1.0,428,-29.0,hiercomm_heur,california,2042.0,3042,5,california,standard
6.0,0.8333333333333334,0.9833333333333332,69,-9.333333333333332,hiercomm_heur,california,2042.0,3042,6,california,standard
6.0,0.8333333333333334,0.9402985074626866,42,-9.433333333333332,hiercomm_heur,california,2042.0,3042,7,california,standard
6.0,0.8333333333333334,1.0,90,-9.333333333333332,hiercomm_heur,california,2042.0,3042,8,california,standard
0.0,1.0,1.0,52,0.0,hiercomm_heur,california,2042.0,3042,9,california,standard
6.0,0.8333333333333334,1.0,67,-9.333333333333332,hiercomm_heur,california,2042.0,3042,10,california,standard
28.0,0.1666666666666666,0.9867549668874172,465,-44.766666666666666,hiercomm_heur,california,2042.0,3042,11,california,standard
6.0,0.8333333333333334,0.9848484848484848,108,-9.533333333333331,hiercomm_heur,california,2042.0,3042,12,california,standard
6.0,0.8333333333333334,0.996969696969697,83,-9.333333333333332,hiercomm_heur,california,2042.0,3042,13,california,standard
0.0,1.0,0.9911699779249448,310,-0.1,hiercomm_heur,california,2042.0,3042,14,california,standard
6.0,0.8333333333333334,0.9835390946502056,106,-9.333333333333332,hiercomm_heur,california,2042.0,4042,0,california,standard
6.0,0.8333333333333334,0.9777777777777776,98,-9.333333333333332,hiercomm_heur,california,2042.0,4042,1,california,standard
6.0,0.8333333333333334,1.0,57,-9.333333333333332,hiercomm_heur,california,2042.0,4042,2,california,standard
22.0,0.3333333333333333,0.9690949227373068,370,-35.63333333333333,hiercomm_heur,california,2042.0,4042,3,california,standard
6.0,0.8333333333333334,1.0,65,-9.333333333333332,hiercomm_heur,california,2042.0,4042,4,california,standard
6.0,0.8333333333333334,1.0,79,-9.333333333333332,hiercomm_heur,california,2042.0,4042,5,california,standard
6.0,0.8333333333333334,1.0,113,-9.333333333333332,hiercomm_heur,california,2042.0,4042,6,california,standard
6.0,0.8333333333333334,0.9927536231884058,78,-9.333333333333332,hiercomm_heur,california,2042.0,4042,7,california,standard
12.0,0.6666666666666666,0.9530516431924884,89,-18.96666666666667,hiercomm_heur,california,2042.0,4042,8,california,standard
6.0,0.8333333333333334,1.0,38,-9.333333333333332,hiercomm_heur,california,2042.0,4042,9,california,standard
6.0,0.8333333333333334,1.0,111,-9.333333333333332,hiercomm_heur,california,2042.0,4042,10,california,standard
6.0,0.8333333333333334,1.0,58,-9.333333333333332,hiercomm_heur,california,2042.0,4042,11,california,standard
16.0,0.6666666666666666,0.9977924944812362,274,-22.666666666666668,hiercomm_heur,california,2042.0,4042,12,california,standard
0.0,1.0,0.9935897435897436,48,0.0,hiercomm_heur,california,2042.0,4042,13,california,standard
6.0,0.8333333333333334,1.0,58,-9.333333333333332,hiercomm_heur,california,2042.0,4042,14,california,standard
6.0,0.8333333333333334,1.0,85,-9.333333333333332,hiercomm_heur,california,3042.0,42,0,california,standard
9.0,0.6666666666666666,1.0,587,-15.666666666666668,hiercomm_heur,california,3042.0,42,1,california,standard
6.0,0.8333333333333334,0.9894736842105264,83,-9.333333333333332,hiercomm_heur,california,3042.0,42,2,california,standard
13.0,0.6666666666666666,0.9867549668874172,471,-19.766666666666666,hiercomm_heur,california,3042.0,42,3,california,standard
0.0,1.0,1.0,238,0.0,hiercomm_heur,california,3042.0,42,4,california,standard
6.0,0.8333333333333334,1.0,58,-9.333333333333332,hiercomm_heur,california,3042.0,42,5,california,standard
0.0,1.0,1.0,114,0.0,hiercomm_heur,california,3042.0,42,6,california,standard
16.0,0.6666666666666666,0.9514348785871964,299,-22.96666666666667,hiercomm_heur,california,3042.0,42,7,california,standard
0.0,1.0,1.0,2,0.0,hiercomm_heur,california,3042.0,42,8,california,standard
6.0,0.8333333333333334,0.9305555555555556,69,-9.533333333333331,hiercomm_heur,california,3042.0,42,9,california,standard
6.0,0.8333333333333334,1.0,77,-9.333333333333332,hiercomm_heur,california,3042.0,42,10,california,standard
6.0,0.8333333333333334,0.9801324503311258,121,-9.333333333333332,hiercomm_heur,california,3042.0,42,11,california,standard
6.0,0.8333333333333334,1.0,63,-9.333333333333332,hiercomm_heur,california,3042.0,42,12,california,standard
6.0,0.8333333333333334,1.0,61,-9.333333333333332,hiercomm_heur,california,3042.0,42,13,california,standard
16.0,0.6666666666666666,0.9227373068432672,183,-22.866666666666667,hiercomm_heur,california,3042.0,42,14,california,standard
6.0,0.8333333333333334,0.9844961240310076,89,-9.333333333333332,hiercomm_heur,california,3042.0,1042,0,california,standard
6.0,0.8333333333333334,0.9757174392935982,260,-9.433333333333332,hiercomm_heur,california,3042.0,1042,1,california,standard
6.0,0.8333333333333334,1.0,82,-9.333333333333332,hiercomm_heur,california,3042.0,1042,2,california,standard
6.0,0.8333333333333334,0.9743589743589745,68,-9.333333333333332,hiercomm_heur,california,3042.0,1042,3,california,standard
16.0,0.6666666666666666,0.9757174392935982,273,-22.766666666666666,hiercomm_heur,california,3042.0,1042,4,california,standard
6.0,0.8333333333333334,1.0,67,-9.333333333333332,hiercomm_heur,california,3042.0,1042,5,california,standard
0.0,1.0,1.0,139,0.0,hiercomm_heur,california,3042.0,1042,6,california,standard
12.0,0.6666666666666666,1.0,403,-18.666666666666668,hiercomm_heur,california,3042.0,1042,7,california,standard
6.0,0.8333333333333334,1.0,89,-9.333333333333332,hiercomm_heur,california,3042.0,1042,8,california,standard
6.0,0.8333333333333334,0.992063492063492,113,-9.333333333333332,hiercomm_heur,california,3042.0,1042,9,california,standard
0.0,1.0,1.0,15,0.0,hiercomm_heur,california,3042.0,1042,10,california,standard
6.0,0.8333333333333334,0.9867549668874172,221,-9.333333333333332,hiercomm_heur,california,3042.0,1042,11,california,standard
6.0,0.8333333333333334,1.0,73,-9.333333333333332,hiercomm_heur,california,3042.0,1042,12,california,standard
9.0,0.6666666666666666,1.0,372,-15.666666666666668,hiercomm_heur,california,3042.0,1042,13,california,standard
15.0,0.5,1.0,401,-25.0,hiercomm_heur,california,3042.0,1042,14,california,standard
6.0,0.8333333333333334,1.0,82,-9.333333333333332,hiercomm_heur,california,3042.0,2042,0,california,standard
10.0,0.8333333333333334,1.0,219,-13.333333333333332,hiercomm_heur,california,3042.0,2042,1,california,standard
0.0,1.0,0.9848484848484848,15,0.0,hiercomm_heur,california,3042.0,2042,2,california,standard
19.0,0.5,1.0,453,-29.0,hiercomm_heur,california,3042.0,2042,3,california,standard
6.0,0.8333333333333334,0.9607843137254902,68,-9.433333333333332,hiercomm_heur,california,3042.0,2042,4,california,standard
6.0,0.8333333333333334,1.0,77,-9.333333333333332,hiercomm_heur,california,3042.0,2042,5,california,standard
9.0,0.6666666666666666,1.0,210,-15.666666666666668,hiercomm_heur,california,3042.0,2042,6,california,standard
6.0,0.8333333333333334,0.9894179894179894,50,-9.333333333333332,hiercomm_heur,california,3042.0,2042,7,california,standard
13.0,0.6666666666666666,0.9977924944812362,492,-19.666666666666668,hiercomm_heur,california,3042.0,2042,8,california,standard
12.0,0.6666666666666666,0.975609756097561,104,-18.666666666666668,hiercomm_heur,california,3042.0,2042,9,california,standard
0.0,1.0,1.0,0,0.0,hiercomm_heur,california,3042.0,2042,10,california,standard
6.0,0.8333333333333334,0.9645390070921984,67,-9.433333333333332,hiercomm_heur,california,3042.0,2042,11,california,standard
6.0,0.8333333333333334,1.0,76,-9.333333333333332,hiercomm_heur,california,3042.0,2042,12,california,standard
3.0,0.8333333333333334,0.9977924944812362,179,-6.333333333333332,hiercomm_heur,california,3042.0,2042,13,california,standard
6.0,0.8333333333333334,1.0,73,-9.333333333333332,hiercomm_heur,california,3042.0,2042,14,california,standard
0.0,1.0,1.0,114,0.0,hiercomm_heur,california,3042.0,3042,0,california,standard
0.0,1.0,1.0,112,0.0,hiercomm_heur,california,3042.0,3042,1,california,standard
6.0,0.8333333333333334,0.8952380952380953,82,-9.633333333333333,hiercomm_heur,california,3042.0,3042,2,california,standard
12.0,0.6666666666666666,0.9761904761904762,98,-18.666666666666668,hiercomm_heur,california,3042.0,3042,3,california,standard
6.0,0.8333333333333334,1.0,47,-9.333333333333332,hiercomm_heur,california,3042.0,3042,4,california,standard
12.0,0.6666666666666666,0.9704641350210972,100,-18.666666666666668,hiercomm_heur,california,3042.0,3042,5,california,standard
6.0,0.8333333333333334,1.0,67,-9.333333333333332,hiercomm_heur,california,3042.0,3042,6,california,standard
6.0,0.8333333333333334,0.9883040935672516,11,-9.333333333333332,hiercomm_heur,california,3042.0,3042,7,california,standard
22.0,0.3333333333333333,0.913907284768212,508,-35.53333333333333,hiercomm_heur,california,3042.0,3042,8,california,standard
6.0,0.8333333333333334,1.0,67,-9.333333333333332,hiercomm_heur,california,3042.0,3042,9,california,standard
6.0,0.8333333333333334,1.0,63,-9.333333333333332,hiercomm_heur,california,3042.0,3042,10,california,standard
6.0,0.8333333333333334,0.989247311827957,70,-9.333333333333332,hiercomm_heur,california,3042.0,3042,11,california,standard
0.0,1.0,1.0,394,0.0,hiercomm_heur,california,3042.0,3042,12,california,standard
6.0,0.8333333333333334,0.912280701754386,94,-9.433333333333332,hiercomm_heur,california,3042.0,3042,13,california,standard
6.0,0.8333333333333334,1.0,69,-9.333333333333332,hiercomm_heur,california,3042.0,3042,14,california,standard
12.0,0.6666666666666666,0.9822222222222222,93,-18.666666666666668,hiercomm_heur,california,3042.0,4042,0,california,standard
0.0,1.0,1.0,83,0.0,hiercomm_heur,california,3042.0,4042,1,california,standard
6.0,0.8333333333333334,0.9523809523809524,61,-9.333333333333332,hiercomm_heur,california,3042.0,4042,2,california,standard
6.0,0.8333333333333334,0.9933774834437086,66,-9.333333333333332,hiercomm_heur,california,3042.0,4042,3,california,standard
6.0,0.8333333333333334,1.0,61,-9.333333333333332,hiercomm_heur,california,3042.0,4042,4,california,standard
6.0,0.8333333333333334,1.0,112,-9.333333333333332,hiercomm_heur,california,3042.0,4042,5,california,standard
12.0,0.6666666666666666,0.9487179487179488,100,-18.666666666666668,hiercomm_heur,california,3042.0,4042,6,california,standard
6.0,0.8333333333333334,1.0,100,-9.333333333333332,hiercomm_heur,california,3042.0,4042,7,california,standard
0.0,1.0,0.9812206572769951,80,-0.1,hiercomm_heur,california,3042.0,4042,8,california,standard
0.0,1.0,1.0,35,0.0,hiercomm_heur,california,3042.0,4042,9,california,standard
22.0,0.3333333333333333,0.9448123620309052,457,-35.53333333333333,hiercomm_heur,california,3042.0,4042,10,california,standard
6.0,0.8333333333333334,1.0,73,-9.333333333333332,hiercomm_heur,california,3042.0,4042,11,california,standard
19.0,0.5,0.9161147902869756,448,-30.000000000000004,hiercomm_heur,california,3042.0,4042,12,california,standard
6.0,0.8333333333333334,0.9703703703703704,79,-9.333333333333332,hiercomm_heur,california,3042.0,4042,13,california,standard
12.0,0.6666666666666666,1.0,405,-18.666666666666668,hiercomm_heur,california,3042.0,4042,14,california,standard
6.0,0.8333333333333334,0.9942528735632185,92,-9.333333333333332,hiercomm_heur,california,4042.0,42,0,california,standard
6.0,0.8333333333333334,0.8869047619047619,14,-9.83333333333333,hiercomm_heur,california,4042.0,42,1,california,standard
6.0,0.8333333333333334,1.0,85,-9.333333333333332,hiercomm_heur,california,4042.0,42,2,california,standard
6.0,0.8333333333333334,1.0,90,-9.333333333333332,hiercomm_heur,california,4042.0,42,3,california,standard
0.0,1.0,1.0,0,0.0,hiercomm_heur,california,4042.0,42,4,california,standard
6.0,0.8333333333333334,1.0,63,-9.333333333333332,hiercomm_heur,california,4042.0,42,5,california,standard
0.0,1.0,0.9761904761904762,65,0.0,hiercomm_heur,california,4042.0,42,6,california,standard
0.0,1.0,0.9852941176470588,22,-0.1,hiercomm_heur,california,4042.0,42,7,california,standard
0.0,1.0,1.0,8,0.0,hiercomm_heur,california,4042.0,42,8,california,standard
6.0,0.8333333333333334,1.0,67,-9.333333333333332,hiercomm_heur,california,4042.0,42,9,california,standard
6.0,0.8333333333333334,0.9722222222222222,94,-9.333333333333332,hiercomm_heur,california,4042.0,42,10,california,standard
6.0,0.8333333333333334,1.0,86,-9.333333333333332,hiercomm_heur,california,4042.0,42,11,california,standard
6.0,0.8333333333333334,0.9803921568627452,64,-9.333333333333332,hiercomm_heur,california,4042.0,42,12,california,standard
6.0,0.8333333333333334,1.0,57,-9.333333333333332,hiercomm_heur,california,4042.0,42,13,california,standard
6.0,0.8333333333333334,0.996969696969697,86,-9.333333333333332,hiercomm_heur,california,4042.0,42,14,california,standard
6.0,0.8333333333333334,0.9622641509433962,126,-9.333333333333332,hiercomm_heur,california,4042.0,1042,0,california,standard
0.0,1.0,1.0,0,0.0,hiercomm_heur,california,4042.0,1042,1,california,standard
6.0,0.8333333333333334,1.0,93,-9.333333333333332,hiercomm_heur,california,4042.0,1042,2,california,standard
6.0,0.8333333333333334,1.0,57,-9.333333333333332,hiercomm_heur,california,4042.0,1042,3,california,standard
6.0,0.8333333333333334,0.9770114942528736,71,-9.433333333333332,hiercomm_heur,california,4042.0,1042,4,california,standard
6.0,0.8333333333333334,1.0,64,-9.333333333333332,hiercomm_heur,california,4042.0,1042,5,california,standard
6.0,0.8333333333333334,1.0,92,-9.333333333333332,hiercomm_heur,california,4042.0,1042,6,california,standard
6.0,0.8333333333333334,0.8660436137071651,58,-9.333333333333332,hiercomm_heur,california,4042.0,1042,7,california,standard
6.0,0.8333333333333334,0.9829059829059827,84,-9.333333333333332,hiercomm_heur,california,4042.0,1042,8,california,standard
6.0,0.8333333333333334,0.9487179487179488,69,-9.433333333333332,hiercomm_heur,california,4042.0,1042,9,california,standard
0.0,1.0,1.0,0,0.0,hiercomm_heur,california,4042.0,1042,10,california,standard
0.0,1.0,1.0,0,0.0,hiercomm_heur,california,4042.0,1042,11,california,standard
6.0,0.8333333333333334,1.0,77,-9.333333333333332,hiercomm_heur,california,4042.0,1042,12,california,standard
6.0,0.8333333333333334,1.0,54,-9.333333333333332,hiercomm_heur,california,4042.0,1042,13,california,standard
6.0,0.8333333333333334,1.0,69,-9.333333333333332,hiercomm_heur,california,4042.0,1042,14,california,standard
6.0,0.8333333333333334,1.0,67,-9.333333333333332,hiercomm_heur,california,4042.0,2042,0,california,standard
0.0,1.0,1.0,4,0.0,hiercomm_heur,california,4042.0,2042,1,california,standard
0.0,1.0,1.0,16,0.0,hiercomm_heur,california,4042.0,2042,2,california,standard
0.0,1.0,1.0,20,0.0,hiercomm_heur,california,4042.0,2042,3,california,standard
6.0,0.8333333333333334,0.9935897435897436,69,-9.333333333333332,hiercomm_heur,california,4042.0,2042,4,california,standard
6.0,0.8333333333333334,0.9861111111111112,90,-9.333333333333332,hiercomm_heur,california,4042.0,2042,5,california,standard
6.0,0.8333333333333334,0.9798850574712644,178,-9.333333333333332,hiercomm_heur,california,4042.0,2042,6,california,standard
6.0,0.8333333333333334,1.0,58,-9.333333333333332,hiercomm_heur,california,4042.0,2042,7,california,standard
0.0,1.0,1.0,7,0.0,hiercomm_heur,california,4042.0,2042,8,california,standard
6.0,0.8333333333333334,0.9813084112149532,73,-9.333333333333332,hiercomm_heur,california,4042.0,2042,9,california,standard
0.0,1.0,1.0,0,0.0,hiercomm_heur,california,4042.0,2042,10,california,standard
6.0,0.8333333333333334,1.0,67,-9.333333333333332,hiercomm_heur,california,4042.0,2042,11,california,standard
6.0,0.8333333333333334,0.954954954954955,68,-9.433333333333332,hiercomm_heur,california,4042.0,2042,12,california,standard
6.0,0.8333333333333334,0.9607843137254902,95,-9.533333333333331,hiercomm_heur,california,4042.0,2042,13,california,standard
6.0,0.8333333333333334,0.9876543209876544,91,-9.333333333333332,hiercomm_heur,california,4042.0,2042,14,california,standard
6.0,0.8333333333333334,1.0,72,-9.333333333333332,hiercomm_heur,california,4042.0,3042,0,california,standard
0.0,1.0,0.9806763285024156,65,0.0,hiercomm_heur,california,4042.0,3042,1,california,standard
6.0,0.8333333333333334,1.0,58,-9.333333333333332,hiercomm_heur,california,4042.0,3042,2,california,standard
6.0,0.8333333333333334,1.0,84,-9.333333333333332,hiercomm_heur,california,4042.0,3042,3,california,standard
6.0,0.8333333333333334,0.9907407407407408,59,-9.333333333333332,hiercomm_heur,california,4042.0,3042,4,california,standard
6.0,0.8333333333333334,1.0,83,-9.333333333333332,hiercomm_heur,california,4042.0,3042,5,california,standard
6.0,0.8333333333333334,0.937984496124031,77,-9.533333333333331,hiercomm_heur,california,4042.0,3042,6,california,standard
6.0,0.8333333333333334,0.989071038251366,95,-9.333333333333332,hiercomm_heur,california,4042.0,3042,7,california,standard
6.0,0.8333333333333334,0.9753086419753086,94,-9.533333333333331,hiercomm_heur,california,4042.0,3042,8,california,standard
12.0,0.5,0.9713024282560706,369,-22.2,hiercomm_heur,california,4042.0,3042,9,california,standard
6.0,0.8333333333333334,0.9572649572649572,67,-9.433333333333332,hiercomm_heur,california,4042.0,3042,10,california,standard
0.0,1.0,0.9869281045751634,63,0.0,hiercomm_heur,california,4042.0,3042,11,california,standard
6.0,0.8333333333333334,1.0,54,-9.333333333333332,hiercomm_heur,california,4042.0,3042,12,california,standard
0.0,1.0,0.987878787878788,63,0.0,hiercomm_heur,california,4042.0,3042,13,california,standard
12.0,0.5,0.9977924944812362,406,-22.0,hiercomm_heur,california,4042.0,3042,14,california,standard
6.0,0.8333333333333334,0.9947916666666666,74,-9.333333333333332,hiercomm_heur,california,4042.0,4042,0,california,standard
6.0,0.8333333333333334,1.0,95,-9.333333333333332,hiercomm_heur,california,4042.0,4042,1,california,standard
6.0,0.8333333333333334,0.9809523809523808,63,-9.333333333333332,hiercomm_heur,california,4042.0,4042,2,california,standard
0.0,1.0,0.9537037037037036,72,0.0,hiercomm_heur,california,4042.0,4042,3,california,standard
6.0,0.8333333333333334,0.984126984126984,62,-9.433333333333332,hiercomm_heur,california,4042.0,4042,4,california,standard
6.0,0.8333333333333334,0.9788359788359788,86,-9.433333333333332,hiercomm_heur,california,4042.0,4042,5,california,standard
6.0,0.8333333333333334,1.0,85,-9.333333333333332,hiercomm_heur,california,4042.0,4042,6,california,standard
6.0,0.8333333333333334,0.9954337899543378,100,-9.333333333333332,hiercomm_heur,california,4042.0,4042,7,california,standard
6.0,0.8333333333333334,0.9345238095238096,98,-9.533333333333331,hiercomm_heur,california,4042.0,4042,8,california,standard
0.0,1.0,1.0,37,0.0,hiercomm_heur,california,4042.0,4042,9,california,standard
6.0,0.8333333333333334,1.0,90,-9.333333333333332,hiercomm_heur,california,4042.0,4042,10,california,standard
6.0,0.8333333333333334,1.0,86,-9.333333333333332,hiercomm_heur,california,4042.0,4042,11,california,standard
0.0,1.0,1.0,60,0.0,hiercomm_heur,california,4042.0,4042,12,california,standard
6.0,0.8333333333333334,1.0,68,-9.333333333333332,hiercomm_heur,california,4042.0,4042,13,california,standard
6.0,0.8333333333333334,0.99250936329588,83,-9.333333333333332,hiercomm_heur,california,4042.0,4042,14,california,standard
34.0,0.0,1.0,826,-54.0,noop,california,,42,0,california,heldout_ignition
13.0,0.6666666666666666,1.0,489,-19.666666666666668,noop,california,,42,1,california,heldout_ignition
12.0,0.5,1.0,536,-22.0,noop,california,,42,2,california,heldout_ignition
0.0,1.0,1.0,231,0.0,noop,california,,42,3,california,heldout_ignition
28.0,0.1666666666666666,1.0,726,-44.66666666666667,noop,california,,42,4,california,heldout_ignition
34.0,0.0,1.0,827,-54.0,noop,california,,42,5,california,heldout_ignition
13.0,0.6666666666666666,1.0,446,-19.666666666666668,noop,california,,42,6,california,heldout_ignition
22.0,0.3333333333333333,1.0,604,-35.333333333333336,noop,california,,42,7,california,heldout_ignition
3.0,0.8333333333333334,1.0,314,-6.333333333333332,noop,california,,42,8,california,heldout_ignition
28.0,0.1666666666666666,1.0,679,-44.66666666666667,noop,california,,42,9,california,heldout_ignition
34.0,0.0,1.0,826,-54.0,noop,california,,42,10,california,heldout_ignition
13.0,0.6666666666666666,1.0,460,-19.666666666666668,noop,california,,42,11,california,heldout_ignition
12.0,0.5,1.0,493,-22.0,noop,california,,42,12,california,heldout_ignition
0.0,1.0,1.0,264,0.0,noop,california,,42,13,california,heldout_ignition
28.0,0.1666666666666666,1.0,740,-44.66666666666667,noop,california,,42,14,california,heldout_ignition
34.0,0.0,1.0,826,-54.0,noop,california,,1042,0,california,heldout_ignition
13.0,0.6666666666666666,1.0,460,-19.666666666666668,noop,california,,1042,1,california,heldout_ignition
12.0,0.5,1.0,518,-22.0,noop,california,,1042,2,california,heldout_ignition
0.0,1.0,1.0,247,0.0,noop,california,,1042,3,california,heldout_ignition
28.0,0.1666666666666666,1.0,691,-44.66666666666667,noop,california,,1042,4,california,heldout_ignition
34.0,0.0,1.0,826,-54.0,noop,california,,1042,5,california,heldout_ignition
13.0,0.6666666666666666,1.0,475,-19.666666666666668,noop,california,,1042,6,california,heldout_ignition
12.0,0.5,1.0,449,-22.0,noop,california,,1042,7,california,heldout_ignition
3.0,0.8333333333333334,1.0,300,-6.333333333333332,noop,california,,1042,8,california,heldout_ignition
28.0,0.1666666666666666,1.0,787,-44.66666666666667,noop,california,,1042,9,california,heldout_ignition
34.0,0.0,1.0,827,-54.0,noop,california,,1042,10,california,heldout_ignition
13.0,0.6666666666666666,1.0,489,-19.666666666666668,noop,california,,1042,11,california,heldout_ignition
12.0,0.5,1.0,465,-22.0,noop,california,,1042,12,california,heldout_ignition
3.0,0.8333333333333334,1.0,302,-6.333333333333332,noop,california,,1042,13,california,heldout_ignition
28.0,0.1666666666666666,1.0,710,-44.66666666666667,noop,california,,1042,14,california,heldout_ignition
34.0,0.0,1.0,825,-54.0,noop,california,,2042,0,california,heldout_ignition
13.0,0.6666666666666666,1.0,475,-19.666666666666668,noop,california,,2042,1,california,heldout_ignition
12.0,0.5,1.0,452,-22.0,noop,california,,2042,2,california,heldout_ignition
3.0,0.8333333333333334,1.0,289,-6.333333333333332,noop,california,,2042,3,california,heldout_ignition
28.0,0.1666666666666666,1.0,683,-44.66666666666667,noop,california,,2042,4,california,heldout_ignition
34.0,0.0,1.0,827,-54.0,noop,california,,2042,5,california,heldout_ignition
13.0,0.6666666666666666,1.0,501,-19.666666666666668,noop,california,,2042,6,california,heldout_ignition
12.0,0.5,1.0,495,-22.0,noop,california,,2042,7,california,heldout_ignition
0.0,1.0,1.0,241,0.0,noop,california,,2042,8,california,heldout_ignition
34.0,0.0,1.0,824,-54.0,noop,california,,2042,9,california,heldout_ignition
34.0,0.0,1.0,827,-54.0,noop,california,,2042,10,california,heldout_ignition
13.0,0.6666666666666666,1.0,480,-19.666666666666668,noop,california,,2042,11,california,heldout_ignition
12.0,0.5,1.0,444,-22.0,noop,california,,2042,12,california,heldout_ignition
0.0,1.0,1.0,247,0.0,noop,california,,2042,13,california,heldout_ignition
28.0,0.1666666666666666,1.0,685,-44.66666666666667,noop,california,,2042,14,california,heldout_ignition
34.0,0.0,1.0,826,-54.0,noop,california,,3042,0,california,heldout_ignition
13.0,0.6666666666666666,1.0,446,-19.666666666666668,noop,california,,3042,1,california,heldout_ignition
12.0,0.5,1.0,481,-22.0,noop,california,,3042,2,california,heldout_ignition
0.0,1.0,1.0,226,0.0,noop,california,,3042,3,california,heldout_ignition
28.0,0.1666666666666666,1.0,687,-44.66666666666667,noop,california,,3042,4,california,heldout_ignition
34.0,0.0,1.0,826,-54.0,noop,california,,3042,5,california,heldout_ignition
13.0,0.6666666666666666,1.0,523,-19.666666666666668,noop,california,,3042,6,california,heldout_ignition
12.0,0.5,1.0,452,-22.0,noop,california,,3042,7,california,heldout_ignition
0.0,1.0,1.0,247,0.0,noop,california,,3042,8,california,heldout_ignition
28.0,0.1666666666666666,1.0,662,-44.66666666666667,noop,california,,3042,9,california,heldout_ignition
34.0,0.0,1.0,827,-54.0,noop,california,,3042,10,california,heldout_ignition
13.0,0.6666666666666666,1.0,517,-19.666666666666668,noop,california,,3042,11,california,heldout_ignition
12.0,0.5,1.0,499,-22.0,noop,california,,3042,12,california,heldout_ignition
0.0,1.0,1.0,229,0.0,noop,california,,3042,13,california,heldout_ignition
28.0,0.1666666666666666,1.0,796,-44.66666666666667,noop,california,,3042,14,california,heldout_ignition
34.0,0.0,1.0,827,-54.0,noop,california,,4042,0,california,heldout_ignition
13.0,0.6666666666666666,1.0,460,-19.666666666666668,noop,california,,4042,1,california,heldout_ignition
12.0,0.5,1.0,476,-22.0,noop,california,,4042,2,california,heldout_ignition
3.0,0.8333333333333334,1.0,325,-6.333333333333332,noop,california,,4042,3,california,heldout_ignition
28.0,0.1666666666666666,1.0,709,-44.66666666666667,noop,california,,4042,4,california,heldout_ignition
34.0,0.0,1.0,826,-54.0,noop,california,,4042,5,california,heldout_ignition
16.0,0.5,1.0,541,-26.0,noop,california,,4042,6,california,heldout_ignition
12.0,0.5,1.0,449,-22.0,noop,california,,4042,7,california,heldout_ignition
3.0,0.8333333333333334,1.0,336,-6.333333333333332,noop,california,,4042,8,california,heldout_ignition
28.0,0.1666666666666666,1.0,700,-44.66666666666667,noop,california,,4042,9,california,heldout_ignition
34.0,0.0,1.0,827,-54.0,noop,california,,4042,10,california,heldout_ignition
13.0,0.6666666666666666,1.0,501,-19.666666666666668,noop,california,,4042,11,california,heldout_ignition
12.0,0.5,1.0,488,-22.0,noop,california,,4042,12,california,heldout_ignition
0.0,1.0,1.0,241,0.0,noop,california,,4042,13,california,heldout_ignition
28.0,0.1666666666666666,1.0,658,-44.66666666666667,noop,california,,4042,14,california,heldout_ignition
28.0,0.1666666666666666,0.9933774834437086,790,-44.66666666666667,value_first,california,,42,0,california,heldout_ignition
13.0,0.6666666666666666,0.9933774834437086,467,-19.666666666666668,value_first,california,,42,1,california,heldout_ignition
12.0,0.5,0.9955849889624724,483,-22.0,value_first,california,,42,2,california,heldout_ignition
0.0,1.0,0.9933774834437086,219,0.0,value_first,california,,42,3,california,heldout_ignition
22.0,0.3333333333333333,0.9867549668874172,689,-35.333333333333336,value_first,california,,42,4,california,heldout_ignition
28.0,0.1666666666666666,0.9928057553956836,791,-44.66666666666667,value_first,california,,42,5,california,heldout_ignition
13.0,0.6666666666666666,0.9933774834437086,397,-19.666666666666668,value_first,california,,42,6,california,heldout_ignition
12.0,0.5,0.9955849889624724,540,-22.0,value_first,california,,42,7,california,heldout_ignition
3.0,0.8333333333333334,0.9933774834437086,302,-6.333333333333332,value_first,california,,42,8,california,heldout_ignition
22.0,0.3333333333333333,0.9911699779249448,628,-35.333333333333336,value_first,california,,42,9,california,heldout_ignition
28.0,0.1666666666666666,0.9911699779249448,790,-44.66666666666667,value_first,california,,42,10,california,heldout_ignition
13.0,0.6666666666666666,0.9933774834437086,432,-19.666666666666668,value_first,california,,42,11,california,heldout_ignition
12.0,0.5,0.9955849889624724,444,-22.0,value_first,california,,42,12,california,heldout_ignition
0.0,1.0,0.9933774834437086,253,0.0,value_first,california,,42,13,california,heldout_ignition
22.0,0.3333333333333333,0.9867549668874172,702,-35.333333333333336,value_first,california,,42,14,california,heldout_ignition
28.0,0.1666666666666666,0.9933774834437086,790,-44.66666666666667,value_first,california,,1042,0,california,heldout_ignition
13.0,0.6666666666666666,0.9955849889624724,435,-19.666666666666668,value_first,california,,1042,1,california,heldout_ignition
12.0,0.5,0.9955849889624724,483,-22.0,value_first,california,,1042,2,california,heldout_ignition
0.0,1.0,0.9933774834437086,231,0.0,value_first,california,,1042,3,california,heldout_ignition
22.0,0.3333333333333333,0.9911699779249448,636,-35.333333333333336,value_first,california,,1042,4,california,heldout_ignition
28.0,0.1666666666666666,0.9911699779249448,790,-44.66666666666667,value_first,california,,1042,5,california,heldout_ignition
13.0,0.6666666666666666,0.9933774834437086,452,-19.666666666666668,value_first,california,,1042,6,california,heldout_ignition
12.0,0.5,0.9955849889624724,401,-22.0,value_first,california,,1042,7,california,heldout_ignition
0.0,1.0,0.9933774834437086,283,0.0,value_first,california,,1042,8,california,heldout_ignition
22.0,0.3333333333333333,0.9845474613686536,741,-35.333333333333336,value_first,california,,1042,9,california,heldout_ignition
28.0,0.1666666666666666,0.9933774834437086,791,-44.66666666666667,value_first,california,,1042,10,california,heldout_ignition
13.0,0.6666666666666666,0.9933774834437086,467,-19.666666666666668,value_first,california,,1042,11,california,heldout_ignition
12.0,0.5,0.9889624724061812,441,-22.0,value_first,california,,1042,12,california,heldout_ignition
3.0,0.8333333333333334,0.9933774834437086,292,-6.333333333333332,value_first,california,,1042,13,california,heldout_ignition
22.0,0.3333333333333333,0.9911699779249448,658,-35.333333333333336,value_first,california,,1042,14,california,heldout_ignition
28.0,0.1666666666666666,0.9911699779249448,789,-44.66666666666667,value_first,california,,2042,0,california,heldout_ignition
13.0,0.6666666666666666,0.9911699779249448,430,-19.666666666666668,value_first,california,,2042,1,california,heldout_ignition
12.0,0.5,0.9889624724061812,421,-22.0,value_first,california,,2042,2,california,heldout_ignition
0.0,1.0,0.9933774834437086,272,0.0,value_first,california,,2042,3,california,heldout_ignition
22.0,0.3333333333333333,0.9911699779249448,632,-35.333333333333336,value_first,california,,2042,4,california,heldout_ignition
28.0,0.1666666666666666,0.9932432432432432,791,-44.66666666666667,value_first,california,,2042,5,california,heldout_ignition
13.0,0.6666666666666666,0.9911699779249448,455,-19.666666666666668,value_first,california,,2042,6,california,heldout_ignition
12.0,0.5,0.9955849889624724,445,-22.0,value_first,california,,2042,7,california,heldout_ignition
0.0,1.0,0.9933774834437086,226,0.0,value_first,california,,2042,8,california,heldout_ignition
28.0,0.1666666666666666,0.9911699779249448,785,-44.66666666666667,value_first,california,,2042,9,california,heldout_ignition
28.0,0.1666666666666666,0.9933333333333332,791,-44.66666666666667,value_first,california,,2042,10,california,heldout_ignition
13.0,0.6666666666666666,0.9911699779249448,433,-19.666666666666668,value_first,california,,2042,11,california,heldout_ignition
12.0,0.5,0.9955849889624724,399,-22.0,value_first,california,,2042,12,california,heldout_ignition
0.0,1.0,0.9933774834437086,231,0.0,value_first,california,,2042,13,california,heldout_ignition
22.0,0.3333333333333333,0.9911699779249448,633,-35.333333333333336,value_first,california,,2042,14,california,heldout_ignition
28.0,0.1666666666666666,0.9933774834437086,790,-44.66666666666667,value_first,california,,3042,0,california,heldout_ignition
13.0,0.6666666666666666,0.9933774834437086,397,-19.666666666666668,value_first,california,,3042,1,california,heldout_ignition
12.0,0.5,0.9955849889624724,427,-22.0,value_first,california,,3042,2,california,heldout_ignition
0.0,1.0,0.9933774834437086,216,0.0,value_first,california,,3042,3,california,heldout_ignition
22.0,0.3333333333333333,0.9911699779249448,634,-35.333333333333336,value_first,california,,3042,4,california,heldout_ignition
28.0,0.1666666666666666,0.9911699779249448,790,-44.66666666666667,value_first,california,,3042,5,california,heldout_ignition
13.0,0.6666666666666666,0.9911699779249448,481,-19.666666666666668,value_first,california,,3042,6,california,heldout_ignition
12.0,0.5,0.9889624724061812,421,-22.0,value_first,california,,3042,7,california,heldout_ignition
0.0,1.0,0.9933774834437086,231,0.0,value_first,california,,3042,8,california,heldout_ignition
22.0,0.3333333333333333,0.9911699779249448,611,-35.333333333333336,value_first,california,,3042,9,california,heldout_ignition
28.0,0.1666666666666666,0.9933774834437086,791,-44.66666666666667,value_first,california,,3042,10,california,heldout_ignition
13.0,0.6666666666666666,0.9911699779249448,475,-19.666666666666668,value_first,california,,3042,11,california,heldout_ignition
12.0,0.5,0.9955849889624724,450,-22.0,value_first,california,,3042,12,california,heldout_ignition
0.0,1.0,0.9933774834437086,218,0.0,value_first,california,,3042,13,california,heldout_ignition
22.0,0.3333333333333333,0.9933774834437086,743,-35.333333333333336,value_first,california,,3042,14,california,heldout_ignition
28.0,0.1666666666666666,0.9928571428571428,791,-44.66666666666667,value_first,california,,4042,0,california,heldout_ignition
13.0,0.6666666666666666,0.9933774834437086,432,-19.666666666666668,value_first,california,,4042,1,california,heldout_ignition
12.0,0.5,0.9955849889624724,439,-22.0,value_first,california,,4042,2,california,heldout_ignition
3.0,0.8333333333333334,0.9933774834437086,313,-6.333333333333332,value_first,california,,4042,3,california,heldout_ignition
22.0,0.3333333333333333,0.9911699779249448,653,-35.333333333333336,value_first,california,,4042,4,california,heldout_ignition
28.0,0.1666666666666666,0.9933774834437086,790,-44.66666666666667,value_first,california,,4042,5,california,heldout_ignition
16.0,0.5,0.9911699779249448,495,-26.0,value_first,california,,4042,6,california,heldout_ignition
12.0,0.5,0.9955849889624724,403,-22.0,value_first,california,,4042,7,california,heldout_ignition
3.0,0.8333333333333334,0.9933774834437086,331,-6.333333333333332,value_first,california,,4042,8,california,heldout_ignition
22.0,0.3333333333333333,0.9911699779249448,647,-35.333333333333336,value_first,california,,4042,9,california,heldout_ignition
28.0,0.1666666666666666,0.993103448275862,791,-44.66666666666667,value_first,california,,4042,10,california,heldout_ignition
13.0,0.6666666666666666,0.9911699779249448,456,-19.666666666666668,value_first,california,,4042,11,california,heldout_ignition
12.0,0.5,0.9955849889624724,438,-22.0,value_first,california,,4042,12,california,heldout_ignition
0.0,1.0,0.9933774834437086,226,0.0,value_first,california,,4042,13,california,heldout_ignition
22.0,0.3333333333333333,0.9911699779249448,608,-35.333333333333336,value_first,california,,4042,14,california,heldout_ignition
0.0,1.0,0.8333333333333334,16,-0.6,local_reactive,california,,42,0,california,heldout_ignition
0.0,1.0,0.9090909090909092,6,-0.2,local_reactive,california,,42,1,california,heldout_ignition
0.0,1.0,0.4219114219114219,120,-4.200000000000001,local_reactive,california,,42,2,california,heldout_ignition
0.0,1.0,0.9509803921568628,6,-0.2,local_reactive,california,,42,3,california,heldout_ignition
0.0,1.0,1.0,0,0.0,local_reactive,california,,42,4,california,heldout_ignition
6.0,0.8333333333333334,0.8333333333333334,29,-9.73333333333333,local_reactive,california,,42,5,california,heldout_ignition
0.0,1.0,0.8333333333333334,5,-0.4,local_reactive,california,,42,6,california,heldout_ignition
9.0,0.6666666666666666,0.4312354312354312,219,-19.966666666666654,local_reactive,california,,42,7,california,heldout_ignition
0.0,1.0,0.9494949494949496,10,-0.2,local_reactive,california,,42,8,california,heldout_ignition
0.0,1.0,1.0,0,0.0,local_reactive,california,,42,9,california,heldout_ignition
6.0,0.8333333333333334,0.6597222222222222,44,-10.23333333333333,local_reactive,california,,42,10,california,heldout_ignition
0.0,1.0,0.8476190476190476,5,-0.4,local_reactive,california,,42,11,california,heldout_ignition
0.0,1.0,0.6388888888888888,12,-1.2,local_reactive,california,,42,12,california,heldout_ignition
0.0,1.0,0.9649122807017544,8,-0.1,local_reactive,california,,42,13,california,heldout_ignition
0.0,1.0,1.0,0,0.0,local_reactive,california,,42,14,california,heldout_ignition
0.0,1.0,0.8333333333333334,16,-0.6,local_reactive,california,,1042,0,california,heldout_ignition
0.0,1.0,0.8476190476190476,5,-0.4,local_reactive,california,,1042,1,california,heldout_ignition
0.0,1.0,0.8137254901960784,17,-0.5,local_reactive,california,,1042,2,california,heldout_ignition
0.0,1.0,0.9509803921568628,6,-0.2,local_reactive,california,,1042,3,california,heldout_ignition
0.0,1.0,1.0,0,0.0,local_reactive,california,,1042,4,california,heldout_ignition
6.0,0.8333333333333334,0.6597222222222222,44,-10.23333333333333,local_reactive,california,,1042,5,california,heldout_ignition
0.0,1.0,0.8627450980392157,5,-0.4,local_reactive,california,,1042,6,california,heldout_ignition
0.0,1.0,0.6881720430107527,14,-0.7,local_reactive,california,,1042,7,california,heldout_ignition
0.0,1.0,1.0,10,0.0,local_reactive,california,,1042,8,california,heldout_ignition
0.0,1.0,1.0,0,0.0,local_reactive,california,,1042,9,california,heldout_ignition
0.0,1.0,0.8372093023255814,16,-0.6,local_reactive,california,,1042,10,california,heldout_ignition
0.0,1.0,0.9090909090909092,6,-0.2,local_reactive,california,,1042,11,california,heldout_ignition
0.0,1.0,0.6466666666666666,10,-1.2,local_reactive,california,,1042,12,california,heldout_ignition
0.0,1.0,0.9494949494949496,10,-0.2,local_reactive,california,,1042,13,california,heldout_ignition
0.0,1.0,1.0,0,0.0,local_reactive,california,,1042,14,california,heldout_ignition
6.0,0.8333333333333334,0.6530612244897959,38,-10.43333333333333,local_reactive,california,,2042,0,california,heldout_ignition
0.0,1.0,0.8627450980392157,5,-0.4,local_reactive,california,,2042,1,california,heldout_ignition
0.0,1.0,0.4975845410628019,21,-1.9,local_reactive,california,,2042,2,california,heldout_ignition
0.0,1.0,1.0,10,0.0,local_reactive,california,,2042,3,california,heldout_ignition
0.0,1.0,1.0,0,0.0,local_reactive,california,,2042,4,california,heldout_ignition
6.0,0.8333333333333334,0.6893939393939394,44,-10.23333333333333,local_reactive,california,,2042,5,california,heldout_ignition
0.0,1.0,1.0,4,0.0,local_reactive,california,,2042,6,california,heldout_ignition
0.0,1.0,0.6388888888888888,12,-1.2,local_reactive,california,,2042,7,california,heldout_ignition
0.0,1.0,0.8952380952380953,6,-0.2,local_reactive,california,,2042,8,california,heldout_ignition
0.0,1.0,1.0,0,0.0,local_reactive,california,,2042,9,california,heldout_ignition
0.0,1.0,0.8412698412698413,16,-0.6,local_reactive,california,,2042,10,california,heldout_ignition
0.0,1.0,0.8627450980392157,5,-0.4,local_reactive,california,,2042,11,california,heldout_ignition
0.0,1.0,0.6881720430107527,14,-0.7,local_reactive,california,,2042,12,california,heldout_ignition
0.0,1.0,0.9509803921568628,6,-0.2,local_reactive,california,,2042,13,california,heldout_ignition
0.0,1.0,1.0,0,0.0,local_reactive,california,,2042,14,california,heldout_ignition
0.0,1.0,0.8333333333333334,16,-0.6,local_reactive,california,,3042,0,california,heldout_ignition
0.0,1.0,0.8333333333333334,5,-0.4,local_reactive,california,,3042,1,california,heldout_ignition
0.0,1.0,0.6466666666666666,10,-1.2,local_reactive,california,,3042,2,california,heldout_ignition
0.0,1.0,0.978494623655914,6,-0.1,local_reactive,california,,3042,3,california,heldout_ignition
0.0,1.0,1.0,0,0.0,local_reactive,california,,3042,4,california,heldout_ignition
6.0,0.8333333333333334,0.6597222222222222,44,-10.23333333333333,local_reactive,california,,3042,5,california,heldout_ignition
0.0,1.0,1.0,6,0.0,local_reactive,california,,3042,6,california,heldout_ignition
0.0,1.0,0.4975845410628019,21,-1.9,local_reactive,california,,3042,7,california,heldout_ignition
0.0,1.0,0.9509803921568628,6,-0.2,local_reactive,california,,3042,8,california,heldout_ignition
0.0,1.0,1.0,0,0.0,local_reactive,california,,3042,9,california,heldout_ignition
0.0,1.0,0.8372093023255814,16,-0.6,local_reactive,california,,3042,10,california,heldout_ignition
0.0,1.0,1.0,4,0.0,local_reactive,california,,3042,11,california,heldout_ignition
0.0,1.0,0.6388888888888888,12,-1.2,local_reactive,california,,3042,12,california,heldout_ignition
0.0,1.0,0.978494623655914,6,-0.1,local_reactive,california,,3042,13,california,heldout_ignition
0.0,1.0,1.0,0,0.0,local_reactive,california,,3042,14,california,heldout_ignition
6.0,0.8333333333333334,0.8333333333333334,29,-9.73333333333333,local_reactive,california,,4042,0,california,heldout_ignition
0.0,1.0,0.8476190476190476,5,-0.4,local_reactive,california,,4042,1,california,heldout_ignition
0.0,1.0,0.6466666666666666,10,-1.2,local_reactive,california,,4042,2,california,heldout_ignition
0.0,1.0,0.9583333333333334,10,-0.1,local_reactive,california,,4042,3,california,heldout_ignition
0.0,1.0,1.0,0,0.0,local_reactive,california,,4042,4,california,heldout_ignition
0.0,1.0,0.8372093023255814,16,-0.6,local_reactive,california,,4042,5,california,heldout_ignition
0.0,1.0,1.0,6,0.0,local_reactive,california,,4042,6,california,heldout_ignition
0.0,1.0,0.4950980392156863,17,-2.1,local_reactive,california,,4042,7,california,heldout_ignition
0.0,1.0,0.9603174603174603,10,-0.1,local_reactive,california,,4042,8,california,heldout_ignition
0.0,1.0,1.0,0,0.0,local_reactive,california,,4042,9,california,heldout_ignition
6.0,0.8333333333333334,0.7692307692307693,39,-10.03333333333333,local_reactive,california,,4042,10,california,heldout_ignition
0.0,1.0,1.0,4,0.0,local_reactive,california,,4042,11,california,heldout_ignition
0.0,1.0,0.6597222222222222,10,-1.2,local_reactive,california,,4042,12,california,heldout_ignition
0.0,1.0,0.8952380952380953,6,-0.2,local_reactive,california,,4042,13,california,heldout_ignition
0.0,1.0,1.0,0,0.0,local_reactive,california,,4042,14,california,heldout_ignition
6.0,0.8333333333333334,0.9519774011299436,118,-9.533333333333331,commnet,california,42.0,42,0,california,heldout_ignition
10.0,0.8333333333333334,0.9713024282560706,462,-13.633333333333333,commnet,california,42.0,42,1,california,heldout_ignition
6.0,0.8333333333333334,0.7240618101545254,428,-9.733333333333333,commnet,california,42.0,42,2,california,heldout_ignition
0.0,1.0,0.9713024282560706,231,-0.3,commnet,california,42.0,42,3,california,heldout_ignition
16.0,0.6666666666666666,0.9801324503311258,472,-22.866666666666667,commnet,california,42.0,42,4,california,heldout_ignition
6.0,0.8333333333333334,0.8459119496855346,120,-9.533333333333331,commnet,california,42.0,42,5,california,heldout_ignition
10.0,0.8333333333333334,0.9713024282560706,430,-13.633333333333333,commnet,california,42.0,42,6,california,heldout_ignition
16.0,0.6666666666666666,0.7262693156732892,469,-23.06666666666667,commnet,california,42.0,42,7,california,heldout_ignition
0.0,1.0,0.9713024282560706,294,-0.3,commnet,california,42.0,42,8,california,heldout_ignition
6.0,0.8333333333333334,0.8145695364238411,450,-9.833333333333332,commnet,california,42.0,42,9,california,heldout_ignition
6.0,0.8333333333333334,0.9539295392953928,118,-9.533333333333331,commnet,california,42.0,42,10,california,heldout_ignition
10.0,0.8333333333333334,0.9713024282560706,442,-13.633333333333333,commnet,california,42.0,42,11,california,heldout_ignition
6.0,0.8333333333333334,0.9845474613686536,398,-9.433333333333332,commnet,california,42.0,42,12,california,heldout_ignition
0.0,1.0,0.9713024282560706,260,-0.3,commnet,california,42.0,42,13,california,heldout_ignition
16.0,0.6666666666666666,0.9801324503311258,473,-22.866666666666667,commnet,california,42.0,42,14,california,heldout_ignition
6.0,0.8333333333333334,0.9519774011299436,118,-9.533333333333331,commnet,california,42.0,1042,0,california,heldout_ignition
10.0,0.8333333333333334,0.9713024282560706,442,-13.633333333333333,commnet,california,42.0,1042,1,california,heldout_ignition
6.0,0.8333333333333334,0.7240618101545254,409,-9.733333333333333,commnet,california,42.0,1042,2,california,heldout_ignition
0.0,1.0,0.9713024282560706,245,-0.3,commnet,california,42.0,1042,3,california,heldout_ignition
6.0,0.8333333333333334,0.8013245033112583,462,-9.933333333333332,commnet,california,42.0,1042,4,california,heldout_ignition
6.0,0.8333333333333334,0.953551912568306,118,-9.533333333333331,commnet,california,42.0,1042,5,california,heldout_ignition
10.0,0.8333333333333334,0.9713024282560706,452,-13.633333333333333,commnet,california,42.0,1042,6,california,heldout_ignition
6.0,0.8333333333333334,0.9867549668874172,367,-9.433333333333332,commnet,california,42.0,1042,7,california,heldout_ignition
0.0,1.0,0.9713024282560706,286,-0.3,commnet,california,42.0,1042,8,california,heldout_ignition
16.0,0.6666666666666666,0.9690949227373068,489,-22.96666666666667,commnet,california,42.0,1042,9,california,heldout_ignition
6.0,0.8333333333333334,0.9507246376811594,118,-9.533333333333331,commnet,california,42.0,1042,10,california,heldout_ignition
10.0,0.8333333333333334,0.9713024282560706,462,-13.633333333333333,commnet,california,42.0,1042,11,california,heldout_ignition
6.0,0.8333333333333334,0.9845474613686536,380,-9.433333333333332,commnet,california,42.0,1042,12,california,heldout_ignition
0.0,1.0,0.9713024282560706,288,-0.3,commnet,california,42.0,1042,13,california,heldout_ignition
16.0,0.6666666666666666,0.8057395143487859,471,-23.266666666666666,commnet,california,42.0,1042,14,california,heldout_ignition
6.0,0.8333333333333334,0.9543010752688172,119,-9.533333333333331,commnet,california,42.0,2042,0,california,heldout_ignition
10.0,0.8333333333333334,0.9713024282560706,452,-13.633333333333333,commnet,california,42.0,2042,1,california,heldout_ignition
6.0,0.8333333333333334,0.9867549668874172,373,-9.433333333333332,commnet,california,42.0,2042,2,california,heldout_ignition
0.0,1.0,0.9713024282560706,277,-0.3,commnet,california,42.0,2042,3,california,heldout_ignition
6.0,0.8333333333333334,0.8013245033112583,450,-9.933333333333332,commnet,california,42.0,2042,4,california,heldout_ignition
6.0,0.8333333333333334,0.949404761904762,118,-9.533333333333331,commnet,california,42.0,2042,5,california,heldout_ignition
10.0,0.8333333333333334,0.9713024282560706,469,-13.633333333333333,commnet,california,42.0,2042,6,california,heldout_ignition
6.0,0.8333333333333334,0.9845474613686536,400,-9.433333333333332,commnet,california,42.0,2042,7,california,heldout_ignition
0.0,1.0,0.9713024282560706,240,-0.3,commnet,california,42.0,2042,8,california,heldout_ignition
16.0,0.6666666666666666,0.9668874172185432,525,-22.96666666666667,commnet,california,42.0,2042,9,california,heldout_ignition
6.0,0.8333333333333334,0.9502923976608189,118,-9.533333333333331,commnet,california,42.0,2042,10,california,heldout_ignition
10.0,0.8333333333333334,0.9713024282560706,454,-13.633333333333333,commnet,california,42.0,2042,11,california,heldout_ignition
6.0,0.8333333333333334,0.9867549668874172,364,-9.433333333333332,commnet,california,42.0,2042,12,california,heldout_ignition
0.0,1.0,0.9713024282560706,245,-0.3,commnet,california,42.0,2042,13,california,heldout_ignition
6.0,0.8333333333333334,0.7969094922737306,450,-9.933333333333332,commnet,california,42.0,2042,14,california,heldout_ignition
6.0,0.8333333333333334,0.9527777777777776,118,-9.533333333333331,commnet,california,42.0,3042,0,california,heldout_ignition
10.0,0.8333333333333334,0.9713024282560706,430,-13.633333333333333,commnet,california,42.0,3042,1,california,heldout_ignition
6.0,0.8333333333333334,0.9845474613686536,387,-9.433333333333332,commnet,california,42.0,3042,2,california,heldout_ignition
0.0,1.0,0.9713024282560706,226,-0.3,commnet,california,42.0,3042,3,california,heldout_ignition
6.0,0.8333333333333334,0.8145695364238411,450,-9.833333333333332,commnet,california,42.0,3042,4,california,heldout_ignition
6.0,0.8333333333333334,0.9539295392953928,118,-9.533333333333331,commnet,california,42.0,3042,5,california,heldout_ignition
10.0,0.8333333333333334,0.9713024282560706,482,-13.633333333333333,commnet,california,42.0,3042,6,california,heldout_ignition
6.0,0.8333333333333334,0.9867549668874172,373,-9.433333333333332,commnet,california,42.0,3042,7,california,heldout_ignition
0.0,1.0,0.9713024282560706,245,-0.3,commnet,california,42.0,3042,8,california,heldout_ignition
6.0,0.8333333333333334,0.8013245033112583,444,-9.933333333333332,commnet,california,42.0,3042,9,california,heldout_ignition
6.0,0.8333333333333334,0.9507246376811594,118,-9.533333333333331,commnet,california,42.0,3042,10,california,heldout_ignition
10.0,0.8333333333333334,0.9713024282560706,481,-13.633333333333333,commnet,california,42.0,3042,11,california,heldout_ignition
6.0,0.8333333333333334,0.9845474613686536,402,-9.433333333333332,commnet,california,42.0,3042,12,california,heldout_ignition
0.0,1.0,0.9713024282560706,229,-0.3,commnet,california,42.0,3042,13,california,heldout_ignition
16.0,0.6666666666666666,0.9801324503311258,504,-22.866666666666667,commnet,california,42.0,3042,14,california,heldout_ignition
6.0,0.8333333333333334,0.8459119496855346,120,-9.533333333333331,commnet,california,42.0,4042,0,california,heldout_ignition
10.0,0.8333333333333334,0.9713024282560706,442,-13.633333333333333,commnet,california,42.0,4042,1,california,heldout_ignition
6.0,0.8333333333333334,0.9845474613686536,385,-9.433333333333332,commnet,california,42.0,4042,2,california,heldout_ignition
0.0,1.0,0.9713024282560706,303,-0.3,commnet,california,42.0,4042,3,california,heldout_ignition
16.0,0.6666666666666666,0.8057395143487859,471,-23.266666666666666,commnet,california,42.0,4042,4,california,heldout_ignition
6.0,0.8333333333333334,0.9511494252873564,118,-9.533333333333331,commnet,california,42.0,4042,5,california,heldout_ignition
10.0,0.8333333333333334,0.9713024282560706,491,-13.633333333333333,commnet,california,42.0,4042,6,california,heldout_ignition
6.0,0.8333333333333334,0.9867549668874172,369,-9.433333333333332,commnet,california,42.0,4042,7,california,heldout_ignition
0.0,1.0,0.9713024282560706,310,-0.3,commnet,california,42.0,4042,8,california,heldout_ignition
16.0,0.6666666666666666,0.8189845474613686,469,-23.166666666666668,commnet,california,42.0,4042,9,california,heldout_ignition
6.0,0.8333333333333334,0.9212121212121211,112,-9.433333333333332,commnet,california,42.0,4042,10,california,heldout_ignition
10.0,0.8333333333333334,0.9713024282560706,469,-13.633333333333333,commnet,california,42.0,4042,11,california,heldout_ignition
6.0,0.8333333333333334,0.9845474613686536,393,-9.433333333333332,commnet,california,42.0,4042,12,california,heldout_ignition
0.0,1.0,0.9713024282560706,240,-0.3,commnet,california,42.0,4042,13,california,heldout_ignition
6.0,0.8333333333333334,0.8145695364238411,437,-9.833333333333332,commnet,california,42.0,4042,14,california,heldout_ignition
21.0,0.3333333333333333,0.7130242825607064,475,-34.333333333333336,commnet,california,1042.0,42,0,california,heldout_ignition
13.0,0.6666666666666666,0.7130242825607064,453,-19.666666666666668,commnet,california,1042.0,42,1,california,heldout_ignition
9.0,0.6666666666666666,0.7130242825607064,478,-15.666666666666668,commnet,california,1042.0,42,2,california,heldout_ignition
0.0,1.0,0.7130242825607064,231,0.0,commnet,california,1042.0,42,3,california,heldout_ignition
19.0,0.5,1.0,550,-29.0,commnet,california,1042.0,42,4,california,heldout_ignition
21.0,0.3333333333333333,0.717439293598234,517,-34.333333333333336,commnet,california,1042.0,42,5,california,heldout_ignition
13.0,0.6666666666666666,0.7130242825607064,427,-19.666666666666668,commnet,california,1042.0,42,6,california,heldout_ignition
19.0,0.5,0.7130242825607064,524,-29.0,commnet,california,1042.0,42,7,california,heldout_ignition
3.0,0.8333333333333334,0.7130242825607064,311,-6.333333333333332,commnet,california,1042.0,42,8,california,heldout_ignition
19.0,0.5,1.0,530,-29.0,commnet,california,1042.0,42,9,california,heldout_ignition
21.0,0.3333333333333333,0.7130242825607064,465,-34.333333333333336,commnet,california,1042.0,42,10,california,heldout_ignition
13.0,0.6666666666666666,0.7130242825607064,435,-19.666666666666668,commnet,california,1042.0,42,11,california,heldout_ignition
9.0,0.6666666666666666,0.7130242825607064,448,-15.666666666666668,commnet,california,1042.0,42,12,california,heldout_ignition
0.0,1.0,0.7130242825607064,264,0.0,commnet,california,1042.0,42,13,california,heldout_ignition
19.0,0.5,1.0,559,-29.0,commnet,california,1042.0,42,14,california,heldout_ignition
21.0,0.3333333333333333,0.7130242825607064,475,-34.333333333333336,commnet,california,1042.0,1042,0,california,heldout_ignition
13.0,0.6666666666666666,0.7130242825607064,435,-19.666666666666668,commnet,california,1042.0,1042,1,california,heldout_ignition
9.0,0.6666666666666666,0.7130242825607064,464,-15.666666666666668,commnet,california,1042.0,1042,2,california,heldout_ignition
0.0,1.0,0.7130242825607064,247,0.0,commnet,california,1042.0,1042,3,california,heldout_ignition
19.0,0.5,1.0,534,-29.0,commnet,california,1042.0,1042,4,california,heldout_ignition
21.0,0.3333333333333333,0.7130242825607064,466,-34.333333333333336,commnet,california,1042.0,1042,5,california,heldout_ignition
13.0,0.6666666666666666,0.7130242825607064,446,-19.666666666666668,commnet,california,1042.0,1042,6,california,heldout_ignition
9.0,0.6666666666666666,0.7130242825607064,417,-15.666666666666668,commnet,california,1042.0,1042,7,california,heldout_ignition
3.0,0.8333333333333334,0.7130242825607064,299,-6.333333333333332,commnet,california,1042.0,1042,8,california,heldout_ignition
19.0,0.5,1.0,587,-29.0,commnet,california,1042.0,1042,9,california,heldout_ignition
21.0,0.3333333333333333,0.7130242825607064,483,-34.333333333333336,commnet,california,1042.0,1042,10,california,heldout_ignition
13.0,0.6666666666666666,0.7130242825607064,453,-19.666666666666668,commnet,california,1042.0,1042,11,california,heldout_ignition
9.0,0.6666666666666666,0.7130242825607064,430,-15.666666666666668,commnet,california,1042.0,1042,12,california,heldout_ignition
3.0,0.8333333333333334,0.7130242825607064,300,-6.333333333333332,commnet,california,1042.0,1042,13,california,heldout_ignition
19.0,0.5,1.0,545,-29.0,commnet,california,1042.0,1042,14,california,heldout_ignition
21.0,0.3333333333333333,0.7130242825607064,458,-34.333333333333336,commnet,california,1042.0,2042,0,california,heldout_ignition
13.0,0.6666666666666666,0.7130242825607064,446,-19.666666666666668,commnet,california,1042.0,2042,1,california,heldout_ignition
9.0,0.6666666666666666,0.7130242825607064,419,-15.666666666666668,commnet,california,1042.0,2042,2,california,heldout_ignition
3.0,0.8333333333333334,0.7130242825607064,288,-6.333333333333332,commnet,california,1042.0,2042,3,california,heldout_ignition
19.0,0.5,1.0,532,-29.0,commnet,california,1042.0,2042,4,california,heldout_ignition
21.0,0.3333333333333333,0.7130242825607064,491,-34.333333333333336,commnet,california,1042.0,2042,5,california,heldout_ignition
13.0,0.6666666666666666,0.7130242825607064,460,-19.666666666666668,commnet,california,1042.0,2042,6,california,heldout_ignition
9.0,0.6666666666666666,0.7130242825607064,449,-15.666666666666668,commnet,california,1042.0,2042,7,california,heldout_ignition
0.0,1.0,0.7130242825607064,241,0.0,commnet,california,1042.0,2042,8,california,heldout_ignition
19.0,0.5,1.0,622,-29.0,commnet,california,1042.0,2042,9,california,heldout_ignition
21.0,0.3333333333333333,0.7130242825607064,488,-34.333333333333336,commnet,california,1042.0,2042,10,california,heldout_ignition
13.0,0.6666666666666666,0.7130242825607064,449,-19.666666666666668,commnet,california,1042.0,2042,11,california,heldout_ignition
9.0,0.6666666666666666,0.7130242825607064,413,-15.666666666666668,commnet,california,1042.0,2042,12,california,heldout_ignition
0.0,1.0,0.7130242825607064,247,0.0,commnet,california,1042.0,2042,13,california,heldout_ignition
19.0,0.5,1.0,533,-29.0,commnet,california,1042.0,2042,14,california,heldout_ignition
21.0,0.3333333333333333,0.7130242825607064,474,-34.333333333333336,commnet,california,1042.0,3042,0,california,heldout_ignition
13.0,0.6666666666666666,0.7130242825607064,427,-19.666666666666668,commnet,california,1042.0,3042,1,california,heldout_ignition
9.0,0.6666666666666666,0.7130242825607064,440,-15.666666666666668,commnet,california,1042.0,3042,2,california,heldout_ignition
0.0,1.0,0.7130242825607064,226,0.0,commnet,california,1042.0,3042,3,california,heldout_ignition
19.0,0.5,1.0,533,-29.0,commnet,california,1042.0,3042,4,california,heldout_ignition
21.0,0.3333333333333333,0.7130242825607064,465,-34.333333333333336,commnet,california,1042.0,3042,5,california,heldout_ignition
13.0,0.6666666666666666,0.7130242825607064,471,-19.666666666666668,commnet,california,1042.0,3042,6,california,heldout_ignition
9.0,0.6666666666666666,0.7130242825607064,419,-15.666666666666668,commnet,california,1042.0,3042,7,california,heldout_ignition
0.0,1.0,0.7130242825607064,247,0.0,commnet,california,1042.0,3042,8,california,heldout_ignition
19.0,0.5,1.0,521,-29.0,commnet,california,1042.0,3042,9,california,heldout_ignition
21.0,0.3333333333333333,0.7130242825607064,485,-34.333333333333336,commnet,california,1042.0,3042,10,california,heldout_ignition
13.0,0.6666666666666666,0.7130242825607064,469,-19.666666666666668,commnet,california,1042.0,3042,11,california,heldout_ignition
9.0,0.6666666666666666,0.7130242825607064,453,-15.666666666666668,commnet,california,1042.0,3042,12,california,heldout_ignition
0.0,1.0,0.7130242825607064,229,0.0,commnet,california,1042.0,3042,13,california,heldout_ignition
19.0,0.5,1.0,594,-29.0,commnet,california,1042.0,3042,14,california,heldout_ignition
21.0,0.3333333333333333,0.7152317880794702,513,-34.333333333333336,commnet,california,1042.0,4042,0,california,heldout_ignition
13.0,0.6666666666666666,0.7130242825607064,435,-19.666666666666668,commnet,california,1042.0,4042,1,california,heldout_ignition
9.0,0.6666666666666666,0.7130242825607064,436,-15.666666666666668,commnet,california,1042.0,4042,2,california,heldout_ignition
3.0,0.8333333333333334,0.7130242825607064,321,-6.333333333333332,commnet,california,1042.0,4042,3,california,heldout_ignition
19.0,0.5,1.0,544,-29.0,commnet,california,1042.0,4042,4,california,heldout_ignition
21.0,0.3333333333333333,0.7130242825607064,481,-34.333333333333336,commnet,california,1042.0,4042,5,california,heldout_ignition
13.0,0.6666666666666666,0.7130242825607064,482,-19.666666666666668,commnet,california,1042.0,4042,6,california,heldout_ignition
9.0,0.6666666666666666,0.7130242825607064,417,-15.666666666666668,commnet,california,1042.0,4042,7,california,heldout_ignition
3.0,0.8333333333333334,0.7130242825607064,330,-6.333333333333332,commnet,california,1042.0,4042,8,california,heldout_ignition
19.0,0.5,1.0,540,-29.0,commnet,california,1042.0,4042,9,california,heldout_ignition
21.0,0.3333333333333333,0.7130242825607064,497,-34.333333333333336,commnet,california,1042.0,4042,10,california,heldout_ignition
13.0,0.6666666666666666,0.7130242825607064,460,-19.666666666666668,commnet,california,1042.0,4042,11,california,heldout_ignition
9.0,0.6666666666666666,0.7130242825607064,445,-15.666666666666668,commnet,california,1042.0,4042,12,california,heldout_ignition
0.0,1.0,0.7130242825607064,241,0.0,commnet,california,1042.0,4042,13,california,heldout_ignition
19.0,0.5,1.0,519,-29.0,commnet,california,1042.0,4042,14,california,heldout_ignition
12.0,0.6666666666666666,1.0,198,-18.666666666666668,commnet,california,2042.0,42,0,california,heldout_ignition
13.0,0.6666666666666666,0.9668874172185432,444,-19.666666666666668,commnet,california,2042.0,42,1,california,heldout_ignition
3.0,0.8333333333333334,1.0,404,-6.333333333333332,commnet,california,2042.0,42,2,california,heldout_ignition
0.0,1.0,1.0,231,0.0,commnet,california,2042.0,42,3,california,heldout_ignition
13.0,0.6666666666666666,0.7593818984547461,461,-19.666666666666668,commnet,california,2042.0,42,4,california,heldout_ignition
12.0,0.6666666666666666,1.0,198,-18.666666666666668,commnet,california,2042.0,42,5,california,heldout_ignition
13.0,0.6666666666666666,0.9668874172185432,419,-19.666666666666668,commnet,california,2042.0,42,6,california,heldout_ignition
13.0,0.6666666666666666,1.0,432,-19.666666666666668,commnet,california,2042.0,42,7,california,heldout_ignition
3.0,0.8333333333333334,1.0,311,-6.333333333333332,commnet,california,2042.0,42,8,california,heldout_ignition
13.0,0.6666666666666666,0.7593818984547461,443,-19.666666666666668,commnet,california,2042.0,42,9,california,heldout_ignition
12.0,0.6666666666666666,1.0,198,-18.666666666666668,commnet,california,2042.0,42,10,california,heldout_ignition
13.0,0.6666666666666666,0.9690949227373068,426,-19.666666666666668,commnet,california,2042.0,42,11,california,heldout_ignition
3.0,0.8333333333333334,1.0,381,-6.333333333333332,commnet,california,2042.0,42,12,california,heldout_ignition
0.0,1.0,1.0,264,0.0,commnet,california,2042.0,42,13,california,heldout_ignition
13.0,0.6666666666666666,0.7593818984547461,467,-19.666666666666668,commnet,california,2042.0,42,14,california,heldout_ignition
12.0,0.6666666666666666,1.0,198,-18.666666666666668,commnet,california,2042.0,1042,0,california,heldout_ignition
13.0,0.6666666666666666,0.9690949227373068,426,-19.666666666666668,commnet,california,2042.0,1042,1,california,heldout_ignition
3.0,0.8333333333333334,1.0,394,-6.333333333333332,commnet,california,2042.0,1042,2,california,heldout_ignition
0.0,1.0,1.0,247,0.0,commnet,california,2042.0,1042,3,california,heldout_ignition
13.0,0.6666666666666666,0.7593818984547461,446,-19.666666666666668,commnet,california,2042.0,1042,4,california,heldout_ignition
12.0,0.6666666666666666,1.0,198,-18.666666666666668,commnet,california,2042.0,1042,5,california,heldout_ignition
13.0,0.6666666666666666,0.9690949227373068,437,-19.666666666666668,commnet,california,2042.0,1042,6,california,heldout_ignition
3.0,0.8333333333333334,1.0,356,-6.333333333333332,commnet,california,2042.0,1042,7,california,heldout_ignition
3.0,0.8333333333333334,1.0,299,-6.333333333333332,commnet,california,2042.0,1042,8,california,heldout_ignition
13.0,0.6666666666666666,0.9646799116997792,481,-19.666666666666668,commnet,california,2042.0,1042,9,california,heldout_ignition
12.0,0.6666666666666666,1.0,198,-18.666666666666668,commnet,california,2042.0,1042,10,california,heldout_ignition
13.0,0.6666666666666666,0.9668874172185432,444,-19.666666666666668,commnet,california,2042.0,1042,11,california,heldout_ignition
3.0,0.8333333333333334,1.0,366,-6.333333333333332,commnet,california,2042.0,1042,12,california,heldout_ignition
3.0,0.8333333333333334,1.0,300,-6.333333333333332,commnet,california,2042.0,1042,13,california,heldout_ignition
13.0,0.6666666666666666,0.7593818984547461,460,-19.666666666666668,commnet,california,2042.0,1042,14,california,heldout_ignition
12.0,0.6666666666666666,1.0,198,-18.666666666666668,commnet,california,2042.0,2042,0,california,heldout_ignition
13.0,0.6666666666666666,0.9668874172185432,437,-19.666666666666668,commnet,california,2042.0,2042,1,california,heldout_ignition
3.0,0.8333333333333334,1.0,357,-6.333333333333332,commnet,california,2042.0,2042,2,california,heldout_ignition
3.0,0.8333333333333334,1.0,288,-6.333333333333332,commnet,california,2042.0,2042,3,california,heldout_ignition
13.0,0.6666666666666666,0.7593818984547461,443,-19.666666666666668,commnet,california,2042.0,2042,4,california,heldout_ignition
12.0,0.6666666666666666,1.0,198,-18.666666666666668,commnet,california,2042.0,2042,5,california,heldout_ignition
13.0,0.6666666666666666,0.9646799116997792,451,-19.666666666666668,commnet,california,2042.0,2042,6,california,heldout_ignition
3.0,0.8333333333333334,1.0,382,-6.333333333333332,commnet,california,2042.0,2042,7,california,heldout_ignition
0.0,1.0,1.0,241,0.0,commnet,california,2042.0,2042,8,california,heldout_ignition
13.0,0.6666666666666666,0.9602649006622516,498,-19.666666666666668,commnet,california,2042.0,2042,9,california,heldout_ignition
12.0,0.6666666666666666,1.0,198,-18.666666666666668,commnet,california,2042.0,2042,10,california,heldout_ignition
13.0,0.6666666666666666,0.9668874172185432,440,-19.666666666666668,commnet,california,2042.0,2042,11,california,heldout_ignition
3.0,0.8333333333333334,1.0,353,-6.333333333333332,commnet,california,2042.0,2042,12,california,heldout_ignition
0.0,1.0,1.0,247,0.0,commnet,california,2042.0,2042,13,california,heldout_ignition
13.0,0.6666666666666666,0.7593818984547461,444,-19.666666666666668,commnet,california,2042.0,2042,14,california,heldout_ignition
12.0,0.6666666666666666,1.0,198,-18.666666666666668,commnet,california,2042.0,3042,0,california,heldout_ignition
13.0,0.6666666666666666,0.9668874172185432,419,-19.666666666666668,commnet,california,2042.0,3042,1,california,heldout_ignition
3.0,0.8333333333333334,1.0,376,-6.333333333333332,commnet,california,2042.0,3042,2,california,heldout_ignition
0.0,1.0,1.0,226,0.0,commnet,california,2042.0,3042,3,california,heldout_ignition
13.0,0.6666666666666666,0.7593818984547461,444,-19.666666666666668,commnet,california,2042.0,3042,4,california,heldout_ignition
12.0,0.6666666666666666,1.0,198,-18.666666666666668,commnet,california,2042.0,3042,5,california,heldout_ignition
13.0,0.6666666666666666,0.9668874172185432,461,-19.666666666666668,commnet,california,2042.0,3042,6,california,heldout_ignition
3.0,0.8333333333333334,1.0,357,-6.333333333333332,commnet,california,2042.0,3042,7,california,heldout_ignition
0.0,1.0,1.0,247,0.0,commnet,california,2042.0,3042,8,california,heldout_ignition
13.0,0.6666666666666666,0.7593818984547461,438,-19.666666666666668,commnet,california,2042.0,3042,9,california,heldout_ignition
12.0,0.6666666666666666,1.0,198,-18.666666666666668,commnet,california,2042.0,3042,10,california,heldout_ignition
13.0,0.6666666666666666,0.9646799116997792,459,-19.666666666666668,commnet,california,2042.0,3042,11,california,heldout_ignition
3.0,0.8333333333333334,1.0,384,-6.333333333333332,commnet,california,2042.0,3042,12,california,heldout_ignition
0.0,1.0,1.0,229,0.0,commnet,california,2042.0,3042,13,california,heldout_ignition
13.0,0.6666666666666666,0.9602649006622516,486,-19.666666666666668,commnet,california,2042.0,3042,14,california,heldout_ignition
12.0,0.6666666666666666,1.0,198,-18.666666666666668,commnet,california,2042.0,4042,0,california,heldout_ignition
13.0,0.6666666666666666,0.9690949227373068,426,-19.666666666666668,commnet,california,2042.0,4042,1,california,heldout_ignition
3.0,0.8333333333333334,1.0,373,-6.333333333333332,commnet,california,2042.0,4042,2,california,heldout_ignition
3.0,0.8333333333333334,1.0,321,-6.333333333333332,commnet,california,2042.0,4042,3,california,heldout_ignition
13.0,0.6666666666666666,0.7593818984547461,450,-19.666666666666668,commnet,california,2042.0,4042,4,california,heldout_ignition
12.0,0.6666666666666666,1.0,198,-18.666666666666668,commnet,california,2042.0,4042,5,california,heldout_ignition
13.0,0.6666666666666666,0.9668874172185432,471,-19.666666666666668,commnet,california,2042.0,4042,6,california,heldout_ignition
3.0,0.8333333333333334,1.0,356,-6.333333333333332,commnet,california,2042.0,4042,7,california,heldout_ignition
3.0,0.8333333333333334,1.0,330,-6.333333333333332,commnet,california,2042.0,4042,8,california,heldout_ignition
13.0,0.6666666666666666,0.7593818984547461,448,-19.666666666666668,commnet,california,2042.0,4042,9,california,heldout_ignition
12.0,0.6666666666666666,1.0,198,-18.666666666666668,commnet,california,2042.0,4042,10,california,heldout_ignition
13.0,0.6666666666666666,0.9646799116997792,451,-19.666666666666668,commnet,california,2042.0,4042,11,california,heldout_ignition
3.0,0.8333333333333334,1.0,379,-6.333333333333332,commnet,california,2042.0,4042,12,california,heldout_ignition
0.0,1.0,1.0,241,0.0,commnet,california,2042.0,4042,13,california,heldout_ignition
13.0,0.6666666666666666,0.7593818984547461,437,-19.666666666666668,commnet,california,2042.0,4042,14,california,heldout_ignition
21.0,0.3333333333333333,0.9271523178807948,451,-34.53333333333333,commnet,california,3042.0,42,0,california,heldout_ignition
10.0,0.8333333333333334,0.8101545253863135,402,-13.533333333333331,commnet,california,3042.0,42,1,california,heldout_ignition
9.0,0.6666666666666666,0.891832229580574,402,-15.866666666666667,commnet,california,3042.0,42,2,california,heldout_ignition
0.0,1.0,0.6997792494481236,231,-0.2,commnet,california,3042.0,42,3,california,heldout_ignition
19.0,0.5,0.891832229580574,507,-29.2,commnet,california,3042.0,42,4,california,heldout_ignition
21.0,0.3333333333333333,0.93598233995585,493,-34.53333333333333,commnet,california,3042.0,42,5,california,heldout_ignition
10.0,0.8333333333333334,0.7924944812362031,355,-13.533333333333331,commnet,california,3042.0,42,6,california,heldout_ignition
19.0,0.5,0.9028697571743928,475,-29.2,commnet,california,3042.0,42,7,california,heldout_ignition
3.0,0.8333333333333334,0.7152317880794702,310,-6.533333333333332,commnet,california,3042.0,42,8,california,heldout_ignition
19.0,0.5,0.8830022075055187,475,-29.2,commnet,california,3042.0,42,9,california,heldout_ignition
21.0,0.3333333333333333,0.9293598233995584,449,-34.53333333333333,commnet,california,3042.0,42,10,california,heldout_ignition
10.0,0.8333333333333334,0.7991169977924945,375,-13.533333333333331,commnet,california,3042.0,42,11,california,heldout_ignition
9.0,0.6666666666666666,0.869757174392936,388,-15.866666666666667,commnet,california,3042.0,42,12,california,heldout_ignition
0.0,1.0,0.7350993377483444,264,-0.2,commnet,california,3042.0,42,13,california,heldout_ignition
19.0,0.5,0.8940397350993378,511,-29.2,commnet,california,3042.0,42,14,california,heldout_ignition
21.0,0.3333333333333333,0.9271523178807948,451,-34.53333333333333,commnet,california,3042.0,1042,0,california,heldout_ignition
10.0,0.8333333333333334,0.7991169977924945,375,-13.533333333333331,commnet,california,3042.0,1042,1,california,heldout_ignition
9.0,0.6666666666666666,0.8896247240618101,406,-15.866666666666667,commnet,california,3042.0,1042,2,california,heldout_ignition
0.0,1.0,0.7240618101545254,247,-0.2,commnet,california,3042.0,1042,3,california,heldout_ignition
19.0,0.5,0.8852097130242825,455,-29.2,commnet,california,3042.0,1042,4,california,heldout_ignition
21.0,0.3333333333333333,0.9249448123620309,444,-34.53333333333333,commnet,california,3042.0,1042,5,california,heldout_ignition
10.0,0.8333333333333334,0.8035320088300221,386,-13.533333333333331,commnet,california,3042.0,1042,6,california,heldout_ignition
9.0,0.6666666666666666,0.8609271523178808,376,-15.866666666666667,commnet,california,3042.0,1042,7,california,heldout_ignition
3.0,0.8333333333333334,0.7505518763796909,299,-6.533333333333332,commnet,california,3042.0,1042,8,california,heldout_ignition
19.0,0.5,0.8962472406181016,525,-29.2,commnet,california,3042.0,1042,9,california,heldout_ignition
21.0,0.3333333333333333,0.9293598233995584,453,-34.53333333333333,commnet,california,3042.0,1042,10,california,heldout_ignition
10.0,0.8333333333333334,0.8101545253863135,402,-13.533333333333331,commnet,california,3042.0,1042,11,california,heldout_ignition
9.0,0.6666666666666666,0.869757174392936,378,-15.866666666666667,commnet,california,3042.0,1042,12,california,heldout_ignition
3.0,0.8333333333333334,0.7527593818984547,300,-6.533333333333332,commnet,california,3042.0,1042,13,california,heldout_ignition
19.0,0.5,0.8896247240618101,486,-29.2,commnet,california,3042.0,1042,14,california,heldout_ignition
21.0,0.3333333333333333,0.9205298013245032,438,-34.53333333333333,commnet,california,3042.0,2042,0,california,heldout_ignition
10.0,0.8333333333333334,0.8057395143487859,389,-13.533333333333331,commnet,california,3042.0,2042,1,california,heldout_ignition
9.0,0.6666666666666666,0.8653421633554084,376,-15.866666666666667,commnet,california,3042.0,2042,2,california,heldout_ignition
3.0,0.8333333333333334,0.7461368653421634,288,-6.533333333333332,commnet,california,3042.0,2042,3,california,heldout_ignition
19.0,0.5,0.8830022075055187,455,-29.2,commnet,california,3042.0,2042,4,california,heldout_ignition
21.0,0.3333333333333333,0.9315673289183224,457,-34.53333333333333,commnet,california,3042.0,2042,5,california,heldout_ignition
10.0,0.8333333333333334,0.8123620309050773,407,-13.533333333333331,commnet,california,3042.0,2042,6,california,heldout_ignition
9.0,0.6666666666666666,0.869757174392936,388,-15.866666666666667,commnet,california,3042.0,2042,7,california,heldout_ignition
0.0,1.0,0.6997792494481236,241,-0.2,commnet,california,3042.0,2042,8,california,heldout_ignition
19.0,0.5,0.9050772626931568,546,-29.2,commnet,california,3042.0,2042,9,california,heldout_ignition
21.0,0.3333333333333333,0.9293598233995584,454,-34.53333333333333,commnet,california,3042.0,2042,10,california,heldout_ignition
10.0,0.8333333333333334,0.8057395143487859,392,-13.533333333333331,commnet,california,3042.0,2042,11,california,heldout_ignition
9.0,0.6666666666666666,0.8609271523178808,373,-15.866666666666667,commnet,california,3042.0,2042,12,california,heldout_ignition
0.0,1.0,0.6997792494481236,247,-0.2,commnet,california,3042.0,2042,13,california,heldout_ignition
19.0,0.5,0.8830022075055187,455,-29.2,commnet,california,3042.0,2042,14,california,heldout_ignition
21.0,0.3333333333333333,0.9271523178807948,450,-34.53333333333333,commnet,california,3042.0,3042,0,california,heldout_ignition
10.0,0.8333333333333334,0.7924944812362031,355,-13.533333333333331,commnet,california,3042.0,3042,1,california,heldout_ignition
9.0,0.6666666666666666,0.8763796909492274,382,-15.866666666666667,commnet,california,3042.0,3042,2,california,heldout_ignition
0.0,1.0,0.7064017660044151,226,-0.2,commnet,california,3042.0,3042,3,california,heldout_ignition
19.0,0.5,0.8807947019867549,505,-29.2,commnet,california,3042.0,3042,4,california,heldout_ignition
21.0,0.3333333333333333,0.9249448123620309,443,-34.53333333333333,commnet,california,3042.0,3042,5,california,heldout_ignition
10.0,0.8333333333333334,0.8233995584988962,423,-13.533333333333331,commnet,california,3042.0,3042,6,california,heldout_ignition
9.0,0.6666666666666666,0.8653421633554084,376,-15.866666666666667,commnet,california,3042.0,3042,7,california,heldout_ignition
0.0,1.0,0.7240618101545254,247,-0.2,commnet,california,3042.0,3042,8,california,heldout_ignition
19.0,0.5,0.8807947019867549,467,-29.2,commnet,california,3042.0,3042,9,california,heldout_ignition
21.0,0.3333333333333333,0.9293598233995584,453,-34.53333333333333,commnet,california,3042.0,3042,10,california,heldout_ignition
10.0,0.8333333333333334,0.8189845474613686,420,-13.533333333333331,commnet,california,3042.0,3042,11,california,heldout_ignition
9.0,0.6666666666666666,0.869757174392936,390,-15.866666666666667,commnet,california,3042.0,3042,12,california,heldout_ignition
0.0,1.0,0.7086092715231788,229,-0.2,commnet,california,3042.0,3042,13,california,heldout_ignition
19.0,0.5,0.9050772626931568,527,-29.2,commnet,california,3042.0,3042,14,california,heldout_ignition
21.0,0.3333333333333333,0.93598233995585,458,-34.53333333333333,commnet,california,3042.0,4042,0,california,heldout_ignition
10.0,0.8333333333333334,0.7991169977924945,376,-13.533333333333331,commnet,california,3042.0,4042,1,california,heldout_ignition
9.0,0.6666666666666666,0.8741721854304636,381,-15.866666666666667,commnet,california,3042.0,4042,2,california,heldout_ignition
3.0,0.8333333333333334,0.7637969094922737,316,-6.533333333333332,commnet,california,3042.0,4042,3,california,heldout_ignition
9.0,0.6666666666666666,0.8498896247240618,494,-15.866666666666667,commnet,california,3042.0,4042,4,california,heldout_ignition
21.0,0.3333333333333333,0.9293598233995584,451,-34.53333333333333,commnet,california,3042.0,4042,5,california,heldout_ignition
13.0,0.6666666666666666,0.82560706401766,429,-19.866666666666667,commnet,california,3042.0,4042,6,california,heldout_ignition
9.0,0.6666666666666666,0.8631346578366446,376,-15.866666666666667,commnet,california,3042.0,4042,7,california,heldout_ignition
3.0,0.8333333333333334,0.7682119205298014,323,-6.533333333333332,commnet,california,3042.0,4042,8,california,heldout_ignition
19.0,0.5,0.8874172185430463,460,-29.2,commnet,california,3042.0,4042,9,california,heldout_ignition
21.0,0.3333333333333333,0.933774834437086,456,-34.53333333333333,commnet,california,3042.0,4042,10,california,heldout_ignition
10.0,0.8333333333333334,0.8145695364238411,408,-13.533333333333331,commnet,california,3042.0,4042,11,california,heldout_ignition
9.0,0.6666666666666666,0.8785871964679912,386,-15.866666666666667,commnet,california,3042.0,4042,12,california,heldout_ignition
0.0,1.0,0.717439293598234,241,-0.2,commnet,california,3042.0,4042,13,california,heldout_ignition
19.0,0.5,0.8807947019867549,496,-29.2,commnet,california,3042.0,4042,14,california,heldout_ignition
24.0,0.1666666666666666,1.0,566,-40.66666666666667,commnet,california,4042.0,42,0,california,heldout_ignition
13.0,0.6666666666666666,1.0,482,-19.666666666666668,commnet,california,4042.0,42,1,california,heldout_ignition
9.0,0.6666666666666666,0.9602649006622516,513,-15.766666666666667,commnet,california,4042.0,42,2,california,heldout_ignition
0.0,1.0,1.0,231,0.0,commnet,california,4042.0,42,3,california,heldout_ignition
19.0,0.5,1.0,563,-29.0,commnet,california,4042.0,42,4,california,heldout_ignition
24.0,0.1666666666666666,1.0,591,-40.66666666666667,commnet,california,4042.0,42,5,california,heldout_ignition
13.0,0.6666666666666666,1.0,440,-19.666666666666668,commnet,california,4042.0,42,6,california,heldout_ignition
19.0,0.5,1.0,571,-29.0,commnet,california,4042.0,42,7,california,heldout_ignition
3.0,0.8333333333333334,1.0,314,-6.333333333333332,commnet,california,4042.0,42,8,california,heldout_ignition
19.0,0.5,1.0,569,-29.0,commnet,california,4042.0,42,9,california,heldout_ignition
24.0,0.1666666666666666,1.0,571,-40.66666666666667,commnet,california,4042.0,42,10,california,heldout_ignition
13.0,0.6666666666666666,1.0,453,-19.666666666666668,commnet,california,4042.0,42,11,california,heldout_ignition
9.0,0.6666666666666666,0.9470198675496688,477,-15.766666666666667,commnet,california,4042.0,42,12,california,heldout_ignition
0.0,1.0,1.0,264,0.0,commnet,california,4042.0,42,13,california,heldout_ignition
19.0,0.5,1.0,565,-29.0,commnet,california,4042.0,42,14,california,heldout_ignition
24.0,0.1666666666666666,1.0,566,-40.66666666666667,commnet,california,4042.0,1042,0,california,heldout_ignition
13.0,0.6666666666666666,1.0,453,-19.666666666666668,commnet,california,4042.0,1042,1,california,heldout_ignition
9.0,0.6666666666666666,0.955849889624724,498,-15.766666666666667,commnet,california,4042.0,1042,2,california,heldout_ignition
0.0,1.0,1.0,247,0.0,commnet,california,4042.0,1042,3,california,heldout_ignition
19.0,0.5,1.0,561,-29.0,commnet,california,4042.0,1042,4,california,heldout_ignition
24.0,0.1666666666666666,1.0,571,-40.66666666666667,commnet,california,4042.0,1042,5,california,heldout_ignition
13.0,0.6666666666666666,1.0,468,-19.666666666666668,commnet,california,4042.0,1042,6,california,heldout_ignition
9.0,0.6666666666666666,0.9602649006622516,440,-15.766666666666667,commnet,california,4042.0,1042,7,california,heldout_ignition
3.0,0.8333333333333334,1.0,300,-6.333333333333332,commnet,california,4042.0,1042,8,california,heldout_ignition
19.0,0.5,1.0,578,-29.0,commnet,california,4042.0,1042,9,california,heldout_ignition
24.0,0.1666666666666666,1.0,569,-40.66666666666667,commnet,california,4042.0,1042,10,california,heldout_ignition
13.0,0.6666666666666666,1.0,482,-19.666666666666668,commnet,california,4042.0,1042,11,california,heldout_ignition
9.0,0.6666666666666666,0.9470198675496688,454,-15.766666666666667,commnet,california,4042.0,1042,12,california,heldout_ignition
3.0,0.8333333333333334,1.0,302,-6.333333333333332,commnet,california,4042.0,1042,13,california,heldout_ignition
19.0,0.5,1.0,582,-29.0,commnet,california,4042.0,1042,14,california,heldout_ignition
24.0,0.1666666666666666,1.0,557,-40.66666666666667,commnet,california,4042.0,2042,0,california,heldout_ignition
13.0,0.6666666666666666,1.0,468,-19.666666666666668,commnet,california,4042.0,2042,1,california,heldout_ignition
9.0,0.6666666666666666,0.955849889624724,442,-15.766666666666667,commnet,california,4042.0,2042,2,california,heldout_ignition
3.0,0.8333333333333334,1.0,289,-6.333333333333332,commnet,california,4042.0,2042,3,california,heldout_ignition
19.0,0.5,1.0,570,-29.0,commnet,california,4042.0,2042,4,california,heldout_ignition
24.0,0.1666666666666666,1.0,569,-40.66666666666667,commnet,california,4042.0,2042,5,california,heldout_ignition
13.0,0.6666666666666666,1.0,494,-19.666666666666668,commnet,california,4042.0,2042,6,california,heldout_ignition
9.0,0.6666666666666666,0.9470198675496688,478,-15.766666666666667,commnet,california,4042.0,2042,7,california,heldout_ignition
0.0,1.0,1.0,241,0.0,commnet,california,4042.0,2042,8,california,heldout_ignition
19.0,0.5,1.0,575,-29.0,commnet,california,4042.0,2042,9,california,heldout_ignition
24.0,0.1666666666666666,1.0,569,-40.66666666666667,commnet,california,4042.0,2042,10,california,heldout_ignition
13.0,0.6666666666666666,1.0,473,-19.666666666666668,commnet,california,4042.0,2042,11,california,heldout_ignition
9.0,0.6666666666666666,0.9602649006622516,435,-15.766666666666667,commnet,california,4042.0,2042,12,california,heldout_ignition
0.0,1.0,1.0,247,0.0,commnet,california,4042.0,2042,13,california,heldout_ignition
19.0,0.5,1.0,570,-29.0,commnet,california,4042.0,2042,14,california,heldout_ignition
24.0,0.1666666666666666,1.0,569,-40.66666666666667,commnet,california,4042.0,3042,0,california,heldout_ignition
13.0,0.6666666666666666,1.0,440,-19.666666666666668,commnet,california,4042.0,3042,1,california,heldout_ignition
9.0,0.6666666666666666,0.9448123620309052,467,-15.766666666666667,commnet,california,4042.0,3042,2,california,heldout_ignition
0.0,1.0,1.0,226,0.0,commnet,california,4042.0,3042,3,california,heldout_ignition
19.0,0.5,1.0,557,-29.0,commnet,california,4042.0,3042,4,california,heldout_ignition
24.0,0.1666666666666666,1.0,571,-40.66666666666667,commnet,california,4042.0,3042,5,california,heldout_ignition
13.0,0.6666666666666666,1.0,511,-19.666666666666668,commnet,california,4042.0,3042,6,california,heldout_ignition
9.0,0.6666666666666666,0.955849889624724,442,-15.766666666666667,commnet,california,4042.0,3042,7,california,heldout_ignition
0.0,1.0,1.0,247,0.0,commnet,california,4042.0,3042,8,california,heldout_ignition
19.0,0.5,1.0,565,-29.0,commnet,california,4042.0,3042,9,california,heldout_ignition
24.0,0.1666666666666666,1.0,569,-40.66666666666667,commnet,california,4042.0,3042,10,california,heldout_ignition
13.0,0.6666666666666666,1.0,507,-19.666666666666668,commnet,california,4042.0,3042,11,california,heldout_ignition
9.0,0.6666666666666666,0.9492273730684326,482,-15.766666666666667,commnet,california,4042.0,3042,12,california,heldout_ignition
0.0,1.0,1.0,229,0.0,commnet,california,4042.0,3042,13,california,heldout_ignition
25.0,0.3333333333333333,1.0,679,-38.333333333333336,commnet,california,4042.0,3042,14,california,heldout_ignition
34.0,0.0,0.8587196467991169,746,-54.60000000000001,commnet,california,4042.0,4042,0,california,heldout_ignition
13.0,0.6666666666666666,1.0,453,-19.666666666666668,commnet,california,4042.0,4042,1,california,heldout_ignition
9.0,0.6666666666666666,0.9426048565121412,462,-15.766666666666667,commnet,california,4042.0,4042,2,california,heldout_ignition
3.0,0.8333333333333334,1.0,325,-6.333333333333332,commnet,california,4042.0,4042,3,california,heldout_ignition
19.0,0.5,1.0,569,-29.0,commnet,california,4042.0,4042,4,california,heldout_ignition
24.0,0.1666666666666666,1.0,568,-40.66666666666667,commnet,california,4042.0,4042,5,california,heldout_ignition
13.0,0.6666666666666666,1.0,511,-19.666666666666668,commnet,california,4042.0,4042,6,california,heldout_ignition
9.0,0.6666666666666666,0.958057395143488,440,-15.766666666666667,commnet,california,4042.0,4042,7,california,heldout_ignition
3.0,0.8333333333333334,1.0,336,-6.333333333333332,commnet,california,4042.0,4042,8,california,heldout_ignition
19.0,0.5,1.0,584,-29.0,commnet,california,4042.0,4042,9,california,heldout_ignition
24.0,0.1666666666666666,1.0,590,-40.66666666666667,commnet,california,4042.0,4042,10,california,heldout_ignition
13.0,0.6666666666666666,1.0,494,-19.666666666666668,commnet,california,4042.0,4042,11,california,heldout_ignition
9.0,0.6666666666666666,0.9448123620309052,473,-15.766666666666667,commnet,california,4042.0,4042,12,california,heldout_ignition
0.0,1.0,1.0,241,0.0,commnet,california,4042.0,4042,13,california,heldout_ignition
19.0,0.5,1.0,561,-29.0,commnet,california,4042.0,4042,14,california,heldout_ignition
18.0,0.3333333333333333,0.9977924944812362,421,-31.333333333333336,hiercomm_heur,california,42.0,42,0,california,heldout_ignition
10.0,0.8333333333333334,1.0,444,-13.333333333333332,hiercomm_heur,california,42.0,42,1,california,heldout_ignition
3.0,0.8333333333333334,1.0,444,-6.333333333333332,hiercomm_heur,california,42.0,42,2,california,heldout_ignition
0.0,1.0,0.9602649006622516,231,0.0,hiercomm_heur,california,42.0,42,3,california,heldout_ignition
0.0,1.0,1.0,0,0.0,hiercomm_heur,california,42.0,42,4,california,heldout_ignition
6.0,0.8333333333333334,0.9916666666666668,49,-9.333333333333332,hiercomm_heur,california,42.0,42,5,california,heldout_ignition
10.0,0.8333333333333334,1.0,405,-13.333333333333332,hiercomm_heur,california,42.0,42,6,california,heldout_ignition
13.0,0.6666666666666666,1.0,469,-19.666666666666668,hiercomm_heur,california,42.0,42,7,california,heldout_ignition
3.0,0.8333333333333334,0.9249448123620309,313,-6.333333333333332,hiercomm_heur,california,42.0,42,8,california,heldout_ignition
0.0,1.0,1.0,0,0.0,hiercomm_heur,california,42.0,42,9,california,heldout_ignition
0.0,1.0,1.0,45,0.0,hiercomm_heur,california,42.0,42,10,california,heldout_ignition
0.0,1.0,1.0,359,0.0,hiercomm_heur,california,42.0,42,11,california,heldout_ignition
3.0,0.8333333333333334,1.0,422,-6.333333333333332,hiercomm_heur,california,42.0,42,12,california,heldout_ignition
0.0,1.0,0.9426048565121412,264,0.0,hiercomm_heur,california,42.0,42,13,california,heldout_ignition
0.0,1.0,1.0,0,0.0,hiercomm_heur,california,42.0,42,14,california,heldout_ignition
18.0,0.3333333333333333,0.9977924944812362,421,-31.333333333333336,hiercomm_heur,california,42.0,1042,0,california,heldout_ignition
10.0,0.8333333333333334,1.0,424,-13.333333333333332,hiercomm_heur,california,42.0,1042,1,california,heldout_ignition
3.0,0.8333333333333334,1.0,349,-6.333333333333332,hiercomm_heur,california,42.0,1042,2,california,heldout_ignition
0.0,1.0,0.9470198675496688,247,0.0,hiercomm_heur,california,42.0,1042,3,california,heldout_ignition
0.0,1.0,1.0,0,0.0,hiercomm_heur,california,42.0,1042,4,california,heldout_ignition
0.0,1.0,1.0,50,0.0,hiercomm_heur,california,42.0,1042,5,california,heldout_ignition
13.0,0.6666666666666666,1.0,414,-19.666666666666668,hiercomm_heur,california,42.0,1042,6,california,heldout_ignition
3.0,0.8333333333333334,1.0,397,-6.333333333333332,hiercomm_heur,california,42.0,1042,7,california,heldout_ignition
3.0,0.8333333333333334,0.9315673289183224,300,-6.333333333333332,hiercomm_heur,california,42.0,1042,8,california,heldout_ignition
0.0,1.0,1.0,0,0.0,hiercomm_heur,california,42.0,1042,9,california,heldout_ignition
18.0,0.3333333333333333,0.9977924944812362,427,-31.333333333333336,hiercomm_heur,california,42.0,1042,10,california,heldout_ignition
10.0,0.8333333333333334,1.0,444,-13.333333333333332,hiercomm_heur,california,42.0,1042,11,california,heldout_ignition
3.0,0.8333333333333334,1.0,408,-6.333333333333332,hiercomm_heur,california,42.0,1042,12,california,heldout_ignition
3.0,0.8333333333333334,0.9293598233995584,302,-6.333333333333332,hiercomm_heur,california,42.0,1042,13,california,heldout_ignition
0.0,1.0,1.0,0,0.0,hiercomm_heur,california,42.0,1042,14,california,heldout_ignition
6.0,0.8333333333333334,1.0,47,-9.333333333333332,hiercomm_heur,california,42.0,2042,0,california,heldout_ignition
13.0,0.6666666666666666,1.0,402,-19.666666666666668,hiercomm_heur,california,42.0,2042,1,california,heldout_ignition
3.0,0.8333333333333334,1.0,399,-6.333333333333332,hiercomm_heur,california,42.0,2042,2,california,heldout_ignition
3.0,0.8333333333333334,0.9315673289183224,289,-6.333333333333332,hiercomm_heur,california,42.0,2042,3,california,heldout_ignition
0.0,1.0,1.0,0,0.0,hiercomm_heur,california,42.0,2042,4,california,heldout_ignition
6.0,0.8333333333333334,1.0,39,-9.333333333333332,hiercomm_heur,california,42.0,2042,5,california,heldout_ignition
10.0,0.8333333333333334,1.0,429,-13.333333333333332,hiercomm_heur,california,42.0,2042,6,california,heldout_ignition
3.0,0.8333333333333334,1.0,423,-6.333333333333332,hiercomm_heur,california,42.0,2042,7,california,heldout_ignition
0.0,1.0,0.9514348785871964,241,0.0,hiercomm_heur,california,42.0,2042,8,california,heldout_ignition
0.0,1.0,1.0,0,0.0,hiercomm_heur,california,42.0,2042,9,california,heldout_ignition
18.0,0.3333333333333333,0.9977924944812362,433,-31.333333333333336,hiercomm_heur,california,42.0,2042,10,california,heldout_ignition
13.0,0.6666666666666666,1.0,405,-19.666666666666668,hiercomm_heur,california,42.0,2042,11,california,heldout_ignition
3.0,0.8333333333333334,1.0,393,-6.333333333333332,hiercomm_heur,california,42.0,2042,12,california,heldout_ignition
0.0,1.0,0.9470198675496688,247,0.0,hiercomm_heur,california,42.0,2042,13,california,heldout_ignition
0.0,1.0,1.0,0,0.0,hiercomm_heur,california,42.0,2042,14,california,heldout_ignition
6.0,0.8333333333333334,1.0,58,-9.333333333333332,hiercomm_heur,california,42.0,3042,0,california,heldout_ignition
10.0,0.8333333333333334,1.0,412,-13.333333333333332,hiercomm_heur,california,42.0,3042,1,california,heldout_ignition
3.0,0.8333333333333334,1.0,416,-6.333333333333332,hiercomm_heur,california,42.0,3042,2,california,heldout_ignition
0.0,1.0,0.9646799116997792,226,0.0,hiercomm_heur,california,42.0,3042,3,california,heldout_ignition
0.0,1.0,1.0,0,0.0,hiercomm_heur,california,42.0,3042,4,california,heldout_ignition
0.0,1.0,1.0,50,0.0,hiercomm_heur,california,42.0,3042,5,california,heldout_ignition
10.0,0.8333333333333334,1.0,438,-13.333333333333332,hiercomm_heur,california,42.0,3042,6,california,heldout_ignition
3.0,0.8333333333333334,1.0,399,-6.333333333333332,hiercomm_heur,california,42.0,3042,7,california,heldout_ignition
0.0,1.0,0.9470198675496688,247,0.0,hiercomm_heur,california,42.0,3042,8,california,heldout_ignition
0.0,1.0,1.0,0,0.0,hiercomm_heur,california,42.0,3042,9,california,heldout_ignition
18.0,0.3333333333333333,0.9977924944812362,428,-31.333333333333336,hiercomm_heur,california,42.0,3042,10,california,heldout_ignition
10.0,0.8333333333333334,0.9977924944812362,443,-13.333333333333332,hiercomm_heur,california,42.0,3042,11,california,heldout_ignition
3.0,0.8333333333333334,1.0,426,-6.333333333333332,hiercomm_heur,california,42.0,3042,12,california,heldout_ignition
0.0,1.0,0.9624724061810156,229,0.0,hiercomm_heur,california,42.0,3042,13,california,heldout_ignition
0.0,1.0,1.0,0,0.0,hiercomm_heur,california,42.0,3042,14,california,heldout_ignition
0.0,1.0,1.0,28,0.0,hiercomm_heur,california,42.0,4042,0,california,heldout_ignition
10.0,0.8333333333333334,1.0,409,-13.333333333333332,hiercomm_heur,california,42.0,4042,1,california,heldout_ignition
3.0,0.8333333333333334,1.0,412,-6.333333333333332,hiercomm_heur,california,42.0,4042,2,california,heldout_ignition
3.0,0.8333333333333334,0.933774834437086,322,-6.333333333333332,hiercomm_heur,california,42.0,4042,3,california,heldout_ignition
0.0,1.0,1.0,0,0.0,hiercomm_heur,california,42.0,4042,4,california,heldout_ignition
18.0,0.3333333333333333,0.9977924944812362,425,-31.333333333333336,hiercomm_heur,california,42.0,4042,5,california,heldout_ignition
0.0,1.0,1.0,405,0.0,hiercomm_heur,california,42.0,4042,6,california,heldout_ignition
0.0,1.0,1.0,214,0.0,hiercomm_heur,california,42.0,4042,7,california,heldout_ignition
3.0,0.8333333333333334,0.9293598233995584,332,-6.333333333333332,hiercomm_heur,california,42.0,4042,8,california,heldout_ignition
0.0,1.0,1.0,0,0.0,hiercomm_heur,california,42.0,4042,9,california,heldout_ignition
6.0,0.8333333333333334,1.0,49,-9.333333333333332,hiercomm_heur,california,42.0,4042,10,california,heldout_ignition
10.0,0.8333333333333334,1.0,465,-13.333333333333332,hiercomm_heur,california,42.0,4042,11,california,heldout_ignition
3.0,0.8333333333333334,1.0,372,-6.333333333333332,hiercomm_heur,california,42.0,4042,12,california,heldout_ignition
0.0,1.0,0.9514348785871964,241,0.0,hiercomm_heur,california,42.0,4042,13,california,heldout_ignition
0.0,1.0,1.0,0,0.0,hiercomm_heur,california,42.0,4042,14,california,heldout_ignition
0.0,1.0,1.0,29,0.0,hiercomm_heur,california,1042.0,42,0,california,heldout_ignition
10.0,0.8333333333333334,0.9977924944812362,351,-13.333333333333332,hiercomm_heur,california,1042.0,42,1,california,heldout_ignition
9.0,0.6666666666666666,0.9757174392935982,223,-15.866666666666667,hiercomm_heur,california,1042.0,42,2,california,heldout_ignition
0.0,1.0,0.977924944812362,138,-0.1,hiercomm_heur,california,1042.0,42,3,california,heldout_ignition
13.0,0.6666666666666666,0.9381898454746136,432,-19.666666666666668,hiercomm_heur,california,1042.0,42,4,california,heldout_ignition
6.0,0.8333333333333334,1.0,32,-9.333333333333332,hiercomm_heur,california,1042.0,42,5,california,heldout_ignition
10.0,0.8333333333333334,0.9977924944812362,361,-13.333333333333332,hiercomm_heur,california,1042.0,42,6,california,heldout_ignition
6.0,0.8333333333333334,0.9646799116997792,241,-9.633333333333333,hiercomm_heur,california,1042.0,42,7,california,heldout_ignition
0.0,1.0,0.9823399558498896,251,-0.1,hiercomm_heur,california,1042.0,42,8,california,heldout_ignition
3.0,0.8333333333333334,1.0,346,-6.333333333333332,hiercomm_heur,california,1042.0,42,9,california,heldout_ignition
0.0,1.0,1.0,26,0.0,hiercomm_heur,california,1042.0,42,10,california,heldout_ignition
10.0,0.8333333333333334,0.9977924944812362,384,-13.333333333333332,hiercomm_heur,california,1042.0,42,11,california,heldout_ignition
9.0,0.6666666666666666,0.9757174392935982,194,-15.866666666666667,hiercomm_heur,california,1042.0,42,12,california,heldout_ignition
0.0,1.0,0.9782608695652174,131,-0.1,hiercomm_heur,california,1042.0,42,13,california,heldout_ignition
13.0,0.6666666666666666,0.9845474613686536,443,-19.666666666666668,hiercomm_heur,california,1042.0,42,14,california,heldout_ignition
0.0,1.0,1.0,29,0.0,hiercomm_heur,california,1042.0,1042,0,california,heldout_ignition
10.0,0.8333333333333334,0.9977924944812362,384,-13.333333333333332,hiercomm_heur,california,1042.0,1042,1,california,heldout_ignition
9.0,0.6666666666666666,0.9668874172185432,179,-15.966666666666669,hiercomm_heur,california,1042.0,1042,2,california,heldout_ignition
0.0,1.0,0.9801324503311258,134,-0.1,hiercomm_heur,california,1042.0,1042,3,california,heldout_ignition
13.0,0.6666666666666666,1.0,393,-19.666666666666668,hiercomm_heur,california,1042.0,1042,4,california,heldout_ignition
0.0,1.0,1.0,26,0.0,hiercomm_heur,california,1042.0,1042,5,california,heldout_ignition
10.0,0.8333333333333334,0.9977924944812362,386,-13.333333333333332,hiercomm_heur,california,1042.0,1042,6,california,heldout_ignition
9.0,0.6666666666666666,0.9955849889624724,160,-15.666666666666668,hiercomm_heur,california,1042.0,1042,7,california,heldout_ignition
0.0,1.0,0.9823399558498896,227,-0.1,hiercomm_heur,california,1042.0,1042,8,california,heldout_ignition
6.0,0.6666666666666666,0.9955849889624724,397,-12.666666666666668,hiercomm_heur,california,1042.0,1042,9,california,heldout_ignition
10.0,0.8333333333333334,0.9889624724061812,283,-13.433333333333332,hiercomm_heur,california,1042.0,1042,10,california,heldout_ignition
10.0,0.8333333333333334,0.9977924944812362,351,-13.333333333333332,hiercomm_heur,california,1042.0,1042,11,california,heldout_ignition
9.0,0.6666666666666666,0.9955849889624724,171,-15.666666666666668,hiercomm_heur,california,1042.0,1042,12,california,heldout_ignition
0.0,1.0,0.9823399558498896,230,-0.1,hiercomm_heur,california,1042.0,1042,13,california,heldout_ignition
13.0,0.6666666666666666,1.0,418,-19.666666666666668,hiercomm_heur,california,1042.0,1042,14,california,heldout_ignition
0.0,1.0,1.0,26,0.0,hiercomm_heur,california,1042.0,2042,0,california,heldout_ignition
10.0,0.8333333333333334,0.9977924944812362,358,-13.333333333333332,hiercomm_heur,california,1042.0,2042,1,california,heldout_ignition
3.0,0.8333333333333334,0.9955849889624724,134,-6.333333333333332,hiercomm_heur,california,1042.0,2042,2,california,heldout_ignition
0.0,1.0,0.8763796909492274,253,-0.1,hiercomm_heur,california,1042.0,2042,3,california,heldout_ignition
3.0,0.8333333333333334,1.0,345,-6.333333333333332,hiercomm_heur,california,1042.0,2042,4,california,heldout_ignition
6.0,0.8333333333333334,0.9977924944812362,36,-9.333333333333332,hiercomm_heur,california,1042.0,2042,5,california,heldout_ignition
10.0,0.8333333333333334,0.9977924944812362,380,-13.333333333333332,hiercomm_heur,california,1042.0,2042,6,california,heldout_ignition
9.0,0.6666666666666666,0.9713024282560706,192,-15.866666666666667,hiercomm_heur,california,1042.0,2042,7,california,heldout_ignition
0.0,1.0,0.977924944812362,138,-0.1,hiercomm_heur,california,1042.0,2042,8,california,heldout_ignition
16.0,0.5,1.0,510,-26.0,hiercomm_heur,california,1042.0,2042,9,california,heldout_ignition
0.0,1.0,1.0,34,0.0,hiercomm_heur,california,1042.0,2042,10,california,heldout_ignition
10.0,0.8333333333333334,0.9977924944812362,344,-13.333333333333332,hiercomm_heur,california,1042.0,2042,11,california,heldout_ignition
9.0,0.6666666666666666,0.9955849889624724,159,-15.666666666666668,hiercomm_heur,california,1042.0,2042,12,california,heldout_ignition
0.0,1.0,0.9801324503311258,134,-0.1,hiercomm_heur,california,1042.0,2042,13,california,heldout_ignition
13.0,0.6666666666666666,1.0,398,-19.666666666666668,hiercomm_heur,california,1042.0,2042,14,california,heldout_ignition
0.0,1.0,1.0,29,0.0,hiercomm_heur,california,1042.0,3042,0,california,heldout_ignition
10.0,0.8333333333333334,0.9977924944812362,361,-13.333333333333332,hiercomm_heur,california,1042.0,3042,1,california,heldout_ignition
3.0,0.8333333333333334,0.9757174392935982,116,-6.433333333333332,hiercomm_heur,california,1042.0,3042,2,california,heldout_ignition
0.0,1.0,0.9801324503311258,167,-0.1,hiercomm_heur,california,1042.0,3042,3,california,heldout_ignition
13.0,0.6666666666666666,0.8984547461368654,392,-19.666666666666668,hiercomm_heur,california,1042.0,3042,4,california,heldout_ignition
0.0,1.0,1.0,26,0.0,hiercomm_heur,california,1042.0,3042,5,california,heldout_ignition
10.0,0.8333333333333334,0.9977924944812362,389,-13.333333333333332,hiercomm_heur,california,1042.0,3042,6,california,heldout_ignition
3.0,0.8333333333333334,0.9955849889624724,134,-6.333333333333332,hiercomm_heur,california,1042.0,3042,7,california,heldout_ignition
0.0,1.0,0.9801324503311258,135,-0.1,hiercomm_heur,california,1042.0,3042,8,california,heldout_ignition
3.0,0.8333333333333334,1.0,270,-6.333333333333332,hiercomm_heur,california,1042.0,3042,9,california,heldout_ignition
0.0,1.0,1.0,34,0.0,hiercomm_heur,california,1042.0,3042,10,california,heldout_ignition
10.0,0.8333333333333334,0.9977924944812362,379,-13.333333333333332,hiercomm_heur,california,1042.0,3042,11,california,heldout_ignition
9.0,0.6666666666666666,0.9757174392935982,137,-15.866666666666667,hiercomm_heur,california,1042.0,3042,12,california,heldout_ignition
0.0,1.0,0.9801324503311258,166,-0.1,hiercomm_heur,california,1042.0,3042,13,california,heldout_ignition
6.0,0.6666666666666666,1.0,440,-12.666666666666668,hiercomm_heur,california,1042.0,3042,14,california,heldout_ignition
6.0,0.8333333333333334,1.0,32,-9.333333333333332,hiercomm_heur,california,1042.0,4042,0,california,heldout_ignition
10.0,0.8333333333333334,0.9977924944812362,384,-13.333333333333332,hiercomm_heur,california,1042.0,4042,1,california,heldout_ignition
3.0,0.8333333333333334,0.9757174392935982,116,-6.433333333333332,hiercomm_heur,california,1042.0,4042,2,california,heldout_ignition
0.0,1.0,0.9823399558498896,236,-0.1,hiercomm_heur,california,1042.0,4042,3,california,heldout_ignition
13.0,0.6666666666666666,1.0,389,-19.666666666666668,hiercomm_heur,california,1042.0,4042,4,california,heldout_ignition
10.0,0.8333333333333334,1.0,293,-13.333333333333332,hiercomm_heur,california,1042.0,4042,5,california,heldout_ignition
10.0,0.8333333333333334,0.9977924944812362,347,-13.333333333333332,hiercomm_heur,california,1042.0,4042,6,california,heldout_ignition
9.0,0.6666666666666666,0.9955849889624724,162,-15.666666666666668,hiercomm_heur,california,1042.0,4042,7,california,heldout_ignition
0.0,1.0,0.9823399558498896,256,-0.1,hiercomm_heur,california,1042.0,4042,8,california,heldout_ignition
13.0,0.6666666666666666,1.0,407,-19.666666666666668,hiercomm_heur,california,1042.0,4042,9,california,heldout_ignition
6.0,0.8333333333333334,0.9930555555555556,32,-9.333333333333332,hiercomm_heur,california,1042.0,4042,10,california,heldout_ignition
10.0,0.8333333333333334,0.9977924944812362,380,-13.333333333333332,hiercomm_heur,california,1042.0,4042,11,california,heldout_ignition
3.0,0.8333333333333334,0.9757174392935982,127,-6.433333333333332,hiercomm_heur,california,1042.0,4042,12,california,heldout_ignition
0.0,1.0,0.977924944812362,138,-0.1,hiercomm_heur,california,1042.0,4042,13,california,heldout_ignition
3.0,0.8333333333333334,0.9624724061810156,324,-6.333333333333332,hiercomm_heur,california,1042.0,4042,14,california,heldout_ignition
0.0,1.0,1.0,28,0.0,hiercomm_heur,california,2042.0,42,0,california,heldout_ignition
0.0,1.0,1.0,355,0.0,hiercomm_heur,california,2042.0,42,1,california,heldout_ignition
3.0,0.8333333333333334,1.0,307,-6.333333333333332,hiercomm_heur,california,2042.0,42,2,california,heldout_ignition
0.0,1.0,1.0,231,0.0,hiercomm_heur,california,2042.0,42,3,california,heldout_ignition
0.0,1.0,1.0,0,0.0,hiercomm_heur,california,2042.0,42,4,california,heldout_ignition
0.0,1.0,1.0,28,0.0,hiercomm_heur,california,2042.0,42,5,california,heldout_ignition
13.0,0.6666666666666666,1.0,393,-19.666666666666668,hiercomm_heur,california,2042.0,42,6,california,heldout_ignition
3.0,0.8333333333333334,1.0,278,-6.333333333333332,hiercomm_heur,california,2042.0,42,7,california,heldout_ignition
3.0,0.8333333333333334,1.0,314,-6.333333333333332,hiercomm_heur,california,2042.0,42,8,california,heldout_ignition
0.0,1.0,1.0,0,0.0,hiercomm_heur,california,2042.0,42,9,california,heldout_ignition
0.0,1.0,1.0,28,0.0,hiercomm_heur,california,2042.0,42,10,california,heldout_ignition
13.0,0.6666666666666666,1.0,398,-19.666666666666668,hiercomm_heur,california,2042.0,42,11,california,heldout_ignition
3.0,0.8333333333333334,1.0,277,-6.333333333333332,hiercomm_heur,california,2042.0,42,12,california,heldout_ignition
0.0,1.0,1.0,264,0.0,hiercomm_heur,california,2042.0,42,13,california,heldout_ignition
0.0,1.0,1.0,0,0.0,hiercomm_heur,california,2042.0,42,14,california,heldout_ignition
0.0,1.0,1.0,28,0.0,hiercomm_heur,california,2042.0,1042,0,california,heldout_ignition
13.0,0.6666666666666666,1.0,398,-19.666666666666668,hiercomm_heur,california,2042.0,1042,1,california,heldout_ignition
3.0,0.8333333333333334,1.0,310,-6.333333333333332,hiercomm_heur,california,2042.0,1042,2,california,heldout_ignition
0.0,1.0,1.0,247,0.0,hiercomm_heur,california,2042.0,1042,3,california,heldout_ignition
0.0,1.0,1.0,0,0.0,hiercomm_heur,california,2042.0,1042,4,california,heldout_ignition
0.0,1.0,1.0,28,0.0,hiercomm_heur,california,2042.0,1042,5,california,heldout_ignition
0.0,1.0,0.9977924944812362,387,0.0,hiercomm_heur,california,2042.0,1042,6,california,heldout_ignition
3.0,0.8333333333333334,1.0,255,-6.333333333333332,hiercomm_heur,california,2042.0,1042,7,california,heldout_ignition
3.0,0.8333333333333334,0.9977924944812362,300,-6.333333333333332,hiercomm_heur,california,2042.0,1042,8,california,heldout_ignition
0.0,1.0,1.0,0,0.0,hiercomm_heur,california,2042.0,1042,9,california,heldout_ignition
6.0,0.8333333333333334,1.0,31,-9.333333333333332,hiercomm_heur,california,2042.0,1042,10,california,heldout_ignition
0.0,1.0,1.0,355,0.0,hiercomm_heur,california,2042.0,1042,11,california,heldout_ignition
3.0,0.8333333333333334,1.0,305,-6.333333333333332,hiercomm_heur,california,2042.0,1042,12,california,heldout_ignition
3.0,0.8333333333333334,0.9977924944812362,302,-6.333333333333332,hiercomm_heur,california,2042.0,1042,13,california,heldout_ignition
0.0,1.0,1.0,0,0.0,hiercomm_heur,california,2042.0,1042,14,california,heldout_ignition
0.0,1.0,1.0,28,0.0,hiercomm_heur,california,2042.0,2042,0,california,heldout_ignition
0.0,1.0,1.0,385,0.0,hiercomm_heur,california,2042.0,2042,1,california,heldout_ignition
3.0,0.8333333333333334,1.0,304,-6.333333333333332,hiercomm_heur,california,2042.0,2042,2,california,heldout_ignition
3.0,0.8333333333333334,1.0,289,-6.333333333333332,hiercomm_heur,california,2042.0,2042,3,california,heldout_ignition
0.0,1.0,1.0,0,0.0,hiercomm_heur,california,2042.0,2042,4,california,heldout_ignition
6.0,0.8333333333333334,1.0,31,-9.333333333333332,hiercomm_heur,california,2042.0,2042,5,california,heldout_ignition
0.0,1.0,1.0,405,0.0,hiercomm_heur,california,2042.0,2042,6,california,heldout_ignition
3.0,0.8333333333333334,1.0,277,-6.333333333333332,hiercomm_heur,california,2042.0,2042,7,california,heldout_ignition
0.0,1.0,1.0,241,0.0,hiercomm_heur,california,2042.0,2042,8,california,heldout_ignition
0.0,1.0,1.0,0,0.0,hiercomm_heur,california,2042.0,2042,9,california,heldout_ignition
6.0,0.8333333333333334,1.0,31,-9.333333333333332,hiercomm_heur,california,2042.0,2042,10,california,heldout_ignition
0.0,1.0,1.0,350,0.0,hiercomm_heur,california,2042.0,2042,11,california,heldout_ignition
3.0,0.8333333333333334,1.0,253,-6.333333333333332,hiercomm_heur,california,2042.0,2042,12,california,heldout_ignition
0.0,1.0,1.0,247,0.0,hiercomm_heur,california,2042.0,2042,13,california,heldout_ignition
0.0,1.0,1.0,0,0.0,hiercomm_heur,california,2042.0,2042,14,california,heldout_ignition
0.0,1.0,1.0,28,0.0,hiercomm_heur,california,2042.0,3042,0,california,heldout_ignition
13.0,0.6666666666666666,1.0,393,-19.666666666666668,hiercomm_heur,california,2042.0,3042,1,california,heldout_ignition
3.0,0.8333333333333334,1.0,302,-6.333333333333332,hiercomm_heur,california,2042.0,3042,2,california,heldout_ignition
0.0,1.0,1.0,226,0.0,hiercomm_heur,california,2042.0,3042,3,california,heldout_ignition
0.0,1.0,1.0,0,0.0,hiercomm_heur,california,2042.0,3042,4,california,heldout_ignition
0.0,1.0,1.0,28,0.0,hiercomm_heur,california,2042.0,3042,5,california,heldout_ignition
3.0,0.8333333333333334,1.0,438,-6.333333333333332,hiercomm_heur,california,2042.0,3042,6,california,heldout_ignition
3.0,0.8333333333333334,1.0,304,-6.333333333333332,hiercomm_heur,california,2042.0,3042,7,california,heldout_ignition
0.0,1.0,1.0,247,0.0,hiercomm_heur,california,2042.0,3042,8,california,heldout_ignition
0.0,1.0,1.0,0,0.0,hiercomm_heur,california,2042.0,3042,9,california,heldout_ignition
6.0,0.8333333333333334,1.0,31,-9.333333333333332,hiercomm_heur,california,2042.0,3042,10,california,heldout_ignition
3.0,0.8333333333333334,0.955849889624724,428,-6.633333333333331,hiercomm_heur,california,2042.0,3042,11,california,heldout_ignition
3.0,0.8333333333333334,1.0,281,-6.333333333333332,hiercomm_heur,california,2042.0,3042,12,california,heldout_ignition
0.0,1.0,1.0,229,0.0,hiercomm_heur,california,2042.0,3042,13,california,heldout_ignition
0.0,1.0,1.0,0,0.0,hiercomm_heur,california,2042.0,3042,14,california,heldout_ignition
0.0,1.0,1.0,28,0.0,hiercomm_heur,california,2042.0,4042,0,california,heldout_ignition
0.0,1.0,1.0,363,0.0,hiercomm_heur,california,2042.0,4042,1,california,heldout_ignition
3.0,0.8333333333333334,1.0,286,-6.333333333333332,hiercomm_heur,california,2042.0,4042,2,california,heldout_ignition
3.0,0.8333333333333334,1.0,325,-6.333333333333332,hiercomm_heur,california,2042.0,4042,3,california,heldout_ignition
0.0,1.0,1.0,0,0.0,hiercomm_heur,california,2042.0,4042,4,california,heldout_ignition
6.0,0.8333333333333334,1.0,31,-9.333333333333332,hiercomm_heur,california,2042.0,4042,5,california,heldout_ignition
10.0,0.8333333333333334,1.0,407,-13.333333333333332,hiercomm_heur,california,2042.0,4042,6,california,heldout_ignition
3.0,0.8333333333333334,1.0,255,-6.333333333333332,hiercomm_heur,california,2042.0,4042,7,california,heldout_ignition
3.0,0.8333333333333334,1.0,336,-6.333333333333332,hiercomm_heur,california,2042.0,4042,8,california,heldout_ignition
0.0,1.0,1.0,0,0.0,hiercomm_heur,california,2042.0,4042,9,california,heldout_ignition
0.0,1.0,1.0,28,0.0,hiercomm_heur,california,2042.0,4042,10,california,heldout_ignition
0.0,1.0,1.0,406,0.0,hiercomm_heur,california,2042.0,4042,11,california,heldout_ignition
3.0,0.8333333333333334,1.0,262,-6.333333333333332,hiercomm_heur,california,2042.0,4042,12,california,heldout_ignition
0.0,1.0,1.0,241,0.0,hiercomm_heur,california,2042.0,4042,13,california,heldout_ignition
0.0,1.0,1.0,0,0.0,hiercomm_heur,california,2042.0,4042,14,california,heldout_ignition
6.0,0.8333333333333334,1.0,40,-9.333333333333332,hiercomm_heur,california,3042.0,42,0,california,heldout_ignition
13.0,0.6666666666666666,0.9977924944812362,433,-19.666666666666668,hiercomm_heur,california,3042.0,42,1,california,heldout_ignition
9.0,0.6666666666666666,1.0,388,-15.666666666666668,hiercomm_heur,california,3042.0,42,2,california,heldout_ignition
0.0,1.0,0.9823399558498896,231,-0.1,hiercomm_heur,california,3042.0,42,3,california,heldout_ignition
13.0,0.6666666666666666,1.0,493,-19.666666666666668,hiercomm_heur,california,3042.0,42,4,california,heldout_ignition
6.0,0.8333333333333334,1.0,45,-9.333333333333332,hiercomm_heur,california,3042.0,42,5,california,heldout_ignition
13.0,0.6666666666666666,1.0,428,-19.666666666666668,hiercomm_heur,california,3042.0,42,6,california,heldout_ignition
3.0,0.8333333333333334,0.9977924944812362,405,-6.333333333333332,hiercomm_heur,california,3042.0,42,7,california,heldout_ignition
3.0,0.8333333333333334,0.9823399558498896,299,-6.433333333333332,hiercomm_heur,california,3042.0,42,8,california,heldout_ignition
0.0,1.0,1.0,441,0.0,hiercomm_heur,california,3042.0,42,9,california,heldout_ignition
6.0,0.8333333333333334,0.977924944812362,211,-9.533333333333331,hiercomm_heur,california,3042.0,42,10,california,heldout_ignition
13.0,0.6666666666666666,0.9911699779249448,425,-19.666666666666668,hiercomm_heur,california,3042.0,42,11,california,heldout_ignition
9.0,0.6666666666666666,1.0,323,-15.666666666666668,hiercomm_heur,california,3042.0,42,12,california,heldout_ignition
0.0,1.0,0.9823399558498896,261,-0.1,hiercomm_heur,california,3042.0,42,13,california,heldout_ignition
13.0,0.6666666666666666,1.0,480,-19.666666666666668,hiercomm_heur,california,3042.0,42,14,california,heldout_ignition
6.0,0.8333333333333334,1.0,40,-9.333333333333332,hiercomm_heur,california,3042.0,1042,0,california,heldout_ignition
13.0,0.6666666666666666,0.9911699779249448,429,-19.666666666666668,hiercomm_heur,california,3042.0,1042,1,california,heldout_ignition
9.0,0.6666666666666666,1.0,328,-15.666666666666668,hiercomm_heur,california,3042.0,1042,2,california,heldout_ignition
0.0,1.0,0.9823399558498896,247,-0.1,hiercomm_heur,california,3042.0,1042,3,california,heldout_ignition
10.0,0.8333333333333334,0.9977924944812362,510,-13.333333333333332,hiercomm_heur,california,3042.0,1042,4,california,heldout_ignition
12.0,0.6666666666666666,0.955849889624724,212,-19.16666666666667,hiercomm_heur,california,3042.0,1042,5,california,heldout_ignition
13.0,0.6666666666666666,1.0,433,-19.666666666666668,hiercomm_heur,california,3042.0,1042,6,california,heldout_ignition
9.0,0.6666666666666666,1.0,303,-15.666666666666668,hiercomm_heur,california,3042.0,1042,7,california,heldout_ignition
3.0,0.8333333333333334,0.9823399558498896,300,-6.433333333333332,hiercomm_heur,california,3042.0,1042,8,california,heldout_ignition
9.0,0.6666666666666666,0.9977924944812362,437,-15.666666666666668,hiercomm_heur,california,3042.0,1042,9,california,heldout_ignition
6.0,0.8333333333333334,1.0,39,-9.333333333333332,hiercomm_heur,california,3042.0,1042,10,california,heldout_ignition
13.0,0.6666666666666666,0.9977924944812362,433,-19.666666666666668,hiercomm_heur,california,3042.0,1042,11,california,heldout_ignition
9.0,0.6666666666666666,0.9646799116997792,325,-15.666666666666668,hiercomm_heur,california,3042.0,1042,12,california,heldout_ignition
3.0,0.8333333333333334,0.9823399558498896,302,-6.433333333333332,hiercomm_heur,california,3042.0,1042,13,california,heldout_ignition
0.0,1.0,1.0,419,0.0,hiercomm_heur,california,3042.0,1042,14,california,heldout_ignition
0.0,1.0,1.0,26,0.0,hiercomm_heur,california,3042.0,2042,0,california,heldout_ignition
13.0,0.6666666666666666,0.9977924944812362,432,-19.666666666666668,hiercomm_heur,california,3042.0,2042,1,california,heldout_ignition
3.0,0.8333333333333334,0.9646799116997792,295,-6.333333333333332,hiercomm_heur,california,3042.0,2042,2,california,heldout_ignition
3.0,0.8333333333333334,0.9823399558498896,287,-6.433333333333332,hiercomm_heur,california,3042.0,2042,3,california,heldout_ignition
0.0,1.0,1.0,419,0.0,hiercomm_heur,california,3042.0,2042,4,california,heldout_ignition
6.0,0.8333333333333334,1.0,46,-9.333333333333332,hiercomm_heur,california,3042.0,2042,5,california,heldout_ignition
13.0,0.6666666666666666,1.0,455,-19.666666666666668,hiercomm_heur,california,3042.0,2042,6,california,heldout_ignition
9.0,0.6666666666666666,1.0,324,-15.666666666666668,hiercomm_heur,california,3042.0,2042,7,california,heldout_ignition
0.0,1.0,0.9823399558498896,241,-0.1,hiercomm_heur,california,3042.0,2042,8,california,heldout_ignition
9.0,0.6666666666666666,0.9977924944812362,392,-15.666666666666668,hiercomm_heur,california,3042.0,2042,9,california,heldout_ignition
6.0,0.8333333333333334,1.0,41,-9.333333333333332,hiercomm_heur,california,3042.0,2042,10,california,heldout_ignition
13.0,0.6666666666666666,0.9977924944812362,433,-19.666666666666668,hiercomm_heur,california,3042.0,2042,11,california,heldout_ignition
3.0,0.8333333333333334,0.9646799116997792,269,-6.333333333333332,hiercomm_heur,california,3042.0,2042,12,california,heldout_ignition
0.0,1.0,0.9823399558498896,247,-0.1,hiercomm_heur,california,3042.0,2042,13,california,heldout_ignition
0.0,1.0,1.0,419,0.0,hiercomm_heur,california,3042.0,2042,14,california,heldout_ignition
6.0,0.8333333333333334,1.0,38,-9.333333333333332,hiercomm_heur,california,3042.0,3042,0,california,heldout_ignition
13.0,0.6666666666666666,1.0,428,-19.666666666666668,hiercomm_heur,california,3042.0,3042,1,california,heldout_ignition
3.0,0.8333333333333334,1.0,281,-6.333333333333332,hiercomm_heur,california,3042.0,3042,2,california,heldout_ignition
0.0,1.0,0.9823399558498896,226,-0.1,hiercomm_heur,california,3042.0,3042,3,california,heldout_ignition
10.0,0.8333333333333334,1.0,448,-13.333333333333332,hiercomm_heur,california,3042.0,3042,4,california,heldout_ignition
12.0,0.6666666666666666,0.955849889624724,212,-19.16666666666667,hiercomm_heur,california,3042.0,3042,5,california,heldout_ignition
13.0,0.6666666666666666,0.9977924944812362,481,-19.666666666666668,hiercomm_heur,california,3042.0,3042,6,california,heldout_ignition
3.0,0.8333333333333334,0.9646799116997792,295,-6.333333333333332,hiercomm_heur,california,3042.0,3042,7,california,heldout_ignition
0.0,1.0,0.9823399558498896,247,-0.1,hiercomm_heur,california,3042.0,3042,8,california,heldout_ignition
13.0,0.6666666666666666,0.9867549668874172,489,-19.666666666666668,hiercomm_heur,california,3042.0,3042,9,california,heldout_ignition
6.0,0.8333333333333334,1.0,41,-9.333333333333332,hiercomm_heur,california,3042.0,3042,10,california,heldout_ignition
13.0,0.6666666666666666,1.0,456,-19.666666666666668,hiercomm_heur,california,3042.0,3042,11,california,heldout_ignition
9.0,0.6666666666666666,0.9735099337748344,266,-15.666666666666668,hiercomm_heur,california,3042.0,3042,12,california,heldout_ignition
0.0,1.0,0.9823399558498896,229,-0.1,hiercomm_heur,california,3042.0,3042,13,california,heldout_ignition
9.0,0.6666666666666666,0.9977924944812362,441,-15.666666666666668,hiercomm_heur,california,3042.0,3042,14,california,heldout_ignition
6.0,0.8333333333333334,1.0,45,-9.333333333333332,hiercomm_heur,california,3042.0,4042,0,california,heldout_ignition
13.0,0.6666666666666666,0.9911699779249448,429,-19.666666666666668,hiercomm_heur,california,3042.0,4042,1,california,heldout_ignition
3.0,0.8333333333333334,0.9227373068432672,285,-6.333333333333332,hiercomm_heur,california,3042.0,4042,2,california,heldout_ignition
3.0,0.8333333333333334,0.9823399558498896,318,-6.433333333333332,hiercomm_heur,california,3042.0,4042,3,california,heldout_ignition
0.0,1.0,0.9867549668874172,428,0.0,hiercomm_heur,california,3042.0,4042,4,california,heldout_ignition
6.0,0.8333333333333334,1.0,39,-9.333333333333332,hiercomm_heur,california,3042.0,4042,5,california,heldout_ignition
16.0,0.5,0.9977924944812362,475,-26.0,hiercomm_heur,california,3042.0,4042,6,california,heldout_ignition
9.0,0.6666666666666666,0.977924944812362,278,-15.666666666666668,hiercomm_heur,california,3042.0,4042,7,california,heldout_ignition
3.0,0.8333333333333334,0.9823399558498896,326,-6.433333333333332,hiercomm_heur,california,3042.0,4042,8,california,heldout_ignition
0.0,1.0,1.0,442,0.0,hiercomm_heur,california,3042.0,4042,9,california,heldout_ignition
6.0,0.8333333333333334,1.0,32,-9.333333333333332,hiercomm_heur,california,3042.0,4042,10,california,heldout_ignition
13.0,0.6666666666666666,1.0,456,-19.666666666666668,hiercomm_heur,california,3042.0,4042,11,california,heldout_ignition
9.0,0.6666666666666666,1.0,324,-15.666666666666668,hiercomm_heur,california,3042.0,4042,12,california,heldout_ignition
0.0,1.0,0.9823399558498896,241,-0.1,hiercomm_heur,california,3042.0,4042,13,california,heldout_ignition
10.0,0.8333333333333334,0.9955849889624724,496,-13.333333333333332,hiercomm_heur,california,3042.0,4042,14,california,heldout_ignition
6.0,0.8333333333333334,1.0,27,-9.333333333333332,hiercomm_heur,california,4042.0,42,0,california,heldout_ignition
13.0,0.6666666666666666,0.7880794701986755,489,-19.96666666666667,hiercomm_heur,california,4042.0,42,1,california,heldout_ignition
3.0,0.8333333333333334,1.0,294,-6.333333333333332,hiercomm_heur,california,4042.0,42,2,california,heldout_ignition
0.0,1.0,1.0,231,0.0,hiercomm_heur,california,4042.0,42,3,california,heldout_ignition
0.0,1.0,1.0,0,0.0,hiercomm_heur,california,4042.0,42,4,california,heldout_ignition
6.0,0.8333333333333334,1.0,48,-9.333333333333332,hiercomm_heur,california,4042.0,42,5,california,heldout_ignition
10.0,0.8333333333333334,0.7836644591611479,440,-13.633333333333333,hiercomm_heur,california,4042.0,42,6,california,heldout_ignition
9.0,0.6666666666666666,1.0,450,-15.666666666666668,hiercomm_heur,california,4042.0,42,7,california,heldout_ignition
3.0,0.8333333333333334,1.0,309,-6.333333333333332,hiercomm_heur,california,4042.0,42,8,california,heldout_ignition
0.0,1.0,1.0,0,0.0,hiercomm_heur,california,4042.0,42,9,california,heldout_ignition
0.0,1.0,1.0,19,0.0,hiercomm_heur,california,4042.0,42,10,california,heldout_ignition
13.0,0.6666666666666666,0.7858719646799117,460,-19.96666666666667,hiercomm_heur,california,4042.0,42,11,california,heldout_ignition
9.0,0.6666666666666666,1.0,319,-15.666666666666668,hiercomm_heur,california,4042.0,42,12,california,heldout_ignition
0.0,1.0,1.0,264,0.0,hiercomm_heur,california,4042.0,42,13,california,heldout_ignition
0.0,1.0,1.0,0,0.0,hiercomm_heur,california,4042.0,42,14,california,heldout_ignition
6.0,0.8333333333333334,1.0,27,-9.333333333333332,hiercomm_heur,california,4042.0,1042,0,california,heldout_ignition
13.0,0.6666666666666666,0.7858719646799117,460,-19.96666666666667,hiercomm_heur,california,4042.0,1042,1,california,heldout_ignition
9.0,0.6666666666666666,1.0,305,-15.666666666666668,hiercomm_heur,california,4042.0,1042,2,california,heldout_ignition
0.0,1.0,1.0,247,0.0,hiercomm_heur,california,4042.0,1042,3,california,heldout_ignition
0.0,1.0,1.0,0,0.0,hiercomm_heur,california,4042.0,1042,4,california,heldout_ignition
0.0,1.0,1.0,19,0.0,hiercomm_heur,california,4042.0,1042,5,california,heldout_ignition
13.0,0.6666666666666666,0.8057395143487859,475,-19.96666666666667,hiercomm_heur,california,4042.0,1042,6,california,heldout_ignition
3.0,0.8333333333333334,1.0,300,-6.333333333333332,hiercomm_heur,california,4042.0,1042,7,california,heldout_ignition
3.0,0.8333333333333334,1.0,300,-6.333333333333332,hiercomm_heur,california,4042.0,1042,8,california,heldout_ignition
0.0,1.0,1.0,0,0.0,hiercomm_heur,california,4042.0,1042,9,california,heldout_ignition
0.0,1.0,1.0,20,0.0,hiercomm_heur,california,4042.0,1042,10,california,heldout_ignition
13.0,0.6666666666666666,0.7880794701986755,489,-19.96666666666667,hiercomm_heur,california,4042.0,1042,11,california,heldout_ignition
3.0,0.8333333333333334,1.0,284,-6.333333333333332,hiercomm_heur,california,4042.0,1042,12,california,heldout_ignition
3.0,0.8333333333333334,1.0,299,-6.333333333333332,hiercomm_heur,california,4042.0,1042,13,california,heldout_ignition
0.0,1.0,1.0,0,0.0,hiercomm_heur,california,4042.0,1042,14,california,heldout_ignition
0.0,1.0,1.0,17,0.0,hiercomm_heur,california,4042.0,2042,0,california,heldout_ignition
13.0,0.6666666666666666,0.7880794701986755,475,-19.96666666666667,hiercomm_heur,california,4042.0,2042,1,california,heldout_ignition
3.0,0.8333333333333334,1.0,300,-6.333333333333332,hiercomm_heur,california,4042.0,2042,2,california,heldout_ignition
3.0,0.8333333333333334,1.0,289,-6.333333333333332,hiercomm_heur,california,4042.0,2042,3,california,heldout_ignition
0.0,1.0,1.0,0,0.0,hiercomm_heur,california,4042.0,2042,4,california,heldout_ignition
6.0,0.8333333333333334,0.9916666666666668,35,-9.333333333333332,hiercomm_heur,california,4042.0,2042,5,california,heldout_ignition
13.0,0.6666666666666666,0.7880794701986755,501,-19.96666666666667,hiercomm_heur,california,4042.0,2042,6,california,heldout_ignition
9.0,0.6666666666666666,1.0,268,-15.666666666666668,hiercomm_heur,california,4042.0,2042,7,california,heldout_ignition
0.0,1.0,1.0,241,0.0,hiercomm_heur,california,4042.0,2042,8,california,heldout_ignition
0.0,1.0,1.0,0,0.0,hiercomm_heur,california,4042.0,2042,9,california,heldout_ignition
6.0,0.8333333333333334,0.9506172839506172,38,-9.433333333333332,hiercomm_heur,california,4042.0,2042,10,california,heldout_ignition
13.0,0.6666666666666666,0.7858719646799117,478,-19.96666666666667,hiercomm_heur,california,4042.0,2042,11,california,heldout_ignition
3.0,0.8333333333333334,1.0,262,-6.333333333333332,hiercomm_heur,california,4042.0,2042,12,california,heldout_ignition
0.0,1.0,1.0,247,0.0,hiercomm_heur,california,4042.0,2042,13,california,heldout_ignition
0.0,1.0,1.0,0,0.0,hiercomm_heur,california,4042.0,2042,14,california,heldout_ignition
6.0,0.8333333333333334,1.0,27,-9.333333333333332,hiercomm_heur,california,4042.0,3042,0,california,heldout_ignition
10.0,0.8333333333333334,0.7836644591611479,440,-13.633333333333333,hiercomm_heur,california,4042.0,3042,1,california,heldout_ignition
3.0,0.8333333333333334,0.9714285714285714,269,-6.333333333333332,hiercomm_heur,california,4042.0,3042,2,california,heldout_ignition
0.0,1.0,1.0,226,0.0,hiercomm_heur,california,4042.0,3042,3,california,heldout_ignition
0.0,1.0,1.0,0,0.0,hiercomm_heur,california,4042.0,3042,4,california,heldout_ignition
0.0,1.0,1.0,19,0.0,hiercomm_heur,california,4042.0,3042,5,california,heldout_ignition
13.0,0.6666666666666666,0.8079470198675497,521,-19.96666666666667,hiercomm_heur,california,4042.0,3042,6,california,heldout_ignition
3.0,0.8333333333333334,1.0,300,-6.333333333333332,hiercomm_heur,california,4042.0,3042,7,california,heldout_ignition
0.0,1.0,1.0,247,0.0,hiercomm_heur,california,4042.0,3042,8,california,heldout_ignition
0.0,1.0,1.0,0,0.0,hiercomm_heur,california,4042.0,3042,9,california,heldout_ignition
6.0,0.8333333333333334,0.9929078014184396,35,-9.333333333333332,hiercomm_heur,california,4042.0,3042,10,california,heldout_ignition
10.0,0.8333333333333334,0.8101545253863135,494,-13.633333333333333,hiercomm_heur,california,4042.0,3042,11,california,heldout_ignition
3.0,0.8333333333333334,0.9889624724061812,264,-6.333333333333332,hiercomm_heur,california,4042.0,3042,12,california,heldout_ignition
0.0,1.0,1.0,229,0.0,hiercomm_heur,california,4042.0,3042,13,california,heldout_ignition
0.0,1.0,1.0,0,0.0,hiercomm_heur,california,4042.0,3042,14,california,heldout_ignition
6.0,0.8333333333333334,1.0,32,-9.333333333333332,hiercomm_heur,california,4042.0,4042,0,california,heldout_ignition
13.0,0.6666666666666666,0.7858719646799117,460,-19.96666666666667,hiercomm_heur,california,4042.0,4042,1,california,heldout_ignition
3.0,0.8333333333333334,1.0,270,-6.333333333333332,hiercomm_heur,california,4042.0,4042,2,california,heldout_ignition
3.0,0.8333333333333334,1.0,319,-6.333333333333332,hiercomm_heur,california,4042.0,4042,3,california,heldout_ignition
0.0,1.0,1.0,0,0.0,hiercomm_heur,california,4042.0,4042,4,california,heldout_ignition
0.0,1.0,1.0,20,0.0,hiercomm_heur,california,4042.0,4042,5,california,heldout_ignition
16.0,0.5,0.8101545253863135,539,-26.3,hiercomm_heur,california,4042.0,4042,6,california,heldout_ignition
3.0,0.8333333333333334,1.0,300,-6.333333333333332,hiercomm_heur,california,4042.0,4042,7,california,heldout_ignition
3.0,0.8333333333333334,1.0,328,-6.333333333333332,hiercomm_heur,california,4042.0,4042,8,california,heldout_ignition
0.0,1.0,1.0,0,0.0,hiercomm_heur,california,4042.0,4042,9,california,heldout_ignition
6.0,0.8333333333333334,0.9904761904761904,28,-9.333333333333332,hiercomm_heur,california,4042.0,4042,10,california,heldout_ignition
13.0,0.6666666666666666,0.7880794701986755,501,-19.96666666666667,hiercomm_heur,california,4042.0,4042,11,california,heldout_ignition
9.0,0.6666666666666666,1.0,275,-15.666666666666668,hiercomm_heur,california,4042.0,4042,12,california,heldout_ignition
0.0,1.0,1.0,241,0.0,hiercomm_heur,california,4042.0,4042,13,california,heldout_ignition
0.0,1.0,1.0,0,0.0,hiercomm_heur,california,4042.0,4042,14,california,heldout_ignition
34.0,0.0,1.0,827,-54.0,noop,california,,42,0,california,wind_plus90
34.0,0.0,1.0,803,-54.0,noop,california,,42,1,california,wind_plus90
34.0,0.0,1.0,825,-54.0,noop,california,,42,2,california,wind_plus90
34.0,0.0,1.0,827,-54.0,noop,california,,42,3,california,wind_plus90
34.0,0.0,1.0,827,-54.0,noop,california,,42,4,california,wind_plus90
34.0,0.0,1.0,756,-54.0,noop,california,,42,5,california,wind_plus90
34.0,0.0,1.0,741,-54.0,noop,california,,42,6,california,wind_plus90
34.0,0.0,1.0,827,-54.0,noop,california,,42,7,california,wind_plus90
34.0,0.0,1.0,827,-54.0,noop,california,,42,8,california,wind_plus90
34.0,0.0,1.0,774,-54.0,noop,california,,42,9,california,wind_plus90
34.0,0.0,1.0,827,-54.0,noop,california,,42,10,california,wind_plus90
34.0,0.0,1.0,824,-54.0,noop,california,,42,11,california,wind_plus90
34.0,0.0,1.0,827,-54.0,noop,california,,42,12,california,wind_plus90
34.0,0.0,1.0,827,-54.0,noop,california,,42,13,california,wind_plus90
34.0,0.0,1.0,804,-54.0,noop,california,,42,14,california,wind_plus90
34.0,0.0,1.0,827,-54.0,noop,california,,1042,0,california,wind_plus90
34.0,0.0,1.0,814,-54.0,noop,california,,1042,1,california,wind_plus90
34.0,0.0,1.0,827,-54.0,noop,california,,1042,2,california,wind_plus90
34.0,0.0,1.0,827,-54.0,noop,california,,1042,3,california,wind_plus90
34.0,0.0,1.0,804,-54.0,noop,california,,1042,4,california,wind_plus90
34.0,0.0,1.0,800,-54.0,noop,california,,1042,5,california,wind_plus90
34.0,0.0,1.0,807,-54.0,noop,california,,1042,6,california,wind_plus90
34.0,0.0,1.0,821,-54.0,noop,california,,1042,7,california,wind_plus90
34.0,0.0,1.0,827,-54.0,noop,california,,1042,8,california,wind_plus90
34.0,0.0,1.0,817,-54.0,noop,california,,1042,9,california,wind_plus90
34.0,0.0,1.0,815,-54.0,noop,california,,1042,10,california,wind_plus90
34.0,0.0,1.0,816,-54.0,noop,california,,1042,11,california,wind_plus90
34.0,0.0,1.0,827,-54.0,noop,california,,1042,12,california,wind_plus90
34.0,0.0,1.0,800,-54.0,noop,california,,1042,13,california,wind_plus90
34.0,0.0,1.0,815,-54.0,noop,california,,1042,14,california,wind_plus90
34.0,0.0,1.0,827,-54.0,noop,california,,2042,0,california,wind_plus90
34.0,0.0,1.0,827,-54.0,noop,california,,2042,1,california,wind_plus90
34.0,0.0,1.0,827,-40.66666666666667,noop,california,,2042,2,california,wind_plus90
34.0,0.0,1.0,827,-54.0,noop,california,,2042,3,california,wind_plus90
34.0,0.0,1.0,773,-54.0,noop,california,,2042,4,california,wind_plus90
34.0,0.0,1.0,827,-54.0,noop,california,,2042,5,california,wind_plus90
34.0,0.0,1.0,827,-54.0,noop,california,,2042,6,california,wind_plus90
34.0,0.0,1.0,795,-54.0,noop,california,,2042,7,california,wind_plus90
34.0,0.0,1.0,827,-54.0,noop,california,,2042,8,california,wind_plus90
34.0,0.0,1.0,827,-54.0,noop,california,,2042,9,california,wind_plus90
34.0,0.0,1.0,821,-54.0,noop,california,,2042,10,california,wind_plus90
34.0,0.0,1.0,774,-54.0,noop,california,,2042,11,california,wind_plus90
34.0,0.0,1.0,827,-54.0,noop,california,,2042,12,california,wind_plus90
34.0,0.0,1.0,826,-54.0,noop,california,,2042,13,california,wind_plus90
34.0,0.0,1.0,827,-54.0,noop,california,,2042,14,california,wind_plus90
34.0,0.0,1.0,724,-54.0,noop,california,,3042,0,california,wind_plus90
34.0,0.0,1.0,761,-54.0,noop,california,,3042,1,california,wind_plus90
34.0,0.0,1.0,807,-54.0,noop,california,,3042,2,california,wind_plus90
34.0,0.0,1.0,809,-54.0,noop,california,,3042,3,california,wind_plus90
34.0,0.0,1.0,827,-54.0,noop,california,,3042,4,california,wind_plus90
34.0,0.0,1.0,818,-54.0,noop,california,,3042,5,california,wind_plus90
34.0,0.0,1.0,827,-54.0,noop,california,,3042,6,california,wind_plus90
34.0,0.0,1.0,820,-54.0,noop,california,,3042,7,california,wind_plus90
34.0,0.0,1.0,827,-54.0,noop,california,,3042,8,california,wind_plus90
34.0,0.0,1.0,827,-54.0,noop,california,,3042,9,california,wind_plus90
34.0,0.0,1.0,827,-54.0,noop,california,,3042,10,california,wind_plus90
34.0,0.0,1.0,825,-54.0,noop,california,,3042,11,california,wind_plus90
34.0,0.0,1.0,765,-54.0,noop,california,,3042,12,california,wind_plus90
34.0,0.0,1.0,826,-54.0,noop,california,,3042,13,california,wind_plus90
34.0,0.0,1.0,814,-54.0,noop,california,,3042,14,california,wind_plus90
34.0,0.0,1.0,817,-54.0,noop,california,,4042,0,california,wind_plus90
34.0,0.0,1.0,816,-54.0,noop,california,,4042,1,california,wind_plus90
34.0,0.0,1.0,827,-54.0,noop,california,,4042,2,california,wind_plus90
34.0,0.0,1.0,815,-54.0,noop,california,,4042,3,california,wind_plus90
34.0,0.0,1.0,827,-54.0,noop,california,,4042,4,california,wind_plus90
34.0,0.0,1.0,820,-54.0,noop,california,,4042,5,california,wind_plus90
34.0,0.0,1.0,819,-54.0,noop,california,,4042,6,california,wind_plus90
34.0,0.0,1.0,827,-54.0,noop,california,,4042,7,california,wind_plus90
34.0,0.0,1.0,827,-54.0,noop,california,,4042,8,california,wind_plus90
34.0,0.0,1.0,827,-54.0,noop,california,,4042,9,california,wind_plus90
34.0,0.0,1.0,827,-54.0,noop,california,,4042,10,california,wind_plus90
34.0,0.0,1.0,827,-54.0,noop,california,,4042,11,california,wind_plus90
34.0,0.0,1.0,827,-54.0,noop,california,,4042,12,california,wind_plus90
34.0,0.0,1.0,827,-54.0,noop,california,,4042,13,california,wind_plus90
34.0,0.0,1.0,795,-54.0,noop,california,,4042,14,california,wind_plus90
28.0,0.1666666666666666,0.9911699779249448,795,-44.66666666666667,value_first,california,,42,0,california,wind_plus90
28.0,0.1666666666666666,0.9889624724061812,766,-44.66666666666667,value_first,california,,42,1,california,wind_plus90
34.0,0.0,0.9911699779249448,813,-54.0,value_first,california,,42,2,california,wind_plus90
34.0,0.0,0.9911699779249448,808,-54.0,value_first,california,,42,3,california,wind_plus90
34.0,0.0,0.9908675799086758,800,-54.0,value_first,california,,42,4,california,wind_plus90
28.0,0.1666666666666666,0.9911699779249448,712,-44.66666666666667,value_first,california,,42,5,california,wind_plus90
28.0,0.1666666666666666,0.9867549668874172,694,-44.66666666666667,value_first,california,,42,6,california,wind_plus90
28.0,0.1666666666666666,0.993103448275862,791,-44.66666666666667,value_first,california,,42,7,california,wind_plus90
28.0,0.1666666666666666,0.9919354838709676,800,-44.66666666666667,value_first,california,,42,8,california,wind_plus90
28.0,0.1666666666666666,0.9911699779249448,737,-44.66666666666667,value_first,california,,42,9,california,wind_plus90
28.0,0.1666666666666666,0.992063492063492,809,-44.66666666666667,value_first,california,,42,10,california,wind_plus90
28.0,0.1666666666666666,0.9911699779249448,793,-44.66666666666667,value_first,california,,42,11,california,wind_plus90
28.0,0.1666666666666666,0.9940476190476192,809,-44.66666666666667,value_first,california,,42,12,california,wind_plus90
28.0,0.1666666666666666,0.989247311827957,809,-44.66666666666667,value_first,california,,42,13,california,wind_plus90
28.0,0.1666666666666666,0.9933774834437086,770,-44.66666666666667,value_first,california,,42,14,california,wind_plus90
28.0,0.1666666666666666,0.9952380952380953,800,-44.66666666666667,value_first,california,,1042,0,california,wind_plus90
34.0,0.0,0.9889624724061812,796,-54.0,value_first,california,,1042,1,california,wind_plus90
28.0,0.1666666666666666,0.9862258953168044,809,-44.66666666666667,value_first,california,,1042,2,california,wind_plus90
34.0,0.0,0.992063492063492,800,-54.0,value_first,california,,1042,3,california,wind_plus90
28.0,0.1666666666666666,0.9911699779249448,767,-44.66666666666667,value_first,california,,1042,4,california,wind_plus90
28.0,0.1666666666666666,0.9933774834437086,757,-44.66666666666667,value_first,california,,1042,5,california,wind_plus90
0.0,1.0,0.9629629629629628,0,0.0,value_first,california,,1042,6,california,wind_plus90
34.0,0.0,0.9933774834437086,803,-54.0,value_first,california,,1042,7,california,wind_plus90
28.0,0.1666666666666666,0.9949874686716792,809,-44.66666666666667,value_first,california,,1042,8,california,wind_plus90
28.0,0.1666666666666666,0.9911699779249448,779,-44.66666666666667,value_first,california,,1042,9,california,wind_plus90
28.0,0.1666666666666666,0.9955849889624724,787,-44.66666666666667,value_first,california,,1042,10,california,wind_plus90
34.0,0.0,0.9867549668874172,802,-54.0,value_first,california,,1042,11,california,wind_plus90
28.0,0.1666666666666666,0.9914529914529916,809,-44.66666666666667,value_first,california,,1042,12,california,wind_plus90
28.0,0.1666666666666666,0.9933774834437086,757,-44.66666666666667,value_first,california,,1042,13,california,wind_plus90
28.0,0.1666666666666666,0.9911699779249448,775,-44.66666666666667,value_first,california,,1042,14,california,wind_plus90
28.0,0.1666666666666666,0.990990990990991,800,-44.66666666666667,value_first,california,,2042,0,california,wind_plus90
34.0,0.0,0.9905437352245864,800,-54.0,value_first,california,,2042,1,california,wind_plus90
34.0,0.0,0.992063492063492,800,-40.66666666666667,value_first,california,,2042,2,california,wind_plus90
28.0,0.1666666666666666,0.9882005899705014,809,-44.66666666666667,value_first,california,,2042,3,california,wind_plus90
28.0,0.1666666666666666,0.9933774834437086,740,-44.66666666666667,value_first,california,,2042,4,california,wind_plus90
28.0,0.1666666666666666,0.9921875,809,-44.66666666666667,value_first,california,,2042,5,california,wind_plus90
0.0,1.0,0.9629629629629628,0,0.0,value_first,california,,2042,6,california,wind_plus90
28.0,0.1666666666666666,0.9933774834437086,768,-44.66666666666667,value_first,california,,2042,7,california,wind_plus90
28.0,0.1666666666666666,0.9929577464788732,800,-44.66666666666667,value_first,california,,2042,8,california,wind_plus90
0.0,1.0,0.9629629629629628,0,0.0,value_first,california,,2042,9,california,wind_plus90
34.0,0.0,0.9955849889624724,798,-54.0,value_first,california,,2042,10,california,wind_plus90
28.0,0.1666666666666666,0.9911699779249448,737,-44.66666666666667,value_first,california,,2042,11,california,wind_plus90
28.0,0.1666666666666666,0.989159891598916,809,-44.66666666666667,value_first,california,,2042,12,california,wind_plus90
28.0,0.1666666666666666,0.9911699779249448,794,-44.66666666666667,value_first,california,,2042,13,california,wind_plus90
34.0,0.0,0.9911699779249448,817,-54.0,value_first,california,,2042,14,california,wind_plus90
28.0,0.1666666666666666,0.9911699779249448,681,-44.66666666666667,value_first,california,,3042,0,california,wind_plus90
28.0,0.1666666666666666,0.9889624724061812,699,-44.66666666666667,value_first,california,,3042,1,california,wind_plus90
28.0,0.1666666666666666,0.9933774834437086,776,-44.66666666666667,value_first,california,,3042,2,california,wind_plus90
0.0,1.0,0.9629629629629628,0,0.0,value_first,california,,3042,3,california,wind_plus90
28.0,0.1666666666666666,0.989821882951654,809,-44.66666666666667,value_first,california,,3042,4,california,wind_plus90
28.0,0.1666666666666666,0.9911699779249448,777,-44.66666666666667,value_first,california,,3042,5,california,wind_plus90
28.0,0.1666666666666666,0.9950617283950616,809,-44.66666666666667,value_first,california,,3042,6,california,wind_plus90
28.0,0.1666666666666666,0.9867549668874172,784,-44.66666666666667,value_first,california,,3042,7,california,wind_plus90
28.0,0.1666666666666666,0.9942528735632185,809,-44.66666666666667,value_first,california,,3042,8,california,wind_plus90
28.0,0.1666666666666666,0.9863387978142076,809,-44.66666666666667,value_first,california,,3042,9,california,wind_plus90
28.0,0.1666666666666666,0.9952380952380953,800,-44.66666666666667,value_first,california,,3042,10,california,wind_plus90
34.0,0.0,0.9955849889624724,794,-54.0,value_first,california,,3042,11,california,wind_plus90
28.0,0.1666666666666666,0.9911699779249448,718,-44.66666666666667,value_first,california,,3042,12,california,wind_plus90
28.0,0.1666666666666666,0.9911699779249448,764,-44.66666666666667,value_first,california,,3042,13,california,wind_plus90
28.0,0.1666666666666666,0.9933774834437086,773,-44.66666666666667,value_first,california,,3042,14,california,wind_plus90
28.0,0.1666666666666666,0.9911699779249448,786,-44.66666666666667,value_first,california,,4042,0,california,wind_plus90
28.0,0.1666666666666666,0.9933774834437086,771,-44.66666666666667,value_first,california,,4042,1,california,wind_plus90
28.0,0.1666666666666666,0.992,809,-44.66666666666667,value_first,california,,4042,2,california,wind_plus90
34.0,0.0,0.9955849889624724,775,-54.0,value_first,california,,4042,3,california,wind_plus90
28.0,0.1666666666666666,0.9954337899543378,800,-44.66666666666667,value_first,california,,4042,4,california,wind_plus90
34.0,0.0,0.9955849889624724,809,-54.0,value_first,california,,4042,5,california,wind_plus90
28.0,0.1666666666666666,0.9911699779249448,787,-44.66666666666667,value_first,california,,4042,6,california,wind_plus90
28.0,0.1666666666666666,0.9911699779249448,799,-44.66666666666667,value_first,california,,4042,7,california,wind_plus90
34.0,0.0,0.9911699779249448,818,-54.0,value_first,california,,4042,8,california,wind_plus90
28.0,0.1666666666666666,0.9862258953168044,800,-44.66666666666667,value_first,california,,4042,9,california,wind_plus90
28.0,0.1666666666666666,0.9915966386554622,809,-44.66666666666667,value_first,california,,4042,10,california,wind_plus90
28.0,0.1666666666666666,0.9943502824858758,809,-44.66666666666667,value_first,california,,4042,11,california,wind_plus90
28.0,0.1666666666666666,0.9916666666666668,809,-44.66666666666667,value_first,california,,4042,12,california,wind_plus90
28.0,0.1666666666666666,0.9859943977591036,809,-44.66666666666667,value_first,california,,4042,13,california,wind_plus90
28.0,0.1666666666666666,0.9933774834437086,768,-44.66666666666667,value_first,california,,4042,14,california,wind_plus90
0.0,1.0,0.7901234567901234,9,-0.4,local_reactive,california,,42,0,california,wind_plus90
0.0,1.0,1.0,0,0.0,local_reactive,california,,42,1,california,wind_plus90
0.0,1.0,0.7927927927927928,2,-0.3,local_reactive,california,,42,2,california,wind_plus90
18.0,0.3333333333333333,0.3929359823399558,372,-37.43333333333337,local_reactive,california,,42,3,california,wind_plus90
10.0,0.8333333333333334,0.4246031746031746,40,-16.83333333333332,local_reactive,california,,42,4,california,wind_plus90
0.0,1.0,1.0,0,0.0,local_reactive,california,,42,5,california,wind_plus90
0.0,1.0,1.0,0,0.0,local_reactive,california,,42,6,california,wind_plus90
0.0,1.0,1.0,0,0.0,local_reactive,california,,42,7,california,wind_plus90
10.0,0.8333333333333334,0.7301587301587301,12,-14.633333333333328,local_reactive,california,,42,8,california,wind_plus90
0.0,1.0,0.9803921568627452,0,0.0,local_reactive,california,,42,9,california,wind_plus90
10.0,0.8333333333333334,0.4216335540838852,122,-18.833333333333314,local_reactive,california,,42,10,california,wind_plus90
0.0,1.0,0.7971014492753623,1,-0.3,local_reactive,california,,42,11,california,wind_plus90
34.0,0.0,0.4039735099337748,649,-57.70000000000003,local_reactive,california,,42,12,california,wind_plus90
31.0,0.1666666666666666,0.401766004415011,420,-52.9666666666667,local_reactive,california,,42,13,california,wind_plus90
0.0,1.0,1.0,0,0.0,local_reactive,california,,42,14,california,wind_plus90
0.0,1.0,0.8666666666666667,2,-0.2,local_reactive,california,,1042,0,california,wind_plus90
0.0,1.0,1.0,2,0.0,local_reactive,california,,1042,1,california,wind_plus90
10.0,0.8333333333333334,0.7843137254901961,14,-13.83333333333333,local_reactive,california,,1042,2,california,wind_plus90
0.0,1.0,0.7698412698412699,25,-0.6,local_reactive,california,,1042,3,california,wind_plus90
0.0,1.0,1.0,0,0.0,local_reactive,california,,1042,4,california,wind_plus90
0.0,1.0,1.0,0,0.0,local_reactive,california,,1042,5,california,wind_plus90
0.0,1.0,1.0,0,0.0,local_reactive,california,,1042,6,california,wind_plus90
12.0,0.6666666666666666,0.7192982456140351,146,-19.86666666666667,local_reactive,california,,1042,7,california,wind_plus90
10.0,0.8333333333333334,0.5281385281385281,16,-15.033333333333326,local_reactive,california,,1042,8,california,wind_plus90
0.0,1.0,1.0,0,0.0,local_reactive,california,,1042,9,california,wind_plus90
0.0,1.0,0.9487179487179488,0,0.0,local_reactive,california,,1042,10,california,wind_plus90
0.0,1.0,1.0,2,0.0,local_reactive,california,,1042,11,california,wind_plus90
28.0,0.1666666666666666,0.390728476821192,364,-50.56666666666671,local_reactive,california,,1042,12,california,wind_plus90
0.0,1.0,1.0,0,0.0,local_reactive,california,,1042,13,california,wind_plus90
0.0,1.0,0.9555555555555556,0,-0.1,local_reactive,california,,1042,14,california,wind_plus90
34.0,0.0,0.4402035623409669,698,-56.400000000000006,local_reactive,california,,2042,0,california,wind_plus90
0.0,1.0,0.7976190476190477,9,-0.4,local_reactive,california,,2042,1,california,wind_plus90
10.0,0.8333333333333334,0.5333333333333333,13,-2.8000000000000003,local_reactive,california,,2042,2,california,wind_plus90
34.0,0.0,0.4260485651214128,490,-59.10000000000002,local_reactive,california,,2042,3,california,wind_plus90
0.0,1.0,1.0,0,0.0,local_reactive,california,,2042,4,california,wind_plus90
10.0,0.8333333333333334,0.5211267605633803,25,-16.033333333333324,local_reactive,california,,2042,5,california,wind_plus90
0.0,1.0,1.0,0,0.0,local_reactive,california,,2042,6,california,wind_plus90
0.0,1.0,1.0,0,0.0,local_reactive,california,,2042,7,california,wind_plus90
0.0,1.0,1.0,0,0.0,local_reactive,california,,2042,8,california,wind_plus90
0.0,1.0,1.0,0,0.0,local_reactive,california,,2042,9,california,wind_plus90
0.0,1.0,0.8070175438596491,1,-0.2,local_reactive,california,,2042,10,california,wind_plus90
0.0,1.0,0.9803921568627452,0,0.0,local_reactive,california,,2042,11,california,wind_plus90
31.0,0.1666666666666666,0.401766004415011,466,-53.76666666666671,local_reactive,california,,2042,12,california,wind_plus90
0.0,1.0,0.7971014492753623,1,-0.3,local_reactive,california,,2042,13,california,wind_plus90
0.0,1.0,0.9791666666666666,1,0.0,local_reactive,california,,2042,14,california,wind_plus90
0.0,1.0,1.0,0,0.0,local_reactive,california,,3042,0,california,wind_plus90
0.0,1.0,1.0,0,0.0,local_reactive,california,,3042,1,california,wind_plus90
0.0,1.0,1.0,0,0.0,local_reactive,california,,3042,2,california,wind_plus90
0.0,1.0,1.0,0,0.0,local_reactive,california,,3042,3,california,wind_plus90
25.0,0.3333333333333333,0.4304635761589404,279,-43.43333333333336,local_reactive,california,,3042,4,california,wind_plus90
0.0,1.0,1.0,0,0.0,local_reactive,california,,3042,5,california,wind_plus90
13.0,0.6666666666666666,0.4304635761589404,509,-24.36666666666665,local_reactive,california,,3042,6,california,wind_plus90
0.0,1.0,1.0,0,0.0,local_reactive,california,,3042,7,california,wind_plus90
34.0,0.0,0.4385964912280701,662,-57.70000000000002,local_reactive,california,,3042,8,california,wind_plus90
10.0,0.8333333333333334,0.7843137254901961,14,-13.83333333333333,local_reactive,california,,3042,9,california,wind_plus90
25.0,0.3333333333333333,0.390728476821192,555,-43.13333333333335,local_reactive,california,,3042,10,california,wind_plus90
0.0,1.0,0.8095238095238095,1,-0.3,local_reactive,california,,3042,11,california,wind_plus90
0.0,1.0,1.0,0,0.0,local_reactive,california,,3042,12,california,wind_plus90
0.0,1.0,1.0,0,0.0,local_reactive,california,,3042,13,california,wind_plus90
15.0,0.5,0.390728476821192,313,-30.59999999999998,local_reactive,california,,3042,14,california,wind_plus90
0.0,1.0,0.7971014492753623,1,-0.3,local_reactive,california,,4042,0,california,wind_plus90
0.0,1.0,1.0,0,0.0,local_reactive,california,,4042,1,california,wind_plus90
28.0,0.1666666666666666,0.4282560706401766,453,-49.76666666666671,local_reactive,california,,4042,2,california,wind_plus90
0.0,1.0,0.8095238095238095,1,-0.3,local_reactive,california,,4042,3,california,wind_plus90
15.0,0.5,0.4194260485651214,285,-30.599999999999994,local_reactive,california,,4042,4,california,wind_plus90
0.0,1.0,1.0,0,0.0,local_reactive,california,,4042,5,california,wind_plus90
0.0,1.0,0.7971014492753623,1,-0.3,local_reactive,california,,4042,6,california,wind_plus90
0.0,1.0,0.7901234567901234,9,-0.4,local_reactive,california,,4042,7,california,wind_plus90
0.0,1.0,0.9791666666666666,1,0.0,local_reactive,california,,4042,8,california,wind_plus90
10.0,0.8333333333333334,0.7377049180327869,46,-14.533333333333328,local_reactive,california,,4042,9,california,wind_plus90
34.0,0.0,0.4083885209713024,660,-58.2,local_reactive,california,,4042,10,california,wind_plus90
34.0,0.0,0.4093959731543624,670,-57.8,local_reactive,california,,4042,11,california,wind_plus90
19.0,0.5,0.4900662251655629,273,-33.2,local_reactive,california,,4042,12,california,wind_plus90
34.0,0.0,0.3973509933774834,663,-58.30000000000001,local_reactive,california,,4042,13,california,wind_plus90
0.0,1.0,1.0,0,0.0,local_reactive,california,,4042,14,california,wind_plus90
16.0,0.6666666666666666,0.9271523178807948,576,-23.06666666666667,commnet,california,42.0,42,0,california,wind_plus90
16.0,0.6666666666666666,0.9713024282560706,556,-22.96666666666667,commnet,california,42.0,42,1,california,wind_plus90
19.0,0.5,0.9977924944812362,604,-29.0,commnet,california,42.0,42,2,california,wind_plus90
16.0,0.6666666666666666,0.9867549668874172,580,-22.766666666666666,commnet,california,42.0,42,3,california,wind_plus90
16.0,0.6666666666666666,0.8984547461368654,570,-23.066666666666663,commnet,california,42.0,42,4,california,wind_plus90
10.0,0.8333333333333334,0.9713024282560706,443,-13.633333333333333,commnet,california,42.0,42,5,california,wind_plus90
10.0,0.8333333333333334,0.9713024282560706,425,-13.633333333333333,commnet,california,42.0,42,6,california,wind_plus90
16.0,0.6666666666666666,0.9470198675496688,572,-22.96666666666667,commnet,california,42.0,42,7,california,wind_plus90
16.0,0.6666666666666666,0.9183222958057397,575,-23.066666666666663,commnet,california,42.0,42,8,california,wind_plus90
10.0,0.8333333333333334,0.9713024282560706,496,-13.633333333333333,commnet,california,42.0,42,9,california,wind_plus90
16.0,0.6666666666666666,0.8145695364238411,577,-23.066666666666663,commnet,california,42.0,42,10,california,wind_plus90
16.0,0.6666666666666666,0.9271523178807948,575,-23.06666666666667,commnet,california,42.0,42,11,california,wind_plus90
10.0,0.8333333333333334,0.9713024282560706,571,-13.633333333333333,commnet,california,42.0,42,12,california,wind_plus90
16.0,0.6666666666666666,0.8189845474613686,578,-23.066666666666663,commnet,california,42.0,42,13,california,wind_plus90
10.0,0.8333333333333334,0.9713024282560706,532,-13.633333333333333,commnet,california,42.0,42,14,california,wind_plus90
16.0,0.6666666666666666,0.8079470198675497,583,-23.06666666666667,commnet,california,42.0,1042,0,california,wind_plus90
25.0,0.3333333333333333,0.9602649006622516,620,-38.73333333333333,commnet,california,42.0,1042,1,california,wind_plus90
16.0,0.6666666666666666,0.7196467991169978,580,-23.066666666666663,commnet,california,42.0,1042,2,california,wind_plus90
16.0,0.6666666666666666,0.7571743929359823,579,-23.066666666666663,commnet,california,42.0,1042,3,california,wind_plus90
16.0,0.6666666666666666,0.9713024282560706,558,-22.96666666666667,commnet,california,42.0,1042,4,california,wind_plus90
10.0,0.8333333333333334,0.9713024282560706,517,-13.633333333333333,commnet,california,42.0,1042,5,california,wind_plus90
16.0,0.6666666666666666,0.9713024282560706,550,-22.96666666666667,commnet,california,42.0,1042,6,california,wind_plus90
19.0,0.5,0.7880794701986755,574,-29.3,commnet,california,42.0,1042,7,california,wind_plus90
16.0,0.6666666666666666,0.7924944812362031,577,-23.066666666666663,commnet,california,42.0,1042,8,california,wind_plus90
16.0,0.6666666666666666,0.9713024282560706,557,-22.96666666666667,commnet,california,42.0,1042,9,california,wind_plus90
19.0,0.5,0.93598233995585,641,-29.0,commnet,california,42.0,1042,10,california,wind_plus90
25.0,0.3333333333333333,0.9602649006622516,622,-38.73333333333333,commnet,california,42.0,1042,11,california,wind_plus90
16.0,0.6666666666666666,0.8366445916114791,579,-23.066666666666663,commnet,california,42.0,1042,12,california,wind_plus90
10.0,0.8333333333333334,0.9713024282560706,519,-13.633333333333333,commnet,california,42.0,1042,13,california,wind_plus90
16.0,0.6666666666666666,0.9713024282560706,556,-22.96666666666667,commnet,california,42.0,1042,14,california,wind_plus90
16.0,0.6666666666666666,0.7726269315673289,582,-23.066666666666663,commnet,california,42.0,2042,0,california,wind_plus90
16.0,0.6666666666666666,0.7858719646799117,579,-23.066666666666663,commnet,california,42.0,2042,1,california,wind_plus90
16.0,0.6666666666666666,0.7814569536423841,579,-9.733333333333336,commnet,california,42.0,2042,2,california,wind_plus90
16.0,0.6666666666666666,0.7682119205298014,581,-23.066666666666663,commnet,california,42.0,2042,3,california,wind_plus90
10.0,0.8333333333333334,0.9713024282560706,410,-13.633333333333333,commnet,california,42.0,2042,4,california,wind_plus90
16.0,0.6666666666666666,0.8101545253863135,577,-23.066666666666663,commnet,california,42.0,2042,5,california,wind_plus90
16.0,0.6666666666666666,0.9713024282560706,575,-22.96666666666667,commnet,california,42.0,2042,6,california,wind_plus90
10.0,0.8333333333333334,0.9713024282560706,517,-13.633333333333333,commnet,california,42.0,2042,7,california,wind_plus90
16.0,0.6666666666666666,0.9426048565121412,575,-22.96666666666667,commnet,california,42.0,2042,8,california,wind_plus90
16.0,0.6666666666666666,0.9713024282560706,575,-22.96666666666667,commnet,california,42.0,2042,9,california,wind_plus90
16.0,0.6666666666666666,0.9867549668874172,564,-22.766666666666666,commnet,california,42.0,2042,10,california,wind_plus90
16.0,0.6666666666666666,0.9713024282560706,497,-22.96666666666667,commnet,california,42.0,2042,11,california,wind_plus90
16.0,0.6666666666666666,0.9183222958057397,567,-23.066666666666663,commnet,california,42.0,2042,12,california,wind_plus90
10.0,0.8333333333333334,0.9028697571743928,566,-13.533333333333331,commnet,california,42.0,2042,13,california,wind_plus90
16.0,0.6666666666666666,0.9867549668874172,568,-22.766666666666666,commnet,california,42.0,2042,14,california,wind_plus90
10.0,0.8333333333333334,0.9713024282560706,400,-13.633333333333333,commnet,california,42.0,3042,0,california,wind_plus90
16.0,0.6666666666666666,0.9713024282560706,496,-22.96666666666667,commnet,california,42.0,3042,1,california,wind_plus90
10.0,0.8333333333333334,0.9713024282560706,542,-13.633333333333333,commnet,california,42.0,3042,2,california,wind_plus90
16.0,0.6666666666666666,0.9713024282560706,552,-22.96666666666667,commnet,california,42.0,3042,3,california,wind_plus90
16.0,0.6666666666666666,0.8057395143487859,576,-23.066666666666663,commnet,california,42.0,3042,4,california,wind_plus90
16.0,0.6666666666666666,0.9713024282560706,566,-22.96666666666667,commnet,california,42.0,3042,5,california,wind_plus90
16.0,0.6666666666666666,0.8807947019867549,576,-23.066666666666663,commnet,california,42.0,3042,6,california,wind_plus90
16.0,0.6666666666666666,0.9448123620309052,575,-22.96666666666667,commnet,california,42.0,3042,7,california,wind_plus90
16.0,0.6666666666666666,0.7196467991169978,583,-23.066666666666663,commnet,california,42.0,3042,8,california,wind_plus90
16.0,0.6666666666666666,0.7196467991169978,579,-23.066666666666663,commnet,california,42.0,3042,9,california,wind_plus90
16.0,0.6666666666666666,0.9271523178807948,576,-23.066666666666663,commnet,california,42.0,3042,10,california,wind_plus90
16.0,0.6666666666666666,0.9867549668874172,568,-22.766666666666666,commnet,california,42.0,3042,11,california,wind_plus90
10.0,0.8333333333333334,0.9713024282560706,471,-13.633333333333333,commnet,california,42.0,3042,12,california,wind_plus90
10.0,0.8333333333333334,0.9713024282560706,557,-13.633333333333333,commnet,california,42.0,3042,13,california,wind_plus90
22.0,0.5,0.9249448123620309,608,-32.0,commnet,california,42.0,3042,14,california,wind_plus90
16.0,0.6666666666666666,0.9271523178807948,566,-23.06666666666667,commnet,california,42.0,4042,0,california,wind_plus90
16.0,0.6666666666666666,0.9713024282560706,558,-22.96666666666667,commnet,california,42.0,4042,1,california,wind_plus90
16.0,0.6666666666666666,0.8233995584988962,577,-23.066666666666663,commnet,california,42.0,4042,2,california,wind_plus90
16.0,0.6666666666666666,0.9867549668874172,562,-22.766666666666666,commnet,california,42.0,4042,3,california,wind_plus90
16.0,0.6666666666666666,0.9470198675496688,574,-23.166666666666664,commnet,california,42.0,4042,4,california,wind_plus90
19.0,0.5,0.8498896247240618,647,-29.0,commnet,california,42.0,4042,5,california,wind_plus90
16.0,0.6666666666666666,0.9271523178807948,568,-23.06666666666667,commnet,california,42.0,4042,6,california,wind_plus90
16.0,0.6666666666666666,0.9271523178807948,577,-23.06666666666667,commnet,california,42.0,4042,7,california,wind_plus90
16.0,0.6666666666666666,0.9271523178807948,583,-23.06666666666667,commnet,california,42.0,4042,8,california,wind_plus90
10.0,0.8333333333333334,0.9713024282560706,555,-13.633333333333333,commnet,california,42.0,4042,9,california,wind_plus90
16.0,0.6666666666666666,0.7682119205298014,581,-23.066666666666663,commnet,california,42.0,4042,10,california,wind_plus90
16.0,0.6666666666666666,0.8278145695364238,581,-23.066666666666663,commnet,california,42.0,4042,11,california,wind_plus90
16.0,0.6666666666666666,0.7196467991169978,579,-23.066666666666663,commnet,california,42.0,4042,12,california,wind_plus90
16.0,0.6666666666666666,0.8189845474613686,581,-23.066666666666663,commnet,california,42.0,4042,13,california,wind_plus90
10.0,0.8333333333333334,0.9713024282560706,517,-13.633333333333333,commnet,california,42.0,4042,14,california,wind_plus90
19.0,0.5,1.0,598,-29.0,commnet,california,1042.0,42,0,california,wind_plus90
19.0,0.5,1.0,577,-29.0,commnet,california,1042.0,42,1,california,wind_plus90
19.0,0.5,0.8984547461368654,625,-29.0,commnet,california,1042.0,42,2,california,wind_plus90
19.0,0.5,1.0,579,-29.0,commnet,california,1042.0,42,3,california,wind_plus90
19.0,0.5,1.0,602,-29.0,commnet,california,1042.0,42,4,california,wind_plus90
13.0,0.6666666666666666,0.7130242825607064,170,-19.666666666666668,commnet,california,1042.0,42,5,california,wind_plus90
10.0,0.8333333333333334,0.7130242825607064,104,-13.333333333333332,commnet,california,1042.0,42,6,california,wind_plus90
19.0,0.5,0.8057395143487859,587,-29.0,commnet,california,1042.0,42,7,california,wind_plus90
19.0,0.5,1.0,610,-29.0,commnet,california,1042.0,42,8,california,wind_plus90
13.0,0.6666666666666666,0.7130242825607064,336,-19.766666666666666,commnet,california,1042.0,42,9,california,wind_plus90
19.0,0.5,1.0,593,-29.0,commnet,california,1042.0,42,10,california,wind_plus90
19.0,0.5,0.7328918322295805,611,-29.0,commnet,california,1042.0,42,11,california,wind_plus90
19.0,0.5,0.8719646799116998,636,-29.0,commnet,california,1042.0,42,12,california,wind_plus90
19.0,0.5,0.9955849889624724,612,-29.0,commnet,california,1042.0,42,13,california,wind_plus90
10.0,0.8333333333333334,0.7130242825607064,138,-13.333333333333332,commnet,california,1042.0,42,14,california,wind_plus90
19.0,0.5,0.7792494481236203,634,-29.0,commnet,california,1042.0,1042,0,california,wind_plus90
21.0,0.3333333333333333,0.5364238410596026,445,-34.333333333333336,commnet,california,1042.0,1042,1,california,wind_plus90
19.0,0.5,1.0,614,-29.0,commnet,california,1042.0,1042,2,california,wind_plus90
19.0,0.5,0.8543046357615894,631,-29.0,commnet,california,1042.0,1042,3,california,wind_plus90
19.0,0.5,1.0,579,-29.0,commnet,california,1042.0,1042,4,california,wind_plus90
10.0,0.8333333333333334,0.7130242825607064,123,-13.333333333333332,commnet,california,1042.0,1042,5,california,wind_plus90
0.0,1.0,1.0,0,0.0,commnet,california,1042.0,1042,6,california,wind_plus90
18.0,0.5,0.9249448123620309,694,-28.0,commnet,california,1042.0,1042,7,california,wind_plus90
19.0,0.5,0.933774834437086,602,-29.0,commnet,california,1042.0,1042,8,california,wind_plus90
19.0,0.5,0.7130242825607064,559,-29.0,commnet,california,1042.0,1042,9,california,wind_plus90
19.0,0.5,0.9183222958057397,599,-29.0,commnet,california,1042.0,1042,10,california,wind_plus90
31.0,0.1666666666666666,1.0,698,-47.66666666666667,commnet,california,1042.0,1042,11,california,wind_plus90
19.0,0.5,1.0,617,-29.0,commnet,california,1042.0,1042,12,california,wind_plus90
10.0,0.8333333333333334,0.7130242825607064,123,-13.333333333333332,commnet,california,1042.0,1042,13,california,wind_plus90
13.0,0.6666666666666666,0.7130242825607064,364,-19.666666666666668,commnet,california,1042.0,1042,14,california,wind_plus90
19.0,0.5,1.0,647,-29.0,commnet,california,1042.0,2042,0,california,wind_plus90
19.0,0.5,0.7130242825607064,614,-29.0,commnet,california,1042.0,2042,1,california,wind_plus90
19.0,0.5,0.8498896247240618,624,-15.666666666666668,commnet,california,1042.0,2042,2,california,wind_plus90
19.0,0.5,1.0,631,-29.0,commnet,california,1042.0,2042,3,california,wind_plus90
19.0,0.5,0.7130242825607064,422,-29.1,commnet,california,1042.0,2042,4,california,wind_plus90
19.0,0.5,1.0,591,-29.0,commnet,california,1042.0,2042,5,california,wind_plus90
0.0,1.0,1.0,0,0.0,commnet,california,1042.0,2042,6,california,wind_plus90
19.0,0.5,0.7417218543046358,521,-29.0,commnet,california,1042.0,2042,7,california,wind_plus90
19.0,0.5,0.7130242825607064,593,-29.0,commnet,california,1042.0,2042,8,california,wind_plus90
0.0,1.0,1.0,0,0.0,commnet,california,1042.0,2042,9,california,wind_plus90
19.0,0.5,1.0,548,-29.0,commnet,california,1042.0,2042,10,california,wind_plus90
13.0,0.6666666666666666,0.7130242825607064,338,-19.766666666666666,commnet,california,1042.0,2042,11,california,wind_plus90
19.0,0.5,0.9955849889624724,612,-29.0,commnet,california,1042.0,2042,12,california,wind_plus90
19.0,0.5,0.7328918322295805,616,-29.0,commnet,california,1042.0,2042,13,california,wind_plus90
19.0,0.5,0.8763796909492274,620,-29.1,commnet,california,1042.0,2042,14,california,wind_plus90
10.0,0.8333333333333334,0.7130242825607064,100,-13.333333333333332,commnet,california,1042.0,3042,0,california,wind_plus90
10.0,0.8333333333333334,0.7130242825607064,59,-13.333333333333332,commnet,california,1042.0,3042,1,california,wind_plus90
19.0,0.5,0.7571743929359823,545,-29.0,commnet,california,1042.0,3042,2,california,wind_plus90
0.0,1.0,1.0,0,0.0,commnet,california,1042.0,3042,3,california,wind_plus90
19.0,0.5,1.0,601,-29.0,commnet,california,1042.0,3042,4,california,wind_plus90
0.0,1.0,1.0,0,0.0,commnet,california,1042.0,3042,5,california,wind_plus90
19.0,0.5,0.8653421633554084,593,-29.0,commnet,california,1042.0,3042,6,california,wind_plus90
19.0,0.5,0.8079470198675497,619,-29.2,commnet,california,1042.0,3042,7,california,wind_plus90
19.0,0.5,0.9514348785871964,615,-29.0,commnet,california,1042.0,3042,8,california,wind_plus90
19.0,0.5,0.8520971302428256,610,-29.0,commnet,california,1042.0,3042,9,california,wind_plus90
19.0,0.5,1.0,592,-29.0,commnet,california,1042.0,3042,10,california,wind_plus90
19.0,0.5,1.0,562,-29.0,commnet,california,1042.0,3042,11,california,wind_plus90
13.0,0.6666666666666666,0.7130242825607064,202,-19.666666666666668,commnet,california,1042.0,3042,12,california,wind_plus90
19.0,0.5,0.7880794701986755,582,-29.0,commnet,california,1042.0,3042,13,california,wind_plus90
21.0,0.3333333333333333,0.7064017660044151,498,-34.53333333333333,commnet,california,1042.0,3042,14,california,wind_plus90
19.0,0.5,0.7328918322295805,595,-29.0,commnet,california,1042.0,4042,0,california,wind_plus90
0.0,1.0,1.0,0,0.0,commnet,california,1042.0,4042,1,california,wind_plus90
19.0,0.5,0.8763796909492274,609,-29.0,commnet,california,1042.0,4042,2,california,wind_plus90
19.0,0.5,1.0,532,-29.0,commnet,california,1042.0,4042,3,california,wind_plus90
31.0,0.1666666666666666,1.0,752,-47.66666666666667,commnet,california,1042.0,4042,4,california,wind_plus90
19.0,0.5,0.911699779249448,608,-29.0,commnet,california,1042.0,4042,5,california,wind_plus90
19.0,0.5,0.7328918322295805,600,-29.0,commnet,california,1042.0,4042,6,california,wind_plus90
19.0,0.5,0.9889624724061812,608,-29.0,commnet,california,1042.0,4042,7,california,wind_plus90
19.0,0.5,0.8830022075055187,623,-29.1,commnet,california,1042.0,4042,8,california,wind_plus90
19.0,0.5,0.7858719646799117,605,-29.0,commnet,california,1042.0,4042,9,california,wind_plus90
19.0,0.5,1.0,618,-29.0,commnet,california,1042.0,4042,10,california,wind_plus90
19.0,0.5,1.0,620,-29.0,commnet,california,1042.0,4042,11,california,wind_plus90
19.0,0.5,1.0,610,-29.0,commnet,california,1042.0,4042,12,california,wind_plus90
19.0,0.5,1.0,622,-29.0,commnet,california,1042.0,4042,13,california,wind_plus90
19.0,0.5,0.7417218543046358,521,-29.1,commnet,california,1042.0,4042,14,california,wind_plus90
19.0,0.5,1.0,599,-29.0,commnet,california,2042.0,42,0,california,wind_plus90
13.0,0.6666666666666666,0.9977924944812362,467,-19.666666666666668,commnet,california,2042.0,42,1,california,wind_plus90
19.0,0.5,0.7947019867549668,567,-29.0,commnet,california,2042.0,42,2,california,wind_plus90
19.0,0.5,0.9514348785871964,534,-29.1,commnet,california,2042.0,42,3,california,wind_plus90
13.0,0.6666666666666666,1.0,505,-19.666666666666668,commnet,california,2042.0,42,4,california,wind_plus90
0.0,1.0,1.0,1,0.0,commnet,california,2042.0,42,5,california,wind_plus90
0.0,1.0,1.0,0,0.0,commnet,california,2042.0,42,6,california,wind_plus90
13.0,0.6666666666666666,0.8988505747126436,492,-19.666666666666668,commnet,california,2042.0,42,7,california,wind_plus90
19.0,0.5,0.7883211678832117,539,-29.0,commnet,california,2042.0,42,8,california,wind_plus90
0.0,1.0,1.0,2,0.0,commnet,california,2042.0,42,9,california,wind_plus90
13.0,0.6666666666666666,0.7671957671957672,531,-19.666666666666668,commnet,california,2042.0,42,10,california,wind_plus90
13.0,0.6666666666666666,0.7770419426048565,542,-19.766666666666666,commnet,california,2042.0,42,11,california,wind_plus90
13.0,0.6666666666666666,0.9166666666666666,537,-19.666666666666668,commnet,california,2042.0,42,12,california,wind_plus90
19.0,0.5,0.9271523178807948,596,-29.2,commnet,california,2042.0,42,13,california,wind_plus90
0.0,1.0,1.0,0,0.0,commnet,california,2042.0,42,14,california,wind_plus90
19.0,0.5,0.7705314009661836,567,-29.2,commnet,california,2042.0,1042,0,california,wind_plus90
12.0,0.6666666666666666,1.0,211,-18.666666666666668,commnet,california,2042.0,1042,1,california,wind_plus90
13.0,0.6666666666666666,0.7823691460055097,505,-19.76666666666667,commnet,california,2042.0,1042,2,california,wind_plus90
13.0,0.6666666666666666,0.958057395143488,588,-19.76666666666667,commnet,california,2042.0,1042,3,california,wind_plus90
13.0,0.6666666666666666,0.9249448123620309,468,-19.666666666666668,commnet,california,2042.0,1042,4,california,wind_plus90
0.0,1.0,1.0,0,0.0,commnet,california,2042.0,1042,5,california,wind_plus90
0.0,1.0,1.0,0,0.0,commnet,california,2042.0,1042,6,california,wind_plus90
12.0,0.6666666666666666,1.0,190,-18.666666666666668,commnet,california,2042.0,1042,7,california,wind_plus90
19.0,0.5,0.7505518763796909,600,-29.0,commnet,california,2042.0,1042,8,california,wind_plus90
19.0,0.5,0.8388520971302428,541,-29.0,commnet,california,2042.0,1042,9,california,wind_plus90
19.0,0.5,1.0,493,-29.0,commnet,california,2042.0,1042,10,california,wind_plus90
18.0,0.5,0.913907284768212,440,-28.0,commnet,california,2042.0,1042,11,california,wind_plus90
19.0,0.5,0.9344729344729344,544,-29.0,commnet,california,2042.0,1042,12,california,wind_plus90
0.0,1.0,1.0,0,0.0,commnet,california,2042.0,1042,13,california,wind_plus90
15.0,0.5,0.8785871964679912,265,-25.0,commnet,california,2042.0,1042,14,california,wind_plus90
13.0,0.6666666666666666,0.981981981981982,512,-19.666666666666668,commnet,california,2042.0,2042,0,california,wind_plus90
13.0,0.6666666666666666,0.9977924944812362,507,-19.666666666666668,commnet,california,2042.0,2042,1,california,wind_plus90
19.0,0.5,0.9381898454746136,544,-15.666666666666668,commnet,california,2042.0,2042,2,california,wind_plus90
19.0,0.5,0.7704194260485652,543,-29.0,commnet,california,2042.0,2042,3,california,wind_plus90
12.0,0.6666666666666666,1.0,197,-18.666666666666668,commnet,california,2042.0,2042,4,california,wind_plus90
13.0,0.6666666666666666,0.765625,531,-19.666666666666668,commnet,california,2042.0,2042,5,california,wind_plus90
0.0,1.0,1.0,0,0.0,commnet,california,2042.0,2042,6,california,wind_plus90
0.0,1.0,1.0,0,0.0,commnet,california,2042.0,2042,7,california,wind_plus90
13.0,0.6666666666666666,0.9906103286384976,492,-19.666666666666668,commnet,california,2042.0,2042,8,california,wind_plus90
0.0,1.0,1.0,0,0.0,commnet,california,2042.0,2042,9,california,wind_plus90
19.0,0.5,0.5452538631346578,610,-29.1,commnet,california,2042.0,2042,10,california,wind_plus90
0.0,1.0,1.0,2,0.0,commnet,california,2042.0,2042,11,california,wind_plus90
19.0,0.5,0.9271523178807948,597,-29.2,commnet,california,2042.0,2042,12,california,wind_plus90
13.0,0.6666666666666666,0.7770419426048565,544,-19.766666666666666,commnet,california,2042.0,2042,13,california,wind_plus90
19.0,0.5,1.0,527,-29.0,commnet,california,2042.0,2042,14,california,wind_plus90
0.0,1.0,1.0,0,0.0,commnet,california,2042.0,3042,0,california,wind_plus90
0.0,1.0,1.0,0,0.0,commnet,california,2042.0,3042,1,california,wind_plus90
0.0,1.0,1.0,0,0.0,commnet,california,2042.0,3042,2,california,wind_plus90
0.0,1.0,1.0,0,0.0,commnet,california,2042.0,3042,3,california,wind_plus90
19.0,0.5,1.0,594,-29.0,commnet,california,2042.0,3042,4,california,wind_plus90
0.0,1.0,1.0,0,0.0,commnet,california,2042.0,3042,5,california,wind_plus90
13.0,0.6666666666666666,0.7432098765432099,537,-19.766666666666666,commnet,california,2042.0,3042,6,california,wind_plus90
13.0,0.6666666666666666,1.0,485,-19.666666666666668,commnet,california,2042.0,3042,7,california,wind_plus90
13.0,0.6666666666666666,0.9626436781609196,531,-19.666666666666668,commnet,california,2042.0,3042,8,california,wind_plus90
19.0,0.5,0.955849889624724,521,-29.0,commnet,california,2042.0,3042,9,california,wind_plus90
13.0,0.6666666666666666,0.7285714285714285,537,-19.766666666666666,commnet,california,2042.0,3042,10,california,wind_plus90
19.0,0.5,0.9977924944812362,630,-29.0,commnet,california,2042.0,3042,11,california,wind_plus90
0.0,1.0,1.0,1,0.0,commnet,california,2042.0,3042,12,california,wind_plus90
13.0,0.6666666666666666,0.9801324503311258,491,-19.666666666666668,commnet,california,2042.0,3042,13,california,wind_plus90
6.0,0.8333333333333334,1.0,132,-9.333333333333332,commnet,california,2042.0,3042,14,california,wind_plus90
13.0,0.6666666666666666,0.7770419426048565,535,-19.766666666666666,commnet,california,2042.0,4042,0,california,wind_plus90
0.0,1.0,1.0,0,0.0,commnet,california,2042.0,4042,1,california,wind_plus90
13.0,0.6666666666666666,0.7380952380952381,536,-19.766666666666666,commnet,california,2042.0,4042,2,california,wind_plus90
19.0,0.5,0.9470198675496688,565,-29.0,commnet,california,2042.0,4042,3,california,wind_plus90
19.0,0.5,0.7240618101545254,586,-29.1,commnet,california,2042.0,4042,4,california,wind_plus90
13.0,0.6666666666666666,1.0,442,-19.666666666666668,commnet,california,2042.0,4042,5,california,wind_plus90
13.0,0.6666666666666666,0.7770419426048565,537,-19.766666666666666,commnet,california,2042.0,4042,6,california,wind_plus90
19.0,0.5,1.0,604,-29.0,commnet,california,2042.0,4042,7,california,wind_plus90
19.0,0.5,1.0,533,-29.0,commnet,california,2042.0,4042,8,california,wind_plus90
13.0,0.6666666666666666,0.7548209366391184,523,-19.666666666666668,commnet,california,2042.0,4042,9,california,wind_plus90
19.0,0.5,0.8009950248756219,537,-29.0,commnet,california,2042.0,4042,10,california,wind_plus90
19.0,0.5,0.7704194260485652,540,-29.0,commnet,california,2042.0,4042,11,california,wind_plus90
13.0,0.6666666666666666,1.0,465,-19.666666666666668,commnet,california,2042.0,4042,12,california,wind_plus90
13.0,0.6666666666666666,0.7619047619047619,532,-19.666666666666668,commnet,california,2042.0,4042,13,california,wind_plus90
19.0,0.5,1.0,466,-29.0,commnet,california,2042.0,4042,14,california,wind_plus90
19.0,0.5,0.911699779249448,501,-29.2,commnet,california,3042.0,42,0,california,wind_plus90
19.0,0.5,0.8675496688741722,539,-29.2,commnet,california,3042.0,42,1,california,wind_plus90
19.0,0.5,0.7262693156732892,552,-29.3,commnet,california,3042.0,42,2,california,wind_plus90
13.0,0.6666666666666666,0.8123620309050773,509,-19.96666666666667,commnet,california,3042.0,42,3,california,wind_plus90
13.0,0.6666666666666666,0.9492273730684326,503,-19.766666666666666,commnet,california,3042.0,42,4,california,wind_plus90
19.0,0.5,0.7615894039735099,365,-29.2,commnet,california,3042.0,42,5,california,wind_plus90
19.0,0.5,0.8013245033112583,400,-29.2,commnet,california,3042.0,42,6,california,wind_plus90
19.0,0.5,0.6975717439293598,584,-29.2,commnet,california,3042.0,42,7,california,wind_plus90
19.0,0.5,0.7041942604856513,598,-29.2,commnet,california,3042.0,42,8,california,wind_plus90
19.0,0.5,0.7660044150110376,398,-29.2,commnet,california,3042.0,42,9,california,wind_plus90
19.0,0.5,0.7019867549668874,595,-29.2,commnet,california,3042.0,42,10,california,wind_plus90
19.0,0.5,0.7218543046357616,552,-29.4,commnet,california,3042.0,42,11,california,wind_plus90
19.0,0.5,0.7373068432671082,612,-29.2,commnet,california,3042.0,42,12,california,wind_plus90
19.0,0.5,0.7086092715231788,599,-29.2,commnet,california,3042.0,42,13,california,wind_plus90
19.0,0.5,0.6997792494481236,520,-29.4,commnet,california,3042.0,42,14,california,wind_plus90
19.0,0.5,0.9448123620309052,564,-29.2,commnet,california,3042.0,1042,0,california,wind_plus90
21.0,0.3333333333333333,1.0,420,-34.333333333333336,commnet,california,3042.0,1042,1,california,wind_plus90
19.0,0.5,0.7108167770419426,601,-29.2,commnet,california,3042.0,1042,2,california,wind_plus90
19.0,0.5,0.739514348785872,613,-29.2,commnet,california,3042.0,1042,3,california,wind_plus90
19.0,0.5,0.869757174392936,537,-29.2,commnet,california,3042.0,1042,4,california,wind_plus90
19.0,0.5,0.7218543046357616,501,-29.4,commnet,california,3042.0,1042,5,california,wind_plus90
13.0,0.6666666666666666,0.8432671081677704,472,-19.866666666666667,commnet,california,3042.0,1042,6,california,wind_plus90
21.0,0.3333333333333333,0.8035320088300221,590,-34.53333333333333,commnet,california,3042.0,1042,7,california,wind_plus90
19.0,0.5,0.7108167770419426,602,-29.2,commnet,california,3042.0,1042,8,california,wind_plus90
13.0,0.6666666666666666,0.8344370860927153,491,-19.866666666666667,commnet,california,3042.0,1042,9,california,wind_plus90
13.0,0.6666666666666666,0.8035320088300221,461,-19.96666666666667,commnet,california,3042.0,1042,10,california,wind_plus90
21.0,0.3333333333333333,1.0,368,-34.333333333333336,commnet,california,3042.0,1042,11,california,wind_plus90
19.0,0.5,0.7218543046357616,606,-29.2,commnet,california,3042.0,1042,12,california,wind_plus90
19.0,0.5,0.6997792494481236,506,-29.4,commnet,california,3042.0,1042,13,california,wind_plus90
19.0,0.5,0.6975717439293598,526,-29.4,commnet,california,3042.0,1042,14,california,wind_plus90
19.0,0.5,0.7527593818984547,619,-29.2,commnet,california,3042.0,2042,0,california,wind_plus90
19.0,0.5,0.9514348785871964,537,-29.3,commnet,california,3042.0,2042,1,california,wind_plus90
19.0,0.5,0.7373068432671082,612,-15.866666666666667,commnet,california,3042.0,2042,2,california,wind_plus90
19.0,0.5,0.8962472406181016,567,-29.2,commnet,california,3042.0,2042,3,california,wind_plus90
19.0,0.5,0.7064017660044151,397,-29.4,commnet,california,3042.0,2042,4,california,wind_plus90
19.0,0.5,0.6975717439293598,592,-29.2,commnet,california,3042.0,2042,5,california,wind_plus90
19.0,0.5,0.8940397350993378,562,-29.2,commnet,california,3042.0,2042,6,california,wind_plus90
19.0,0.5,0.7019867549668874,502,-29.2,commnet,california,3042.0,2042,7,california,wind_plus90
19.0,0.5,0.8454746136865342,560,-29.2,commnet,california,3042.0,2042,8,california,wind_plus90
19.0,0.5,0.8322295805739515,575,-29.2,commnet,california,3042.0,2042,9,california,wind_plus90
19.0,0.5,0.8763796909492274,586,-29.4,commnet,california,3042.0,2042,10,california,wind_plus90
19.0,0.5,0.7902869757174393,396,-29.2,commnet,california,3042.0,2042,11,california,wind_plus90
19.0,0.5,0.7086092715231788,600,-29.2,commnet,california,3042.0,2042,12,california,wind_plus90
19.0,0.5,0.7306843267108167,554,-29.3,commnet,california,3042.0,2042,13,california,wind_plus90
13.0,0.6666666666666666,0.8410596026490066,521,-19.96666666666667,commnet,california,3042.0,2042,14,california,wind_plus90
13.0,0.6666666666666666,0.7704194260485652,382,-19.866666666666667,commnet,california,3042.0,3042,0,california,wind_plus90
19.0,0.5,0.8013245033112583,431,-29.2,commnet,california,3042.0,3042,1,california,wind_plus90
19.0,0.5,0.7969094922737306,529,-29.2,commnet,california,3042.0,3042,2,california,wind_plus90
13.0,0.6666666666666666,0.8410596026490066,477,-19.866666666666667,commnet,california,3042.0,3042,3,california,wind_plus90
19.0,0.5,0.6975717439293598,586,-29.2,commnet,california,3042.0,3042,4,california,wind_plus90
19.0,0.5,0.6975717439293598,577,-29.2,commnet,california,3042.0,3042,5,california,wind_plus90
19.0,0.5,0.6975717439293598,586,-29.2,commnet,california,3042.0,3042,6,california,wind_plus90
19.0,0.5,0.8785871964679912,551,-29.2,commnet,california,3042.0,3042,7,california,wind_plus90
19.0,0.5,0.7218543046357616,606,-29.2,commnet,california,3042.0,3042,8,california,wind_plus90
19.0,0.5,0.7108167770419426,601,-29.2,commnet,california,3042.0,3042,9,california,wind_plus90
19.0,0.5,0.6975717439293598,587,-29.2,commnet,california,3042.0,3042,10,california,wind_plus90
13.0,0.6666666666666666,0.8079470198675497,489,-19.96666666666667,commnet,california,3042.0,3042,11,california,wind_plus90
19.0,0.5,0.7152317880794702,405,-29.4,commnet,california,3042.0,3042,12,california,wind_plus90
19.0,0.5,0.8322295805739515,539,-29.2,commnet,california,3042.0,3042,13,california,wind_plus90
21.0,0.3333333333333333,1.0,537,-34.333333333333336,commnet,california,3042.0,3042,14,california,wind_plus90
19.0,0.5,0.7019867549668874,497,-29.4,commnet,california,3042.0,4042,0,california,wind_plus90
19.0,0.5,0.7152317880794702,560,-29.4,commnet,california,3042.0,4042,1,california,wind_plus90
19.0,0.5,0.7019867549668874,593,-29.2,commnet,california,3042.0,4042,2,california,wind_plus90
13.0,0.6666666666666666,0.7991169977924945,454,-19.96666666666667,commnet,california,3042.0,4042,3,california,wind_plus90
19.0,0.5,0.6975717439293598,589,-29.2,commnet,california,3042.0,4042,4,california,wind_plus90
13.0,0.6666666666666666,0.8079470198675497,492,-19.96666666666667,commnet,california,3042.0,4042,5,california,wind_plus90
19.0,0.5,0.7108167770419426,519,-29.4,commnet,california,3042.0,4042,6,california,wind_plus90
19.0,0.5,0.9271523178807948,496,-29.2,commnet,california,3042.0,4042,7,california,wind_plus90
19.0,0.5,0.7726269315673289,561,-29.5,commnet,california,3042.0,4042,8,california,wind_plus90
19.0,0.5,0.7130242825607064,600,-29.2,commnet,california,3042.0,4042,9,california,wind_plus90
19.0,0.5,0.717439293598234,605,-29.2,commnet,california,3042.0,4042,10,california,wind_plus90
19.0,0.5,0.8940397350993378,562,-29.2,commnet,california,3042.0,4042,11,california,wind_plus90
19.0,0.5,0.7108167770419426,600,-29.2,commnet,california,3042.0,4042,12,california,wind_plus90
13.0,0.6666666666666666,0.8940397350993378,545,-19.866666666666667,commnet,california,3042.0,4042,13,california,wind_plus90
19.0,0.5,0.7019867549668874,497,-29.2,commnet,california,3042.0,4042,14,california,wind_plus90
31.0,0.1666666666666666,1.0,735,-47.66666666666667,commnet,california,4042.0,42,0,california,wind_plus90
34.0,0.0,1.0,765,-54.0,commnet,california,4042.0,42,1,california,wind_plus90
31.0,0.1666666666666666,1.0,719,-47.66666666666667,commnet,california,4042.0,42,2,california,wind_plus90
28.0,0.1666666666666666,1.0,612,-44.66666666666667,commnet,california,4042.0,42,3,california,wind_plus90
31.0,0.1666666666666666,1.0,785,-47.66666666666667,commnet,california,4042.0,42,4,california,wind_plus90
19.0,0.5,1.0,549,-29.0,commnet,california,4042.0,42,5,california,wind_plus90
22.0,0.3333333333333333,1.0,626,-35.333333333333336,commnet,california,4042.0,42,6,california,wind_plus90
31.0,0.1666666666666666,1.0,773,-47.66666666666667,commnet,california,4042.0,42,7,california,wind_plus90
34.0,0.0,1.0,779,-54.0,commnet,california,4042.0,42,8,california,wind_plus90
15.0,0.5,1.0,387,-25.0,commnet,california,4042.0,42,9,california,wind_plus90
31.0,0.1666666666666666,1.0,737,-47.66666666666667,commnet,california,4042.0,42,10,california,wind_plus90
31.0,0.1666666666666666,1.0,742,-47.66666666666667,commnet,california,4042.0,42,11,california,wind_plus90
34.0,0.0,1.0,758,-54.0,commnet,california,4042.0,42,12,california,wind_plus90
34.0,0.0,1.0,710,-54.0,commnet,california,4042.0,42,13,california,wind_plus90
31.0,0.1666666666666666,1.0,735,-47.66666666666667,commnet,california,4042.0,42,14,california,wind_plus90
31.0,0.1666666666666666,1.0,687,-47.66666666666667,commnet,california,4042.0,1042,0,california,wind_plus90
31.0,0.1666666666666666,1.0,734,-47.66666666666667,commnet,california,4042.0,1042,1,california,wind_plus90
34.0,0.0,1.0,781,-54.0,commnet,california,4042.0,1042,2,california,wind_plus90
31.0,0.1666666666666666,1.0,800,-47.66666666666667,commnet,california,4042.0,1042,3,california,wind_plus90
34.0,0.0,1.0,748,-54.0,commnet,california,4042.0,1042,4,california,wind_plus90
31.0,0.1666666666666666,1.0,706,-47.66666666666667,commnet,california,4042.0,1042,5,california,wind_plus90
34.0,0.0,1.0,776,-54.0,commnet,california,4042.0,1042,6,california,wind_plus90
34.0,0.0,0.7108167770419426,646,-54.70000000000001,commnet,california,4042.0,1042,7,california,wind_plus90
31.0,0.1666666666666666,1.0,702,-47.66666666666667,commnet,california,4042.0,1042,8,california,wind_plus90
31.0,0.1666666666666666,1.0,751,-47.66666666666667,commnet,california,4042.0,1042,9,california,wind_plus90
31.0,0.1666666666666666,1.0,739,-47.66666666666667,commnet,california,4042.0,1042,10,california,wind_plus90
15.0,0.5,1.0,548,-25.0,commnet,california,4042.0,1042,11,california,wind_plus90
31.0,0.1666666666666666,1.0,742,-47.66666666666667,commnet,california,4042.0,1042,12,california,wind_plus90
31.0,0.1666666666666666,1.0,732,-47.66666666666667,commnet,california,4042.0,1042,13,california,wind_plus90
31.0,0.1666666666666666,1.0,693,-47.66666666666667,commnet,california,4042.0,1042,14,california,wind_plus90
34.0,0.0,1.0,770,-54.0,commnet,california,4042.0,2042,0,california,wind_plus90
31.0,0.1666666666666666,1.0,791,-47.66666666666667,commnet,california,4042.0,2042,1,california,wind_plus90
31.0,0.1666666666666666,1.0,793,-34.333333333333336,commnet,california,4042.0,2042,2,california,wind_plus90
22.0,0.3333333333333333,1.0,607,-35.333333333333336,commnet,california,4042.0,2042,3,california,wind_plus90
31.0,0.1666666666666666,1.0,610,-47.66666666666667,commnet,california,4042.0,2042,4,california,wind_plus90
31.0,0.1666666666666666,1.0,737,-47.66666666666667,commnet,california,4042.0,2042,5,california,wind_plus90
28.0,0.1666666666666666,1.0,703,-44.66666666666667,commnet,california,4042.0,2042,6,california,wind_plus90
31.0,0.1666666666666666,1.0,691,-47.66666666666667,commnet,california,4042.0,2042,7,california,wind_plus90
34.0,0.0,1.0,796,-54.0,commnet,california,4042.0,2042,8,california,wind_plus90
34.0,0.0,1.0,748,-54.0,commnet,california,4042.0,2042,9,california,wind_plus90
34.0,0.0,1.0,790,-54.0,commnet,california,4042.0,2042,10,california,wind_plus90
15.0,0.5,1.0,387,-25.0,commnet,california,4042.0,2042,11,california,wind_plus90
34.0,0.0,1.0,710,-54.0,commnet,california,4042.0,2042,12,california,wind_plus90
31.0,0.1666666666666666,1.0,751,-47.66666666666667,commnet,california,4042.0,2042,13,california,wind_plus90
31.0,0.1666666666666666,0.927437641723356,755,-47.66666666666667,commnet,california,4042.0,2042,14,california,wind_plus90
34.0,0.0,1.0,558,-54.0,commnet,california,4042.0,3042,0,california,wind_plus90
34.0,0.0,1.0,707,-54.0,commnet,california,4042.0,3042,1,california,wind_plus90
31.0,0.1666666666666666,1.0,713,-47.66666666666667,commnet,california,4042.0,3042,2,california,wind_plus90
34.0,0.0,1.0,778,-54.0,commnet,california,4042.0,3042,3,california,wind_plus90
31.0,0.1666666666666666,0.8380281690140845,713,-47.66666666666667,commnet,california,4042.0,3042,4,california,wind_plus90
34.0,0.0,1.0,779,-54.0,commnet,california,4042.0,3042,5,california,wind_plus90
31.0,0.1666666666666666,1.0,699,-47.66666666666667,commnet,california,4042.0,3042,6,california,wind_plus90
31.0,0.1666666666666666,1.0,765,-47.66666666666667,commnet,california,4042.0,3042,7,california,wind_plus90
31.0,0.1666666666666666,1.0,732,-47.66666666666667,commnet,california,4042.0,3042,8,california,wind_plus90
34.0,0.0,1.0,785,-54.0,commnet,california,4042.0,3042,9,california,wind_plus90
31.0,0.1666666666666666,1.0,707,-47.66666666666667,commnet,california,4042.0,3042,10,california,wind_plus90
31.0,0.1666666666666666,1.0,672,-47.66666666666667,commnet,california,4042.0,3042,11,california,wind_plus90
19.0,0.5,1.0,482,-29.0,commnet,california,4042.0,3042,12,california,wind_plus90
34.0,0.0,1.0,773,-54.0,commnet,california,4042.0,3042,13,california,wind_plus90
21.0,0.3333333333333333,1.0,545,-34.333333333333336,commnet,california,4042.0,3042,14,california,wind_plus90
13.0,0.6666666666666666,1.0,540,-19.666666666666668,commnet,california,4042.0,4042,0,california,wind_plus90
34.0,0.0,1.0,719,-54.0,commnet,california,4042.0,4042,1,california,wind_plus90
31.0,0.1666666666666666,0.8888888888888888,710,-47.66666666666667,commnet,california,4042.0,4042,2,california,wind_plus90
31.0,0.1666666666666666,1.0,737,-47.66666666666667,commnet,california,4042.0,4042,3,california,wind_plus90
34.0,0.0,1.0,710,-54.0,commnet,california,4042.0,4042,4,california,wind_plus90
21.0,0.3333333333333333,0.7196467991169978,443,-34.333333333333336,commnet,california,4042.0,4042,5,california,wind_plus90
25.0,0.3333333333333333,0.9183222958057397,679,-38.333333333333336,commnet,california,4042.0,4042,6,california,wind_plus90
31.0,0.1666666666666666,0.7814569536423841,698,-47.66666666666667,commnet,california,4042.0,4042,7,california,wind_plus90
31.0,0.1666666666666666,1.0,752,-47.66666666666667,commnet,california,4042.0,4042,8,california,wind_plus90
31.0,0.1666666666666666,1.0,753,-47.66666666666667,commnet,california,4042.0,4042,9,california,wind_plus90
34.0,0.0,1.0,772,-54.0,commnet,california,4042.0,4042,10,california,wind_plus90
34.0,0.0,0.9774011299435028,785,-54.0,commnet,california,4042.0,4042,11,california,wind_plus90
31.0,0.1666666666666666,1.0,710,-47.66666666666667,commnet,california,4042.0,4042,12,california,wind_plus90
31.0,0.1666666666666666,1.0,764,-47.66666666666667,commnet,california,4042.0,4042,13,california,wind_plus90
31.0,0.1666666666666666,0.9911699779249448,693,-47.66666666666667,commnet,california,4042.0,4042,14,california,wind_plus90
0.0,1.0,0.9694189602446484,53,-0.2,hiercomm_heur,california,42.0,42,0,california,wind_plus90
19.0,0.5,0.8344370860927153,442,-29.800000000000004,hiercomm_heur,california,42.0,42,1,california,wind_plus90
0.0,1.0,0.9668874172185432,128,-0.4,hiercomm_heur,california,42.0,42,2,california,wind_plus90
12.0,0.5,0.9205298013245032,259,-23.0,hiercomm_heur,california,42.0,42,3,california,wind_plus90
19.0,0.5,1.0,514,-29.0,hiercomm_heur,california,42.0,42,4,california,wind_plus90
3.0,0.8333333333333334,0.9821882951653944,131,-6.433333333333332,hiercomm_heur,california,42.0,42,5,california,wind_plus90
0.0,1.0,0.8115942028985508,5,-0.4,hiercomm_heur,california,42.0,42,6,california,wind_plus90
19.0,0.5,0.955849889624724,548,-29.4,hiercomm_heur,california,42.0,42,7,california,wind_plus90
13.0,0.6666666666666666,0.9865591397849462,505,-19.766666666666666,hiercomm_heur,california,42.0,42,8,california,wind_plus90
9.0,0.6666666666666666,0.9808743169398908,116,-15.766666666666667,hiercomm_heur,california,42.0,42,9,california,wind_plus90
19.0,0.5,0.9889624724061812,527,-29.1,hiercomm_heur,california,42.0,42,10,california,wind_plus90
0.0,1.0,0.8945147679324894,36,-0.6,hiercomm_heur,california,42.0,42,11,california,wind_plus90
16.0,0.5,0.967479674796748,645,-26.3,hiercomm_heur,california,42.0,42,12,california,wind_plus90
19.0,0.5,0.8978494623655914,549,-29.4,hiercomm_heur,california,42.0,42,13,california,wind_plus90
0.0,1.0,0.9028697571743928,144,-1.1,hiercomm_heur,california,42.0,42,14,california,wind_plus90
9.0,0.6666666666666666,0.9977924944812362,279,-15.666666666666668,hiercomm_heur,california,42.0,1042,0,california,wind_plus90
9.0,0.6666666666666666,1.0,366,-15.666666666666668,hiercomm_heur,california,42.0,1042,1,california,wind_plus90
19.0,0.5,0.977924944812362,515,-29.1,hiercomm_heur,california,42.0,1042,2,california,wind_plus90
19.0,0.5,0.9889624724061812,571,-29.1,hiercomm_heur,california,42.0,1042,3,california,wind_plus90
9.0,0.6666666666666666,0.9072847682119204,474,-16.566666666666677,hiercomm_heur,california,42.0,1042,4,california,wind_plus90
0.0,1.0,0.891832229580574,150,-1.2000000000000002,hiercomm_heur,california,42.0,1042,5,california,wind_plus90
9.0,0.6666666666666666,0.9602649006622516,277,-16.06666666666667,hiercomm_heur,california,42.0,1042,6,california,wind_plus90
3.0,0.8333333333333334,1.0,226,-6.333333333333332,hiercomm_heur,california,42.0,1042,7,california,wind_plus90
22.0,0.3333333333333333,0.9955849889624724,658,-35.333333333333336,hiercomm_heur,california,42.0,1042,8,california,wind_plus90
22.0,0.3333333333333333,0.8874172185430463,221,-36.13333333333334,hiercomm_heur,california,42.0,1042,9,california,wind_plus90
0.0,1.0,0.9290123456790124,30,-0.4,hiercomm_heur,california,42.0,1042,10,california,wind_plus90
19.0,0.5,0.9977924944812362,494,-29.0,hiercomm_heur,california,42.0,1042,11,california,wind_plus90
19.0,0.5,0.9889624724061812,551,-29.1,hiercomm_heur,california,42.0,1042,12,california,wind_plus90
3.0,0.8333333333333334,0.869757174392936,155,-7.133333333333332,hiercomm_heur,california,42.0,1042,13,california,wind_plus90
6.0,0.8333333333333334,0.923728813559322,98,-9.933333333333332,hiercomm_heur,california,42.0,1042,14,california,wind_plus90
19.0,0.5,0.9889624724061812,569,-29.1,hiercomm_heur,california,42.0,2042,0,california,wind_plus90
16.0,0.6666666666666666,0.9823399558498896,587,-22.666666666666668,hiercomm_heur,california,42.0,2042,1,california,wind_plus90
19.0,0.5,0.9889624724061812,556,-15.766666666666667,hiercomm_heur,california,42.0,2042,2,california,wind_plus90
22.0,0.3333333333333333,0.8852097130242825,567,-35.333333333333336,hiercomm_heur,california,42.0,2042,3,california,wind_plus90
0.0,1.0,0.875,2,-0.1,hiercomm_heur,california,42.0,2042,4,california,wind_plus90
19.0,0.5,0.8852097130242825,497,-29.1,hiercomm_heur,california,42.0,2042,5,california,wind_plus90
19.0,0.5,0.9426048565121412,594,-29.4,hiercomm_heur,california,42.0,2042,6,california,wind_plus90
0.0,1.0,0.7619047619047619,29,-0.8999999999999999,hiercomm_heur,california,42.0,2042,7,california,wind_plus90
19.0,0.5,0.9492273730684326,576,-29.4,hiercomm_heur,california,42.0,2042,8,california,wind_plus90
19.0,0.5,0.9602649006622516,613,-29.4,hiercomm_heur,california,42.0,2042,9,california,wind_plus90
9.0,0.6666666666666666,0.8498896247240618,548,-15.866666666666667,hiercomm_heur,california,42.0,2042,10,california,wind_plus90
9.0,0.6666666666666666,0.9808743169398908,116,-15.766666666666667,hiercomm_heur,california,42.0,2042,11,california,wind_plus90
19.0,0.5,0.8972222222222223,516,-29.600000000000005,hiercomm_heur,california,42.0,2042,12,california,wind_plus90
0.0,1.0,0.8826291079812206,36,-0.5,hiercomm_heur,california,42.0,2042,13,california,wind_plus90
9.0,0.6666666666666666,0.9972451790633609,333,-15.666666666666668,hiercomm_heur,california,42.0,2042,14,california,wind_plus90
0.0,1.0,0.8115942028985508,5,-0.4,hiercomm_heur,california,42.0,3042,0,california,wind_plus90
0.0,1.0,0.9183222958057397,46,-0.5,hiercomm_heur,california,42.0,3042,1,california,wind_plus90
0.0,1.0,0.8812260536398467,35,-0.6,hiercomm_heur,california,42.0,3042,2,california,wind_plus90
19.0,0.5,0.9028697571743928,497,-29.500000000000004,hiercomm_heur,california,42.0,3042,3,california,wind_plus90
22.0,0.3333333333333333,1.0,621,-35.333333333333336,hiercomm_heur,california,42.0,3042,4,california,wind_plus90
19.0,0.5,0.9161147902869756,583,-29.5,hiercomm_heur,california,42.0,3042,5,california,wind_plus90
13.0,0.6666666666666666,0.9876543209876544,492,-19.766666666666666,hiercomm_heur,california,42.0,3042,6,california,wind_plus90
19.0,0.5,0.9536423841059604,596,-29.5,hiercomm_heur,california,42.0,3042,7,california,wind_plus90
19.0,0.5,0.955849889624724,544,-29.1,hiercomm_heur,california,42.0,3042,8,california,wind_plus90
19.0,0.5,0.9889624724061812,546,-29.1,hiercomm_heur,california,42.0,3042,9,california,wind_plus90
16.0,0.5,0.9707207207207208,636,-26.3,hiercomm_heur,california,42.0,3042,10,california,wind_plus90
9.0,0.6666666666666666,0.9845474613686536,550,-15.666666666666668,hiercomm_heur,california,42.0,3042,11,california,wind_plus90
3.0,0.8333333333333334,0.9845474613686536,157,-6.433333333333332,hiercomm_heur,california,42.0,3042,12,california,wind_plus90
19.0,0.5,0.9602649006622516,547,-29.4,hiercomm_heur,california,42.0,3042,13,california,wind_plus90
6.0,0.8333333333333334,1.0,176,-9.333333333333332,hiercomm_heur,california,42.0,3042,14,california,wind_plus90
0.0,1.0,1.0,80,0.0,hiercomm_heur,california,42.0,4042,0,california,wind_plus90
19.0,0.5,0.8763796909492274,314,-30.100000000000005,hiercomm_heur,california,42.0,4042,1,california,wind_plus90
22.0,0.3333333333333333,1.0,631,-35.333333333333336,hiercomm_heur,california,42.0,4042,2,california,wind_plus90
19.0,0.5,0.977924944812362,549,-29.1,hiercomm_heur,california,42.0,4042,3,california,wind_plus90
22.0,0.3333333333333333,0.933774834437086,481,-35.93333333333334,hiercomm_heur,california,42.0,4042,4,california,wind_plus90
0.0,1.0,0.9624724061810156,56,-0.5,hiercomm_heur,california,42.0,4042,5,california,wind_plus90
3.0,0.8333333333333334,0.9977924944812362,120,-6.333333333333332,hiercomm_heur,california,42.0,4042,6,california,wind_plus90
6.0,0.8333333333333334,0.958057395143488,123,-9.733333333333333,hiercomm_heur,california,42.0,4042,7,california,wind_plus90
9.0,0.6666666666666666,0.9977924944812362,494,-15.666666666666668,hiercomm_heur,california,42.0,4042,8,california,wind_plus90
10.0,0.8333333333333334,1.0,496,-13.333333333333332,hiercomm_heur,california,42.0,4042,9,california,wind_plus90
19.0,0.5,0.9889624724061812,538,-29.1,hiercomm_heur,california,42.0,4042,10,california,wind_plus90
19.0,0.5,0.9846153846153848,529,-29.1,hiercomm_heur,california,42.0,4042,11,california,wind_plus90
19.0,0.5,0.9889624724061812,550,-29.1,hiercomm_heur,california,42.0,4042,12,california,wind_plus90
19.0,0.5,0.9889624724061812,578,-29.1,hiercomm_heur,california,42.0,4042,13,california,wind_plus90
0.0,1.0,0.8604651162790697,6,-0.2,hiercomm_heur,california,42.0,4042,14,california,wind_plus90
3.0,0.8333333333333334,0.9889624724061812,292,-6.333333333333332,hiercomm_heur,california,1042.0,42,0,california,wind_plus90
9.0,0.6666666666666666,0.7991169977924945,301,-16.466666666666665,hiercomm_heur,california,1042.0,42,1,california,wind_plus90
9.0,0.6666666666666666,0.9735099337748344,299,-15.666666666666668,hiercomm_heur,california,1042.0,42,2,california,wind_plus90
3.0,0.8333333333333334,0.9470198675496688,476,-6.533333333333331,hiercomm_heur,california,1042.0,42,3,california,wind_plus90
22.0,0.3333333333333333,0.9977924944812362,552,-35.333333333333336,hiercomm_heur,california,1042.0,42,4,california,wind_plus90
0.0,1.0,0.9933774834437086,51,0.0,hiercomm_heur,california,1042.0,42,5,california,wind_plus90
6.0,0.8333333333333334,0.9933774834437086,174,-9.333333333333332,hiercomm_heur,california,1042.0,42,6,california,wind_plus90
3.0,0.8333333333333334,1.0,83,-6.333333333333332,hiercomm_heur,california,1042.0,42,7,california,wind_plus90
22.0,0.3333333333333333,0.9867549668874172,540,-35.43333333333333,hiercomm_heur,california,1042.0,42,8,california,wind_plus90
0.0,1.0,0.987012987012987,23,0.0,hiercomm_heur,california,1042.0,42,9,california,wind_plus90
16.0,0.5,0.9867549668874172,541,-26.1,hiercomm_heur,california,1042.0,42,10,california,wind_plus90
12.0,0.5,0.9977924944812362,321,-22.0,hiercomm_heur,california,1042.0,42,11,california,wind_plus90
19.0,0.5,0.891832229580574,629,-29.1,hiercomm_heur,california,1042.0,42,12,california,wind_plus90
19.0,0.5,0.9897435897435898,666,-29.0,hiercomm_heur,california,1042.0,42,13,california,wind_plus90
0.0,1.0,0.9907407407407408,57,0.0,hiercomm_heur,california,1042.0,42,14,california,wind_plus90
3.0,0.8333333333333334,0.9911699779249448,371,-6.333333333333332,hiercomm_heur,california,1042.0,1042,0,california,wind_plus90
3.0,0.8333333333333334,0.9809523809523808,23,-6.333333333333332,hiercomm_heur,california,1042.0,1042,1,california,wind_plus90
13.0,0.6666666666666666,0.9624724061810156,554,-19.766666666666666,hiercomm_heur,california,1042.0,1042,2,california,wind_plus90
19.0,0.5,0.9854014598540146,592,-29.1,hiercomm_heur,california,1042.0,1042,3,california,wind_plus90
9.0,0.6666666666666666,0.9183222958057397,276,-16.566666666666666,hiercomm_heur,california,1042.0,1042,4,california,wind_plus90
0.0,1.0,0.9889624724061812,81,0.0,hiercomm_heur,california,1042.0,1042,5,california,wind_plus90
10.0,0.8333333333333334,0.9933774834437086,152,-13.433333333333332,hiercomm_heur,california,1042.0,1042,6,california,wind_plus90
0.0,1.0,0.9750778816199376,60,-0.1,hiercomm_heur,california,1042.0,1042,7,california,wind_plus90
19.0,0.5,0.9911699779249448,510,-29.1,hiercomm_heur,california,1042.0,1042,8,california,wind_plus90
6.0,0.8333333333333334,0.9094922737306844,247,-9.633333333333333,hiercomm_heur,california,1042.0,1042,9,california,wind_plus90
6.0,0.6666666666666666,1.0,305,-12.666666666666668,hiercomm_heur,california,1042.0,1042,10,california,wind_plus90
12.0,0.5,0.9977924944812362,267,-22.0,hiercomm_heur,california,1042.0,1042,11,california,wind_plus90
16.0,0.5,0.9867549668874172,618,-26.1,hiercomm_heur,california,1042.0,1042,12,california,wind_plus90
0.0,1.0,0.9889624724061812,75,0.0,hiercomm_heur,california,1042.0,1042,13,california,wind_plus90
0.0,1.0,0.9911699779249448,212,0.0,hiercomm_heur,california,1042.0,1042,14,california,wind_plus90
22.0,0.3333333333333333,0.9867549668874172,547,-35.43333333333333,hiercomm_heur,california,1042.0,2042,0,california,wind_plus90
13.0,0.6666666666666666,0.9975669099756692,551,-19.666666666666668,hiercomm_heur,california,1042.0,2042,1,california,wind_plus90
19.0,0.5,0.9865771812080536,555,-15.766666666666667,hiercomm_heur,california,1042.0,2042,2,california,wind_plus90
22.0,0.3333333333333333,0.9867549668874172,641,-35.43333333333333,hiercomm_heur,california,1042.0,2042,3,california,wind_plus90
0.0,1.0,0.9889624724061812,162,0.0,hiercomm_heur,california,1042.0,2042,4,california,wind_plus90
16.0,0.5,0.9867549668874172,539,-26.1,hiercomm_heur,california,1042.0,2042,5,california,wind_plus90
3.0,0.8333333333333334,0.957983193277311,89,-6.333333333333332,hiercomm_heur,california,1042.0,2042,6,california,wind_plus90
0.0,1.0,0.9845474613686536,197,0.0,hiercomm_heur,california,1042.0,2042,7,california,wind_plus90
3.0,0.8333333333333334,1.0,84,-6.333333333333332,hiercomm_heur,california,1042.0,2042,8,california,wind_plus90
3.0,0.8333333333333334,0.9927007299270072,92,-6.333333333333332,hiercomm_heur,california,1042.0,2042,9,california,wind_plus90
9.0,0.6666666666666666,0.9977924944812362,301,-15.666666666666668,hiercomm_heur,california,1042.0,2042,10,california,wind_plus90
0.0,1.0,0.987012987012987,23,0.0,hiercomm_heur,california,1042.0,2042,11,california,wind_plus90
19.0,0.5,0.989159891598916,675,-29.0,hiercomm_heur,california,1042.0,2042,12,california,wind_plus90
9.0,0.6666666666666666,0.9977924944812362,444,-15.666666666666668,hiercomm_heur,california,1042.0,2042,13,california,wind_plus90
12.0,0.5,0.9448123620309052,468,-22.1,hiercomm_heur,california,1042.0,2042,14,california,wind_plus90
0.0,1.0,0.9955849889624724,134,0.0,hiercomm_heur,california,1042.0,3042,0,california,wind_plus90
0.0,1.0,0.986449864498645,33,0.0,hiercomm_heur,california,1042.0,3042,1,california,wind_plus90
9.0,0.6666666666666666,0.9911699779249448,324,-15.666666666666668,hiercomm_heur,california,1042.0,3042,2,california,wind_plus90
10.0,0.8333333333333334,0.9402298850574712,90,-13.73333333333333,hiercomm_heur,california,1042.0,3042,3,california,wind_plus90
19.0,0.5,0.9889624724061812,476,-29.1,hiercomm_heur,california,1042.0,3042,4,california,wind_plus90
13.0,0.6666666666666666,0.9933774834437086,207,-19.766666666666666,hiercomm_heur,california,1042.0,3042,5,california,wind_plus90
22.0,0.3333333333333333,0.9801324503311258,546,-35.43333333333333,hiercomm_heur,california,1042.0,3042,6,california,wind_plus90
3.0,0.8333333333333334,1.0,176,-6.333333333333332,hiercomm_heur,california,1042.0,3042,7,california,wind_plus90
22.0,0.3333333333333333,0.9889624724061812,596,-35.43333333333333,hiercomm_heur,california,1042.0,3042,8,california,wind_plus90
19.0,0.5,0.9867549668874172,496,-29.1,hiercomm_heur,california,1042.0,3042,9,california,wind_plus90
16.0,0.6666666666666666,0.913907284768212,324,-22.866666666666667,hiercomm_heur,california,1042.0,3042,10,california,wind_plus90
3.0,0.8333333333333334,0.9690949227373068,412,-6.433333333333332,hiercomm_heur,california,1042.0,3042,11,california,wind_plus90
0.0,1.0,0.9903846153846154,42,0.0,hiercomm_heur,california,1042.0,3042,12,california,wind_plus90
3.0,0.8333333333333334,1.0,142,-6.333333333333332,hiercomm_heur,california,1042.0,3042,13,california,wind_plus90
6.0,0.8333333333333334,0.9602649006622516,323,-9.433333333333332,hiercomm_heur,california,1042.0,3042,14,california,wind_plus90
12.0,0.5,0.98005698005698,332,-22.0,hiercomm_heur,california,1042.0,4042,0,california,wind_plus90
3.0,0.8333333333333334,0.9753086419753086,34,-6.533333333333331,hiercomm_heur,california,1042.0,4042,1,california,wind_plus90
13.0,0.6666666666666666,0.9889624724061812,523,-19.766666666666666,hiercomm_heur,california,1042.0,4042,2,california,wind_plus90
3.0,0.8333333333333334,0.9889624724061812,203,-6.433333333333332,hiercomm_heur,california,1042.0,4042,3,california,wind_plus90
13.0,0.6666666666666666,0.9911699779249448,448,-19.666666666666668,hiercomm_heur,california,1042.0,4042,4,california,wind_plus90
12.0,0.5,1.0,313,-22.0,hiercomm_heur,california,1042.0,4042,5,california,wind_plus90
12.0,0.5,0.9889624724061812,345,-22.0,hiercomm_heur,california,1042.0,4042,6,california,wind_plus90
9.0,0.6666666666666666,0.8785871964679912,329,-16.166666666666668,hiercomm_heur,california,1042.0,4042,7,california,wind_plus90
12.0,0.5,0.8631346578366446,444,-22.500000000000007,hiercomm_heur,california,1042.0,4042,8,california,wind_plus90
16.0,0.5,0.9973118279569892,600,-26.0,hiercomm_heur,california,1042.0,4042,9,california,wind_plus90
19.0,0.5,0.9867549668874172,499,-29.1,hiercomm_heur,california,1042.0,4042,10,california,wind_plus90
19.0,0.5,0.9867549668874172,538,-29.1,hiercomm_heur,california,1042.0,4042,11,california,wind_plus90
22.0,0.3333333333333333,0.9690949227373068,618,-35.333333333333336,hiercomm_heur,california,1042.0,4042,12,california,wind_plus90
16.0,0.5,0.9845474613686536,586,-26.1,hiercomm_heur,california,1042.0,4042,13,california,wind_plus90
0.0,1.0,0.981981981981982,44,0.0,hiercomm_heur,california,1042.0,4042,14,california,wind_plus90
0.0,1.0,1.0,67,0.0,hiercomm_heur,california,2042.0,42,0,california,wind_plus90
9.0,0.6666666666666666,1.0,197,-15.666666666666668,hiercomm_heur,california,2042.0,42,1,california,wind_plus90
9.0,0.6666666666666666,0.9911699779249448,212,-15.766666666666667,hiercomm_heur,california,2042.0,42,2,california,wind_plus90
0.0,1.0,1.0,24,0.0,hiercomm_heur,california,2042.0,42,3,california,wind_plus90
16.0,0.5,1.0,498,-26.0,hiercomm_heur,california,2042.0,42,4,california,wind_plus90
0.0,1.0,0.9206349206349206,10,0.0,hiercomm_heur,california,2042.0,42,5,california,wind_plus90
0.0,1.0,1.0,0,0.0,hiercomm_heur,california,2042.0,42,6,california,wind_plus90
0.0,1.0,1.0,23,0.0,hiercomm_heur,california,2042.0,42,7,california,wind_plus90
22.0,0.3333333333333333,0.9971988795518208,511,-35.333333333333336,hiercomm_heur,california,2042.0,42,8,california,wind_plus90
0.0,1.0,0.9955555555555556,32,0.0,hiercomm_heur,california,2042.0,42,9,california,wind_plus90
19.0,0.5,1.0,488,-29.0,hiercomm_heur,california,2042.0,42,10,california,wind_plus90
0.0,1.0,1.0,52,0.0,hiercomm_heur,california,2042.0,42,11,california,wind_plus90
12.0,0.5,1.0,564,-22.0,hiercomm_heur,california,2042.0,42,12,california,wind_plus90
22.0,0.3333333333333333,1.0,577,-35.333333333333336,hiercomm_heur,california,2042.0,42,13,california,wind_plus90
12.0,0.5,0.9668874172185432,309,-22.0,hiercomm_heur,california,2042.0,42,14,california,wind_plus90
10.0,0.8333333333333334,1.0,83,-13.333333333333332,hiercomm_heur,california,2042.0,1042,0,california,wind_plus90
0.0,1.0,1.0,61,0.0,hiercomm_heur,california,2042.0,1042,1,california,wind_plus90
16.0,0.5,0.9867549668874172,536,-26.0,hiercomm_heur,california,2042.0,1042,2,california,wind_plus90
22.0,0.3333333333333333,1.0,563,-35.333333333333336,hiercomm_heur,california,2042.0,1042,3,california,wind_plus90
3.0,0.8333333333333334,1.0,200,-6.333333333333332,hiercomm_heur,california,2042.0,1042,4,california,wind_plus90
0.0,1.0,0.9857142857142858,45,0.0,hiercomm_heur,california,2042.0,1042,5,california,wind_plus90
0.0,1.0,0.9977924944812362,40,0.0,hiercomm_heur,california,2042.0,1042,6,california,wind_plus90
22.0,0.3333333333333333,0.9646799116997792,667,-35.53333333333333,hiercomm_heur,california,2042.0,1042,7,california,wind_plus90
13.0,0.6666666666666666,1.0,483,-19.666666666666668,hiercomm_heur,california,2042.0,1042,8,california,wind_plus90
12.0,0.5,0.9845474613686536,352,-22.0,hiercomm_heur,california,2042.0,1042,9,california,wind_plus90
9.0,0.6666666666666666,1.0,335,-15.666666666666668,hiercomm_heur,california,2042.0,1042,10,california,wind_plus90
6.0,0.8333333333333334,0.9602649006622516,234,-9.333333333333332,hiercomm_heur,california,2042.0,1042,11,california,wind_plus90
13.0,0.6666666666666666,0.9972451790633609,465,-19.666666666666668,hiercomm_heur,california,2042.0,1042,12,california,wind_plus90
0.0,1.0,0.9852941176470588,43,0.0,hiercomm_heur,california,2042.0,1042,13,california,wind_plus90
0.0,1.0,1.0,25,0.0,hiercomm_heur,california,2042.0,1042,14,california,wind_plus90
22.0,0.3333333333333333,1.0,561,-35.333333333333336,hiercomm_heur,california,2042.0,2042,0,california,wind_plus90
16.0,0.5,0.8741721854304636,557,-26.0,hiercomm_heur,california,2042.0,2042,1,california,wind_plus90
22.0,0.3333333333333333,1.0,558,-22.0,hiercomm_heur,california,2042.0,2042,2,california,wind_plus90
22.0,0.3333333333333333,1.0,570,-35.333333333333336,hiercomm_heur,california,2042.0,2042,3,california,wind_plus90
0.0,1.0,0.9924242424242424,20,0.0,hiercomm_heur,california,2042.0,2042,4,california,wind_plus90
19.0,0.5,1.0,585,-29.0,hiercomm_heur,california,2042.0,2042,5,california,wind_plus90
9.0,0.6666666666666666,1.0,518,-15.666666666666668,hiercomm_heur,california,2042.0,2042,6,california,wind_plus90
3.0,0.8333333333333334,0.993103448275862,142,-6.333333333333332,hiercomm_heur,california,2042.0,2042,7,california,wind_plus90
0.0,1.0,1.0,27,0.0,hiercomm_heur,california,2042.0,2042,8,california,wind_plus90
9.0,0.6666666666666666,0.9977924944812362,196,-15.666666666666668,hiercomm_heur,california,2042.0,2042,9,california,wind_plus90
9.0,0.6666666666666666,1.0,165,-15.666666666666668,hiercomm_heur,california,2042.0,2042,10,california,wind_plus90
0.0,1.0,0.9955555555555556,32,0.0,hiercomm_heur,california,2042.0,2042,11,california,wind_plus90
22.0,0.3333333333333333,1.0,567,-35.333333333333336,hiercomm_heur,california,2042.0,2042,12,california,wind_plus90
0.0,1.0,1.0,57,0.0,hiercomm_heur,california,2042.0,2042,13,california,wind_plus90
22.0,0.3333333333333333,0.9889624724061812,544,-35.43333333333334,hiercomm_heur,california,2042.0,2042,14,california,wind_plus90
0.0,1.0,1.0,0,0.0,hiercomm_heur,california,2042.0,3042,0,california,wind_plus90
0.0,1.0,1.0,0,0.0,hiercomm_heur,california,2042.0,3042,1,california,wind_plus90
12.0,0.5,0.9933774834437086,216,-22.0,hiercomm_heur,california,2042.0,3042,2,california,wind_plus90
0.0,1.0,1.0,36,0.0,hiercomm_heur,california,2042.0,3042,3,california,wind_plus90
9.0,0.6666666666666666,1.0,532,-15.666666666666668,hiercomm_heur,california,2042.0,3042,4,california,wind_plus90
0.0,1.0,1.0,16,0.0,hiercomm_heur,california,2042.0,3042,5,california,wind_plus90
28.0,0.1666666666666666,1.0,557,-44.66666666666667,hiercomm_heur,california,2042.0,3042,6,california,wind_plus90
3.0,0.8333333333333334,1.0,217,-6.333333333333332,hiercomm_heur,california,2042.0,3042,7,california,wind_plus90
16.0,0.5,1.0,555,-26.0,hiercomm_heur,california,2042.0,3042,8,california,wind_plus90
22.0,0.3333333333333333,1.0,531,-35.333333333333336,hiercomm_heur,california,2042.0,3042,9,california,wind_plus90
3.0,0.8333333333333334,0.9977924944812362,323,-6.333333333333332,hiercomm_heur,california,2042.0,3042,10,california,wind_plus90
6.0,0.8333333333333334,0.9448123620309052,266,-9.333333333333332,hiercomm_heur,california,2042.0,3042,11,california,wind_plus90
9.0,0.6666666666666666,1.0,156,-15.666666666666668,hiercomm_heur,california,2042.0,3042,12,california,wind_plus90
0.0,1.0,1.0,46,0.0,hiercomm_heur,california,2042.0,3042,13,california,wind_plus90
0.0,1.0,0.9977924944812362,29,0.0,hiercomm_heur,california,2042.0,3042,14,california,wind_plus90
3.0,0.8333333333333334,0.9977924944812362,253,-6.333333333333332,hiercomm_heur,california,2042.0,4042,0,california,wind_plus90
0.0,1.0,1.0,0,0.0,hiercomm_heur,california,2042.0,4042,1,california,wind_plus90
3.0,0.8333333333333334,1.0,474,-6.333333333333332,hiercomm_heur,california,2042.0,4042,2,california,wind_plus90
0.0,1.0,1.0,21,0.0,hiercomm_heur,california,2042.0,4042,3,california,wind_plus90
22.0,0.3333333333333333,0.9845474613686536,497,-35.43333333333334,hiercomm_heur,california,2042.0,4042,4,california,wind_plus90
9.0,0.6666666666666666,1.0,330,-15.666666666666668,hiercomm_heur,california,2042.0,4042,5,california,wind_plus90
3.0,0.8333333333333334,1.0,330,-6.333333333333332,hiercomm_heur,california,2042.0,4042,6,california,wind_plus90
0.0,1.0,1.0,60,0.0,hiercomm_heur,california,2042.0,4042,7,california,wind_plus90
22.0,0.3333333333333333,0.9646799116997792,550,-35.43333333333334,hiercomm_heur,california,2042.0,4042,8,california,wind_plus90
16.0,0.5,1.0,467,-26.0,hiercomm_heur,california,2042.0,4042,9,california,wind_plus90
22.0,0.3333333333333333,0.9699453551912568,540,-35.43333333333334,hiercomm_heur,california,2042.0,4042,10,california,wind_plus90
22.0,0.3333333333333333,1.0,560,-35.333333333333336,hiercomm_heur,california,2042.0,4042,11,california,wind_plus90
19.0,0.5,1.0,550,-29.0,hiercomm_heur,california,2042.0,4042,12,california,wind_plus90
13.0,0.6666666666666666,0.955849889624724,560,-19.666666666666668,hiercomm_heur,california,2042.0,4042,13,california,wind_plus90
0.0,1.0,0.9955849889624724,49,0.0,hiercomm_heur,california,2042.0,4042,14,california,wind_plus90
25.0,0.3333333333333333,0.9933774834437086,649,-38.333333333333336,hiercomm_heur,california,3042.0,42,0,california,wind_plus90
9.0,0.6666666666666666,0.9904076738609112,392,-15.666666666666668,hiercomm_heur,california,3042.0,42,1,california,wind_plus90
6.0,0.8333333333333334,0.9977924944812362,275,-9.333333333333332,hiercomm_heur,california,3042.0,42,2,california,wind_plus90
6.0,0.8333333333333334,1.0,196,-9.333333333333332,hiercomm_heur,california,3042.0,42,3,california,wind_plus90
16.0,0.5,1.0,585,-26.0,hiercomm_heur,california,3042.0,42,4,california,wind_plus90
0.0,1.0,0.9947916666666666,13,0.0,hiercomm_heur,california,3042.0,42,5,california,wind_plus90
0.0,1.0,1.0,0,0.0,hiercomm_heur,california,3042.0,42,6,california,wind_plus90
13.0,0.6666666666666666,0.9823399558498896,734,-19.666666666666668,hiercomm_heur,california,3042.0,42,7,california,wind_plus90
22.0,0.3333333333333333,0.9494949494949496,663,-35.333333333333336,hiercomm_heur,california,3042.0,42,8,california,wind_plus90
0.0,1.0,0.9829059829059827,4,0.0,hiercomm_heur,california,3042.0,42,9,california,wind_plus90
22.0,0.3333333333333333,1.0,627,-35.333333333333336,hiercomm_heur,california,3042.0,42,10,california,wind_plus90
9.0,0.6666666666666666,0.9889624724061812,590,-15.766666666666667,hiercomm_heur,california,3042.0,42,11,california,wind_plus90
22.0,0.3333333333333333,1.0,694,-35.333333333333336,hiercomm_heur,california,3042.0,42,12,california,wind_plus90
22.0,0.3333333333333333,1.0,654,-35.333333333333336,hiercomm_heur,california,3042.0,42,13,california,wind_plus90
9.0,0.6666666666666666,0.977924944812362,379,-15.666666666666668,hiercomm_heur,california,3042.0,42,14,california,wind_plus90
12.0,0.6666666666666666,0.9867549668874172,619,-18.766666666666666,hiercomm_heur,california,3042.0,1042,0,california,wind_plus90
6.0,0.8333333333333334,0.9911699779249448,175,-9.333333333333332,hiercomm_heur,california,3042.0,1042,1,california,wind_plus90
16.0,0.5,0.9536423841059604,648,-26.0,hiercomm_heur,california,3042.0,1042,2,california,wind_plus90
22.0,0.3333333333333333,0.9492273730684326,613,-35.53333333333333,hiercomm_heur,california,3042.0,1042,3,california,wind_plus90
3.0,0.8333333333333334,0.9911699779249448,478,-6.333333333333332,hiercomm_heur,california,3042.0,1042,4,california,wind_plus90
0.0,1.0,0.9588477366255144,31,0.0,hiercomm_heur,california,3042.0,1042,5,california,wind_plus90
19.0,0.5,0.9315673289183224,697,-29.0,hiercomm_heur,california,3042.0,1042,6,california,wind_plus90
0.0,1.0,1.0,9,0.0,hiercomm_heur,california,3042.0,1042,7,california,wind_plus90
22.0,0.3333333333333333,1.0,688,-35.333333333333336,hiercomm_heur,california,3042.0,1042,8,california,wind_plus90
12.0,0.5,0.9624724061810156,493,-22.0,hiercomm_heur,california,3042.0,1042,9,california,wind_plus90
12.0,0.5,0.9955849889624724,308,-22.0,hiercomm_heur,california,3042.0,1042,10,california,wind_plus90
9.0,0.6666666666666666,1.0,206,-15.666666666666668,hiercomm_heur,california,3042.0,1042,11,california,wind_plus90
28.0,0.1666666666666666,0.988425925925926,598,-44.66666666666667,hiercomm_heur,california,3042.0,1042,12,california,wind_plus90
0.0,1.0,0.9588477366255144,31,0.0,hiercomm_heur,california,3042.0,1042,13,california,wind_plus90
12.0,0.5,0.9977924944812362,281,-22.0,hiercomm_heur,california,3042.0,1042,14,california,wind_plus90
16.0,0.5,0.9735099337748344,695,-26.0,hiercomm_heur,california,3042.0,2042,0,california,wind_plus90
22.0,0.3333333333333333,1.0,602,-35.333333333333336,hiercomm_heur,california,3042.0,2042,1,california,wind_plus90
22.0,0.3333333333333333,0.9514348785871964,638,-22.0,hiercomm_heur,california,3042.0,2042,2,california,wind_plus90
28.0,0.1666666666666666,0.9889624724061812,624,-44.66666666666667,hiercomm_heur,california,3042.0,2042,3,california,wind_plus90
0.0,1.0,0.9861111111111112,0,0.0,hiercomm_heur,california,3042.0,2042,4,california,wind_plus90
22.0,0.3333333333333333,1.0,673,-35.333333333333336,hiercomm_heur,california,3042.0,2042,5,california,wind_plus90
19.0,0.5,0.9906103286384976,642,-29.0,hiercomm_heur,california,3042.0,2042,6,california,wind_plus90
22.0,0.3333333333333333,0.9977924944812362,326,-35.333333333333336,hiercomm_heur,california,3042.0,2042,7,california,wind_plus90
13.0,0.6666666666666666,0.9624724061810156,697,-19.76666666666667,hiercomm_heur,california,3042.0,2042,8,california,wind_plus90
19.0,0.5,0.983451536643026,646,-29.0,hiercomm_heur,california,3042.0,2042,9,california,wind_plus90
3.0,0.8333333333333334,0.9977924944812362,347,-6.333333333333332,hiercomm_heur,california,3042.0,2042,10,california,wind_plus90
0.0,1.0,0.9829059829059827,4,0.0,hiercomm_heur,california,3042.0,2042,11,california,wind_plus90
22.0,0.3333333333333333,1.0,655,-35.333333333333336,hiercomm_heur,california,3042.0,2042,12,california,wind_plus90
9.0,0.6666666666666666,0.9889624724061812,555,-15.766666666666667,hiercomm_heur,california,3042.0,2042,13,california,wind_plus90
9.0,0.6666666666666666,0.9977924944812362,550,-15.666666666666668,hiercomm_heur,california,3042.0,2042,14,california,wind_plus90
0.0,1.0,1.0,0,0.0,hiercomm_heur,california,3042.0,3042,0,california,wind_plus90
0.0,1.0,0.9411764705882352,0,0.0,hiercomm_heur,california,3042.0,3042,1,california,wind_plus90
22.0,0.3333333333333333,0.9977924944812362,360,-35.333333333333336,hiercomm_heur,california,3042.0,3042,2,california,wind_plus90
19.0,0.5,0.9690949227373068,692,-29.0,hiercomm_heur,california,3042.0,3042,3,california,wind_plus90
22.0,0.3333333333333333,1.0,675,-35.333333333333336,hiercomm_heur,california,3042.0,3042,4,california,wind_plus90
19.0,0.5,0.9690949227373068,676,-29.0,hiercomm_heur,california,3042.0,3042,5,california,wind_plus90
22.0,0.3333333333333333,1.0,256,-35.333333333333336,hiercomm_heur,california,3042.0,3042,6,california,wind_plus90
19.0,0.5,0.9845474613686536,584,-29.0,hiercomm_heur,california,3042.0,3042,7,california,wind_plus90
16.0,0.6666666666666666,0.9977924944812362,559,-22.666666666666668,hiercomm_heur,california,3042.0,3042,8,california,wind_plus90
16.0,0.5,0.9536423841059604,677,-26.0,hiercomm_heur,california,3042.0,3042,9,california,wind_plus90
22.0,0.3333333333333333,1.0,679,-35.333333333333336,hiercomm_heur,california,3042.0,3042,10,california,wind_plus90
9.0,0.6666666666666666,1.0,272,-15.666666666666668,hiercomm_heur,california,3042.0,3042,11,california,wind_plus90
0.0,1.0,0.9947089947089948,16,0.0,hiercomm_heur,california,3042.0,3042,12,california,wind_plus90
19.0,0.5,0.9713024282560706,702,-29.0,hiercomm_heur,california,3042.0,3042,13,california,wind_plus90
0.0,1.0,1.0,44,0.0,hiercomm_heur,california,3042.0,3042,14,california,wind_plus90
9.0,0.6666666666666666,0.9889624724061812,462,-15.766666666666667,hiercomm_heur,california,3042.0,4042,0,california,wind_plus90
0.0,1.0,0.9642857142857144,0,0.0,hiercomm_heur,california,3042.0,4042,1,california,wind_plus90
22.0,0.3333333333333333,1.0,702,-35.333333333333336,hiercomm_heur,california,3042.0,4042,2,california,wind_plus90
0.0,1.0,1.0,34,0.0,hiercomm_heur,california,3042.0,4042,3,california,wind_plus90
19.0,0.5,1.0,552,-29.0,hiercomm_heur,california,3042.0,4042,4,california,wind_plus90
9.0,0.6666666666666666,0.9955849889624724,169,-15.666666666666668,hiercomm_heur,california,3042.0,4042,5,california,wind_plus90
9.0,0.6666666666666666,0.9889624724061812,516,-15.766666666666667,hiercomm_heur,california,3042.0,4042,6,california,wind_plus90
25.0,0.3333333333333333,0.9931972789115646,720,-38.333333333333336,hiercomm_heur,california,3042.0,4042,7,california,wind_plus90
9.0,0.6666666666666666,0.9977924944812362,559,-15.666666666666668,hiercomm_heur,california,3042.0,4042,8,california,wind_plus90
16.0,0.5,1.0,633,-26.0,hiercomm_heur,california,3042.0,4042,9,california,wind_plus90
28.0,0.1666666666666666,0.9889624724061812,624,-44.66666666666667,hiercomm_heur,california,3042.0,4042,10,california,wind_plus90
28.0,0.1666666666666666,0.9889624724061812,586,-44.66666666666667,hiercomm_heur,california,3042.0,4042,11,california,wind_plus90
28.0,0.1666666666666666,1.0,513,-44.66666666666667,hiercomm_heur,california,3042.0,4042,12,california,wind_plus90
16.0,0.5,0.9624724061810156,665,-26.0,hiercomm_heur,california,3042.0,4042,13,california,wind_plus90
0.0,1.0,0.9977924944812362,46,0.0,hiercomm_heur,california,3042.0,4042,14,california,wind_plus90
12.0,0.5,1.0,627,-22.0,hiercomm_heur,california,4042.0,42,0,california,wind_plus90
12.0,0.5,1.0,418,-22.0,hiercomm_heur,california,4042.0,42,1,california,wind_plus90
3.0,0.8333333333333334,0.9933774834437086,592,-6.433333333333332,hiercomm_heur,california,4042.0,42,2,california,wind_plus90
9.0,0.6666666666666666,1.0,536,-15.666666666666668,hiercomm_heur,california,4042.0,42,3,california,wind_plus90
16.0,0.5,0.9699074074074074,700,-26.099999999999994,hiercomm_heur,california,4042.0,42,4,california,wind_plus90
6.0,0.8333333333333334,1.0,72,-9.333333333333332,hiercomm_heur,california,4042.0,42,5,california,wind_plus90
9.0,0.6666666666666666,0.9772079772079773,197,-15.666666666666668,hiercomm_heur,california,4042.0,42,6,california,wind_plus90
22.0,0.3333333333333333,1.0,693,-35.333333333333336,hiercomm_heur,california,4042.0,42,7,california,wind_plus90
16.0,0.5,0.9929577464788732,641,-26.0,hiercomm_heur,california,4042.0,42,8,california,wind_plus90
28.0,0.1666666666666666,0.9713024282560706,679,-44.96666666666667,hiercomm_heur,california,4042.0,42,9,california,wind_plus90
22.0,0.3333333333333333,0.9479905437352246,679,-35.53333333333334,hiercomm_heur,california,4042.0,42,10,california,wind_plus90
6.0,0.6666666666666666,0.9690949227373068,418,-12.666666666666668,hiercomm_heur,california,4042.0,42,11,california,wind_plus90
22.0,0.3333333333333333,0.9970238095238096,744,-35.333333333333336,hiercomm_heur,california,4042.0,42,12,california,wind_plus90
22.0,0.3333333333333333,1.0,599,-35.333333333333336,hiercomm_heur,california,4042.0,42,13,california,wind_plus90
25.0,0.3333333333333333,0.958057395143488,277,-38.833333333333336,hiercomm_heur,california,4042.0,42,14,california,wind_plus90
12.0,0.5,1.0,498,-22.0,hiercomm_heur,california,4042.0,1042,0,california,wind_plus90
0.0,1.0,1.0,35,0.0,hiercomm_heur,california,4042.0,1042,1,california,wind_plus90
22.0,0.3333333333333333,0.9688249400479616,679,-35.333333333333336,hiercomm_heur,california,4042.0,1042,2,california,wind_plus90
22.0,0.3333333333333333,0.9933774834437086,656,-35.333333333333336,hiercomm_heur,california,4042.0,1042,3,california,wind_plus90
22.0,0.3333333333333333,0.9977924944812362,648,-35.333333333333336,hiercomm_heur,california,4042.0,1042,4,california,wind_plus90
28.0,0.1666666666666666,0.9823399558498896,648,-44.86666666666666,hiercomm_heur,california,4042.0,1042,5,california,wind_plus90
22.0,0.3333333333333333,1.0,426,-35.333333333333336,hiercomm_heur,california,4042.0,1042,6,california,wind_plus90
0.0,1.0,1.0,92,0.0,hiercomm_heur,california,4042.0,1042,7,california,wind_plus90
22.0,0.3333333333333333,1.0,657,-35.333333333333336,hiercomm_heur,california,4042.0,1042,8,california,wind_plus90
9.0,0.6666666666666666,0.958057395143488,525,-15.76666666666667,hiercomm_heur,california,4042.0,1042,9,california,wind_plus90
12.0,0.5,0.927860696517413,265,-22.40000000000001,hiercomm_heur,california,4042.0,1042,10,california,wind_plus90
0.0,1.0,1.0,73,0.0,hiercomm_heur,california,4042.0,1042,11,california,wind_plus90
22.0,0.3333333333333333,0.9933774834437086,692,-35.333333333333336,hiercomm_heur,california,4042.0,1042,12,california,wind_plus90
15.0,0.5,0.9775910364145658,226,-25.2,hiercomm_heur,california,4042.0,1042,13,california,wind_plus90
6.0,0.8333333333333334,0.993127147766323,98,-9.333333333333332,hiercomm_heur,california,4042.0,1042,14,california,wind_plus90
22.0,0.3333333333333333,0.9933774834437086,686,-35.333333333333336,hiercomm_heur,california,4042.0,2042,0,california,wind_plus90
22.0,0.3333333333333333,0.8215962441314554,706,-35.43333333333333,hiercomm_heur,california,4042.0,2042,1,california,wind_plus90
16.0,0.5,0.891832229580574,643,-12.666666666666668,hiercomm_heur,california,4042.0,2042,2,california,wind_plus90
22.0,0.3333333333333333,0.9921875,697,-35.333333333333336,hiercomm_heur,california,4042.0,2042,3,california,wind_plus90
15.0,0.5,0.9805352798053528,287,-25.2,hiercomm_heur,california,4042.0,2042,4,california,wind_plus90
22.0,0.3333333333333333,0.9933774834437086,681,-35.333333333333336,hiercomm_heur,california,4042.0,2042,5,california,wind_plus90
16.0,0.5,1.0,640,-26.0,hiercomm_heur,california,4042.0,2042,6,california,wind_plus90
22.0,0.3333333333333333,1.0,661,-35.333333333333336,hiercomm_heur,california,4042.0,2042,7,california,wind_plus90
22.0,0.3333333333333333,1.0,665,-35.333333333333336,hiercomm_heur,california,4042.0,2042,8,california,wind_plus90
22.0,0.3333333333333333,1.0,640,-35.333333333333336,hiercomm_heur,california,4042.0,2042,9,california,wind_plus90
6.0,0.6666666666666666,0.93598233995585,367,-12.866666666666667,hiercomm_heur,california,4042.0,2042,10,california,wind_plus90
28.0,0.1666666666666666,0.9713024282560706,670,-44.96666666666667,hiercomm_heur,california,4042.0,2042,11,california,wind_plus90
22.0,0.3333333333333333,0.9508196721311476,597,-35.43333333333334,hiercomm_heur,california,4042.0,2042,12,california,wind_plus90
6.0,0.6666666666666666,0.9249448123620309,425,-12.966666666666669,hiercomm_heur,california,4042.0,2042,13,california,wind_plus90
9.0,0.6666666666666666,0.933774834437086,546,-16.066666666666666,hiercomm_heur,california,4042.0,2042,14,california,wind_plus90
9.0,0.6666666666666666,0.9823399558498896,273,-15.666666666666668,hiercomm_heur,california,4042.0,3042,0,california,wind_plus90
28.0,0.1666666666666666,0.8653421633554084,655,-44.86666666666666,hiercomm_heur,california,4042.0,3042,1,california,wind_plus90
16.0,0.6666666666666666,1.0,302,-22.666666666666668,hiercomm_heur,california,4042.0,3042,2,california,wind_plus90
22.0,0.3333333333333333,1.0,426,-35.333333333333336,hiercomm_heur,california,4042.0,3042,3,california,wind_plus90
22.0,0.3333333333333333,0.9694656488549618,739,-35.333333333333336,hiercomm_heur,california,4042.0,3042,4,california,wind_plus90
22.0,0.3333333333333333,1.0,447,-35.333333333333336,hiercomm_heur,california,4042.0,3042,5,california,wind_plus90
16.0,0.5,0.9607843137254902,635,-26.0,hiercomm_heur,california,4042.0,3042,6,california,wind_plus90
22.0,0.3333333333333333,0.9977924944812362,573,-35.333333333333336,hiercomm_heur,california,4042.0,3042,7,california,wind_plus90
22.0,0.3333333333333333,0.9896640826873384,674,-35.333333333333336,hiercomm_heur,california,4042.0,3042,8,california,wind_plus90
22.0,0.3333333333333333,0.9933774834437086,680,-35.333333333333336,hiercomm_heur,california,4042.0,3042,9,california,wind_plus90
22.0,0.3333333333333333,0.9976190476190476,738,-35.333333333333336,hiercomm_heur,california,4042.0,3042,10,california,wind_plus90
12.0,0.5,1.0,267,-22.0,hiercomm_heur,california,4042.0,3042,11,california,wind_plus90
0.0,1.0,1.0,0,0.0,hiercomm_heur,california,4042.0,3042,12,california,wind_plus90
22.0,0.3333333333333333,0.9205298013245032,674,-35.53333333333334,hiercomm_heur,california,4042.0,3042,13,california,wind_plus90
10.0,0.8333333333333334,1.0,115,-13.333333333333332,hiercomm_heur,california,4042.0,3042,14,california,wind_plus90
6.0,0.6666666666666666,1.0,560,-12.666666666666668,hiercomm_heur,california,4042.0,4042,0,california,wind_plus90
22.0,0.3333333333333333,0.9801324503311258,520,-35.333333333333336,hiercomm_heur,california,4042.0,4042,1,california,wind_plus90
16.0,0.5,0.9973544973544972,712,-26.0,hiercomm_heur,california,4042.0,4042,2,california,wind_plus90
12.0,0.5,0.9944903581267218,398,-22.0,hiercomm_heur,california,4042.0,4042,3,california,wind_plus90
28.0,0.1666666666666666,1.0,626,-44.66666666666667,hiercomm_heur,california,4042.0,4042,4,california,wind_plus90
9.0,0.6666666666666666,1.0,359,-15.666666666666668,hiercomm_heur,california,4042.0,4042,5,california,wind_plus90
9.0,0.6666666666666666,0.977924944812362,329,-15.966666666666669,hiercomm_heur,california,4042.0,4042,6,california,wind_plus90
6.0,0.6666666666666666,0.9798657718120806,530,-12.666666666666668,hiercomm_heur,california,4042.0,4042,7,california,wind_plus90
12.0,0.5,1.0,250,-22.0,hiercomm_heur,california,4042.0,4042,8,california,wind_plus90
16.0,0.5,0.8980716253443526,695,-26.1,hiercomm_heur,california,4042.0,4042,9,california,wind_plus90
22.0,0.3333333333333333,0.9923076923076924,688,-35.333333333333336,hiercomm_heur,california,4042.0,4042,10,california,wind_plus90
22.0,0.3333333333333333,0.9924812030075189,692,-35.333333333333336,hiercomm_heur,california,4042.0,4042,11,california,wind_plus90
22.0,0.3333333333333333,0.9923664122137404,703,-35.333333333333336,hiercomm_heur,california,4042.0,4042,12,california,wind_plus90
22.0,0.3333333333333333,0.9921259842519684,679,-35.333333333333336,hiercomm_heur,california,4042.0,4042,13,california,wind_plus90
22.0,0.3333333333333333,0.9977924944812362,552,-35.333333333333336,hiercomm_heur,california,4042.0,4042,14,california,wind_plus90
22.0,0.3333333333333333,1.0,806,-35.333333333333336,noop,california,,42,0,california,assets_rot90
22.0,0.3333333333333333,1.0,758,-35.333333333333336,noop,california,,42,1,california,assets_rot90
22.0,0.3333333333333333,1.0,816,-35.333333333333336,noop,california,,42,2,california,assets_rot90
22.0,0.3333333333333333,1.0,827,-35.333333333333336,noop,california,,42,3,california,assets_rot90
22.0,0.3333333333333333,1.0,793,-35.333333333333336,noop,california,,42,4,california,assets_rot90
22.0,0.3333333333333333,1.0,768,-35.333333333333336,noop,california,,42,5,california,assets_rot90
22.0,0.3333333333333333,1.0,762,-35.333333333333336,noop,california,,42,6,california,assets_rot90
22.0,0.3333333333333333,1.0,821,-35.333333333333336,noop,california,,42,7,california,assets_rot90
22.0,0.3333333333333333,1.0,822,-35.333333333333336,noop,california,,42,8,california,assets_rot90
22.0,0.3333333333333333,1.0,810,-35.333333333333336,noop,california,,42,9,california,assets_rot90
22.0,0.3333333333333333,1.0,823,-35.333333333333336,noop,california,,42,10,california,assets_rot90
22.0,0.3333333333333333,1.0,811,-35.333333333333336,noop,california,,42,11,california,assets_rot90
22.0,0.3333333333333333,1.0,827,-35.333333333333336,noop,california,,42,12,california,assets_rot90
22.0,0.3333333333333333,1.0,827,-35.333333333333336,noop,california,,42,13,california,assets_rot90
22.0,0.3333333333333333,1.0,671,-35.333333333333336,noop,california,,42,14,california,assets_rot90
22.0,0.3333333333333333,1.0,827,-35.333333333333336,noop,california,,1042,0,california,assets_rot90
22.0,0.3333333333333333,1.0,780,-35.333333333333336,noop,california,,1042,1,california,assets_rot90
22.0,0.3333333333333333,1.0,826,-35.333333333333336,noop,california,,1042,2,california,assets_rot90
22.0,0.3333333333333333,1.0,827,-35.333333333333336,noop,california,,1042,3,california,assets_rot90
22.0,0.3333333333333333,1.0,767,-35.333333333333336,noop,california,,1042,4,california,assets_rot90
22.0,0.3333333333333333,1.0,650,-35.333333333333336,noop,california,,1042,5,california,assets_rot90
22.0,0.3333333333333333,1.0,809,-35.333333333333336,noop,california,,1042,6,california,assets_rot90
22.0,0.3333333333333333,1.0,809,-35.333333333333336,noop,california,,1042,7,california,assets_rot90
22.0,0.3333333333333333,1.0,786,-35.333333333333336,noop,california,,1042,8,california,assets_rot90
22.0,0.3333333333333333,1.0,796,-35.333333333333336,noop,california,,1042,9,california,assets_rot90
22.0,0.3333333333333333,1.0,781,-35.333333333333336,noop,california,,1042,10,california,assets_rot90
22.0,0.3333333333333333,1.0,788,-35.333333333333336,noop,california,,1042,11,california,assets_rot90
22.0,0.3333333333333333,1.0,827,-35.333333333333336,noop,california,,1042,12,california,assets_rot90
22.0,0.3333333333333333,1.0,653,-35.333333333333336,noop,california,,1042,13,california,assets_rot90
22.0,0.3333333333333333,1.0,819,-35.333333333333336,noop,california,,1042,14,california,assets_rot90
22.0,0.3333333333333333,1.0,827,-35.333333333333336,noop,california,,2042,0,california,assets_rot90
22.0,0.3333333333333333,1.0,652,-35.333333333333336,noop,california,,2042,1,california,assets_rot90
22.0,0.3333333333333333,1.0,823,-22.0,noop,california,,2042,2,california,assets_rot90
22.0,0.3333333333333333,1.0,827,-35.333333333333336,noop,california,,2042,3,california,assets_rot90
22.0,0.3333333333333333,1.0,823,-35.333333333333336,noop,california,,2042,4,california,assets_rot90
22.0,0.3333333333333333,1.0,819,-35.333333333333336,noop,california,,2042,5,california,assets_rot90
22.0,0.3333333333333333,1.0,810,-35.333333333333336,noop,california,,2042,6,california,assets_rot90
22.0,0.3333333333333333,1.0,779,-35.333333333333336,noop,california,,2042,7,california,assets_rot90
22.0,0.3333333333333333,1.0,827,-35.333333333333336,noop,california,,2042,8,california,assets_rot90
22.0,0.3333333333333333,1.0,812,-35.333333333333336,noop,california,,2042,9,california,assets_rot90
22.0,0.3333333333333333,1.0,804,-35.333333333333336,noop,california,,2042,10,california,assets_rot90
22.0,0.3333333333333333,1.0,810,-35.333333333333336,noop,california,,2042,11,california,assets_rot90
22.0,0.3333333333333333,1.0,827,-35.333333333333336,noop,california,,2042,12,california,assets_rot90
22.0,0.3333333333333333,1.0,814,-35.333333333333336,noop,california,,2042,13,california,assets_rot90
22.0,0.3333333333333333,1.0,825,-35.333333333333336,noop,california,,2042,14,california,assets_rot90
22.0,0.3333333333333333,1.0,747,-35.333333333333336,noop,california,,3042,0,california,assets_rot90
22.0,0.3333333333333333,1.0,768,-35.333333333333336,noop,california,,3042,1,california,assets_rot90
22.0,0.3333333333333333,1.0,823,-35.333333333333336,noop,california,,3042,2,california,assets_rot90
22.0,0.3333333333333333,1.0,812,-35.333333333333336,noop,california,,3042,3,california,assets_rot90
22.0,0.3333333333333333,1.0,813,-35.333333333333336,noop,california,,3042,4,california,assets_rot90
22.0,0.3333333333333333,1.0,824,-35.333333333333336,noop,california,,3042,5,california,assets_rot90
22.0,0.3333333333333333,1.0,812,-35.333333333333336,noop,california,,3042,6,california,assets_rot90
22.0,0.3333333333333333,1.0,827,-35.333333333333336,noop,california,,3042,7,california,assets_rot90
22.0,0.3333333333333333,1.0,827,-35.333333333333336,noop,california,,3042,8,california,assets_rot90
22.0,0.3333333333333333,1.0,825,-35.333333333333336,noop,california,,3042,9,california,assets_rot90
22.0,0.3333333333333333,1.0,821,-35.333333333333336,noop,california,,3042,10,california,assets_rot90
22.0,0.3333333333333333,1.0,819,-35.333333333333336,noop,california,,3042,11,california,assets_rot90
22.0,0.3333333333333333,1.0,777,-35.333333333333336,noop,california,,3042,12,california,assets_rot90
22.0,0.3333333333333333,1.0,824,-35.333333333333336,noop,california,,3042,13,california,assets_rot90
22.0,0.3333333333333333,1.0,771,-35.333333333333336,noop,california,,3042,14,california,assets_rot90
22.0,0.3333333333333333,1.0,783,-35.333333333333336,noop,california,,4042,0,california,assets_rot90
22.0,0.3333333333333333,1.0,741,-35.333333333333336,noop,california,,4042,1,california,assets_rot90
22.0,0.3333333333333333,1.0,821,-35.333333333333336,noop,california,,4042,2,california,assets_rot90
22.0,0.3333333333333333,1.0,795,-35.333333333333336,noop,california,,4042,3,california,assets_rot90
22.0,0.3333333333333333,1.0,823,-35.333333333333336,noop,california,,4042,4,california,assets_rot90
22.0,0.3333333333333333,1.0,800,-35.333333333333336,noop,california,,4042,5,california,assets_rot90
22.0,0.3333333333333333,1.0,794,-35.333333333333336,noop,california,,4042,6,california,assets_rot90
22.0,0.3333333333333333,1.0,817,-35.333333333333336,noop,california,,4042,7,california,assets_rot90
22.0,0.3333333333333333,1.0,827,-35.333333333333336,noop,california,,4042,8,california,assets_rot90
22.0,0.3333333333333333,1.0,824,-35.333333333333336,noop,california,,4042,9,california,assets_rot90
22.0,0.3333333333333333,1.0,827,-35.333333333333336,noop,california,,4042,10,california,assets_rot90
22.0,0.3333333333333333,1.0,827,-35.333333333333336,noop,california,,4042,11,california,assets_rot90
22.0,0.3333333333333333,1.0,826,-35.333333333333336,noop,california,,4042,12,california,assets_rot90
22.0,0.3333333333333333,1.0,826,-35.333333333333336,noop,california,,4042,13,california,assets_rot90
22.0,0.3333333333333333,1.0,812,-35.333333333333336,noop,california,,4042,14,california,assets_rot90
16.0,0.5,0.9955849889624724,787,-26.0,value_first,california,,42,0,california,assets_rot90
16.0,0.5,0.9977924944812362,739,-26.0,value_first,california,,42,1,california,assets_rot90
22.0,0.3333333333333333,0.9911699779249448,800,-35.333333333333336,value_first,california,,42,2,california,assets_rot90
22.0,0.3333333333333333,0.9954648526077098,820,-35.333333333333336,value_first,california,,42,3,california,assets_rot90
16.0,0.5,0.9977924944812362,759,-26.0,value_first,california,,42,4,california,assets_rot90
22.0,0.3333333333333333,0.9955849889624724,752,-35.333333333333336,value_first,california,,42,5,california,assets_rot90
22.0,0.3333333333333333,0.9955849889624724,746,-35.333333333333336,value_first,california,,42,6,california,assets_rot90
16.0,0.5,1.0,791,-26.0,value_first,california,,42,7,california,assets_rot90
16.0,0.5,0.9955849889624724,806,-26.0,value_first,california,,42,8,california,assets_rot90
22.0,0.3333333333333333,0.9911699779249448,794,-35.333333333333336,value_first,california,,42,9,california,assets_rot90
16.0,0.5,0.9933774834437086,802,-26.0,value_first,california,,42,10,california,assets_rot90
16.0,0.5,0.9977924944812362,793,-26.0,value_first,california,,42,11,california,assets_rot90
16.0,0.5,1.0,809,-26.0,value_first,california,,42,12,california,assets_rot90
16.0,0.5,0.9977777777777778,809,-26.0,value_first,california,,42,13,california,assets_rot90
16.0,0.5,0.9911699779249448,616,-26.0,value_first,california,,42,14,california,assets_rot90
16.0,0.5,0.9910514541387024,809,-26.0,value_first,california,,1042,0,california,assets_rot90
22.0,0.3333333333333333,0.9911699779249448,764,-35.333333333333336,value_first,california,,1042,1,california,assets_rot90
16.0,0.5,0.9977924944812362,801,-26.0,value_first,california,,1042,2,california,assets_rot90
16.0,0.5,1.0,802,-26.0,value_first,california,,1042,3,california,assets_rot90
16.0,0.5,1.0,748,-26.0,value_first,california,,1042,4,california,assets_rot90
16.0,0.5,0.9889624724061812,600,-26.0,value_first,california,,1042,5,california,assets_rot90
16.0,0.5,0.9977924944812362,768,-26.0,value_first,california,,1042,6,california,assets_rot90
22.0,0.3333333333333333,0.9911699779249448,793,-35.333333333333336,value_first,california,,1042,7,california,assets_rot90
16.0,0.5,0.9955849889624724,764,-26.0,value_first,california,,1042,8,california,assets_rot90
16.0,0.5,0.9911699779249448,778,-26.0,value_first,california,,1042,9,california,assets_rot90
22.0,0.3333333333333333,0.9955849889624724,765,-35.333333333333336,value_first,california,,1042,10,california,assets_rot90
22.0,0.3333333333333333,0.9911699779249448,772,-35.333333333333336,value_first,california,,1042,11,california,assets_rot90
16.0,0.5,1.0,809,-26.0,value_first,california,,1042,12,california,assets_rot90
16.0,0.5,0.9889624724061812,602,-26.0,value_first,california,,1042,13,california,assets_rot90
22.0,0.3333333333333333,0.9911699779249448,803,-35.333333333333336,value_first,california,,1042,14,california,assets_rot90
16.0,0.5,0.9951690821256038,811,-26.0,value_first,california,,2042,0,california,assets_rot90
16.0,0.5,0.9977924944812362,595,-26.0,value_first,california,,2042,1,california,assets_rot90
16.0,0.5,1.0,795,-12.666666666666668,value_first,california,,2042,2,california,assets_rot90
16.0,0.5,1.0,809,-26.0,value_first,california,,2042,3,california,assets_rot90
16.0,0.5,0.9933774834437086,804,-26.0,value_first,california,,2042,4,california,assets_rot90
16.0,0.5,0.9933774834437086,792,-26.0,value_first,california,,2042,5,california,assets_rot90
16.0,0.5,0.9955849889624724,801,-26.0,value_first,california,,2042,6,california,assets_rot90
16.0,0.5,0.9911699779249448,757,-26.0,value_first,california,,2042,7,california,assets_rot90
16.0,0.5,1.0,801,-26.0,value_first,california,,2042,8,california,assets_rot90
16.0,0.5,0.9911699779249448,803,-26.0,value_first,california,,2042,9,california,assets_rot90
16.0,0.5,1.0,787,-26.0,value_first,california,,2042,10,california,assets_rot90
22.0,0.3333333333333333,0.9911699779249448,794,-35.333333333333336,value_first,california,,2042,11,california,assets_rot90
16.0,0.5,0.9977777777777778,809,-26.0,value_first,california,,2042,12,california,assets_rot90
16.0,0.5,0.9977924944812362,796,-26.0,value_first,california,,2042,13,california,assets_rot90
16.0,0.5,1.0,800,-26.0,value_first,california,,2042,14,california,assets_rot90
22.0,0.3333333333333333,0.9911699779249448,731,-35.333333333333336,value_first,california,,3042,0,california,assets_rot90
22.0,0.3333333333333333,0.9955849889624724,752,-35.333333333333336,value_first,california,,3042,1,california,assets_rot90
16.0,0.5,0.9933774834437086,804,-26.0,value_first,california,,3042,2,california,assets_rot90
16.0,0.5,0.9977924944812362,781,-26.0,value_first,california,,3042,3,california,assets_rot90
16.0,0.5,0.9977924944812362,783,-26.0,value_first,california,,3042,4,california,assets_rot90
16.0,0.5,0.9933774834437086,806,-26.0,value_first,california,,3042,5,california,assets_rot90
16.0,0.5,0.9977924944812362,779,-26.0,value_first,california,,3042,6,california,assets_rot90
16.0,0.5,1.0,811,-26.0,value_first,california,,3042,7,california,assets_rot90
16.0,0.5,0.9977324263038548,800,-26.0,value_first,california,,3042,8,california,assets_rot90
16.0,0.5,0.9977924944812362,800,-26.0,value_first,california,,3042,9,california,assets_rot90
16.0,0.5,0.9933774834437086,795,-26.0,value_first,california,,3042,10,california,assets_rot90
22.0,0.3333333333333333,0.9933774834437086,794,-35.333333333333336,value_first,california,,3042,11,california,assets_rot90
22.0,0.3333333333333333,0.9955849889624724,761,-35.333333333333336,value_first,california,,3042,12,california,assets_rot90
16.0,0.5,0.9977924944812362,795,-26.0,value_first,california,,3042,13,california,assets_rot90
16.0,0.5,0.9977924944812362,746,-26.0,value_first,california,,3042,14,california,assets_rot90
16.0,0.5,0.9933774834437086,733,-26.0,value_first,california,,4042,0,california,assets_rot90
16.0,0.5,0.9889624724061812,708,-26.0,value_first,california,,4042,1,california,assets_rot90
16.0,0.5,0.9977924944812362,801,-26.0,value_first,california,,4042,2,california,assets_rot90
16.0,0.5,0.9977924944812362,767,-26.0,value_first,california,,4042,3,california,assets_rot90
16.0,0.5,0.9933774834437086,804,-26.0,value_first,california,,4042,4,california,assets_rot90
22.0,0.3333333333333333,0.9955849889624724,784,-35.333333333333336,value_first,california,,4042,5,california,assets_rot90
16.0,0.5,0.9977924944812362,775,-26.0,value_first,california,,4042,6,california,assets_rot90
16.0,0.5,0.9955849889624724,808,-26.0,value_first,california,,4042,7,california,assets_rot90
16.0,0.5,1.0,802,-26.0,value_first,california,,4042,8,california,assets_rot90
16.0,0.5,0.9977924944812362,815,-26.0,value_first,california,,4042,9,california,assets_rot90
16.0,0.5,1.0,792,-26.0,value_first,california,,4042,10,california,assets_rot90
16.0,0.5,1.0,802,-26.0,value_first,california,,4042,11,california,assets_rot90
16.0,0.5,1.0,817,-26.0,value_first,california,,4042,12,california,assets_rot90
16.0,0.5,0.9977924944812362,817,-26.0,value_first,california,,4042,13,california,assets_rot90
16.0,0.5,0.9977924944812362,782,-26.0,value_first,california,,4042,14,california,assets_rot90
0.0,1.0,0.8333333333333334,1,-0.2,local_reactive,california,,42,0,california,assets_rot90
0.0,1.0,1.0,0,0.0,local_reactive,california,,42,1,california,assets_rot90
0.0,1.0,0.8771929824561403,9,-0.1,local_reactive,california,,42,2,california,assets_rot90
0.0,1.0,0.4577114427860697,10,-2.3,local_reactive,california,,42,3,california,assets_rot90
0.0,1.0,1.0,0,0.0,local_reactive,california,,42,4,california,assets_rot90
0.0,1.0,0.8833333333333333,6,-0.1,local_reactive,california,,42,5,california,assets_rot90
0.0,1.0,0.8833333333333333,6,-0.1,local_reactive,california,,42,6,california,assets_rot90
12.0,0.5,0.4049217002237136,396,-27.699999999999985,local_reactive,california,,42,7,california,assets_rot90
3.0,0.8333333333333334,0.4172185430463576,302,-11.13333333333333,local_reactive,california,,42,8,california,assets_rot90
0.0,1.0,0.9444444444444444,6,0.0,local_reactive,california,,42,9,california,assets_rot90
0.0,1.0,0.9420289855072465,6,-0.1,local_reactive,california,,42,10,california,assets_rot90
0.0,1.0,1.0,9,0.0,local_reactive,california,,42,11,california,assets_rot90
6.0,0.6666666666666666,0.4392935982339956,610,-17.666666666666657,local_reactive,california,,42,12,california,assets_rot90
0.0,1.0,0.7870370370370371,6,-0.5,local_reactive,california,,42,13,california,assets_rot90
0.0,1.0,1.0,0,0.0,local_reactive,california,,42,14,california,assets_rot90
0.0,1.0,0.8333333333333334,1,-0.2,local_reactive,california,,1042,0,california,assets_rot90
9.0,0.6666666666666666,0.390728476821192,150,-20.26666666666666,local_reactive,california,,1042,1,california,assets_rot90
3.0,0.8333333333333334,0.4415011037527593,318,-11.433333333333325,local_reactive,california,,1042,2,california,assets_rot90
3.0,0.8333333333333334,0.4083885209713024,224,-10.833333333333323,local_reactive,california,,1042,3,california,assets_rot90
0.0,1.0,1.0,0,0.0,local_reactive,california,,1042,4,california,assets_rot90
0.0,1.0,1.0,0,0.0,local_reactive,california,,1042,5,california,assets_rot90
0.0,1.0,0.8484848484848485,9,-0.2,local_reactive,california,,1042,6,california,assets_rot90
0.0,1.0,0.9444444444444444,6,0.0,local_reactive,california,,1042,7,california,assets_rot90
0.0,1.0,1.0,0,0.0,local_reactive,california,,1042,8,california,assets_rot90
0.0,1.0,0.8333333333333334,1,-0.2,local_reactive,california,,1042,9,california,assets_rot90
0.0,1.0,0.8636363636363636,8,-0.2,local_reactive,california,,1042,10,california,assets_rot90
9.0,0.6666666666666666,0.390728476821192,180,-20.26666666666666,local_reactive,california,,1042,11,california,assets_rot90
0.0,1.0,0.6434108527131783,18,-0.7,local_reactive,california,,1042,12,california,assets_rot90
0.0,1.0,1.0,0,0.0,local_reactive,california,,1042,13,california,assets_rot90
0.0,1.0,1.0,7,0.0,local_reactive,california,,1042,14,california,assets_rot90
22.0,0.3333333333333333,0.3951434878587196,299,-41.33333333333336,local_reactive,california,,2042,0,california,assets_rot90
0.0,1.0,1.0,0,0.0,local_reactive,california,,2042,1,california,assets_rot90
0.0,1.0,1.0,0,13.333333333333332,local_reactive,california,,2042,2,california,assets_rot90
19.0,0.5,0.4701986754966887,324,-33.500000000000014,local_reactive,california,,2042,3,california,assets_rot90
0.0,1.0,0.6066666666666667,7,-1.2,local_reactive,california,,2042,4,california,assets_rot90
0.0,1.0,0.92,6,-0.1,local_reactive,california,,2042,5,california,assets_rot90
0.0,1.0,1.0,0,0.0,local_reactive,california,,2042,6,california,assets_rot90
0.0,1.0,1.0,1,0.0,local_reactive,california,,2042,7,california,assets_rot90
6.0,0.8333333333333334,0.4039735099337748,369,-14.333333333333323,local_reactive,california,,2042,8,california,assets_rot90
0.0,1.0,1.0,0,0.0,local_reactive,california,,2042,9,california,assets_rot90
0.0,1.0,1.0,0,0.0,local_reactive,california,,2042,10,california,assets_rot90
0.0,1.0,0.9444444444444444,6,0.0,local_reactive,california,,2042,11,california,assets_rot90
0.0,1.0,0.7870370370370371,6,-0.5,local_reactive,california,,2042,12,california,assets_rot90
0.0,1.0,1.0,9,0.0,local_reactive,california,,2042,13,california,assets_rot90
6.0,0.6666666666666666,0.4039735099337748,465,-18.26666666666666,local_reactive,california,,2042,14,california,assets_rot90
0.0,1.0,0.8833333333333333,6,-0.1,local_reactive,california,,3042,0,california,assets_rot90
0.0,1.0,0.8833333333333333,6,-0.1,local_reactive,california,,3042,1,california,assets_rot90
0.0,1.0,0.6066666666666667,7,-1.2,local_reactive,california,,3042,2,california,assets_rot90
0.0,1.0,0.8666666666666667,9,-0.2,local_reactive,california,,3042,3,california,assets_rot90
0.0,1.0,0.9333333333333332,5,-0.1,local_reactive,california,,3042,4,california,assets_rot90
0.0,1.0,0.8518518518518519,7,-0.1,local_reactive,california,,3042,5,california,assets_rot90
0.0,1.0,0.8533333333333334,4,-0.1,local_reactive,california,,3042,6,california,assets_rot90
0.0,1.0,1.0,0,0.0,local_reactive,california,,3042,7,california,assets_rot90
0.0,1.0,0.6333333333333333,11,-0.8999999999999999,local_reactive,california,,3042,8,california,assets_rot90
9.0,0.6666666666666666,0.4415011037527593,304,-20.36666666666666,local_reactive,california,,3042,9,california,assets_rot90
0.0,1.0,0.8533333333333334,4,-0.1,local_reactive,california,,3042,10,california,assets_rot90
0.0,1.0,0.873015873015873,6,-0.1,local_reactive,california,,3042,11,california,assets_rot90
0.0,1.0,0.7941176470588235,7,-0.5,local_reactive,california,,3042,12,california,assets_rot90
0.0,1.0,0.7454545454545455,17,-1.0,local_reactive,california,,3042,13,california,assets_rot90
0.0,1.0,0.421455938697318,143,-2.9000000000000004,local_reactive,california,,3042,14,california,assets_rot90
0.0,1.0,0.7373737373737373,15,-0.5,local_reactive,california,,4042,0,california,assets_rot90
0.0,1.0,1.0,0,0.0,local_reactive,california,,4042,1,california,assets_rot90
9.0,0.6666666666666666,0.3951434878587196,382,-20.76666666666665,local_reactive,california,,4042,2,california,assets_rot90
12.0,0.5,0.3885209713024282,258,-26.09999999999999,local_reactive,california,,4042,3,california,assets_rot90
0.0,1.0,0.6066666666666667,7,-1.2,local_reactive,california,,4042,4,california,assets_rot90
0.0,1.0,0.8833333333333333,9,-0.1,local_reactive,california,,4042,5,california,assets_rot90
0.0,1.0,0.9848484848484848,9,0.0,local_reactive,california,,4042,6,california,assets_rot90
0.0,1.0,0.8333333333333334,1,-0.2,local_reactive,california,,4042,7,california,assets_rot90
3.0,0.8333333333333334,0.4039735099337748,503,-10.933333333333326,local_reactive,california,,4042,8,california,assets_rot90
0.0,1.0,0.8928571428571429,15,-0.1,local_reactive,california,,4042,9,california,assets_rot90
22.0,0.3333333333333333,0.3885209713024282,500,-40.63333333333336,local_reactive,california,,4042,10,california,assets_rot90
0.0,1.0,0.8333333333333334,22,-0.2,local_reactive,california,,4042,11,california,assets_rot90
12.0,0.5,0.3951434878587196,430,-26.69999999999999,local_reactive,california,,4042,12,california,assets_rot90
0.0,1.0,0.8279569892473119,31,-0.3,local_reactive,california,,4042,13,california,assets_rot90
0.0,1.0,0.8533333333333334,4,-0.1,local_reactive,california,,4042,14,california,assets_rot90
10.0,0.8333333333333334,1.0,62,-13.333333333333332,commnet,california,42.0,42,0,california,assets_rot90
0.0,1.0,1.0,0,0.0,commnet,california,42.0,42,1,california,assets_rot90
10.0,0.8333333333333334,1.0,399,-13.333333333333332,commnet,california,42.0,42,2,california,assets_rot90
16.0,0.6666666666666666,1.0,442,-22.666666666666668,commnet,california,42.0,42,3,california,assets_rot90
0.0,1.0,1.0,39,0.0,commnet,california,42.0,42,4,california,assets_rot90
6.0,0.8333333333333334,0.977924944812362,413,-9.333333333333332,commnet,california,42.0,42,5,california,assets_rot90
6.0,0.8333333333333334,0.8940397350993378,404,-9.433333333333332,commnet,california,42.0,42,6,california,assets_rot90
19.0,0.5,0.7350993377483444,401,-29.1,commnet,california,42.0,42,7,california,assets_rot90
19.0,0.5,1.0,424,-29.0,commnet,california,42.0,42,8,california,assets_rot90
6.0,0.8333333333333334,0.977924944812362,421,-9.433333333333332,commnet,california,42.0,42,9,california,assets_rot90
10.0,0.8333333333333334,1.0,88,-13.333333333333332,commnet,california,42.0,42,10,california,assets_rot90
16.0,0.6666666666666666,1.0,268,-22.666666666666668,commnet,california,42.0,42,11,california,assets_rot90
6.0,0.8333333333333334,1.0,526,-9.333333333333332,commnet,california,42.0,42,12,california,assets_rot90
10.0,0.8333333333333334,1.0,104,-13.333333333333332,commnet,california,42.0,42,13,california,assets_rot90
0.0,1.0,1.0,0,0.0,commnet,california,42.0,42,14,california,assets_rot90
10.0,0.8333333333333334,0.8495575221238938,67,-13.533333333333331,commnet,california,42.0,1042,0,california,assets_rot90
0.0,1.0,1.0,85,0.0,commnet,california,42.0,1042,1,california,assets_rot90
13.0,0.6666666666666666,1.0,80,-19.666666666666668,commnet,california,42.0,1042,2,california,assets_rot90
19.0,0.5,1.0,422,-29.0,commnet,california,42.0,1042,3,california,assets_rot90
0.0,1.0,1.0,0,0.0,commnet,california,42.0,1042,4,california,assets_rot90
0.0,1.0,1.0,0,0.0,commnet,california,42.0,1042,5,california,assets_rot90
10.0,0.8333333333333334,1.0,60,-13.333333333333332,commnet,california,42.0,1042,6,california,assets_rot90
6.0,0.8333333333333334,0.977924944812362,421,-9.433333333333332,commnet,california,42.0,1042,7,california,assets_rot90
9.0,0.6666666666666666,0.9977924944812362,364,-15.666666666666668,commnet,california,42.0,1042,8,california,assets_rot90
10.0,0.8333333333333334,1.0,61,-13.333333333333332,commnet,california,42.0,1042,9,california,assets_rot90
10.0,0.8333333333333334,1.0,75,-13.333333333333332,commnet,california,42.0,1042,10,california,assets_rot90
0.0,1.0,1.0,65,0.0,commnet,california,42.0,1042,11,california,assets_rot90
10.0,0.8333333333333334,1.0,89,-13.333333333333332,commnet,california,42.0,1042,12,california,assets_rot90
0.0,1.0,1.0,0,0.0,commnet,california,42.0,1042,13,california,assets_rot90
6.0,0.8333333333333334,1.0,485,-9.333333333333332,commnet,california,42.0,1042,14,california,assets_rot90
19.0,0.5,1.0,609,-29.0,commnet,california,42.0,2042,0,california,assets_rot90
0.0,1.0,1.0,0,0.0,commnet,california,42.0,2042,1,california,assets_rot90
0.0,1.0,0.7770419426048565,51,13.333333333333332,commnet,california,42.0,2042,2,california,assets_rot90
16.0,0.6666666666666666,1.0,655,-22.666666666666668,commnet,california,42.0,2042,3,california,assets_rot90
0.0,1.0,0.9690949227373068,129,0.0,commnet,california,42.0,2042,4,california,assets_rot90
10.0,0.8333333333333334,1.0,66,-13.333333333333332,commnet,california,42.0,2042,5,california,assets_rot90
9.0,0.6666666666666666,0.9403973509933776,313,-15.666666666666668,commnet,california,42.0,2042,6,california,assets_rot90
10.0,0.8333333333333334,0.911699779249448,125,-13.533333333333331,commnet,california,42.0,2042,7,california,assets_rot90
10.0,0.8333333333333334,1.0,101,-13.333333333333332,commnet,california,42.0,2042,8,california,assets_rot90
9.0,0.6666666666666666,0.977924944812362,431,-15.666666666666668,commnet,california,42.0,2042,9,california,assets_rot90
0.0,1.0,1.0,0,0.0,commnet,california,42.0,2042,10,california,assets_rot90
6.0,0.8333333333333334,0.9933774834437086,465,-9.333333333333332,commnet,california,42.0,2042,11,california,assets_rot90
10.0,0.8333333333333334,1.0,106,-13.333333333333332,commnet,california,42.0,2042,12,california,assets_rot90
10.0,0.8333333333333334,0.8653421633554084,349,-13.533333333333331,commnet,california,42.0,2042,13,california,assets_rot90
16.0,0.6666666666666666,1.0,423,-22.666666666666668,commnet,california,42.0,2042,14,california,assets_rot90
6.0,0.8333333333333334,0.8984547461368654,400,-9.433333333333332,commnet,california,42.0,3042,0,california,assets_rot90
6.0,0.8333333333333334,1.0,407,-9.333333333333332,commnet,california,42.0,3042,1,california,assets_rot90
10.0,0.8333333333333334,1.0,96,-13.333333333333332,commnet,california,42.0,3042,2,california,assets_rot90
10.0,0.8333333333333334,1.0,54,-13.333333333333332,commnet,california,42.0,3042,3,california,assets_rot90
6.0,0.8333333333333334,1.0,225,-9.333333333333332,commnet,california,42.0,3042,4,california,assets_rot90
10.0,0.8333333333333334,1.0,54,-13.333333333333332,commnet,california,42.0,3042,5,california,assets_rot90
0.0,1.0,1.0,72,0.0,commnet,california,42.0,3042,6,california,assets_rot90
6.0,0.8333333333333334,1.0,455,-9.333333333333332,commnet,california,42.0,3042,7,california,assets_rot90
16.0,0.6666666666666666,1.0,338,-22.666666666666668,commnet,california,42.0,3042,8,california,assets_rot90
13.0,0.6666666666666666,1.0,80,-19.666666666666668,commnet,california,42.0,3042,9,california,assets_rot90
0.0,1.0,1.0,72,0.0,commnet,california,42.0,3042,10,california,assets_rot90
16.0,0.6666666666666666,1.0,185,-22.666666666666668,commnet,california,42.0,3042,11,california,assets_rot90
6.0,0.8333333333333334,1.0,423,-9.333333333333332,commnet,california,42.0,3042,12,california,assets_rot90
10.0,0.8333333333333334,1.0,123,-13.333333333333332,commnet,california,42.0,3042,13,california,assets_rot90
6.0,0.8333333333333334,0.9624724061810156,421,-9.333333333333332,commnet,california,42.0,3042,14,california,assets_rot90
10.0,0.8333333333333334,1.0,66,-13.333333333333332,commnet,california,42.0,4042,0,california,assets_rot90
0.0,1.0,1.0,0,0.0,commnet,california,42.0,4042,1,california,assets_rot90
0.0,1.0,1.0,65,0.0,commnet,california,42.0,4042,2,california,assets_rot90
10.0,0.8333333333333334,1.0,128,-13.333333333333332,commnet,california,42.0,4042,3,california,assets_rot90
0.0,1.0,0.9690949227373068,125,0.0,commnet,california,42.0,4042,4,california,assets_rot90
10.0,0.8333333333333334,1.0,112,-13.333333333333332,commnet,california,42.0,4042,5,california,assets_rot90
10.0,0.8333333333333334,1.0,66,-13.333333333333332,commnet,california,42.0,4042,6,california,assets_rot90
10.0,0.8333333333333334,1.0,71,-13.333333333333332,commnet,california,42.0,4042,7,california,assets_rot90
16.0,0.6666666666666666,1.0,327,-22.666666666666668,commnet,california,42.0,4042,8,california,assets_rot90
6.0,0.8333333333333334,1.0,499,-9.333333333333332,commnet,california,42.0,4042,9,california,assets_rot90
10.0,0.8333333333333334,1.0,83,-13.333333333333332,commnet,california,42.0,4042,10,california,assets_rot90
10.0,0.8333333333333334,1.0,90,-13.333333333333332,commnet,california,42.0,4042,11,california,assets_rot90
0.0,1.0,1.0,347,0.0,commnet,california,42.0,4042,12,california,assets_rot90
10.0,0.8333333333333334,1.0,96,-13.333333333333332,commnet,california,42.0,4042,13,california,assets_rot90
0.0,1.0,1.0,72,0.0,commnet,california,42.0,4042,14,california,assets_rot90
19.0,0.5,1.0,549,-29.0,commnet,california,1042.0,42,0,california,assets_rot90
19.0,0.5,1.0,493,-29.0,commnet,california,1042.0,42,1,california,assets_rot90
19.0,0.5,1.0,598,-29.0,commnet,california,1042.0,42,2,california,assets_rot90
19.0,0.5,1.0,621,-29.0,commnet,california,1042.0,42,3,california,assets_rot90
19.0,0.5,1.0,471,-29.0,commnet,california,1042.0,42,4,california,assets_rot90
19.0,0.5,1.0,590,-29.0,commnet,california,1042.0,42,5,california,assets_rot90
19.0,0.5,1.0,590,-29.0,commnet,california,1042.0,42,6,california,assets_rot90
19.0,0.5,1.0,565,-29.0,commnet,california,1042.0,42,7,california,assets_rot90
19.0,0.5,1.0,531,-29.0,commnet,california,1042.0,42,8,california,assets_rot90
19.0,0.5,1.0,617,-29.0,commnet,california,1042.0,42,9,california,assets_rot90
19.0,0.5,1.0,564,-29.0,commnet,california,1042.0,42,10,california,assets_rot90
19.0,0.5,1.0,582,-29.0,commnet,california,1042.0,42,11,california,assets_rot90
19.0,0.5,1.0,598,-29.0,commnet,california,1042.0,42,12,california,assets_rot90
19.0,0.5,1.0,585,-29.0,commnet,california,1042.0,42,13,california,assets_rot90
19.0,0.5,1.0,542,-29.0,commnet,california,1042.0,42,14,california,assets_rot90
19.0,0.5,1.0,607,-29.0,commnet,california,1042.0,1042,0,california,assets_rot90
19.0,0.5,1.0,580,-29.0,commnet,california,1042.0,1042,1,california,assets_rot90
19.0,0.5,1.0,551,-29.0,commnet,california,1042.0,1042,2,california,assets_rot90
19.0,0.5,1.0,572,-29.0,commnet,california,1042.0,1042,3,california,assets_rot90
19.0,0.5,1.0,497,-29.0,commnet,california,1042.0,1042,4,california,assets_rot90
19.0,0.5,1.0,523,-29.0,commnet,california,1042.0,1042,5,california,assets_rot90
19.0,0.5,1.0,564,-29.0,commnet,california,1042.0,1042,6,california,assets_rot90
19.0,0.5,1.0,617,-29.0,commnet,california,1042.0,1042,7,california,assets_rot90
19.0,0.5,1.0,524,-29.0,commnet,california,1042.0,1042,8,california,assets_rot90
19.0,0.5,1.0,540,-29.0,commnet,california,1042.0,1042,9,california,assets_rot90
19.0,0.5,1.0,569,-29.0,commnet,california,1042.0,1042,10,california,assets_rot90
19.0,0.5,1.0,587,-29.0,commnet,california,1042.0,1042,11,california,assets_rot90
19.0,0.5,1.0,578,-29.0,commnet,california,1042.0,1042,12,california,assets_rot90
19.0,0.5,1.0,534,-29.0,commnet,california,1042.0,1042,13,california,assets_rot90
19.0,0.5,1.0,626,-29.0,commnet,california,1042.0,1042,14,california,assets_rot90
19.0,0.5,1.0,598,-29.0,commnet,california,1042.0,2042,0,california,assets_rot90
19.0,0.5,1.0,362,-29.0,commnet,california,1042.0,2042,1,california,assets_rot90
19.0,0.5,1.0,563,-15.666666666666668,commnet,california,1042.0,2042,2,california,assets_rot90
19.0,0.5,1.0,603,-29.0,commnet,california,1042.0,2042,3,california,assets_rot90
19.0,0.5,1.0,567,-29.0,commnet,california,1042.0,2042,4,california,assets_rot90
19.0,0.5,1.0,561,-29.0,commnet,california,1042.0,2042,5,california,assets_rot90
19.0,0.5,1.0,544,-29.0,commnet,california,1042.0,2042,6,california,assets_rot90
19.0,0.5,1.0,527,-29.0,commnet,california,1042.0,2042,7,california,assets_rot90
19.0,0.5,1.0,572,-29.0,commnet,california,1042.0,2042,8,california,assets_rot90
19.0,0.5,1.0,547,-29.0,commnet,california,1042.0,2042,9,california,assets_rot90
19.0,0.5,1.0,567,-29.0,commnet,california,1042.0,2042,10,california,assets_rot90
19.0,0.5,1.0,617,-29.0,commnet,california,1042.0,2042,11,california,assets_rot90
19.0,0.5,1.0,583,-29.0,commnet,california,1042.0,2042,12,california,assets_rot90
19.0,0.5,1.0,582,-29.0,commnet,california,1042.0,2042,13,california,assets_rot90
19.0,0.5,1.0,598,-29.0,commnet,california,1042.0,2042,14,california,assets_rot90
19.0,0.5,1.0,575,-29.0,commnet,california,1042.0,3042,0,california,assets_rot90
19.0,0.5,1.0,590,-29.0,commnet,california,1042.0,3042,1,california,assets_rot90
19.0,0.5,1.0,567,-29.0,commnet,california,1042.0,3042,2,california,assets_rot90
19.0,0.5,1.0,570,-29.0,commnet,california,1042.0,3042,3,california,assets_rot90
19.0,0.5,1.0,544,-29.0,commnet,california,1042.0,3042,4,california,assets_rot90
19.0,0.5,1.0,588,-29.0,commnet,california,1042.0,3042,5,california,assets_rot90
19.0,0.5,1.0,553,-29.0,commnet,california,1042.0,3042,6,california,assets_rot90
19.0,0.5,1.0,533,-29.0,commnet,california,1042.0,3042,7,california,assets_rot90
19.0,0.5,1.0,591,-29.0,commnet,california,1042.0,3042,8,california,assets_rot90
19.0,0.5,1.0,548,-29.0,commnet,california,1042.0,3042,9,california,assets_rot90
19.0,0.5,1.0,564,-29.0,commnet,california,1042.0,3042,10,california,assets_rot90
19.0,0.5,1.0,590,-29.0,commnet,california,1042.0,3042,11,california,assets_rot90
19.0,0.5,1.0,594,-29.0,commnet,california,1042.0,3042,12,california,assets_rot90
19.0,0.5,1.0,574,-29.0,commnet,california,1042.0,3042,13,california,assets_rot90
19.0,0.5,1.0,595,-29.0,commnet,california,1042.0,3042,14,california,assets_rot90
19.0,0.5,1.0,559,-29.0,commnet,california,1042.0,4042,0,california,assets_rot90
19.0,0.5,1.0,563,-29.0,commnet,california,1042.0,4042,1,california,assets_rot90
19.0,0.5,1.0,561,-29.0,commnet,california,1042.0,4042,2,california,assets_rot90
19.0,0.5,1.0,562,-29.0,commnet,california,1042.0,4042,3,california,assets_rot90
19.0,0.5,1.0,566,-29.0,commnet,california,1042.0,4042,4,california,assets_rot90
19.0,0.5,1.0,588,-29.0,commnet,california,1042.0,4042,5,california,assets_rot90
19.0,0.5,1.0,572,-29.0,commnet,california,1042.0,4042,6,california,assets_rot90
19.0,0.5,1.0,566,-29.0,commnet,california,1042.0,4042,7,california,assets_rot90
19.0,0.5,1.0,608,-29.0,commnet,california,1042.0,4042,8,california,assets_rot90
19.0,0.5,1.0,533,-29.0,commnet,california,1042.0,4042,9,california,assets_rot90
19.0,0.5,1.0,581,-29.0,commnet,california,1042.0,4042,10,california,assets_rot90
19.0,0.5,1.0,589,-29.0,commnet,california,1042.0,4042,11,california,assets_rot90
19.0,0.5,1.0,568,-29.0,commnet,california,1042.0,4042,12,california,assets_rot90
19.0,0.5,1.0,567,-29.0,commnet,california,1042.0,4042,13,california,assets_rot90
19.0,0.5,1.0,554,-29.0,commnet,california,1042.0,4042,14,california,assets_rot90
19.0,0.5,1.0,532,-29.0,commnet,california,2042.0,42,0,california,assets_rot90
13.0,0.6666666666666666,1.0,210,-19.666666666666668,commnet,california,2042.0,42,1,california,assets_rot90
19.0,0.5,1.0,561,-29.0,commnet,california,2042.0,42,2,california,assets_rot90
19.0,0.5,0.977924944812362,538,-29.0,commnet,california,2042.0,42,3,california,assets_rot90
13.0,0.6666666666666666,1.0,210,-19.666666666666668,commnet,california,2042.0,42,4,california,assets_rot90
19.0,0.5,1.0,534,-29.0,commnet,california,2042.0,42,5,california,assets_rot90
19.0,0.5,0.9889624724061812,542,-29.0,commnet,california,2042.0,42,6,california,assets_rot90
13.0,0.6666666666666666,1.0,211,-19.666666666666668,commnet,california,2042.0,42,7,california,assets_rot90
13.0,0.6666666666666666,1.0,210,-19.666666666666668,commnet,california,2042.0,42,8,california,assets_rot90
19.0,0.5,1.0,547,-29.0,commnet,california,2042.0,42,9,california,assets_rot90
19.0,0.5,1.0,513,-29.0,commnet,california,2042.0,42,10,california,assets_rot90
19.0,0.5,1.0,500,-29.0,commnet,california,2042.0,42,11,california,assets_rot90
19.0,0.5,0.9470198675496688,555,-29.0,commnet,california,2042.0,42,12,california,assets_rot90
19.0,0.5,1.0,544,-29.0,commnet,california,2042.0,42,13,california,assets_rot90
13.0,0.6666666666666666,1.0,211,-19.666666666666668,commnet,california,2042.0,42,14,california,assets_rot90
19.0,0.5,1.0,542,-29.0,commnet,california,2042.0,1042,0,california,assets_rot90
19.0,0.5,1.0,539,-29.0,commnet,california,2042.0,1042,1,california,assets_rot90
13.0,0.6666666666666666,1.0,211,-19.666666666666668,commnet,california,2042.0,1042,2,california,assets_rot90
13.0,0.6666666666666666,1.0,211,-19.666666666666668,commnet,california,2042.0,1042,3,california,assets_rot90
13.0,0.6666666666666666,1.0,210,-19.666666666666668,commnet,california,2042.0,1042,4,california,assets_rot90
13.0,0.6666666666666666,1.0,211,-19.666666666666668,commnet,california,2042.0,1042,5,california,assets_rot90
19.0,0.5,1.0,523,-29.0,commnet,california,2042.0,1042,6,california,assets_rot90
19.0,0.5,1.0,547,-29.0,commnet,california,2042.0,1042,7,california,assets_rot90
13.0,0.6666666666666666,1.0,211,-19.666666666666668,commnet,california,2042.0,1042,8,california,assets_rot90
19.0,0.5,1.0,527,-29.0,commnet,california,2042.0,1042,9,california,assets_rot90
19.0,0.5,1.0,500,-29.0,commnet,california,2042.0,1042,10,california,assets_rot90
19.0,0.5,1.0,550,-29.0,commnet,california,2042.0,1042,11,california,assets_rot90
13.0,0.6666666666666666,1.0,216,-19.666666666666668,commnet,california,2042.0,1042,12,california,assets_rot90
13.0,0.6666666666666666,1.0,211,-19.666666666666668,commnet,california,2042.0,1042,13,california,assets_rot90
19.0,0.5,1.0,552,-29.0,commnet,california,2042.0,1042,14,california,assets_rot90
19.0,0.5,0.7858719646799117,546,-29.0,commnet,california,2042.0,2042,0,california,assets_rot90
13.0,0.6666666666666666,1.0,210,-19.666666666666668,commnet,california,2042.0,2042,1,california,assets_rot90
13.0,0.6666666666666666,1.0,210,-6.333333333333336,commnet,california,2042.0,2042,2,california,assets_rot90
19.0,0.5,1.0,524,-29.0,commnet,california,2042.0,2042,3,california,assets_rot90
13.0,0.6666666666666666,1.0,216,-19.666666666666668,commnet,california,2042.0,2042,4,california,assets_rot90
13.0,0.6666666666666666,0.9183006535947712,216,-19.76666666666667,commnet,california,2042.0,2042,5,california,assets_rot90
13.0,0.6666666666666666,1.0,211,-19.666666666666668,commnet,california,2042.0,2042,6,california,assets_rot90
19.0,0.5,1.0,526,-29.0,commnet,california,2042.0,2042,7,california,assets_rot90
13.0,0.6666666666666666,1.0,216,-19.666666666666668,commnet,california,2042.0,2042,8,california,assets_rot90
13.0,0.6666666666666666,1.0,211,-19.666666666666668,commnet,california,2042.0,2042,9,california,assets_rot90
13.0,0.6666666666666666,1.0,210,-19.666666666666668,commnet,california,2042.0,2042,10,california,assets_rot90
19.0,0.5,1.0,547,-29.0,commnet,california,2042.0,2042,11,california,assets_rot90
19.0,0.5,1.0,545,-29.0,commnet,california,2042.0,2042,12,california,assets_rot90
19.0,0.5,1.0,566,-29.0,commnet,california,2042.0,2042,13,california,assets_rot90
19.0,0.5,0.7836644591611479,547,-29.0,commnet,california,2042.0,2042,14,california,assets_rot90
19.0,0.5,1.0,542,-29.0,commnet,california,2042.0,3042,0,california,assets_rot90
19.0,0.5,1.0,534,-29.0,commnet,california,2042.0,3042,1,california,assets_rot90
19.0,0.5,1.0,515,-29.0,commnet,california,2042.0,3042,2,california,assets_rot90
19.0,0.5,0.7836644591611479,533,-29.0,commnet,california,2042.0,3042,3,california,assets_rot90
13.0,0.6666666666666666,1.0,211,-19.666666666666668,commnet,california,2042.0,3042,4,california,assets_rot90
19.0,0.5,1.0,504,-29.0,commnet,california,2042.0,3042,5,california,assets_rot90
19.0,0.5,1.0,494,-29.0,commnet,california,2042.0,3042,6,california,assets_rot90
13.0,0.6666666666666666,1.0,210,-19.666666666666668,commnet,california,2042.0,3042,7,california,assets_rot90
19.0,0.5,1.0,524,-29.0,commnet,california,2042.0,3042,8,california,assets_rot90
13.0,0.6666666666666666,1.0,211,-19.666666666666668,commnet,california,2042.0,3042,9,california,assets_rot90
19.0,0.5,1.0,515,-29.0,commnet,california,2042.0,3042,10,california,assets_rot90
19.0,0.5,0.7836644591611479,543,-29.0,commnet,california,2042.0,3042,11,california,assets_rot90
19.0,0.5,1.0,542,-29.0,commnet,california,2042.0,3042,12,california,assets_rot90
19.0,0.5,1.0,527,-29.0,commnet,california,2042.0,3042,13,california,assets_rot90
16.0,0.6666666666666666,1.0,552,-22.666666666666668,commnet,california,2042.0,3042,14,california,assets_rot90
19.0,0.5,1.0,526,-29.0,commnet,california,2042.0,4042,0,california,assets_rot90
19.0,0.5,1.0,534,-29.0,commnet,california,2042.0,4042,1,california,assets_rot90
13.0,0.6666666666666666,1.0,211,-19.666666666666668,commnet,california,2042.0,4042,2,california,assets_rot90
19.0,0.5,1.0,495,-29.0,commnet,california,2042.0,4042,3,california,assets_rot90
13.0,0.6666666666666666,0.8934707903780069,216,-19.666666666666668,commnet,california,2042.0,4042,4,california,assets_rot90
19.0,0.5,1.0,538,-29.0,commnet,california,2042.0,4042,5,california,assets_rot90
19.0,0.5,1.0,517,-29.0,commnet,california,2042.0,4042,6,california,assets_rot90
19.0,0.5,1.0,541,-29.0,commnet,california,2042.0,4042,7,california,assets_rot90
19.0,0.5,0.7836644591611479,555,-29.0,commnet,california,2042.0,4042,8,california,assets_rot90
13.0,0.6666666666666666,1.0,211,-19.666666666666668,commnet,california,2042.0,4042,9,california,assets_rot90
13.0,0.6666666666666666,1.0,216,-19.666666666666668,commnet,california,2042.0,4042,10,california,assets_rot90
19.0,0.5,1.0,512,-29.0,commnet,california,2042.0,4042,11,california,assets_rot90
19.0,0.5,1.0,510,-29.0,commnet,california,2042.0,4042,12,california,assets_rot90
13.0,0.6666666666666666,1.0,211,-19.666666666666668,commnet,california,2042.0,4042,13,california,assets_rot90
19.0,0.5,1.0,494,-29.0,commnet,california,2042.0,4042,14,california,assets_rot90
19.0,0.5,0.8322295805739515,550,-29.3,commnet,california,3042.0,42,0,california,assets_rot90
19.0,0.5,0.8233995584988962,433,-29.2,commnet,california,3042.0,42,1,california,assets_rot90
19.0,0.5,0.8807947019867549,549,-29.2,commnet,california,3042.0,42,2,california,assets_rot90
19.0,0.5,0.8984547461368654,551,-29.2,commnet,california,3042.0,42,3,california,assets_rot90
19.0,0.5,0.8543046357615894,454,-29.2,commnet,california,3042.0,42,4,california,assets_rot90
19.0,0.5,0.9094922737306844,526,-29.2,commnet,california,3042.0,42,5,california,assets_rot90
19.0,0.5,0.8940397350993378,542,-29.2,commnet,california,3042.0,42,6,california,assets_rot90
19.0,0.5,0.9205298013245032,523,-29.2,commnet,california,3042.0,42,7,california,assets_rot90
19.0,0.5,0.8278145695364238,501,-29.2,commnet,california,3042.0,42,8,california,assets_rot90
19.0,0.5,0.9205298013245032,550,-29.2,commnet,california,3042.0,42,9,california,assets_rot90
19.0,0.5,0.911699779249448,526,-29.2,commnet,california,3042.0,42,10,california,assets_rot90
19.0,0.5,0.8278145695364238,432,-29.2,commnet,california,3042.0,42,11,california,assets_rot90
19.0,0.5,0.869757174392936,539,-29.2,commnet,california,3042.0,42,12,california,assets_rot90
19.0,0.5,0.8653421633554084,532,-29.2,commnet,california,3042.0,42,13,california,assets_rot90
19.0,0.5,0.8631346578366446,498,-29.2,commnet,california,3042.0,42,14,california,assets_rot90
19.0,0.5,0.8830022075055187,549,-29.2,commnet,california,3042.0,1042,0,california,assets_rot90
19.0,0.5,0.8763796909492274,503,-29.2,commnet,california,3042.0,1042,1,california,assets_rot90
19.0,0.5,0.8344370860927153,513,-29.2,commnet,california,3042.0,1042,2,california,assets_rot90
19.0,0.5,0.9161147902869756,522,-29.2,commnet,california,3042.0,1042,3,california,assets_rot90
19.0,0.5,0.8189845474613686,442,-29.2,commnet,california,3042.0,1042,4,california,assets_rot90
19.0,0.5,0.8587196467991169,476,-29.2,commnet,california,3042.0,1042,5,california,assets_rot90
19.0,0.5,0.8123620309050773,461,-29.2,commnet,california,3042.0,1042,6,california,assets_rot90
19.0,0.5,0.9205298013245032,550,-29.2,commnet,california,3042.0,1042,7,california,assets_rot90
19.0,0.5,0.8785871964679912,485,-29.2,commnet,california,3042.0,1042,8,california,assets_rot90
19.0,0.5,0.8984547461368654,508,-29.2,commnet,california,3042.0,1042,9,california,assets_rot90
19.0,0.5,0.8940397350993378,536,-29.2,commnet,california,3042.0,1042,10,california,assets_rot90
19.0,0.5,0.8675496688741722,502,-29.2,commnet,california,3042.0,1042,11,california,assets_rot90
19.0,0.5,0.8587196467991169,527,-29.2,commnet,california,3042.0,1042,12,california,assets_rot90
19.0,0.5,0.8543046357615894,493,-29.2,commnet,california,3042.0,1042,13,california,assets_rot90
19.0,0.5,0.9249448123620309,588,-29.2,commnet,california,3042.0,1042,14,california,assets_rot90
19.0,0.5,0.8653421633554084,539,-29.2,commnet,california,3042.0,2042,0,california,assets_rot90
19.0,0.5,0.6997792494481236,350,-29.2,commnet,california,3042.0,2042,1,california,assets_rot90
19.0,0.5,0.8366445916114791,524,-15.866666666666667,commnet,california,3042.0,2042,2,california,assets_rot90
19.0,0.5,0.869757174392936,538,-29.2,commnet,california,3042.0,2042,3,california,assets_rot90
19.0,0.5,0.911699779249448,526,-29.2,commnet,california,3042.0,2042,4,california,assets_rot90
19.0,0.5,0.8278145695364238,469,-29.2,commnet,california,3042.0,2042,5,california,assets_rot90
19.0,0.5,0.8874172185430463,502,-29.2,commnet,california,3042.0,2042,6,california,assets_rot90
19.0,0.5,0.8940397350993378,505,-29.2,commnet,california,3042.0,2042,7,california,assets_rot90
19.0,0.5,0.9161147902869756,526,-29.2,commnet,california,3042.0,2042,8,california,assets_rot90
19.0,0.5,0.8874172185430463,556,-29.2,commnet,california,3042.0,2042,9,california,assets_rot90
19.0,0.5,0.7439293598233996,553,-29.2,commnet,california,3042.0,2042,10,california,assets_rot90
19.0,0.5,0.9205298013245032,550,-29.2,commnet,california,3042.0,2042,11,california,assets_rot90
19.0,0.5,0.9183222958057397,528,-29.2,commnet,california,3042.0,2042,12,california,assets_rot90
19.0,0.5,0.9072847682119204,534,-29.2,commnet,california,3042.0,2042,13,california,assets_rot90
19.0,0.5,0.8278145695364238,501,-29.2,commnet,california,3042.0,2042,14,california,assets_rot90
19.0,0.5,0.869757174392936,518,-29.2,commnet,california,3042.0,3042,0,california,assets_rot90
19.0,0.5,0.9094922737306844,526,-29.2,commnet,california,3042.0,3042,1,california,assets_rot90
19.0,0.5,0.913907284768212,526,-29.2,commnet,california,3042.0,3042,2,california,assets_rot90
19.0,0.5,0.8123620309050773,465,-29.3,commnet,california,3042.0,3042,3,california,assets_rot90
19.0,0.5,0.911699779249448,507,-29.2,commnet,california,3042.0,3042,4,california,assets_rot90
19.0,0.5,0.911699779249448,453,-29.2,commnet,california,3042.0,3042,5,california,assets_rot90
19.0,0.5,0.9072847682119204,514,-29.2,commnet,california,3042.0,3042,6,california,assets_rot90
19.0,0.5,0.8344370860927153,509,-29.2,commnet,california,3042.0,3042,7,california,assets_rot90
19.0,0.5,0.9205298013245032,512,-29.2,commnet,california,3042.0,3042,8,california,assets_rot90
19.0,0.5,0.9094922737306844,508,-29.2,commnet,california,3042.0,3042,9,california,assets_rot90
19.0,0.5,0.9094922737306844,523,-29.2,commnet,california,3042.0,3042,10,california,assets_rot90
19.0,0.5,0.9094922737306844,512,-29.2,commnet,california,3042.0,3042,11,california,assets_rot90
19.0,0.5,0.911699779249448,526,-29.2,commnet,california,3042.0,3042,12,california,assets_rot90
19.0,0.5,0.8233995584988962,466,-29.3,commnet,california,3042.0,3042,13,california,assets_rot90
19.0,0.5,0.8763796909492274,524,-29.2,commnet,california,3042.0,3042,14,california,assets_rot90
19.0,0.5,0.8896247240618101,437,-29.2,commnet,california,3042.0,4042,0,california,assets_rot90
19.0,0.5,0.869757174392936,527,-29.2,commnet,california,3042.0,4042,1,california,assets_rot90
19.0,0.5,0.9161147902869756,517,-29.2,commnet,california,3042.0,4042,2,california,assets_rot90
19.0,0.5,0.8233995584988962,477,-29.2,commnet,california,3042.0,4042,3,california,assets_rot90
19.0,0.5,0.911699779249448,526,-29.2,commnet,california,3042.0,4042,4,california,assets_rot90
19.0,0.5,0.8719646799116998,534,-29.2,commnet,california,3042.0,4042,5,california,assets_rot90
19.0,0.5,0.8123620309050773,469,-29.2,commnet,california,3042.0,4042,6,california,assets_rot90
19.0,0.5,0.8278145695364238,552,-29.3,commnet,california,3042.0,4042,7,california,assets_rot90
19.0,0.5,0.8322295805739515,501,-29.2,commnet,california,3042.0,4042,8,california,assets_rot90
19.0,0.5,0.9050772626931568,480,-29.2,commnet,california,3042.0,4042,9,california,assets_rot90
19.0,0.5,0.8565121412803532,527,-29.2,commnet,california,3042.0,4042,10,california,assets_rot90
19.0,0.5,0.8631346578366446,528,-29.2,commnet,california,3042.0,4042,11,california,assets_rot90
19.0,0.5,0.8498896247240618,524,-29.2,commnet,california,3042.0,4042,12,california,assets_rot90
19.0,0.5,0.913907284768212,455,-29.2,commnet,california,3042.0,4042,13,california,assets_rot90
19.0,0.5,0.9072847682119204,515,-29.2,commnet,california,3042.0,4042,14,california,assets_rot90
22.0,0.3333333333333333,1.0,635,-35.333333333333336,commnet,california,4042.0,42,0,california,assets_rot90
22.0,0.3333333333333333,1.0,538,-35.333333333333336,commnet,california,4042.0,42,1,california,assets_rot90
22.0,0.3333333333333333,1.0,634,-35.333333333333336,commnet,california,4042.0,42,2,california,assets_rot90
22.0,0.3333333333333333,1.0,624,-35.333333333333336,commnet,california,4042.0,42,3,california,assets_rot90
22.0,0.3333333333333333,1.0,583,-35.333333333333336,commnet,california,4042.0,42,4,california,assets_rot90
22.0,0.3333333333333333,1.0,637,-35.333333333333336,commnet,california,4042.0,42,5,california,assets_rot90
22.0,0.3333333333333333,1.0,649,-35.333333333333336,commnet,california,4042.0,42,6,california,assets_rot90
22.0,0.3333333333333333,1.0,642,-35.333333333333336,commnet,california,4042.0,42,7,california,assets_rot90
19.0,0.5,1.0,605,-29.0,commnet,california,4042.0,42,8,california,assets_rot90
22.0,0.3333333333333333,1.0,694,-35.333333333333336,commnet,california,4042.0,42,9,california,assets_rot90
22.0,0.3333333333333333,1.0,524,-35.333333333333336,commnet,california,4042.0,42,10,california,assets_rot90
22.0,0.3333333333333333,1.0,678,-35.333333333333336,commnet,california,4042.0,42,11,california,assets_rot90
19.0,0.5,1.0,616,-29.0,commnet,california,4042.0,42,12,california,assets_rot90
22.0,0.3333333333333333,1.0,646,-35.333333333333336,commnet,california,4042.0,42,13,california,assets_rot90
22.0,0.3333333333333333,1.0,568,-35.333333333333336,commnet,california,4042.0,42,14,california,assets_rot90
22.0,0.3333333333333333,1.0,708,-35.333333333333336,commnet,california,4042.0,1042,0,california,assets_rot90
19.0,0.5,1.0,643,-29.0,commnet,california,4042.0,1042,1,california,assets_rot90
19.0,0.5,1.0,633,-29.0,commnet,california,4042.0,1042,2,california,assets_rot90
22.0,0.3333333333333333,1.0,592,-35.333333333333336,commnet,california,4042.0,1042,3,california,assets_rot90
22.0,0.3333333333333333,1.0,593,-35.333333333333336,commnet,california,4042.0,1042,4,california,assets_rot90
22.0,0.3333333333333333,1.0,551,-35.333333333333336,commnet,california,4042.0,1042,5,california,assets_rot90
22.0,0.3333333333333333,1.0,645,-35.333333333333336,commnet,california,4042.0,1042,6,california,assets_rot90
22.0,0.3333333333333333,1.0,690,-35.333333333333336,commnet,california,4042.0,1042,7,california,assets_rot90
19.0,0.5,1.0,664,-29.0,commnet,california,4042.0,1042,8,california,assets_rot90
19.0,0.5,1.0,590,-29.0,commnet,california,4042.0,1042,9,california,assets_rot90
22.0,0.3333333333333333,1.0,650,-35.333333333333336,commnet,california,4042.0,1042,10,california,assets_rot90
19.0,0.5,1.0,635,-29.0,commnet,california,4042.0,1042,11,california,assets_rot90
22.0,0.3333333333333333,1.0,712,-35.333333333333336,commnet,california,4042.0,1042,12,california,assets_rot90
22.0,0.3333333333333333,1.0,532,-35.333333333333336,commnet,california,4042.0,1042,13,california,assets_rot90
22.0,0.3333333333333333,1.0,675,-35.333333333333336,commnet,california,4042.0,1042,14,california,assets_rot90
19.0,0.5,1.0,730,-29.0,commnet,california,4042.0,2042,0,california,assets_rot90
22.0,0.3333333333333333,1.0,550,-35.333333333333336,commnet,california,4042.0,2042,1,california,assets_rot90
22.0,0.3333333333333333,1.0,663,-22.0,commnet,california,4042.0,2042,2,california,assets_rot90
19.0,0.5,1.0,734,-29.0,commnet,california,4042.0,2042,3,california,assets_rot90
22.0,0.3333333333333333,1.0,605,-35.333333333333336,commnet,california,4042.0,2042,4,california,assets_rot90
22.0,0.3333333333333333,1.0,524,-35.333333333333336,commnet,california,4042.0,2042,5,california,assets_rot90
19.0,0.5,1.0,680,-29.0,commnet,california,4042.0,2042,6,california,assets_rot90
19.0,0.5,1.0,597,-29.0,commnet,california,4042.0,2042,7,california,assets_rot90
22.0,0.3333333333333333,1.0,585,-35.333333333333336,commnet,california,4042.0,2042,8,california,assets_rot90
19.0,0.5,1.0,706,-29.0,commnet,california,4042.0,2042,9,california,assets_rot90
22.0,0.3333333333333333,0.9072847682119204,597,-35.73333333333334,commnet,california,4042.0,2042,10,california,assets_rot90
22.0,0.3333333333333333,1.0,662,-35.333333333333336,commnet,california,4042.0,2042,11,california,assets_rot90
22.0,0.3333333333333333,1.0,728,-35.333333333333336,commnet,california,4042.0,2042,12,california,assets_rot90
22.0,0.3333333333333333,1.0,660,-35.333333333333336,commnet,california,4042.0,2042,13,california,assets_rot90
22.0,0.3333333333333333,1.0,643,-35.333333333333336,commnet,california,4042.0,2042,14,california,assets_rot90
22.0,0.3333333333333333,0.8940397350993378,616,-35.53333333333334,commnet,california,4042.0,3042,0,california,assets_rot90
22.0,0.3333333333333333,1.0,637,-35.333333333333336,commnet,california,4042.0,3042,1,california,assets_rot90
22.0,0.3333333333333333,1.0,718,-35.333333333333336,commnet,california,4042.0,3042,2,california,assets_rot90
22.0,0.3333333333333333,1.0,635,-35.333333333333336,commnet,california,4042.0,3042,3,california,assets_rot90
22.0,0.3333333333333333,1.0,651,-35.333333333333336,commnet,california,4042.0,3042,4,california,assets_rot90
22.0,0.3333333333333333,0.916083916083916,584,-35.63333333333334,commnet,california,4042.0,3042,5,california,assets_rot90
22.0,0.3333333333333333,1.0,677,-35.333333333333336,commnet,california,4042.0,3042,6,california,assets_rot90
22.0,0.3333333333333333,1.0,606,-35.333333333333336,commnet,california,4042.0,3042,7,california,assets_rot90
22.0,0.3333333333333333,1.0,636,-35.333333333333336,commnet,california,4042.0,3042,8,california,assets_rot90
19.0,0.5,0.9381898454746136,629,-29.1,commnet,california,4042.0,3042,9,california,assets_rot90
22.0,0.3333333333333333,1.0,647,-35.333333333333336,commnet,california,4042.0,3042,10,california,assets_rot90
22.0,0.3333333333333333,1.0,669,-35.333333333333336,commnet,california,4042.0,3042,11,california,assets_rot90
22.0,0.3333333333333333,1.0,661,-35.333333333333336,commnet,california,4042.0,3042,12,california,assets_rot90
22.0,0.3333333333333333,1.0,610,-35.333333333333336,commnet,california,4042.0,3042,13,california,assets_rot90
22.0,0.3333333333333333,1.0,623,-35.333333333333336,commnet,california,4042.0,3042,14,california,assets_rot90
22.0,0.3333333333333333,1.0,612,-35.333333333333336,commnet,california,4042.0,4042,0,california,assets_rot90
22.0,0.3333333333333333,1.0,612,-35.333333333333336,commnet,california,4042.0,4042,1,california,assets_rot90
19.0,0.5,1.0,533,-29.0,commnet,california,4042.0,4042,2,california,assets_rot90
22.0,0.3333333333333333,1.0,562,-35.333333333333336,commnet,california,4042.0,4042,3,california,assets_rot90
22.0,0.3333333333333333,1.0,717,-35.333333333333336,commnet,california,4042.0,4042,4,california,assets_rot90
22.0,0.3333333333333333,1.0,553,-35.333333333333336,commnet,california,4042.0,4042,5,california,assets_rot90
22.0,0.3333333333333333,1.0,642,-35.333333333333336,commnet,california,4042.0,4042,6,california,assets_rot90
19.0,0.5,1.0,592,-29.0,commnet,california,4042.0,4042,7,california,assets_rot90
22.0,0.3333333333333333,1.0,560,-35.333333333333336,commnet,california,4042.0,4042,8,california,assets_rot90
22.0,0.3333333333333333,1.0,658,-35.333333333333336,commnet,california,4042.0,4042,9,california,assets_rot90
22.0,0.3333333333333333,1.0,739,-35.333333333333336,commnet,california,4042.0,4042,10,california,assets_rot90
22.0,0.3333333333333333,1.0,643,-35.333333333333336,commnet,california,4042.0,4042,11,california,assets_rot90
19.0,0.5,0.9646799116997792,602,-29.500000000000007,commnet,california,4042.0,4042,12,california,assets_rot90
19.0,0.5,1.0,628,-29.0,commnet,california,4042.0,4042,13,california,assets_rot90
22.0,0.3333333333333333,1.0,679,-35.333333333333336,commnet,california,4042.0,4042,14,california,assets_rot90
0.0,1.0,0.8627450980392157,15,-0.4,hiercomm_heur,california,42.0,42,0,california,assets_rot90
0.0,1.0,0.9223744292237442,16,-0.5,hiercomm_heur,california,42.0,42,1,california,assets_rot90
0.0,1.0,0.9536423841059604,201,-0.6,hiercomm_heur,california,42.0,42,2,california,assets_rot90
0.0,1.0,0.9690949227373068,49,-0.2,hiercomm_heur,california,42.0,42,3,california,assets_rot90
0.0,1.0,1.0,0,0.0,hiercomm_heur,california,42.0,42,4,california,assets_rot90
3.0,0.8333333333333334,0.9602649006622516,160,-6.333333333333332,hiercomm_heur,california,42.0,42,5,california,assets_rot90
3.0,0.8333333333333334,1.0,114,-6.333333333333332,hiercomm_heur,california,42.0,42,6,california,assets_rot90
0.0,1.0,0.9867549668874172,213,-0.0999999999999996,hiercomm_heur,california,42.0,42,7,california,assets_rot90
0.0,1.0,1.0,29,0.0,hiercomm_heur,california,42.0,42,8,california,assets_rot90
0.0,1.0,0.9977924944812362,62,0.0,hiercomm_heur,california,42.0,42,9,california,assets_rot90
0.0,1.0,1.0,17,0.0,hiercomm_heur,california,42.0,42,10,california,assets_rot90
0.0,1.0,0.9403973509933776,51,-0.5,hiercomm_heur,california,42.0,42,11,california,assets_rot90
0.0,1.0,1.0,28,0.0,hiercomm_heur,california,42.0,42,12,california,assets_rot90
0.0,1.0,1.0,30,0.0,hiercomm_heur,california,42.0,42,13,california,assets_rot90
0.0,1.0,0.7777777777777778,0,-0.3,hiercomm_heur,california,42.0,42,14,california,assets_rot90
0.0,1.0,0.8990825688073395,43,-0.7999999999999999,hiercomm_heur,california,42.0,1042,0,california,assets_rot90
0.0,1.0,0.9668874172185432,121,-0.4,hiercomm_heur,california,42.0,1042,1,california,assets_rot90
19.0,0.5,0.9977924944812362,223,-29.0,hiercomm_heur,california,42.0,1042,2,california,assets_rot90
3.0,0.8333333333333334,1.0,272,-6.333333333333332,hiercomm_heur,california,42.0,1042,3,california,assets_rot90
3.0,0.8333333333333334,0.9427609427609428,24,-6.833333333333332,hiercomm_heur,california,42.0,1042,4,california,assets_rot90
0.0,1.0,0.7777777777777778,0,-0.3,hiercomm_heur,california,42.0,1042,5,california,assets_rot90
0.0,1.0,0.9668874172185432,145,-0.4,hiercomm_heur,california,42.0,1042,6,california,assets_rot90
0.0,1.0,0.9977924944812362,62,0.0,hiercomm_heur,california,42.0,1042,7,california,assets_rot90
0.0,1.0,0.9624724061810156,59,-0.5,hiercomm_heur,california,42.0,1042,8,california,assets_rot90
0.0,1.0,0.8653846153846154,15,-0.4,hiercomm_heur,california,42.0,1042,9,california,assets_rot90
0.0,1.0,0.9426048565121412,35,-0.7,hiercomm_heur,california,42.0,1042,10,california,assets_rot90
3.0,0.8333333333333334,0.9690949227373068,59,-6.7333333333333325,hiercomm_heur,california,42.0,1042,11,california,assets_rot90
0.0,1.0,0.9829059829059827,34,0.0,hiercomm_heur,california,42.0,1042,12,california,assets_rot90
0.0,1.0,0.7777777777777778,0,-0.3,hiercomm_heur,california,42.0,1042,13,california,assets_rot90
0.0,1.0,1.0,33,0.0,hiercomm_heur,california,42.0,1042,14,california,assets_rot90
13.0,0.6666666666666666,0.9867549668874172,185,-19.666666666666668,hiercomm_heur,california,42.0,2042,0,california,assets_rot90
0.0,1.0,1.0,0,0.0,hiercomm_heur,california,42.0,2042,1,california,assets_rot90
0.0,1.0,1.0,0,13.333333333333332,hiercomm_heur,california,42.0,2042,2,california,assets_rot90
0.0,1.0,1.0,35,0.0,hiercomm_heur,california,42.0,2042,3,california,assets_rot90
0.0,1.0,0.9845474613686536,144,0.0,hiercomm_heur,california,42.0,2042,4,california,assets_rot90
0.0,1.0,1.0,17,0.0,hiercomm_heur,california,42.0,2042,5,california,assets_rot90
10.0,0.8333333333333334,0.9624724061810156,138,-13.833333333333332,hiercomm_heur,california,42.0,2042,6,california,assets_rot90
0.0,1.0,0.8703703703703703,15,-0.4,hiercomm_heur,california,42.0,2042,7,california,assets_rot90
0.0,1.0,0.9867549668874172,199,-0.0999999999999996,hiercomm_heur,california,42.0,2042,8,california,assets_rot90
0.0,1.0,0.9624724061810156,191,-0.5,hiercomm_heur,california,42.0,2042,9,california,assets_rot90
0.0,1.0,0.8431372549019608,0,-0.2,hiercomm_heur,california,42.0,2042,10,california,assets_rot90
0.0,1.0,0.9977924944812362,62,0.0,hiercomm_heur,california,42.0,2042,11,california,assets_rot90
0.0,1.0,1.0,32,0.0,hiercomm_heur,california,42.0,2042,12,california,assets_rot90
3.0,0.8333333333333334,0.9492273730684326,307,-6.833333333333332,hiercomm_heur,california,42.0,2042,13,california,assets_rot90
9.0,0.6666666666666666,0.7637969094922737,641,-15.966666666666669,hiercomm_heur,california,42.0,2042,14,california,assets_rot90
3.0,0.8333333333333334,0.9911699779249448,244,-6.433333333333332,hiercomm_heur,california,42.0,3042,0,california,assets_rot90
3.0,0.8333333333333334,0.9602649006622516,177,-6.333333333333332,hiercomm_heur,california,42.0,3042,1,california,assets_rot90
3.0,0.8333333333333334,1.0,249,-6.333333333333332,hiercomm_heur,california,42.0,3042,2,california,assets_rot90
0.0,1.0,0.9668874172185432,82,-0.4,hiercomm_heur,california,42.0,3042,3,california,assets_rot90
0.0,1.0,1.0,131,0.0,hiercomm_heur,california,42.0,3042,4,california,assets_rot90
0.0,1.0,0.8735632183908046,24,-0.2,hiercomm_heur,california,42.0,3042,5,california,assets_rot90
3.0,0.8333333333333334,1.0,162,-6.333333333333332,hiercomm_heur,california,42.0,3042,6,california,assets_rot90
3.0,0.8333333333333334,0.958057395143488,165,-6.833333333333332,hiercomm_heur,california,42.0,3042,7,california,assets_rot90
0.0,1.0,0.9917355371900828,80,0.0,hiercomm_heur,california,42.0,3042,8,california,assets_rot90
10.0,0.8333333333333334,0.8763796909492274,56,-13.333333333333332,hiercomm_heur,california,42.0,3042,9,california,assets_rot90
3.0,0.8333333333333334,1.0,172,-6.333333333333332,hiercomm_heur,california,42.0,3042,10,california,assets_rot90
0.0,1.0,0.9479166666666666,25,0.0,hiercomm_heur,california,42.0,3042,11,california,assets_rot90
9.0,0.6666666666666666,0.9977924944812362,206,-15.666666666666668,hiercomm_heur,california,42.0,3042,12,california,assets_rot90
0.0,1.0,0.9801324503311258,259,-0.1999999999999993,hiercomm_heur,california,42.0,3042,13,california,assets_rot90
10.0,0.8333333333333334,0.9315673289183224,178,-13.533333333333331,hiercomm_heur,california,42.0,3042,14,california,assets_rot90
0.0,1.0,0.9393939393939394,28,-0.4,hiercomm_heur,california,42.0,4042,0,california,assets_rot90
0.0,1.0,0.7777777777777778,0,-0.3,hiercomm_heur,california,42.0,4042,1,california,assets_rot90
0.0,1.0,1.0,118,0.0,hiercomm_heur,california,42.0,4042,2,california,assets_rot90
3.0,0.8333333333333334,0.9845474613686536,182,-6.433333333333332,hiercomm_heur,california,42.0,4042,3,california,assets_rot90
0.0,1.0,0.9823399558498896,138,0.0,hiercomm_heur,california,42.0,4042,4,california,assets_rot90
0.0,1.0,0.9301075268817204,36,-0.7,hiercomm_heur,california,42.0,4042,5,california,assets_rot90
0.0,1.0,0.9064327485380116,20,-0.4,hiercomm_heur,california,42.0,4042,6,california,assets_rot90
0.0,1.0,0.8571428571428571,15,-0.4,hiercomm_heur,california,42.0,4042,7,california,assets_rot90
9.0,0.6666666666666666,0.7814569536423841,647,-16.06666666666667,hiercomm_heur,california,42.0,4042,8,california,assets_rot90
0.0,1.0,0.8984547461368654,145,0.0,hiercomm_heur,california,42.0,4042,9,california,assets_rot90
0.0,1.0,1.0,26,0.0,hiercomm_heur,california,42.0,4042,10,california,assets_rot90
0.0,1.0,1.0,28,0.0,hiercomm_heur,california,42.0,4042,11,california,assets_rot90
0.0,1.0,1.0,17,0.0,hiercomm_heur,california,42.0,4042,12,california,assets_rot90
0.0,1.0,1.0,35,0.0,hiercomm_heur,california,42.0,4042,13,california,assets_rot90
3.0,0.8333333333333334,0.9801324503311258,151,-6.433333333333332,hiercomm_heur,california,42.0,4042,14,california,assets_rot90
0.0,1.0,0.961904761904762,24,-0.2,hiercomm_heur,california,1042.0,42,0,california,assets_rot90
0.0,1.0,1.0,0,0.0,hiercomm_heur,california,1042.0,42,1,california,assets_rot90
0.0,1.0,0.9757174392935982,60,-0.1,hiercomm_heur,california,1042.0,42,2,california,assets_rot90
0.0,1.0,0.9889624724061812,242,0.0,hiercomm_heur,california,1042.0,42,3,california,assets_rot90
0.0,1.0,1.0,0,0.0,hiercomm_heur,california,1042.0,42,4,california,assets_rot90
0.0,1.0,1.0,16,0.0,hiercomm_heur,california,1042.0,42,5,california,assets_rot90
0.0,1.0,1.0,16,0.0,hiercomm_heur,california,1042.0,42,6,california,assets_rot90
10.0,0.8333333333333334,0.9955849889624724,100,-13.333333333333332,hiercomm_heur,california,1042.0,42,7,california,assets_rot90
0.0,1.0,0.933774834437086,456,-0.1,hiercomm_heur,california,1042.0,42,8,california,assets_rot90
0.0,1.0,1.0,19,0.0,hiercomm_heur,california,1042.0,42,9,california,assets_rot90
0.0,1.0,1.0,14,0.0,hiercomm_heur,california,1042.0,42,10,california,assets_rot90
0.0,1.0,0.9851851851851852,17,0.0,hiercomm_heur,california,1042.0,42,11,california,assets_rot90
0.0,1.0,0.9845474613686536,165,0.0,hiercomm_heur,california,1042.0,42,12,california,assets_rot90
0.0,1.0,1.0,87,0.0,hiercomm_heur,california,1042.0,42,13,california,assets_rot90
0.0,1.0,0.992831541218638,18,0.0,hiercomm_heur,california,1042.0,42,14,california,assets_rot90
6.0,0.8333333333333334,0.9845474613686536,255,-9.533333333333331,hiercomm_heur,california,1042.0,1042,0,california,assets_rot90
0.0,1.0,1.0,15,0.0,hiercomm_heur,california,1042.0,1042,1,california,assets_rot90
10.0,0.8333333333333334,1.0,408,-13.333333333333332,hiercomm_heur,california,1042.0,1042,2,california,assets_rot90
10.0,0.8333333333333334,0.9249448123620309,283,-13.433333333333332,hiercomm_heur,california,1042.0,1042,3,california,assets_rot90
0.0,1.0,1.0,0,0.0,hiercomm_heur,california,1042.0,1042,4,california,assets_rot90
0.0,1.0,0.9929078014184396,20,0.0,hiercomm_heur,california,1042.0,1042,5,california,assets_rot90
0.0,1.0,0.9666666666666668,30,-0.2,hiercomm_heur,california,1042.0,1042,6,california,assets_rot90
0.0,1.0,1.0,19,0.0,hiercomm_heur,california,1042.0,1042,7,california,assets_rot90
0.0,1.0,1.0,0,0.0,hiercomm_heur,california,1042.0,1042,8,california,assets_rot90
0.0,1.0,0.9629629629629628,24,-0.2,hiercomm_heur,california,1042.0,1042,9,california,assets_rot90
0.0,1.0,0.9911699779249448,66,-0.1,hiercomm_heur,california,1042.0,1042,10,california,assets_rot90
0.0,1.0,1.0,15,0.0,hiercomm_heur,california,1042.0,1042,11,california,assets_rot90
10.0,0.8333333333333334,0.9713024282560706,113,-13.333333333333332,hiercomm_heur,california,1042.0,1042,12,california,assets_rot90
0.0,1.0,0.9929078014184396,20,0.0,hiercomm_heur,california,1042.0,1042,13,california,assets_rot90
0.0,1.0,1.0,15,0.0,hiercomm_heur,california,1042.0,1042,14,california,assets_rot90
10.0,0.8333333333333334,0.9950980392156864,92,-13.333333333333332,hiercomm_heur,california,1042.0,2042,0,california,assets_rot90
0.0,1.0,1.0,0,0.0,hiercomm_heur,california,1042.0,2042,1,california,assets_rot90
0.0,1.0,1.0,1,13.333333333333332,hiercomm_heur,california,1042.0,2042,2,california,assets_rot90
0.0,1.0,0.9823399558498896,185,0.0,hiercomm_heur,california,1042.0,2042,3,california,assets_rot90
0.0,1.0,1.0,48,0.0,hiercomm_heur,california,1042.0,2042,4,california,assets_rot90
0.0,1.0,1.0,18,0.0,hiercomm_heur,california,1042.0,2042,5,california,assets_rot90
0.0,1.0,1.0,0,0.0,hiercomm_heur,california,1042.0,2042,6,california,assets_rot90
0.0,1.0,0.963963963963964,24,-0.2,hiercomm_heur,california,1042.0,2042,7,california,assets_rot90
10.0,0.8333333333333334,1.0,53,-13.333333333333332,hiercomm_heur,california,1042.0,2042,8,california,assets_rot90
0.0,1.0,1.0,0,0.0,hiercomm_heur,california,1042.0,2042,9,california,assets_rot90
0.0,1.0,1.0,0,0.0,hiercomm_heur,california,1042.0,2042,10,california,assets_rot90
0.0,1.0,1.0,19,0.0,hiercomm_heur,california,1042.0,2042,11,california,assets_rot90
0.0,1.0,1.0,87,0.0,hiercomm_heur,california,1042.0,2042,12,california,assets_rot90
0.0,1.0,0.913907284768212,93,-0.2,hiercomm_heur,california,1042.0,2042,13,california,assets_rot90
0.0,1.0,0.987878787878788,25,0.0,hiercomm_heur,california,1042.0,2042,14,california,assets_rot90
0.0,1.0,0.9030303030303032,20,-0.1,hiercomm_heur,california,1042.0,3042,0,california,assets_rot90
0.0,1.0,1.0,16,0.0,hiercomm_heur,california,1042.0,3042,1,california,assets_rot90
0.0,1.0,1.0,48,0.0,hiercomm_heur,california,1042.0,3042,2,california,assets_rot90
0.0,1.0,0.9661016949152542,30,-0.2,hiercomm_heur,california,1042.0,3042,3,california,assets_rot90
0.0,1.0,1.0,14,0.0,hiercomm_heur,california,1042.0,3042,4,california,assets_rot90
0.0,1.0,0.925925925925926,23,-0.2,hiercomm_heur,california,1042.0,3042,5,california,assets_rot90
0.0,1.0,0.9823399558498896,60,0.0,hiercomm_heur,california,1042.0,3042,6,california,assets_rot90
0.0,1.0,1.0,0,0.0,hiercomm_heur,california,1042.0,3042,7,california,assets_rot90
0.0,1.0,0.977924944812362,142,0.0,hiercomm_heur,california,1042.0,3042,8,california,assets_rot90
10.0,0.8333333333333334,0.9933774834437086,90,-13.333333333333332,hiercomm_heur,california,1042.0,3042,9,california,assets_rot90
0.0,1.0,0.977924944812362,82,0.0,hiercomm_heur,california,1042.0,3042,10,california,assets_rot90
3.0,0.8333333333333334,1.0,199,-6.333333333333332,hiercomm_heur,california,1042.0,3042,11,california,assets_rot90
0.0,1.0,1.0,19,0.0,hiercomm_heur,california,1042.0,3042,12,california,assets_rot90
10.0,0.8333333333333334,0.9933774834437086,101,-13.333333333333332,hiercomm_heur,california,1042.0,3042,13,california,assets_rot90
0.0,1.0,0.977924944812362,85,-0.2,hiercomm_heur,california,1042.0,3042,14,california,assets_rot90
0.0,1.0,0.9680365296803652,31,-0.2,hiercomm_heur,california,1042.0,4042,0,california,assets_rot90
0.0,1.0,0.992337164750958,18,0.0,hiercomm_heur,california,1042.0,4042,1,california,assets_rot90
0.0,1.0,0.9823399558498896,148,0.0,hiercomm_heur,california,1042.0,4042,2,california,assets_rot90
0.0,1.0,0.9293598233995584,95,0.0,hiercomm_heur,california,1042.0,4042,3,california,assets_rot90
0.0,1.0,1.0,48,0.0,hiercomm_heur,california,1042.0,4042,4,california,assets_rot90
0.0,1.0,0.9551820728291316,113,0.0,hiercomm_heur,california,1042.0,4042,5,california,assets_rot90
0.0,1.0,0.966183574879227,31,-0.2,hiercomm_heur,california,1042.0,4042,6,california,assets_rot90
0.0,1.0,0.9601990049751244,24,-0.2,hiercomm_heur,california,1042.0,4042,7,california,assets_rot90
0.0,1.0,1.0,19,0.0,hiercomm_heur,california,1042.0,4042,8,california,assets_rot90
0.0,1.0,0.93598233995585,264,0.0,hiercomm_heur,california,1042.0,4042,9,california,assets_rot90
0.0,1.0,1.0,22,0.0,hiercomm_heur,california,1042.0,4042,10,california,assets_rot90
0.0,1.0,1.0,56,0.0,hiercomm_heur,california,1042.0,4042,11,california,assets_rot90
0.0,1.0,1.0,8,0.0,hiercomm_heur,california,1042.0,4042,12,california,assets_rot90
0.0,1.0,0.9514348785871964,418,-0.2,hiercomm_heur,california,1042.0,4042,13,california,assets_rot90
0.0,1.0,0.9823399558498896,60,0.0,hiercomm_heur,california,1042.0,4042,14,california,assets_rot90
0.0,1.0,0.9483568075117372,30,-0.2,hiercomm_heur,california,2042.0,42,0,california,assets_rot90
0.0,1.0,0.9215686274509804,0,-0.1,hiercomm_heur,california,2042.0,42,1,california,assets_rot90
0.0,1.0,0.9605263157894736,64,-0.2,hiercomm_heur,california,2042.0,42,2,california,assets_rot90
9.0,0.6666666666666666,0.9735099337748344,661,-15.966666666666669,hiercomm_heur,california,2042.0,42,3,california,assets_rot90
0.0,1.0,1.0,122,0.0,hiercomm_heur,california,2042.0,42,4,california,assets_rot90
10.0,0.8333333333333334,0.977924944812362,273,-13.633333333333333,hiercomm_heur,california,2042.0,42,5,california,assets_rot90
10.0,0.8333333333333334,1.0,253,-13.333333333333332,hiercomm_heur,california,2042.0,42,6,california,assets_rot90
10.0,0.8333333333333334,0.9853801169590644,120,-13.433333333333332,hiercomm_heur,california,2042.0,42,7,california,assets_rot90
10.0,0.8333333333333334,1.0,301,-13.333333333333332,hiercomm_heur,california,2042.0,42,8,california,assets_rot90
10.0,0.8333333333333334,0.933774834437086,264,-13.333333333333332,hiercomm_heur,california,2042.0,42,9,california,assets_rot90
10.0,0.8333333333333334,0.9867549668874172,221,-13.333333333333332,hiercomm_heur,california,2042.0,42,10,california,assets_rot90
0.0,1.0,0.9668874172185432,322,-0.2000000000000001,hiercomm_heur,california,2042.0,42,11,california,assets_rot90
10.0,0.8333333333333334,0.977924944812362,583,-13.433333333333332,hiercomm_heur,california,2042.0,42,12,california,assets_rot90
10.0,0.8333333333333334,0.9911699779249448,278,-13.333333333333332,hiercomm_heur,california,2042.0,42,13,california,assets_rot90
0.0,1.0,0.954954954954955,5,-0.1,hiercomm_heur,california,2042.0,42,14,california,assets_rot90
3.0,0.8333333333333334,0.9624724061810156,296,-6.533333333333332,hiercomm_heur,california,2042.0,1042,0,california,assets_rot90
0.0,1.0,0.9624724061810156,186,-0.4,hiercomm_heur,california,2042.0,1042,1,california,assets_rot90
10.0,0.8333333333333334,1.0,277,-13.333333333333332,hiercomm_heur,california,2042.0,1042,2,california,assets_rot90
10.0,0.8333333333333334,1.0,419,-13.333333333333332,hiercomm_heur,california,2042.0,1042,3,california,assets_rot90
0.0,1.0,0.9215686274509804,0,-0.1,hiercomm_heur,california,2042.0,1042,4,california,assets_rot90
0.0,1.0,0.935897435897436,0,-0.1,hiercomm_heur,california,2042.0,1042,5,california,assets_rot90
0.0,1.0,0.9690949227373068,168,-0.1999999999999993,hiercomm_heur,california,2042.0,1042,6,california,assets_rot90
10.0,0.8333333333333334,0.933774834437086,264,-13.333333333333332,hiercomm_heur,california,2042.0,1042,7,california,assets_rot90
9.0,0.6666666666666666,0.9713024282560706,335,-15.766666666666667,hiercomm_heur,california,2042.0,1042,8,california,assets_rot90
0.0,1.0,0.9497716894977168,30,-0.2,hiercomm_heur,california,2042.0,1042,9,california,assets_rot90
0.0,1.0,0.9801324503311258,351,-0.2,hiercomm_heur,california,2042.0,1042,10,california,assets_rot90
0.0,1.0,0.9624724061810156,174,-0.4,hiercomm_heur,california,2042.0,1042,11,california,assets_rot90
10.0,0.8333333333333334,0.9977924944812362,160,-13.333333333333332,hiercomm_heur,california,2042.0,1042,12,california,assets_rot90
0.0,1.0,0.935897435897436,0,-0.1,hiercomm_heur,california,2042.0,1042,13,california,assets_rot90
10.0,0.8333333333333334,0.9889624724061812,360,-13.333333333333332,hiercomm_heur,california,2042.0,1042,14,california,assets_rot90
10.0,0.8333333333333334,1.0,425,-13.333333333333332,hiercomm_heur,california,2042.0,2042,0,california,assets_rot90
0.0,1.0,0.9977924944812362,93,0.0,hiercomm_heur,california,2042.0,2042,1,california,assets_rot90
10.0,0.8333333333333334,1.0,228,0.0,hiercomm_heur,california,2042.0,2042,2,california,assets_rot90
10.0,0.8333333333333334,1.0,412,-13.333333333333332,hiercomm_heur,california,2042.0,2042,3,california,assets_rot90
10.0,0.8333333333333334,0.9977924944812362,197,-13.333333333333332,hiercomm_heur,california,2042.0,2042,4,california,assets_rot90
10.0,0.8333333333333334,0.9974747474747476,113,-13.333333333333332,hiercomm_heur,california,2042.0,2042,5,california,assets_rot90
0.0,1.0,0.9747474747474748,10,-0.1,hiercomm_heur,california,2042.0,2042,6,california,assets_rot90
0.0,1.0,0.9690949227373068,236,-0.2,hiercomm_heur,california,2042.0,2042,7,california,assets_rot90
10.0,0.8333333333333334,0.9889624724061812,397,-13.333333333333332,hiercomm_heur,california,2042.0,2042,8,california,assets_rot90
0.0,1.0,0.9796747967479674,13,-0.1,hiercomm_heur,california,2042.0,2042,9,california,assets_rot90
0.0,1.0,0.954248366013072,17,-0.2,hiercomm_heur,california,2042.0,2042,10,california,assets_rot90
10.0,0.8333333333333334,1.0,256,-13.333333333333332,hiercomm_heur,california,2042.0,2042,11,california,assets_rot90
10.0,0.8333333333333334,0.9933774834437086,281,-13.333333333333332,hiercomm_heur,california,2042.0,2042,12,california,assets_rot90
0.0,1.0,0.9713024282560706,337,-0.4,hiercomm_heur,california,2042.0,2042,13,california,assets_rot90
13.0,0.6666666666666666,0.9757174392935982,501,-19.866666666666667,hiercomm_heur,california,2042.0,2042,14,california,assets_rot90
10.0,0.8333333333333334,1.0,246,-13.333333333333332,hiercomm_heur,california,2042.0,3042,0,california,assets_rot90
10.0,0.8333333333333334,0.977924944812362,275,-13.633333333333333,hiercomm_heur,california,2042.0,3042,1,california,assets_rot90
10.0,0.8333333333333334,0.9977924944812362,198,-13.333333333333332,hiercomm_heur,california,2042.0,3042,2,california,assets_rot90
0.0,1.0,0.955849889624724,335,-0.1999999999999993,hiercomm_heur,california,2042.0,3042,3,california,assets_rot90
10.0,0.8333333333333334,1.0,116,-13.333333333333332,hiercomm_heur,california,2042.0,3042,4,california,assets_rot90
0.0,1.0,0.8660436137071651,136,-0.7999999999999999,hiercomm_heur,california,2042.0,3042,5,california,assets_rot90
10.0,0.8333333333333334,0.9977924944812362,274,-13.333333333333332,hiercomm_heur,california,2042.0,3042,6,california,assets_rot90
9.0,0.6666666666666666,0.9845474613686536,147,-15.766666666666667,hiercomm_heur,california,2042.0,3042,7,california,assets_rot90
10.0,0.8333333333333334,1.0,343,-13.333333333333332,hiercomm_heur,california,2042.0,3042,8,california,assets_rot90
10.0,0.8333333333333334,1.0,278,-13.333333333333332,hiercomm_heur,california,2042.0,3042,9,california,assets_rot90
10.0,0.8333333333333334,0.9977924944812362,275,-13.333333333333332,hiercomm_heur,california,2042.0,3042,10,california,assets_rot90
0.0,1.0,0.8962472406181016,102,-0.2,hiercomm_heur,california,2042.0,3042,11,california,assets_rot90
0.0,1.0,0.9823399558498896,229,-0.1,hiercomm_heur,california,2042.0,3042,12,california,assets_rot90
10.0,0.8333333333333334,0.9602649006622516,147,-13.73333333333333,hiercomm_heur,california,2042.0,3042,13,california,assets_rot90
10.0,0.8333333333333334,0.9735099337748344,229,-13.433333333333332,hiercomm_heur,california,2042.0,3042,14,california,assets_rot90
0.0,1.0,0.9602649006622516,246,-0.2,hiercomm_heur,california,2042.0,4042,0,california,assets_rot90
0.0,1.0,0.9509803921568628,5,-0.1,hiercomm_heur,california,2042.0,4042,1,california,assets_rot90
10.0,0.8333333333333334,1.0,119,-13.333333333333332,hiercomm_heur,california,2042.0,4042,2,california,assets_rot90
9.0,0.6666666666666666,0.9690949227373068,619,-15.966666666666669,hiercomm_heur,california,2042.0,4042,3,california,assets_rot90
10.0,0.8333333333333334,0.9977924944812362,322,-13.333333333333332,hiercomm_heur,california,2042.0,4042,4,california,assets_rot90
0.0,1.0,0.9801324503311258,396,-0.2,hiercomm_heur,california,2042.0,4042,5,california,assets_rot90
0.0,1.0,0.9602649006622516,280,-0.2,hiercomm_heur,california,2042.0,4042,6,california,assets_rot90
0.0,1.0,0.9444444444444444,62,-0.2,hiercomm_heur,california,2042.0,4042,7,california,assets_rot90
10.0,0.8333333333333334,0.9492273730684326,399,-13.73333333333333,hiercomm_heur,california,2042.0,4042,8,california,assets_rot90
10.0,0.8333333333333334,1.0,208,-13.333333333333332,hiercomm_heur,california,2042.0,4042,9,california,assets_rot90
10.0,0.8333333333333334,1.0,324,-13.333333333333332,hiercomm_heur,california,2042.0,4042,10,california,assets_rot90
10.0,0.8333333333333334,0.984984984984985,186,-13.433333333333332,hiercomm_heur,california,2042.0,4042,11,california,assets_rot90
10.0,0.8333333333333334,1.0,176,-13.333333333333332,hiercomm_heur,california,2042.0,4042,12,california,assets_rot90
10.0,0.8333333333333334,0.9977924944812362,172,-13.333333333333332,hiercomm_heur,california,2042.0,4042,13,california,assets_rot90
10.0,0.8333333333333334,0.9977924944812362,275,-13.333333333333332,hiercomm_heur,california,2042.0,4042,14,california,assets_rot90
6.0,0.8333333333333334,1.0,373,-9.333333333333332,hiercomm_heur,california,3042.0,42,0,california,assets_rot90
0.0,1.0,1.0,0,0.0,hiercomm_heur,california,3042.0,42,1,california,assets_rot90
16.0,0.6666666666666666,0.9867549668874172,411,-22.666666666666668,hiercomm_heur,california,3042.0,42,2,california,assets_rot90
16.0,0.6666666666666666,0.9955849889624724,439,-22.666666666666668,hiercomm_heur,california,3042.0,42,3,california,assets_rot90
0.0,1.0,0.9824561403508772,0,0.0,hiercomm_heur,california,3042.0,42,4,california,assets_rot90
10.0,0.8333333333333334,0.9646799116997792,103,-13.633333333333333,hiercomm_heur,california,3042.0,42,5,california,assets_rot90
10.0,0.8333333333333334,0.9624724061810156,197,-13.633333333333333,hiercomm_heur,california,3042.0,42,6,california,assets_rot90
10.0,0.8333333333333334,1.0,46,-13.333333333333332,hiercomm_heur,california,3042.0,42,7,california,assets_rot90
10.0,0.8333333333333334,0.9666666666666668,36,-13.433333333333332,hiercomm_heur,california,3042.0,42,8,california,assets_rot90
13.0,0.6666666666666666,0.8454746136865342,545,-20.46666666666668,hiercomm_heur,california,3042.0,42,9,california,assets_rot90
10.0,0.8333333333333334,0.9934640522875816,26,-13.333333333333332,hiercomm_heur,california,3042.0,42,10,california,assets_rot90
0.0,1.0,1.0,25,0.0,hiercomm_heur,california,3042.0,42,11,california,assets_rot90
0.0,1.0,0.990990990990991,27,0.0,hiercomm_heur,california,3042.0,42,12,california,assets_rot90
10.0,0.8333333333333334,0.979591836734694,28,-13.333333333333332,hiercomm_heur,california,3042.0,42,13,california,assets_rot90
6.0,0.8333333333333334,0.9977924944812362,288,-9.333333333333332,hiercomm_heur,california,3042.0,42,14,california,assets_rot90
0.0,1.0,1.0,112,0.0,hiercomm_heur,california,3042.0,1042,0,california,assets_rot90
0.0,1.0,0.9955849889624724,266,-0.1,hiercomm_heur,california,3042.0,1042,1,california,assets_rot90
10.0,0.8333333333333334,0.9658119658119658,34,-13.333333333333332,hiercomm_heur,california,3042.0,1042,2,california,assets_rot90
16.0,0.6666666666666666,0.9823399558498896,498,-22.666666666666668,hiercomm_heur,california,3042.0,1042,3,california,assets_rot90
0.0,1.0,1.0,0,0.0,hiercomm_heur,california,3042.0,1042,4,california,assets_rot90
6.0,0.8333333333333334,0.9977924944812362,308,-9.333333333333332,hiercomm_heur,california,3042.0,1042,5,california,assets_rot90
0.0,1.0,1.0,20,0.0,hiercomm_heur,california,3042.0,1042,6,california,assets_rot90
13.0,0.6666666666666666,0.8410596026490066,541,-20.56666666666668,hiercomm_heur,california,3042.0,1042,7,california,assets_rot90
10.0,0.8333333333333334,1.0,114,-13.333333333333332,hiercomm_heur,california,3042.0,1042,8,california,assets_rot90
0.0,1.0,1.0,146,0.0,hiercomm_heur,california,3042.0,1042,9,california,assets_rot90
0.0,1.0,0.9735099337748344,263,-0.2,hiercomm_heur,california,3042.0,1042,10,california,assets_rot90
0.0,1.0,0.9955849889624724,255,-0.1,hiercomm_heur,california,3042.0,1042,11,california,assets_rot90
10.0,0.8333333333333334,0.9977924944812362,202,-13.333333333333332,hiercomm_heur,california,3042.0,1042,12,california,assets_rot90
6.0,0.8333333333333334,0.9977924944812362,310,-9.333333333333332,hiercomm_heur,california,3042.0,1042,13,california,assets_rot90
13.0,0.6666666666666666,0.9911699779249448,645,-19.766666666666666,hiercomm_heur,california,3042.0,1042,14,california,assets_rot90
10.0,0.8333333333333334,0.9901960784313726,43,-13.333333333333332,hiercomm_heur,california,3042.0,2042,0,california,assets_rot90
0.0,1.0,0.9950980392156864,1,0.0,hiercomm_heur,california,3042.0,2042,1,california,assets_rot90
6.0,0.8333333333333334,0.9911699779249448,369,4.0,hiercomm_heur,california,3042.0,2042,2,california,assets_rot90
10.0,0.8333333333333334,0.9950248756218906,60,-13.333333333333332,hiercomm_heur,california,3042.0,2042,3,california,assets_rot90
10.0,0.8333333333333334,0.9869281045751634,26,-13.333333333333332,hiercomm_heur,california,3042.0,2042,4,california,assets_rot90
10.0,0.8333333333333334,0.9934640522875816,26,-13.333333333333332,hiercomm_heur,california,3042.0,2042,5,california,assets_rot90
10.0,0.8333333333333334,1.0,157,-13.333333333333332,hiercomm_heur,california,3042.0,2042,6,california,assets_rot90
0.0,1.0,1.0,201,0.0,hiercomm_heur,california,3042.0,2042,7,california,assets_rot90
10.0,0.8333333333333334,1.0,238,-13.333333333333332,hiercomm_heur,california,3042.0,2042,8,california,assets_rot90
10.0,0.8333333333333334,0.958057395143488,322,-13.333333333333332,hiercomm_heur,california,3042.0,2042,9,california,assets_rot90
0.0,1.0,1.0,0,0.0,hiercomm_heur,california,3042.0,2042,10,california,assets_rot90
13.0,0.6666666666666666,0.9470198675496688,404,-20.06666666666667,hiercomm_heur,california,3042.0,2042,11,california,assets_rot90
10.0,0.8333333333333334,0.979591836734694,28,-13.333333333333332,hiercomm_heur,california,3042.0,2042,12,california,assets_rot90
0.0,1.0,1.0,25,0.0,hiercomm_heur,california,3042.0,2042,13,california,assets_rot90
16.0,0.6666666666666666,0.9911699779249448,494,-22.666666666666668,hiercomm_heur,california,3042.0,2042,14,california,assets_rot90
0.0,1.0,0.9659863945578232,41,-0.3,hiercomm_heur,california,3042.0,3042,0,california,assets_rot90
10.0,0.8333333333333334,0.9646799116997792,103,-13.633333333333333,hiercomm_heur,california,3042.0,3042,1,california,assets_rot90
10.0,0.8333333333333334,0.9869281045751634,26,-13.333333333333332,hiercomm_heur,california,3042.0,3042,2,california,assets_rot90
0.0,1.0,1.0,20,0.0,hiercomm_heur,california,3042.0,3042,3,california,assets_rot90
0.0,1.0,0.9148936170212766,22,-0.1,hiercomm_heur,california,3042.0,3042,4,california,assets_rot90
0.0,1.0,1.0,29,0.0,hiercomm_heur,california,3042.0,3042,5,california,assets_rot90
10.0,0.8333333333333334,0.9603174603174603,24,-13.333333333333332,hiercomm_heur,california,3042.0,3042,6,california,assets_rot90
10.0,0.8333333333333334,1.0,29,-13.333333333333332,hiercomm_heur,california,3042.0,3042,7,california,assets_rot90
10.0,0.8333333333333334,0.9929078014184396,28,-13.333333333333332,hiercomm_heur,california,3042.0,3042,8,california,assets_rot90
10.0,0.8333333333333334,0.9829059829059827,34,-13.333333333333332,hiercomm_heur,california,3042.0,3042,9,california,assets_rot90
10.0,0.8333333333333334,0.967948717948718,24,-13.333333333333332,hiercomm_heur,california,3042.0,3042,10,california,assets_rot90
16.0,0.6666666666666666,0.9977924944812362,429,-22.666666666666668,hiercomm_heur,california,3042.0,3042,11,california,assets_rot90
10.0,0.8333333333333334,0.9514348785871964,195,-13.833333333333332,hiercomm_heur,california,3042.0,3042,12,california,assets_rot90
10.0,0.8333333333333334,1.0,30,-13.333333333333332,hiercomm_heur,california,3042.0,3042,13,california,assets_rot90
0.0,1.0,0.9735449735449736,32,0.0,hiercomm_heur,california,3042.0,3042,14,california,assets_rot90
0.0,1.0,1.0,24,0.0,hiercomm_heur,california,3042.0,4042,0,california,assets_rot90
6.0,0.8333333333333334,0.8785871964679912,431,-9.333333333333332,hiercomm_heur,california,3042.0,4042,1,california,assets_rot90
0.0,1.0,0.8981481481481481,25,-0.2,hiercomm_heur,california,3042.0,4042,2,california,assets_rot90
10.0,0.8333333333333334,0.9933774834437086,330,-13.333333333333332,hiercomm_heur,california,3042.0,4042,3,california,assets_rot90
10.0,0.8333333333333334,0.9869281045751634,26,-13.333333333333332,hiercomm_heur,california,3042.0,4042,4,california,assets_rot90
0.0,1.0,0.9801324503311258,313,-0.2,hiercomm_heur,california,3042.0,4042,5,california,assets_rot90
0.0,1.0,1.0,25,0.0,hiercomm_heur,california,3042.0,4042,6,california,assets_rot90
0.0,1.0,1.0,272,0.0,hiercomm_heur,california,3042.0,4042,7,california,assets_rot90
16.0,0.6666666666666666,0.9735099337748344,519,-22.666666666666668,hiercomm_heur,california,3042.0,4042,8,california,assets_rot90
0.0,1.0,0.990990990990991,31,0.0,hiercomm_heur,california,3042.0,4042,9,california,assets_rot90
10.0,0.8333333333333334,0.9924242424242424,30,-13.333333333333332,hiercomm_heur,california,3042.0,4042,10,california,assets_rot90
10.0,0.8333333333333334,0.9147286821705426,33,-13.333333333333332,hiercomm_heur,california,3042.0,4042,11,california,assets_rot90
0.0,1.0,0.9904761904761904,25,0.0,hiercomm_heur,california,3042.0,4042,12,california,assets_rot90
10.0,0.8333333333333334,0.9302325581395348,43,-13.433333333333332,hiercomm_heur,california,3042.0,4042,13,california,assets_rot90
10.0,0.8333333333333334,0.9933774834437086,363,-13.333333333333332,hiercomm_heur,california,3042.0,4042,14,california,assets_rot90
0.0,1.0,0.9353233830845772,48,0.0,hiercomm_heur,california,4042.0,42,0,california,assets_rot90
0.0,1.0,0.9743589743589745,0,0.0,hiercomm_heur,california,4042.0,42,1,california,assets_rot90
22.0,0.3333333333333333,0.933774834437086,615,-35.63333333333333,hiercomm_heur,california,4042.0,42,2,california,assets_rot90
10.0,0.8333333333333334,0.9558823529411764,53,-13.433333333333332,hiercomm_heur,california,4042.0,42,3,california,assets_rot90
0.0,1.0,1.0,40,0.0,hiercomm_heur,california,4042.0,42,4,california,assets_rot90
0.0,1.0,1.0,146,0.0,hiercomm_heur,california,4042.0,42,5,california,assets_rot90
0.0,1.0,1.0,176,0.0,hiercomm_heur,california,4042.0,42,6,california,assets_rot90
19.0,0.5,1.0,420,-29.0,hiercomm_heur,california,4042.0,42,7,california,assets_rot90
10.0,0.8333333333333334,0.9970760233918128,78,-13.333333333333332,hiercomm_heur,california,4042.0,42,8,california,assets_rot90
0.0,1.0,1.0,223,0.0,hiercomm_heur,california,4042.0,42,9,california,assets_rot90
10.0,0.8333333333333334,1.0,50,-13.333333333333332,hiercomm_heur,california,4042.0,42,10,california,assets_rot90
19.0,0.5,0.9448123620309052,404,-29.3,hiercomm_heur,california,4042.0,42,11,california,assets_rot90
10.0,0.8333333333333334,1.0,82,-13.333333333333332,hiercomm_heur,california,4042.0,42,12,california,assets_rot90
10.0,0.8333333333333334,1.0,82,-13.333333333333332,hiercomm_heur,california,4042.0,42,13,california,assets_rot90
0.0,1.0,0.954954954954955,7,-0.1,hiercomm_heur,california,4042.0,42,14,california,assets_rot90
19.0,0.5,0.9602649006622516,580,-29.3,hiercomm_heur,california,4042.0,1042,0,california,assets_rot90
22.0,0.3333333333333333,0.8785871964679912,500,-35.63333333333333,hiercomm_heur,california,4042.0,1042,1,california,assets_rot90
10.0,0.8333333333333334,0.7615894039735099,88,-13.333333333333332,hiercomm_heur,california,4042.0,1042,2,california,assets_rot90
10.0,0.8333333333333334,0.8827160493827161,69,-13.433333333333332,hiercomm_heur,california,4042.0,1042,3,california,assets_rot90
0.0,1.0,0.9743589743589745,0,0.0,hiercomm_heur,california,4042.0,1042,4,california,assets_rot90
0.0,1.0,0.9473684210526316,7,-0.1,hiercomm_heur,california,4042.0,1042,5,california,assets_rot90
10.0,0.8333333333333334,0.9414414414414416,47,-13.633333333333333,hiercomm_heur,california,4042.0,1042,6,california,assets_rot90
0.0,1.0,0.9666666666666668,170,-0.2,hiercomm_heur,california,4042.0,1042,7,california,assets_rot90
0.0,1.0,0.9215686274509804,0,-0.1,hiercomm_heur,california,4042.0,1042,8,california,assets_rot90
10.0,0.8333333333333334,0.953125,26,-13.533333333333331,hiercomm_heur,california,4042.0,1042,9,california,assets_rot90
22.0,0.3333333333333333,0.8388520971302428,542,-35.63333333333333,hiercomm_heur,california,4042.0,1042,10,california,assets_rot90
22.0,0.3333333333333333,0.8675496688741722,557,-35.63333333333333,hiercomm_heur,california,4042.0,1042,11,california,assets_rot90
10.0,0.8333333333333334,0.9883040935672516,64,-13.333333333333332,hiercomm_heur,california,4042.0,1042,12,california,assets_rot90
0.0,1.0,0.9487179487179488,6,-0.1,hiercomm_heur,california,4042.0,1042,13,california,assets_rot90
9.0,0.6666666666666666,1.0,389,-15.666666666666668,hiercomm_heur,california,4042.0,1042,14,california,assets_rot90
19.0,0.5,0.9403973509933776,469,-29.1,hiercomm_heur,california,4042.0,2042,0,california,assets_rot90
0.0,1.0,1.0,69,0.0,hiercomm_heur,california,4042.0,2042,1,california,assets_rot90
10.0,0.8333333333333334,1.0,32,0.0,hiercomm_heur,california,4042.0,2042,2,california,assets_rot90
10.0,0.8333333333333334,0.9950248756218906,98,-13.333333333333332,hiercomm_heur,california,4042.0,2042,3,california,assets_rot90
10.0,0.8333333333333334,1.0,35,-13.333333333333332,hiercomm_heur,california,4042.0,2042,4,california,assets_rot90
10.0,0.8333333333333334,0.9673202614379084,46,-13.333333333333332,hiercomm_heur,california,4042.0,2042,5,california,assets_rot90
0.0,1.0,0.9215686274509804,0,-0.1,hiercomm_heur,california,4042.0,2042,6,california,assets_rot90
10.0,0.8333333333333334,0.9624724061810156,36,-13.533333333333331,hiercomm_heur,california,4042.0,2042,7,california,assets_rot90
10.0,0.8333333333333334,1.0,38,-13.333333333333332,hiercomm_heur,california,4042.0,2042,8,california,assets_rot90
0.0,1.0,0.9215686274509804,0,-0.1,hiercomm_heur,california,4042.0,2042,9,california,assets_rot90
0.0,1.0,1.0,0,0.0,hiercomm_heur,california,4042.0,2042,10,california,assets_rot90
0.0,1.0,0.990909090909091,185,-0.1,hiercomm_heur,california,4042.0,2042,11,california,assets_rot90
10.0,0.8333333333333334,1.0,82,-13.333333333333332,hiercomm_heur,california,4042.0,2042,12,california,assets_rot90
22.0,0.3333333333333333,0.9624724061810156,384,-35.53333333333333,hiercomm_heur,california,4042.0,2042,13,california,assets_rot90
19.0,0.5,0.9955849889624724,272,-29.0,hiercomm_heur,california,4042.0,2042,14,california,assets_rot90
6.0,0.8333333333333334,1.0,173,-9.333333333333332,hiercomm_heur,california,4042.0,3042,0,california,assets_rot90
0.0,1.0,1.0,146,0.0,hiercomm_heur,california,4042.0,3042,1,california,assets_rot90
10.0,0.8333333333333334,1.0,35,-13.333333333333332,hiercomm_heur,california,4042.0,3042,2,california,assets_rot90
10.0,0.8333333333333334,0.8256410256410256,51,-13.533333333333331,hiercomm_heur,california,4042.0,3042,3,california,assets_rot90
10.0,0.8333333333333334,0.9636363636363636,51,-13.533333333333331,hiercomm_heur,california,4042.0,3042,4,california,assets_rot90
22.0,0.3333333333333333,0.8896247240618101,325,-35.53333333333333,hiercomm_heur,california,4042.0,3042,5,california,assets_rot90
10.0,0.8333333333333334,1.0,41,-13.333333333333332,hiercomm_heur,california,4042.0,3042,6,california,assets_rot90
0.0,1.0,0.9803921568627452,0,0.0,hiercomm_heur,california,4042.0,3042,7,california,assets_rot90
10.0,0.8333333333333334,1.0,55,-13.333333333333332,hiercomm_heur,california,4042.0,3042,8,california,assets_rot90
10.0,0.8333333333333334,0.9866666666666668,87,-13.333333333333332,hiercomm_heur,california,4042.0,3042,9,california,assets_rot90
16.0,0.6666666666666666,0.9955849889624724,297,-22.666666666666668,hiercomm_heur,california,4042.0,3042,10,california,assets_rot90
19.0,0.5,0.9293598233995584,501,-29.2,hiercomm_heur,california,4042.0,3042,11,california,assets_rot90
6.0,0.8333333333333334,1.0,385,-9.333333333333332,hiercomm_heur,california,4042.0,3042,12,california,assets_rot90
13.0,0.6666666666666666,0.9624724061810156,206,-19.866666666666667,hiercomm_heur,california,4042.0,3042,13,california,assets_rot90
0.0,1.0,1.0,229,0.0,hiercomm_heur,california,4042.0,3042,14,california,assets_rot90
10.0,0.8333333333333334,0.7699530516431925,53,-13.633333333333333,hiercomm_heur,california,4042.0,4042,0,california,assets_rot90
0.0,1.0,0.9411764705882352,7,-0.1,hiercomm_heur,california,4042.0,4042,1,california,assets_rot90
0.0,1.0,1.0,47,0.0,hiercomm_heur,california,4042.0,4042,2,california,assets_rot90
10.0,0.8333333333333334,0.917948717948718,61,-13.533333333333331,hiercomm_heur,california,4042.0,4042,3,california,assets_rot90
10.0,0.8333333333333334,1.0,35,-13.333333333333332,hiercomm_heur,california,4042.0,4042,4,california,assets_rot90
22.0,0.3333333333333333,0.8410596026490066,601,-35.63333333333333,hiercomm_heur,california,4042.0,4042,5,california,assets_rot90
10.0,0.8333333333333334,0.7661691542288557,47,-13.633333333333333,hiercomm_heur,california,4042.0,4042,6,california,assets_rot90
22.0,0.3333333333333333,0.8940397350993378,578,-35.333333333333336,hiercomm_heur,california,4042.0,4042,7,california,assets_rot90
19.0,0.5,0.9867549668874172,514,-29.0,hiercomm_heur,california,4042.0,4042,8,california,assets_rot90
0.0,1.0,1.0,65,0.0,hiercomm_heur,california,4042.0,4042,9,california,assets_rot90
16.0,0.6666666666666666,1.0,364,-22.666666666666668,hiercomm_heur,california,4042.0,4042,10,california,assets_rot90
10.0,0.8333333333333334,1.0,71,-13.333333333333332,hiercomm_heur,california,4042.0,4042,11,california,assets_rot90
0.0,1.0,1.0,47,0.0,hiercomm_heur,california,4042.0,4042,12,california,assets_rot90
10.0,0.8333333333333334,0.9333333333333332,81,-13.633333333333333,hiercomm_heur,california,4042.0,4042,13,california,assets_rot90
10.0,0.8333333333333334,1.0,41,-13.333333333333332,hiercomm_heur,california,4042.0,4042,14,california,assets_rot90
34.0,0.0,1.0,827,-54.0,noop,california,,42,0,california,cross_region
34.0,0.0,1.0,827,-54.0,noop,california,,42,1,california,cross_region
34.0,0.0,1.0,827,-54.0,noop,california,,42,2,california,cross_region
34.0,0.0,1.0,827,-54.0,noop,california,,42,3,california,cross_region
34.0,0.0,1.0,789,-54.0,noop,california,,42,4,california,cross_region
34.0,0.0,1.0,826,-54.0,noop,california,,42,5,california,cross_region
34.0,0.0,1.0,827,-54.0,noop,california,,42,6,california,cross_region
34.0,0.0,1.0,827,-54.0,noop,california,,42,7,california,cross_region
34.0,0.0,1.0,824,-54.0,noop,california,,42,8,california,cross_region
34.0,0.0,1.0,827,-54.0,noop,california,,42,9,california,cross_region
34.0,0.0,1.0,827,-54.0,noop,california,,42,10,california,cross_region
34.0,0.0,1.0,827,-54.0,noop,california,,42,11,california,cross_region
34.0,0.0,1.0,827,-54.0,noop,california,,42,12,california,cross_region
34.0,0.0,1.0,827,-54.0,noop,california,,42,13,california,cross_region
34.0,0.0,1.0,826,-54.0,noop,california,,42,14,california,cross_region
34.0,0.0,1.0,827,-54.0,noop,california,,1042,0,california,cross_region
34.0,0.0,1.0,649,-54.0,noop,california,,1042,1,california,cross_region
34.0,0.0,1.0,827,-54.0,noop,california,,1042,2,california,cross_region
34.0,0.0,1.0,827,-54.0,noop,california,,1042,3,california,cross_region
34.0,0.0,1.0,827,-54.0,noop,california,,1042,4,california,cross_region
34.0,0.0,1.0,826,-54.0,noop,california,,1042,5,california,cross_region
34.0,0.0,1.0,827,-54.0,noop,california,,1042,6,california,cross_region
34.0,0.0,1.0,827,-54.0,noop,california,,1042,7,california,cross_region
34.0,0.0,1.0,827,-54.0,noop,california,,1042,8,california,cross_region
34.0,0.0,1.0,827,-54.0,noop,california,,1042,9,california,cross_region
34.0,0.0,1.0,827,-54.0,noop,california,,1042,10,california,cross_region
34.0,0.0,1.0,660,-54.0,noop,california,,1042,11,california,cross_region
34.0,0.0,1.0,827,-54.0,noop,california,,1042,12,california,cross_region
34.0,0.0,1.0,825,-54.0,noop,california,,1042,13,california,cross_region
34.0,0.0,1.0,827,-54.0,noop,california,,1042,14,california,cross_region
34.0,0.0,1.0,827,-54.0,noop,california,,2042,0,california,cross_region
34.0,0.0,1.0,820,-54.0,noop,california,,2042,1,california,cross_region
34.0,0.0,1.0,827,-54.0,noop,california,,2042,2,california,cross_region
34.0,0.0,1.0,827,-54.0,noop,california,,2042,3,california,cross_region
34.0,0.0,1.0,826,-54.0,noop,california,,2042,4,california,cross_region
34.0,0.0,1.0,827,-54.0,noop,california,,2042,5,california,cross_region
34.0,0.0,1.0,827,-54.0,noop,california,,2042,6,california,cross_region
34.0,0.0,1.0,825,-54.0,noop,california,,2042,7,california,cross_region
34.0,0.0,1.0,827,-54.0,noop,california,,2042,8,california,cross_region
34.0,0.0,1.0,827,-54.0,noop,california,,2042,9,california,cross_region
34.0,0.0,1.0,827,-54.0,noop,california,,2042,10,california,cross_region
34.0,0.0,1.0,827,-54.0,noop,california,,2042,11,california,cross_region
34.0,0.0,1.0,827,-54.0,noop,california,,2042,12,california,cross_region
34.0,0.0,1.0,827,-54.0,noop,california,,2042,13,california,cross_region
34.0,0.0,1.0,827,-54.0,noop,california,,2042,14,california,cross_region
34.0,0.0,1.0,826,-54.0,noop,california,,3042,0,california,cross_region
34.0,0.0,1.0,827,-54.0,noop,california,,3042,1,california,cross_region
34.0,0.0,1.0,826,-54.0,noop,california,,3042,2,california,cross_region
34.0,0.0,1.0,827,-54.0,noop,california,,3042,3,california,cross_region
34.0,0.0,1.0,827,-54.0,noop,california,,3042,4,california,cross_region
34.0,0.0,1.0,827,-54.0,noop,california,,3042,5,california,cross_region
34.0,0.0,1.0,827,-54.0,noop,california,,3042,6,california,cross_region
34.0,0.0,1.0,827,-54.0,noop,california,,3042,7,california,cross_region
34.0,0.0,1.0,827,-54.0,noop,california,,3042,8,california,cross_region
34.0,0.0,1.0,827,-54.0,noop,california,,3042,9,california,cross_region
34.0,0.0,1.0,827,-54.0,noop,california,,3042,10,california,cross_region
34.0,0.0,1.0,827,-54.0,noop,california,,3042,11,california,cross_region
34.0,0.0,1.0,826,-54.0,noop,california,,3042,12,california,cross_region
34.0,0.0,1.0,827,-54.0,noop,california,,3042,13,california,cross_region
34.0,0.0,1.0,802,-54.0,noop,california,,3042,14,california,cross_region
34.0,0.0,1.0,827,-54.0,noop,california,,4042,0,california,cross_region
34.0,0.0,1.0,827,-54.0,noop,california,,4042,1,california,cross_region
34.0,0.0,1.0,827,-54.0,noop,california,,4042,2,california,cross_region
34.0,0.0,1.0,827,-54.0,noop,california,,4042,3,california,cross_region
34.0,0.0,1.0,827,-54.0,noop,california,,4042,4,california,cross_region
34.0,0.0,1.0,827,-54.0,noop,california,,4042,5,california,cross_region
34.0,0.0,1.0,827,-54.0,noop,california,,4042,6,california,cross_region
34.0,0.0,1.0,827,-54.0,noop,california,,4042,7,california,cross_region
34.0,0.0,1.0,827,-54.0,noop,california,,4042,8,california,cross_region
34.0,0.0,1.0,827,-54.0,noop,california,,4042,9,california,cross_region
34.0,0.0,1.0,827,-54.0,noop,california,,4042,10,california,cross_region
34.0,0.0,1.0,827,-54.0,noop,california,,4042,11,california,cross_region
34.0,0.0,1.0,827,-54.0,noop,california,,4042,12,california,cross_region
34.0,0.0,1.0,827,-54.0,noop,california,,4042,13,california,cross_region
34.0,0.0,1.0,824,-54.0,noop,california,,4042,14,california,cross_region
31.0,0.1666666666666666,0.6821192052980133,663,-48.06666666666667,commnet,saudi,42.0,42,0,california,cross_region
31.0,0.1666666666666666,0.7615894039735099,658,-48.06666666666666,commnet,saudi,42.0,42,1,california,cross_region
31.0,0.1666666666666666,0.6821192052980133,671,-48.06666666666666,commnet,saudi,42.0,42,2,california,cross_region
31.0,0.1666666666666666,0.6821192052980133,676,-48.06666666666666,commnet,saudi,42.0,42,3,california,cross_region
31.0,0.1666666666666666,0.7350993377483444,512,-48.06666666666666,commnet,saudi,42.0,42,4,california,cross_region
31.0,0.1666666666666666,0.7417218543046358,669,-48.06666666666667,commnet,saudi,42.0,42,5,california,cross_region
31.0,0.1666666666666666,0.6821192052980133,664,-48.06666666666667,commnet,saudi,42.0,42,6,california,cross_region
31.0,0.1666666666666666,0.7483443708609272,647,-48.06666666666666,commnet,saudi,42.0,42,7,california,cross_region
31.0,0.1666666666666666,0.7064017660044151,632,-48.06666666666666,commnet,saudi,42.0,42,8,california,cross_region
31.0,0.1666666666666666,0.7074340527577938,669,-48.06666666666667,commnet,saudi,42.0,42,9,california,cross_region
31.0,0.1666666666666666,0.8057395143487859,665,-48.06666666666666,commnet,saudi,42.0,42,10,california,cross_region
31.0,0.1666666666666666,0.6843267108167771,665,-48.06666666666666,commnet,saudi,42.0,42,11,california,cross_region
31.0,0.1666666666666666,0.8079470198675497,673,-48.06666666666666,commnet,saudi,42.0,42,12,california,cross_region
31.0,0.1666666666666666,0.6821192052980133,665,-48.06666666666667,commnet,saudi,42.0,42,13,california,cross_region
31.0,0.1666666666666666,0.7461368653421634,670,-48.06666666666667,commnet,saudi,42.0,42,14,california,cross_region
31.0,0.1666666666666666,0.8101545253863135,681,-48.06666666666667,commnet,saudi,42.0,1042,0,california,cross_region
31.0,0.1666666666666666,0.6821192052980133,506,-48.06666666666667,commnet,saudi,42.0,1042,1,california,cross_region
31.0,0.1666666666666666,0.6843267108167771,654,-48.06666666666666,commnet,saudi,42.0,1042,2,california,cross_region
31.0,0.1666666666666666,0.6843267108167771,663,-48.06666666666666,commnet,saudi,42.0,1042,3,california,cross_region
31.0,0.1666666666666666,0.82560706401766,662,-48.06666666666666,commnet,saudi,42.0,1042,4,california,cross_region
31.0,0.1666666666666666,0.6821192052980133,665,-48.06666666666667,commnet,saudi,42.0,1042,5,california,cross_region
31.0,0.1666666666666666,0.7461368653421634,656,-48.06666666666666,commnet,saudi,42.0,1042,6,california,cross_region
31.0,0.1666666666666666,0.7924944812362031,670,-48.06666666666667,commnet,saudi,42.0,1042,7,california,cross_region
31.0,0.1666666666666666,0.8123620309050773,671,-48.06666666666666,commnet,saudi,42.0,1042,8,california,cross_region
31.0,0.1666666666666666,0.6821192052980133,659,-48.06666666666667,commnet,saudi,42.0,1042,9,california,cross_region
31.0,0.1666666666666666,0.7328918322295805,653,-48.06666666666666,commnet,saudi,42.0,1042,10,california,cross_region
31.0,0.1666666666666666,0.6821192052980133,518,-48.06666666666667,commnet,saudi,42.0,1042,11,california,cross_region
31.0,0.1666666666666666,0.6821192052980133,664,-48.06666666666666,commnet,saudi,42.0,1042,12,california,cross_region
31.0,0.1666666666666666,0.7549668874172185,663,-48.06666666666667,commnet,saudi,42.0,1042,13,california,cross_region
31.0,0.1666666666666666,0.6987654320987654,669,-48.06666666666667,commnet,saudi,42.0,1042,14,california,cross_region
31.0,0.1666666666666666,0.6821192052980133,675,-48.06666666666666,commnet,saudi,42.0,2042,0,california,cross_region
31.0,0.1666666666666666,0.7814569536423841,604,-48.06666666666666,commnet,saudi,42.0,2042,1,california,cross_region
31.0,0.1666666666666666,0.7284768211920529,652,-48.06666666666666,commnet,saudi,42.0,2042,2,california,cross_region
31.0,0.1666666666666666,0.6821192052980133,654,-48.06666666666666,commnet,saudi,42.0,2042,3,california,cross_region
31.0,0.1666666666666666,0.739514348785872,672,-48.06666666666667,commnet,saudi,42.0,2042,4,california,cross_region
31.0,0.1666666666666666,0.7991169977924945,663,-48.06666666666666,commnet,saudi,42.0,2042,5,california,cross_region
31.0,0.1666666666666666,0.6821192052980133,674,-48.06666666666666,commnet,saudi,42.0,2042,6,california,cross_region
31.0,0.1666666666666666,0.7571743929359823,662,-48.06666666666667,commnet,saudi,42.0,2042,7,california,cross_region
31.0,0.1666666666666666,0.8101545253863135,652,-48.06666666666666,commnet,saudi,42.0,2042,8,california,cross_region
31.0,0.1666666666666666,0.6821192052980133,674,-48.06666666666667,commnet,saudi,42.0,2042,9,california,cross_region
31.0,0.1666666666666666,0.7704194260485652,660,-48.06666666666666,commnet,saudi,42.0,2042,10,california,cross_region
31.0,0.1666666666666666,0.7593818984547461,681,-48.06666666666667,commnet,saudi,42.0,2042,11,california,cross_region
31.0,0.1666666666666666,0.6821192052980133,666,-48.06666666666667,commnet,saudi,42.0,2042,12,california,cross_region
31.0,0.1666666666666666,0.6821192052980133,669,-48.06666666666666,commnet,saudi,42.0,2042,13,california,cross_region
31.0,0.1666666666666666,0.6843267108167771,669,-48.06666666666666,commnet,saudi,42.0,2042,14,california,cross_region
31.0,0.1666666666666666,0.6821192052980133,663,-48.06666666666667,commnet,saudi,42.0,3042,0,california,cross_region
31.0,0.1666666666666666,0.7814569536423841,670,-48.06666666666667,commnet,saudi,42.0,3042,1,california,cross_region
31.0,0.1666666666666666,0.7417218543046358,674,-48.06666666666667,commnet,saudi,42.0,3042,2,california,cross_region
31.0,0.1666666666666666,0.7593818984547461,659,-48.06666666666667,commnet,saudi,42.0,3042,3,california,cross_region
31.0,0.1666666666666666,0.7328918322295805,649,-48.06666666666666,commnet,saudi,42.0,3042,4,california,cross_region
31.0,0.1666666666666666,0.7704194260485652,664,-48.06666666666667,commnet,saudi,42.0,3042,5,california,cross_region
31.0,0.1666666666666666,0.7350993377483444,655,-48.06666666666666,commnet,saudi,42.0,3042,6,california,cross_region
31.0,0.1666666666666666,0.8300220750551877,664,-48.06666666666666,commnet,saudi,42.0,3042,7,california,cross_region
31.0,0.1666666666666666,0.6821192052980133,673,-48.06666666666666,commnet,saudi,42.0,3042,8,california,cross_region
31.0,0.1666666666666666,0.6821192052980133,654,-48.06666666666666,commnet,saudi,42.0,3042,9,california,cross_region
31.0,0.1666666666666666,0.7527593818984547,658,-48.06666666666667,commnet,saudi,42.0,3042,10,california,cross_region
31.0,0.1666666666666666,0.7748344370860927,663,-48.06666666666666,commnet,saudi,42.0,3042,11,california,cross_region
31.0,0.1666666666666666,0.7041942604856513,659,-48.06666666666667,commnet,saudi,42.0,3042,12,california,cross_region
31.0,0.1666666666666666,0.8035320088300221,665,-48.06666666666666,commnet,saudi,42.0,3042,13,california,cross_region
31.0,0.1666666666666666,0.7218543046357616,657,-48.06666666666667,commnet,saudi,42.0,3042,14,california,cross_region
31.0,0.1666666666666666,0.7571743929359823,658,-48.06666666666667,commnet,saudi,42.0,4042,0,california,cross_region
31.0,0.1666666666666666,0.7637969094922737,680,-48.06666666666667,commnet,saudi,42.0,4042,1,california,cross_region
31.0,0.1666666666666666,0.7350993377483444,655,-48.06666666666666,commnet,saudi,42.0,4042,2,california,cross_region
31.0,0.1666666666666666,0.7505518763796909,654,-48.06666666666666,commnet,saudi,42.0,4042,3,california,cross_region
31.0,0.1666666666666666,0.6821192052980133,659,-48.06666666666667,commnet,saudi,42.0,4042,4,california,cross_region
31.0,0.1666666666666666,0.6843267108167771,663,-48.06666666666666,commnet,saudi,42.0,4042,5,california,cross_region
31.0,0.1666666666666666,0.7637969094922737,659,-48.06666666666667,commnet,saudi,42.0,4042,6,california,cross_region
31.0,0.1666666666666666,0.6843267108167771,668,-48.06666666666667,commnet,saudi,42.0,4042,7,california,cross_region
31.0,0.1666666666666666,0.6821192052980133,675,-48.06666666666666,commnet,saudi,42.0,4042,8,california,cross_region
31.0,0.1666666666666666,0.7284768211920529,649,-48.06666666666666,commnet,saudi,42.0,4042,9,california,cross_region
31.0,0.1666666666666666,0.6821192052980133,665,-48.06666666666666,commnet,saudi,42.0,4042,10,california,cross_region
31.0,0.1666666666666666,0.8013245033112583,667,-48.06666666666666,commnet,saudi,42.0,4042,11,california,cross_region
31.0,0.1666666666666666,0.8079470198675497,667,-48.06666666666666,commnet,saudi,42.0,4042,12,california,cross_region
31.0,0.1666666666666666,0.6821192052980133,661,-48.06666666666666,commnet,saudi,42.0,4042,13,california,cross_region
31.0,0.1666666666666666,0.7262693156732892,663,-48.06666666666667,commnet,saudi,42.0,4042,14,california,cross_region
31.0,0.1666666666666666,0.9977924944812362,665,-47.66666666666667,commnet,saudi,1042.0,42,0,california,cross_region
22.0,0.5,1.0,426,-32.0,commnet,saudi,1042.0,42,1,california,cross_region
28.0,0.3333333333333333,0.9028697571743928,603,-41.63333333333333,commnet,saudi,1042.0,42,2,california,cross_region
31.0,0.1666666666666666,0.8410596026490066,715,-47.66666666666667,commnet,saudi,1042.0,42,3,california,cross_region
28.0,0.1666666666666666,1.0,479,-44.66666666666667,commnet,saudi,1042.0,42,4,california,cross_region
28.0,0.1666666666666666,1.0,695,-44.66666666666667,commnet,saudi,1042.0,42,5,california,cross_region
34.0,0.0,0.8653421633554084,692,-54.0,commnet,saudi,1042.0,42,6,california,cross_region
34.0,0.0,0.9426048565121412,452,-54.19999999999999,commnet,saudi,1042.0,42,7,california,cross_region
28.0,0.1666666666666666,1.0,656,-44.66666666666667,commnet,saudi,1042.0,42,8,california,cross_region
28.0,0.1666666666666666,1.0,713,-44.66666666666667,commnet,saudi,1042.0,42,9,california,cross_region
31.0,0.1666666666666666,0.8675496688741722,691,-47.66666666666667,commnet,saudi,1042.0,42,10,california,cross_region
22.0,0.5,1.0,360,-32.0,commnet,saudi,1042.0,42,11,california,cross_region
34.0,0.0,1.0,707,-54.0,commnet,saudi,1042.0,42,12,california,cross_region
34.0,0.0,0.7660044150110376,707,-54.0,commnet,saudi,1042.0,42,13,california,cross_region
34.0,0.0,1.0,700,-54.0,commnet,saudi,1042.0,42,14,california,cross_region
31.0,0.1666666666666666,1.0,707,-47.66666666666667,commnet,saudi,1042.0,1042,0,california,cross_region
28.0,0.1666666666666666,1.0,449,-44.66666666666667,commnet,saudi,1042.0,1042,1,california,cross_region
34.0,0.0,0.8035320088300221,683,-54.0,commnet,saudi,1042.0,1042,2,california,cross_region
34.0,0.0,0.9801324503311258,660,-54.0,commnet,saudi,1042.0,1042,3,california,cross_region
34.0,0.0,1.0,620,-54.0,commnet,saudi,1042.0,1042,4,california,cross_region
34.0,0.0,1.0,687,-54.0,commnet,saudi,1042.0,1042,5,california,cross_region
31.0,0.1666666666666666,0.9801324503311258,667,-47.66666666666667,commnet,saudi,1042.0,1042,6,california,cross_region
28.0,0.1666666666666666,1.0,681,-44.66666666666667,commnet,saudi,1042.0,1042,7,california,cross_region
31.0,0.1666666666666666,0.8587196467991169,697,-47.66666666666667,commnet,saudi,1042.0,1042,8,california,cross_region
34.0,0.0,0.7902869757174393,690,-54.0,commnet,saudi,1042.0,1042,9,california,cross_region
34.0,0.0,0.9955849889624724,522,-54.0,commnet,saudi,1042.0,1042,10,california,cross_region
28.0,0.1666666666666666,1.0,466,-44.66666666666667,commnet,saudi,1042.0,1042,11,california,cross_region
34.0,0.0,0.9977924944812362,597,-54.0,commnet,saudi,1042.0,1042,12,california,cross_region
28.0,0.1666666666666666,1.0,677,-44.66666666666667,commnet,saudi,1042.0,1042,13,california,cross_region
28.0,0.1666666666666666,1.0,713,-44.66666666666667,commnet,saudi,1042.0,1042,14,california,cross_region
31.0,0.1666666666666666,1.0,707,-47.66666666666667,commnet,saudi,1042.0,2042,0,california,cross_region
25.0,0.3333333333333333,1.0,517,-38.33333333333334,commnet,saudi,1042.0,2042,1,california,cross_region
28.0,0.1666666666666666,1.0,680,-44.66666666666667,commnet,saudi,1042.0,2042,2,california,cross_region
28.0,0.1666666666666666,1.0,684,-44.66666666666667,commnet,saudi,1042.0,2042,3,california,cross_region
28.0,0.1666666666666666,1.0,698,-44.66666666666667,commnet,saudi,1042.0,2042,4,california,cross_region
31.0,0.1666666666666666,0.8719646799116998,689,-47.66666666666667,commnet,saudi,1042.0,2042,5,california,cross_region
22.0,0.5,1.0,360,-32.0,commnet,saudi,1042.0,2042,6,california,cross_region
28.0,0.1666666666666666,1.0,683,-44.66666666666667,commnet,saudi,1042.0,2042,7,california,cross_region
34.0,0.0,1.0,578,-54.0,commnet,saudi,1042.0,2042,8,california,cross_region
31.0,0.1666666666666666,0.8454746136865342,732,-47.66666666666667,commnet,saudi,1042.0,2042,9,california,cross_region
34.0,0.0,1.0,606,-54.0,commnet,saudi,1042.0,2042,10,california,cross_region
28.0,0.1666666666666666,1.0,713,-44.66666666666667,commnet,saudi,1042.0,2042,11,california,cross_region
31.0,0.1666666666666666,1.0,707,-47.66666666666667,commnet,saudi,1042.0,2042,12,california,cross_region
31.0,0.1666666666666666,0.9315673289183224,623,-47.66666666666667,commnet,saudi,1042.0,2042,13,california,cross_region
22.0,0.5,1.0,360,-32.0,commnet,saudi,1042.0,2042,14,california,cross_region
34.0,0.0,0.8609271523178808,683,-54.0,commnet,saudi,1042.0,3042,0,california,cross_region
34.0,0.0,0.7350993377483444,723,-54.0,commnet,saudi,1042.0,3042,1,california,cross_region
28.0,0.1666666666666666,1.0,681,-44.66666666666667,commnet,saudi,1042.0,3042,2,california,cross_region
34.0,0.0,1.0,532,-54.0,commnet,saudi,1042.0,3042,3,california,cross_region
34.0,0.0,1.0,685,-54.0,commnet,saudi,1042.0,3042,4,california,cross_region
31.0,0.1666666666666666,1.0,713,-47.66666666666667,commnet,saudi,1042.0,3042,5,california,cross_region
34.0,0.0,0.7969094922737306,680,-54.0,commnet,saudi,1042.0,3042,6,california,cross_region
34.0,0.0,1.0,628,-54.0,commnet,saudi,1042.0,3042,7,california,cross_region
22.0,0.5,0.9738562091503268,359,-32.0,commnet,saudi,1042.0,3042,8,california,cross_region
34.0,0.0,0.8852097130242825,682,-54.0,commnet,saudi,1042.0,3042,9,california,cross_region
31.0,0.1666666666666666,1.0,692,-47.66666666666667,commnet,saudi,1042.0,3042,10,california,cross_region
31.0,0.1666666666666666,0.958904109589041,595,-47.66666666666667,commnet,saudi,1042.0,3042,11,california,cross_region
28.0,0.1666666666666666,1.0,702,-44.66666666666667,commnet,saudi,1042.0,3042,12,california,cross_region
22.0,0.5,1.0,360,-32.0,commnet,saudi,1042.0,3042,13,california,cross_region
28.0,0.1666666666666666,1.0,644,-44.66666666666667,commnet,saudi,1042.0,3042,14,california,cross_region
34.0,0.0,1.0,521,-54.0,commnet,saudi,1042.0,4042,0,california,cross_region
34.0,0.0,1.0,722,-54.0,commnet,saudi,1042.0,4042,1,california,cross_region
34.0,0.0,1.0,687,-54.0,commnet,saudi,1042.0,4042,2,california,cross_region
34.0,0.0,0.9977924944812362,522,-54.0,commnet,saudi,1042.0,4042,3,california,cross_region
34.0,0.0,1.0,687,-54.0,commnet,saudi,1042.0,4042,4,california,cross_region
22.0,0.5,1.0,360,-32.0,commnet,saudi,1042.0,4042,5,california,cross_region
34.0,0.0,1.0,546,-54.0,commnet,saudi,1042.0,4042,6,california,cross_region
31.0,0.1666666666666666,1.0,710,-47.66666666666667,commnet,saudi,1042.0,4042,7,california,cross_region
22.0,0.5,1.0,360,-32.0,commnet,saudi,1042.0,4042,8,california,cross_region
34.0,0.0,0.7439293598233996,680,-54.0,commnet,saudi,1042.0,4042,9,california,cross_region
22.0,0.5,1.0,360,-32.0,commnet,saudi,1042.0,4042,10,california,cross_region
34.0,0.0,0.9977924944812362,582,-54.0,commnet,saudi,1042.0,4042,11,california,cross_region
31.0,0.1666666666666666,1.0,707,-47.66666666666667,commnet,saudi,1042.0,4042,12,california,cross_region
31.0,0.1666666666666666,1.0,705,-47.66666666666667,commnet,saudi,1042.0,4042,13,california,cross_region
28.0,0.1666666666666666,1.0,671,-44.66666666666667,commnet,saudi,1042.0,4042,14,california,cross_region
34.0,0.0,1.0,730,-54.0,commnet,saudi,2042.0,42,0,california,cross_region
34.0,0.0,0.7814569536423841,722,-54.0,commnet,saudi,2042.0,42,1,california,cross_region
34.0,0.0,1.0,744,-54.0,commnet,saudi,2042.0,42,2,california,cross_region
34.0,0.0,1.0,744,-54.0,commnet,saudi,2042.0,42,3,california,cross_region
34.0,0.0,1.0,570,-54.0,commnet,saudi,2042.0,42,4,california,cross_region
34.0,0.0,1.0,691,-54.0,commnet,saudi,2042.0,42,5,california,cross_region
34.0,0.0,1.0,692,-54.0,commnet,saudi,2042.0,42,6,california,cross_region
34.0,0.0,0.7814569536423841,706,-54.0,commnet,saudi,2042.0,42,7,california,cross_region
34.0,0.0,0.7836644591611479,683,-54.0,commnet,saudi,2042.0,42,8,california,cross_region
34.0,0.0,0.8979591836734694,748,-54.0,commnet,saudi,2042.0,42,9,california,cross_region
34.0,0.0,1.0,735,-54.0,commnet,saudi,2042.0,42,10,california,cross_region
34.0,0.0,1.0,740,-54.0,commnet,saudi,2042.0,42,11,california,cross_region
34.0,0.0,1.0,743,-54.0,commnet,saudi,2042.0,42,12,california,cross_region
34.0,0.0,1.0,701,-54.0,commnet,saudi,2042.0,42,13,california,cross_region
34.0,0.0,1.0,701,-54.0,commnet,saudi,2042.0,42,14,california,cross_region
34.0,0.0,0.7792494481236203,717,-54.1,commnet,saudi,2042.0,1042,0,california,cross_region
34.0,0.0,1.0,526,-54.0,commnet,saudi,2042.0,1042,1,california,cross_region
34.0,0.0,1.0,719,-54.0,commnet,saudi,2042.0,1042,2,california,cross_region
34.0,0.0,1.0,737,-54.0,commnet,saudi,2042.0,1042,3,california,cross_region
34.0,0.0,1.0,694,-54.0,commnet,saudi,2042.0,1042,4,california,cross_region
34.0,0.0,1.0,683,-54.0,commnet,saudi,2042.0,1042,5,california,cross_region
34.0,0.0,1.0,733,-54.0,commnet,saudi,2042.0,1042,6,california,cross_region
34.0,0.0,1.0,714,-54.0,commnet,saudi,2042.0,1042,7,california,cross_region
34.0,0.0,1.0,741,-54.0,commnet,saudi,2042.0,1042,8,california,cross_region
34.0,0.0,1.0,729,-54.0,commnet,saudi,2042.0,1042,9,california,cross_region
34.0,0.0,0.7836644591611479,726,-54.0,commnet,saudi,2042.0,1042,10,california,cross_region
34.0,0.0,1.0,542,-54.0,commnet,saudi,2042.0,1042,11,california,cross_region
34.0,0.0,1.0,739,-54.0,commnet,saudi,2042.0,1042,12,california,cross_region
34.0,0.0,1.0,724,-54.0,commnet,saudi,2042.0,1042,13,california,cross_region
34.0,0.0,0.9009661835748792,748,-54.0,commnet,saudi,2042.0,1042,14,california,cross_region
34.0,0.0,1.0,741,-54.0,commnet,saudi,2042.0,2042,0,california,cross_region
34.0,0.0,1.0,656,-54.0,commnet,saudi,2042.0,2042,1,california,cross_region
34.0,0.0,0.7836644591611479,707,-54.0,commnet,saudi,2042.0,2042,2,california,cross_region
34.0,0.0,0.7836644591611479,716,-54.0,commnet,saudi,2042.0,2042,3,california,cross_region
34.0,0.0,1.0,689,-54.0,commnet,saudi,2042.0,2042,4,california,cross_region
34.0,0.0,1.0,730,-54.0,commnet,saudi,2042.0,2042,5,california,cross_region
34.0,0.0,0.9315673289183224,686,-54.2,commnet,saudi,2042.0,2042,6,california,cross_region
34.0,0.0,1.0,718,-54.0,commnet,saudi,2042.0,2042,7,california,cross_region
34.0,0.0,0.7836644591611479,706,-54.0,commnet,saudi,2042.0,2042,8,california,cross_region
34.0,0.0,1.0,741,-54.0,commnet,saudi,2042.0,2042,9,california,cross_region
34.0,0.0,0.7836644591611479,712,-54.0,commnet,saudi,2042.0,2042,10,california,cross_region
34.0,0.0,0.8979591836734694,748,-54.0,commnet,saudi,2042.0,2042,11,california,cross_region
34.0,0.0,1.0,738,-54.0,commnet,saudi,2042.0,2042,12,california,cross_region
34.0,0.0,1.0,744,-54.0,commnet,saudi,2042.0,2042,13,california,cross_region
34.0,0.0,1.0,741,-54.0,commnet,saudi,2042.0,2042,14,california,cross_region
34.0,0.0,1.0,686,-54.0,commnet,saudi,2042.0,3042,0,california,cross_region
34.0,0.0,1.0,729,-54.0,commnet,saudi,2042.0,3042,1,california,cross_region
34.0,0.0,1.0,674,-54.0,commnet,saudi,2042.0,3042,2,california,cross_region
34.0,0.0,1.0,727,-54.0,commnet,saudi,2042.0,3042,3,california,cross_region
34.0,0.0,1.0,679,-54.0,commnet,saudi,2042.0,3042,4,california,cross_region
34.0,0.0,1.0,738,-54.0,commnet,saudi,2042.0,3042,5,california,cross_region
34.0,0.0,1.0,710,-54.0,commnet,saudi,2042.0,3042,6,california,cross_region
34.0,0.0,1.0,733,-54.0,commnet,saudi,2042.0,3042,7,california,cross_region
34.0,0.0,0.9602649006622516,695,-54.0,commnet,saudi,2042.0,3042,8,california,cross_region
34.0,0.0,1.0,718,-54.0,commnet,saudi,2042.0,3042,9,california,cross_region
34.0,0.0,1.0,713,-54.0,commnet,saudi,2042.0,3042,10,california,cross_region
34.0,0.0,1.0,738,-54.0,commnet,saudi,2042.0,3042,11,california,cross_region
34.0,0.0,0.7792494481236203,741,-54.0,commnet,saudi,2042.0,3042,12,california,cross_region
34.0,0.0,1.0,733,-54.0,commnet,saudi,2042.0,3042,13,california,cross_region
34.0,0.0,1.0,719,-54.0,commnet,saudi,2042.0,3042,14,california,cross_region
34.0,0.0,1.0,719,-54.0,commnet,saudi,2042.0,4042,0,california,cross_region
34.0,0.0,1.0,742,-54.0,commnet,saudi,2042.0,4042,1,california,cross_region
34.0,0.0,1.0,712,-54.0,commnet,saudi,2042.0,4042,2,california,cross_region
34.0,0.0,1.0,686,-54.0,commnet,saudi,2042.0,4042,3,california,cross_region
34.0,0.0,1.0,680,-54.0,commnet,saudi,2042.0,4042,4,california,cross_region
34.0,0.0,1.0,739,-54.0,commnet,saudi,2042.0,4042,5,california,cross_region
34.0,0.0,1.0,729,-54.0,commnet,saudi,2042.0,4042,6,california,cross_region
34.0,0.0,1.0,737,-54.0,commnet,saudi,2042.0,4042,7,california,cross_region
34.0,0.0,1.0,744,-54.0,commnet,saudi,2042.0,4042,8,california,cross_region
34.0,0.0,0.7792494481236203,710,-54.0,commnet,saudi,2042.0,4042,9,california,cross_region
34.0,0.0,1.0,740,-54.0,commnet,saudi,2042.0,4042,10,california,cross_region
34.0,0.0,1.0,737,-54.0,commnet,saudi,2042.0,4042,11,california,cross_region
34.0,0.0,1.0,737,-54.0,commnet,saudi,2042.0,4042,12,california,cross_region
34.0,0.0,1.0,733,-54.0,commnet,saudi,2042.0,4042,13,california,cross_region
34.0,0.0,0.7814569536423841,712,-54.0,commnet,saudi,2042.0,4042,14,california,cross_region
34.0,0.0,0.7947019867549668,701,-54.400000000000006,commnet,saudi,3042.0,42,0,california,cross_region
34.0,0.0,0.9470198675496688,658,-54.1,commnet,saudi,3042.0,42,1,california,cross_region
34.0,0.0,0.7152317880794702,709,-54.39999999999999,commnet,saudi,3042.0,42,2,california,cross_region
34.0,0.0,0.8137254901960784,708,-54.39999999999999,commnet,saudi,3042.0,42,3,california,cross_region
34.0,0.0,0.7152317880794702,547,-54.39999999999999,commnet,saudi,3042.0,42,4,california,cross_region
34.0,0.0,0.7284768211920529,683,-54.4,commnet,saudi,3042.0,42,5,california,cross_region
34.0,0.0,0.7306843267108167,684,-54.400000000000006,commnet,saudi,3042.0,42,6,california,cross_region
34.0,0.0,0.7770419426048565,684,-54.4,commnet,saudi,3042.0,42,7,california,cross_region
34.0,0.0,0.739514348785872,662,-54.39999999999999,commnet,saudi,3042.0,42,8,california,cross_region
34.0,0.0,0.7337807606263982,698,-54.400000000000006,commnet,saudi,3042.0,42,9,california,cross_region
34.0,0.0,0.8101545253863135,705,-54.400000000000006,commnet,saudi,3042.0,42,10,california,cross_region
34.0,0.0,0.8167770419426048,709,-54.39999999999999,commnet,saudi,3042.0,42,11,california,cross_region
34.0,0.0,0.8167770419426048,709,-54.39999999999999,commnet,saudi,3042.0,42,12,california,cross_region
24.0,0.1666666666666666,0.9757174392935982,601,-40.766666666666666,commnet,saudi,3042.0,42,13,california,cross_region
34.0,0.0,0.7328918322295805,689,-54.400000000000006,commnet,saudi,3042.0,42,14,california,cross_region
34.0,0.0,0.8236714975845411,708,-54.400000000000006,commnet,saudi,3042.0,1042,0,california,cross_region
34.0,0.0,0.7152317880794702,526,-54.400000000000006,commnet,saudi,3042.0,1042,1,california,cross_region
34.0,0.0,0.7196467991169978,696,-54.39999999999999,commnet,saudi,3042.0,1042,2,california,cross_region
34.0,0.0,0.7262693156732892,707,-54.39999999999999,commnet,saudi,3042.0,1042,3,california,cross_region
34.0,0.0,0.7240618101545254,698,-54.39999999999999,commnet,saudi,3042.0,1042,4,california,cross_region
24.0,0.1666666666666666,0.9690949227373068,608,-40.766666666666666,commnet,saudi,3042.0,1042,5,california,cross_region
34.0,0.0,0.8101545253863135,704,-54.39999999999999,commnet,saudi,3042.0,1042,6,california,cross_region
34.0,0.0,0.7284768211920529,697,-54.400000000000006,commnet,saudi,3042.0,1042,7,california,cross_region
34.0,0.0,0.7218543046357616,709,-54.400000000000006,commnet,saudi,3042.0,1042,8,california,cross_region
34.0,0.0,0.8079470198675497,700,-54.400000000000006,commnet,saudi,3042.0,1042,9,california,cross_region
34.0,0.0,0.7218543046357616,700,-54.39999999999999,commnet,saudi,3042.0,1042,10,california,cross_region
34.0,0.0,0.7152317880794702,541,-54.400000000000006,commnet,saudi,3042.0,1042,11,california,cross_region
34.0,0.0,0.717439293598234,709,-54.39999999999999,commnet,saudi,3042.0,1042,12,california,cross_region
34.0,0.0,0.7262693156732892,683,-54.400000000000006,commnet,saudi,3042.0,1042,13,california,cross_region
24.0,0.1666666666666666,0.9679012345679012,628,-40.766666666666666,commnet,saudi,3042.0,1042,14,california,cross_region
34.0,0.0,0.7181208053691275,710,-54.4,commnet,saudi,3042.0,2042,0,california,cross_region
34.0,0.0,0.717439293598234,633,-54.39999999999999,commnet,saudi,3042.0,2042,1,california,cross_region
34.0,0.0,0.7748344370860927,685,-54.39999999999999,commnet,saudi,3042.0,2042,2,california,cross_region
34.0,0.0,0.7880794701986755,693,-54.39999999999999,commnet,saudi,3042.0,2042,3,california,cross_region
34.0,0.0,0.7262693156732892,688,-54.400000000000006,commnet,saudi,3042.0,2042,4,california,cross_region
34.0,0.0,0.8035320088300221,703,-54.400000000000006,commnet,saudi,3042.0,2042,5,california,cross_region
34.0,0.0,0.717439293598234,710,-54.400000000000006,commnet,saudi,3042.0,2042,6,california,cross_region
24.0,0.1666666666666666,0.9624724061810156,590,-40.766666666666666,commnet,saudi,3042.0,2042,7,california,cross_region
34.0,0.0,0.7770419426048565,684,-54.39999999999999,commnet,saudi,3042.0,2042,8,california,cross_region
34.0,0.0,0.717439293598234,710,-54.400000000000006,commnet,saudi,3042.0,2042,9,california,cross_region
34.0,0.0,0.7924944812362031,690,-54.39999999999999,commnet,saudi,3042.0,2042,10,california,cross_region
34.0,0.0,0.7293064876957495,698,-54.400000000000006,commnet,saudi,3042.0,2042,11,california,cross_region
34.0,0.0,0.7218543046357616,708,-54.400000000000006,commnet,saudi,3042.0,2042,12,california,cross_region
34.0,0.0,0.8233995584988962,709,-54.39999999999999,commnet,saudi,3042.0,2042,13,california,cross_region
34.0,0.0,0.7196467991169978,709,-54.4,commnet,saudi,3042.0,2042,14,california,cross_region
34.0,0.0,0.8013245033112583,679,-54.400000000000006,commnet,saudi,3042.0,3042,0,california,cross_region
34.0,0.0,0.7262693156732892,689,-54.400000000000006,commnet,saudi,3042.0,3042,1,california,cross_region
24.0,0.1666666666666666,0.9668874172185432,604,-40.766666666666666,commnet,saudi,3042.0,3042,2,california,cross_region
34.0,0.0,0.7240618101545254,700,-54.400000000000006,commnet,saudi,3042.0,3042,3,california,cross_region
34.0,0.0,0.7814569536423841,685,-54.39999999999999,commnet,saudi,3042.0,3042,4,california,cross_region
34.0,0.0,0.7262693156732892,708,-54.400000000000006,commnet,saudi,3042.0,3042,5,california,cross_region
34.0,0.0,0.7218543046357616,689,-54.39999999999999,commnet,saudi,3042.0,3042,6,california,cross_region
34.0,0.0,0.8035320088300221,704,-54.39999999999999,commnet,saudi,3042.0,3042,7,california,cross_region
34.0,0.0,0.7196467991169978,709,-54.400000000000006,commnet,saudi,3042.0,3042,8,california,cross_region
34.0,0.0,0.7218543046357616,696,-54.39999999999999,commnet,saudi,3042.0,3042,9,california,cross_region
34.0,0.0,0.7969094922737306,690,-54.400000000000006,commnet,saudi,3042.0,3042,10,california,cross_region
34.0,0.0,0.7306843267108167,708,-54.39999999999999,commnet,saudi,3042.0,3042,11,california,cross_region
34.0,0.0,0.7284768211920529,692,-54.400000000000006,commnet,saudi,3042.0,3042,12,california,cross_region
34.0,0.0,0.8079470198675497,704,-54.39999999999999,commnet,saudi,3042.0,3042,13,california,cross_region
34.0,0.0,0.911699779249448,635,-54.10000000000001,commnet,saudi,3042.0,3042,14,california,cross_region
34.0,0.0,0.7262693156732892,696,-54.400000000000006,commnet,saudi,3042.0,4042,0,california,cross_region
34.0,0.0,0.7306843267108167,697,-54.400000000000006,commnet,saudi,3042.0,4042,1,california,cross_region
34.0,0.0,0.717439293598234,690,-54.39999999999999,commnet,saudi,3042.0,4042,2,california,cross_region
34.0,0.0,0.7969094922737306,691,-54.39999999999999,commnet,saudi,3042.0,4042,3,california,cross_region
24.0,0.1666666666666666,0.9735099337748344,599,-40.766666666666666,commnet,saudi,3042.0,4042,4,california,cross_region
34.0,0.0,0.9735099337748344,652,-54.1,commnet,saudi,3042.0,4042,5,california,cross_region
34.0,0.0,0.7240618101545254,701,-54.400000000000006,commnet,saudi,3042.0,4042,6,california,cross_region
34.0,0.0,0.7991169977924945,707,-54.400000000000006,commnet,saudi,3042.0,4042,7,california,cross_region
34.0,0.0,0.8150851581508516,708,-54.39999999999999,commnet,saudi,3042.0,4042,8,california,cross_region
34.0,0.0,0.7792494481236203,685,-54.39999999999999,commnet,saudi,3042.0,4042,9,california,cross_region
34.0,0.0,0.7196467991169978,709,-54.39999999999999,commnet,saudi,3042.0,4042,10,california,cross_region
34.0,0.0,0.7218543046357616,707,-54.4,commnet,saudi,3042.0,4042,11,california,cross_region
34.0,0.0,0.7218543046357616,707,-54.39999999999999,commnet,saudi,3042.0,4042,12,california,cross_region
34.0,0.0,0.717439293598234,704,-54.39999999999999,commnet,saudi,3042.0,4042,13,california,cross_region
34.0,0.0,0.7350993377483444,674,-54.400000000000006,commnet,saudi,3042.0,4042,14,california,cross_region
34.0,0.0,0.3863134657836644,741,-54.6,commnet,saudi,4042.0,42,0,california,cross_region
34.0,0.0,0.3818984547461369,731,-54.6,commnet,saudi,4042.0,42,1,california,cross_region
34.0,0.0,0.4304635761589404,762,-54.6,commnet,saudi,4042.0,42,2,california,cross_region
34.0,0.0,0.4353741496598639,764,-54.6,commnet,saudi,4042.0,42,3,california,cross_region
34.0,0.0,0.3818984547461369,570,-54.6,commnet,saudi,4042.0,42,4,california,cross_region
34.0,0.0,0.3818984547461369,730,-54.6,commnet,saudi,4042.0,42,5,california,cross_region
34.0,0.0,0.3818984547461369,731,-54.6,commnet,saudi,4042.0,42,6,california,cross_region
34.0,0.0,0.3818984547461369,713,-54.6,commnet,saudi,4042.0,42,7,california,cross_region
34.0,0.0,0.3818984547461369,685,-54.6,commnet,saudi,4042.0,42,8,california,cross_region
34.0,0.0,0.41280353200883,751,-55.1,commnet,saudi,4042.0,42,9,california,cross_region
34.0,0.0,0.4061810154525386,746,-54.7,commnet,saudi,4042.0,42,10,california,cross_region
34.0,0.0,0.41280353200883,758,-54.7,commnet,saudi,4042.0,42,11,california,cross_region
34.0,0.0,0.4304635761589404,762,-54.7,commnet,saudi,4042.0,42,12,california,cross_region
34.0,0.0,0.3818984547461369,739,-54.6,commnet,saudi,4042.0,42,13,california,cross_region
34.0,0.0,0.3818984547461369,739,-54.8,commnet,saudi,4042.0,42,14,california,cross_region
34.0,0.0,0.4340044742729306,764,-54.6,commnet,saudi,4042.0,1042,0,california,cross_region
34.0,0.0,0.3818984547461369,526,-54.6,commnet,saudi,4042.0,1042,1,california,cross_region
34.0,0.0,0.3818984547461369,728,-54.6,commnet,saudi,4042.0,1042,2,california,cross_region
34.0,0.0,0.4083885209713024,750,-54.7,commnet,saudi,4042.0,1042,3,california,cross_region
34.0,0.0,0.3818984547461369,731,-54.6,commnet,saudi,4042.0,1042,4,california,cross_region
34.0,0.0,0.3818984547461369,721,-54.6,commnet,saudi,4042.0,1042,5,california,cross_region
34.0,0.0,0.3951434878587196,743,-54.7,commnet,saudi,4042.0,1042,6,california,cross_region
34.0,0.0,0.3818984547461369,763,-54.8,commnet,saudi,4042.0,1042,7,california,cross_region
34.0,0.0,0.3818984547461369,761,-54.8,commnet,saudi,4042.0,1042,8,california,cross_region
34.0,0.0,0.3818984547461369,738,-54.6,commnet,saudi,4042.0,1042,9,california,cross_region
34.0,0.0,0.3841059602649007,735,-54.6,commnet,saudi,4042.0,1042,10,california,cross_region
34.0,0.0,0.3818984547461369,542,-54.6,commnet,saudi,4042.0,1042,11,california,cross_region
34.0,0.0,0.4083885209713024,755,-54.7,commnet,saudi,4042.0,1042,12,california,cross_region
34.0,0.0,0.3818984547461369,730,-54.6,commnet,saudi,4042.0,1042,13,california,cross_region
34.0,0.0,0.4822695035460992,764,-54.7,commnet,saudi,4042.0,1042,14,california,cross_region
34.0,0.0,0.4496644295302013,764,-54.7,commnet,saudi,4042.0,2042,0,california,cross_region
34.0,0.0,0.3818984547461369,656,-54.6,commnet,saudi,4042.0,2042,1,california,cross_region
34.0,0.0,0.3818984547461369,714,-54.6,commnet,saudi,4042.0,2042,2,california,cross_region
34.0,0.0,0.3818984547461369,725,-54.6,commnet,saudi,4042.0,2042,3,california,cross_region
34.0,0.0,0.3818984547461369,740,-54.6,commnet,saudi,4042.0,2042,4,california,cross_region
34.0,0.0,0.3818984547461369,744,-54.6,commnet,saudi,4042.0,2042,5,california,cross_region
34.0,0.0,0.4525386313465783,764,-54.7,commnet,saudi,4042.0,2042,6,california,cross_region
34.0,0.0,0.3818984547461369,723,-54.6,commnet,saudi,4042.0,2042,7,california,cross_region
34.0,0.0,0.3818984547461369,713,-54.6,commnet,saudi,4042.0,2042,8,california,cross_region
34.0,0.0,0.434878587196468,764,-54.6,commnet,saudi,4042.0,2042,9,california,cross_region
34.0,0.0,0.3818984547461369,721,-54.6,commnet,saudi,4042.0,2042,10,california,cross_region
34.0,0.0,0.445916114790287,763,-54.7,commnet,saudi,4042.0,2042,11,california,cross_region
34.0,0.0,0.4061810154525386,754,-54.7,commnet,saudi,4042.0,2042,12,california,cross_region
34.0,0.0,0.4370860927152318,762,-54.7,commnet,saudi,4042.0,2042,13,california,cross_region
34.0,0.0,0.4392935982339956,762,-54.7,commnet,saudi,4042.0,2042,14,california,cross_region
34.0,0.0,0.3818984547461369,724,-54.6,commnet,saudi,4042.0,3042,0,california,cross_region
34.0,0.0,0.3818984547461369,739,-54.6,commnet,saudi,4042.0,3042,1,california,cross_region
34.0,0.0,0.3818984547461369,744,-54.8,commnet,saudi,4042.0,3042,2,california,cross_region
34.0,0.0,0.3818984547461369,736,-54.6,commnet,saudi,4042.0,3042,3,california,cross_region
34.0,0.0,0.3818984547461369,715,-54.6,commnet,saudi,4042.0,3042,4,california,cross_region
34.0,0.0,0.4039735099337748,754,-54.7,commnet,saudi,4042.0,3042,5,california,cross_region
34.0,0.0,0.3818984547461369,719,-54.6,commnet,saudi,4042.0,3042,6,california,cross_region
34.0,0.0,0.3973509933774834,743,-54.7,commnet,saudi,4042.0,3042,7,california,cross_region
34.0,0.0,0.4525386313465783,763,-54.7,commnet,saudi,4042.0,3042,8,california,cross_region
34.0,0.0,0.3818984547461369,727,-54.6,commnet,saudi,4042.0,3042,9,california,cross_region
34.0,0.0,0.3818984547461369,722,-54.6,commnet,saudi,4042.0,3042,10,california,cross_region
34.0,0.0,0.4083885209713024,754,-54.7,commnet,saudi,4042.0,3042,11,california,cross_region
34.0,0.0,0.3818984547461369,742,-55.0,commnet,saudi,4042.0,3042,12,california,cross_region
34.0,0.0,0.3973509933774834,743,-54.7,commnet,saudi,4042.0,3042,13,california,cross_region
34.0,0.0,0.41280353200883,732,-54.60000000000001,commnet,saudi,4042.0,3042,14,california,cross_region
34.0,0.0,0.3818984547461369,728,-54.6,commnet,saudi,4042.0,4042,0,california,cross_region
34.0,0.0,0.4260485651214128,762,-54.7,commnet,saudi,4042.0,4042,1,california,cross_region
34.0,0.0,0.3818984547461369,721,-54.6,commnet,saudi,4042.0,4042,2,california,cross_region
34.0,0.0,0.3818984547461369,723,-54.6,commnet,saudi,4042.0,4042,3,california,cross_region
34.0,0.0,0.3818984547461369,717,-54.6,commnet,saudi,4042.0,4042,4,california,cross_region
34.0,0.0,0.4216335540838852,755,-54.7,commnet,saudi,4042.0,4042,5,california,cross_region
34.0,0.0,0.3885209713024282,737,-54.7,commnet,saudi,4042.0,4042,6,california,cross_region
34.0,0.0,0.401766004415011,751,-54.7,commnet,saudi,4042.0,4042,7,california,cross_region
34.0,0.0,0.436241610738255,764,-54.6,commnet,saudi,4042.0,4042,8,california,cross_region
34.0,0.0,0.3818984547461369,715,-54.6,commnet,saudi,4042.0,4042,9,california,cross_region
34.0,0.0,0.41280353200883,757,-54.7,commnet,saudi,4042.0,4042,10,california,cross_region
34.0,0.0,0.401766004415011,750,-54.7,commnet,saudi,4042.0,4042,11,california,cross_region
34.0,0.0,0.4039735099337748,753,-54.7,commnet,saudi,4042.0,4042,12,california,cross_region
34.0,0.0,0.3951434878587196,743,-54.7,commnet,saudi,4042.0,4042,13,california,cross_region
34.0,0.0,0.3818984547461369,717,-54.6,commnet,saudi,4042.0,4042,14,california,cross_region
18.0,0.3333333333333333,1.0,517,-31.333333333333336,hiercomm_heur,saudi,42.0,42,0,california,cross_region
25.0,0.3333333333333333,1.0,561,-38.333333333333336,hiercomm_heur,saudi,42.0,42,1,california,cross_region
12.0,0.5,0.8653421633554084,657,-22.0,hiercomm_heur,saudi,42.0,42,2,california,cross_region
25.0,0.3333333333333333,1.0,682,-38.333333333333336,hiercomm_heur,saudi,42.0,42,3,california,cross_region
0.0,1.0,1.0,16,0.0,hiercomm_heur,saudi,42.0,42,4,california,cross_region
18.0,0.3333333333333333,0.9271523178807948,458,-31.333333333333336,hiercomm_heur,saudi,42.0,42,5,california,cross_region
12.0,0.5,0.9315673289183224,485,-22.0,hiercomm_heur,saudi,42.0,42,6,california,cross_region
19.0,0.5,0.9315673289183224,529,-29.3,hiercomm_heur,saudi,42.0,42,7,california,cross_region
6.0,0.6666666666666666,1.0,341,-12.666666666666668,hiercomm_heur,saudi,42.0,42,8,california,cross_region
9.0,0.6666666666666666,1.0,475,-15.666666666666668,hiercomm_heur,saudi,42.0,42,9,california,cross_region
15.0,0.5,1.0,434,-25.0,hiercomm_heur,saudi,42.0,42,10,california,cross_region
12.0,0.5,0.9977924944812362,628,-22.0,hiercomm_heur,saudi,42.0,42,11,california,cross_region
12.0,0.5,1.0,554,-22.0,hiercomm_heur,saudi,42.0,42,12,california,cross_region
18.0,0.3333333333333333,0.9381898454746136,523,-31.333333333333336,hiercomm_heur,saudi,42.0,42,13,california,cross_region
18.0,0.3333333333333333,0.9977924944812362,477,-31.333333333333336,hiercomm_heur,saudi,42.0,42,14,california,cross_region
18.0,0.3333333333333333,1.0,670,-31.333333333333336,hiercomm_heur,saudi,42.0,1042,0,california,cross_region
3.0,0.8333333333333334,0.9867549668874172,121,-6.333333333333332,hiercomm_heur,saudi,42.0,1042,1,california,cross_region
9.0,0.6666666666666666,0.9977924944812362,367,-15.666666666666668,hiercomm_heur,saudi,42.0,1042,2,california,cross_region
18.0,0.3333333333333333,1.0,497,-31.333333333333336,hiercomm_heur,saudi,42.0,1042,3,california,cross_region
25.0,0.3333333333333333,0.8675496688741722,596,-38.333333333333336,hiercomm_heur,saudi,42.0,1042,4,california,cross_region
18.0,0.3333333333333333,1.0,485,-31.333333333333336,hiercomm_heur,saudi,42.0,1042,5,california,cross_region
18.0,0.3333333333333333,0.9403973509933776,477,-31.333333333333336,hiercomm_heur,saudi,42.0,1042,6,california,cross_region
18.0,0.3333333333333333,1.0,515,-31.333333333333336,hiercomm_heur,saudi,42.0,1042,7,california,cross_region
24.0,0.1666666666666666,1.0,566,-40.66666666666667,hiercomm_heur,saudi,42.0,1042,8,california,cross_region
18.0,0.3333333333333333,0.9492273730684326,506,-31.333333333333336,hiercomm_heur,saudi,42.0,1042,9,california,cross_region
22.0,0.3333333333333333,0.9955849889624724,597,-35.333333333333336,hiercomm_heur,saudi,42.0,1042,10,california,cross_region
12.0,0.5,0.9889624724061812,210,-22.0,hiercomm_heur,saudi,42.0,1042,11,california,cross_region
24.0,0.1666666666666666,1.0,552,-40.66666666666667,hiercomm_heur,saudi,42.0,1042,12,california,cross_region
9.0,0.6666666666666666,0.9977924944812362,356,-15.666666666666668,hiercomm_heur,saudi,42.0,1042,13,california,cross_region
24.0,0.1666666666666666,1.0,581,-40.66666666666667,hiercomm_heur,saudi,42.0,1042,14,california,cross_region
12.0,0.5,0.9624724061810156,583,-22.0,hiercomm_heur,saudi,42.0,2042,0,california,cross_region
0.0,1.0,1.0,19,0.0,hiercomm_heur,saudi,42.0,2042,1,california,cross_region
12.0,0.5,1.0,442,-22.0,hiercomm_heur,saudi,42.0,2042,2,california,cross_region
12.0,0.5,1.0,429,-22.0,hiercomm_heur,saudi,42.0,2042,3,california,cross_region
18.0,0.3333333333333333,0.9845474613686536,523,-31.333333333333336,hiercomm_heur,saudi,42.0,2042,4,california,cross_region
15.0,0.5,1.0,439,-25.0,hiercomm_heur,saudi,42.0,2042,5,california,cross_region
9.0,0.6666666666666666,1.0,640,-15.666666666666668,hiercomm_heur,saudi,42.0,2042,6,california,cross_region
15.0,0.5,0.9977924944812362,455,-25.0,hiercomm_heur,saudi,42.0,2042,7,california,cross_region
25.0,0.3333333333333333,0.977924944812362,592,-38.333333333333336,hiercomm_heur,saudi,42.0,2042,8,california,cross_region
12.0,0.5,1.0,553,-22.0,hiercomm_heur,saudi,42.0,2042,9,california,cross_region
19.0,0.5,0.9977924944812362,490,-29.0,hiercomm_heur,saudi,42.0,2042,10,california,cross_region
9.0,0.6666666666666666,1.0,460,-15.666666666666668,hiercomm_heur,saudi,42.0,2042,11,california,cross_region
24.0,0.1666666666666666,0.9735099337748344,563,-40.66666666666667,hiercomm_heur,saudi,42.0,2042,12,california,cross_region
18.0,0.3333333333333333,0.9977924944812362,540,-31.333333333333336,hiercomm_heur,saudi,42.0,2042,13,california,cross_region
12.0,0.5,0.9381898454746136,664,-22.0,hiercomm_heur,saudi,42.0,2042,14,california,cross_region
12.0,0.5,1.0,637,-22.0,hiercomm_heur,saudi,42.0,3042,0,california,cross_region
12.0,0.5,0.9845474613686536,496,-22.0,hiercomm_heur,saudi,42.0,3042,1,california,cross_region
18.0,0.3333333333333333,0.9977924944812362,472,-31.333333333333336,hiercomm_heur,saudi,42.0,3042,2,california,cross_region
12.0,0.5,0.8675496688741722,487,-22.0,hiercomm_heur,saudi,42.0,3042,3,california,cross_region
9.0,0.6666666666666666,1.0,167,-15.666666666666668,hiercomm_heur,saudi,42.0,3042,4,california,cross_region
9.0,0.6666666666666666,0.9655172413793104,130,-15.666666666666668,hiercomm_heur,saudi,42.0,3042,5,california,cross_region
21.0,0.3333333333333333,1.0,466,-34.333333333333336,hiercomm_heur,saudi,42.0,3042,6,california,cross_region
25.0,0.3333333333333333,0.7858719646799117,624,-38.43333333333334,hiercomm_heur,saudi,42.0,3042,7,california,cross_region
18.0,0.3333333333333333,0.9823399558498896,682,-31.333333333333336,hiercomm_heur,saudi,42.0,3042,8,california,cross_region
9.0,0.6666666666666666,0.9977924944812362,375,-15.666666666666668,hiercomm_heur,saudi,42.0,3042,9,california,cross_region
24.0,0.1666666666666666,1.0,506,-40.66666666666667,hiercomm_heur,saudi,42.0,3042,10,california,cross_region
25.0,0.3333333333333333,0.9227373068432672,654,-38.333333333333336,hiercomm_heur,saudi,42.0,3042,11,california,cross_region
9.0,0.6666666666666666,0.9977924944812362,383,-15.666666666666668,hiercomm_heur,saudi,42.0,3042,12,california,cross_region
12.0,0.5,0.933774834437086,577,-22.0,hiercomm_heur,saudi,42.0,3042,13,california,cross_region
12.0,0.5,1.0,450,-22.0,hiercomm_heur,saudi,42.0,3042,14,california,cross_region
12.0,0.5,0.8609271523178808,478,-22.0,hiercomm_heur,saudi,42.0,4042,0,california,cross_region
18.0,0.3333333333333333,0.9889624724061812,551,-31.333333333333336,hiercomm_heur,saudi,42.0,4042,1,california,cross_region
12.0,0.5,1.0,473,-22.0,hiercomm_heur,saudi,42.0,4042,2,california,cross_region
25.0,0.3333333333333333,0.93598233995585,623,-38.333333333333336,hiercomm_heur,saudi,42.0,4042,3,california,cross_region
18.0,0.3333333333333333,0.9977924944812362,486,-31.333333333333336,hiercomm_heur,saudi,42.0,4042,4,california,cross_region
12.0,0.5,0.9470198675496688,613,-22.0,hiercomm_heur,saudi,42.0,4042,5,california,cross_region
18.0,0.3333333333333333,0.9933774834437086,502,-31.333333333333336,hiercomm_heur,saudi,42.0,4042,6,california,cross_region
24.0,0.1666666666666666,1.0,540,-40.66666666666667,hiercomm_heur,saudi,42.0,4042,7,california,cross_region
28.0,0.1666666666666666,0.9932885906040269,677,-44.66666666666667,hiercomm_heur,saudi,42.0,4042,8,california,cross_region
18.0,0.3333333333333333,0.9161147902869756,477,-31.333333333333336,hiercomm_heur,saudi,42.0,4042,9,california,cross_region
24.0,0.1666666666666666,1.0,534,-40.66666666666667,hiercomm_heur,saudi,42.0,4042,10,california,cross_region
18.0,0.3333333333333333,1.0,521,-31.333333333333336,hiercomm_heur,saudi,42.0,4042,11,california,cross_region
18.0,0.3333333333333333,1.0,545,-31.333333333333336,hiercomm_heur,saudi,42.0,4042,12,california,cross_region
18.0,0.3333333333333333,1.0,527,-31.333333333333336,hiercomm_heur,saudi,42.0,4042,13,california,cross_region
18.0,0.3333333333333333,1.0,459,-31.333333333333336,hiercomm_heur,saudi,42.0,4042,14,california,cross_region
24.0,0.1666666666666666,0.8123620309050773,673,-40.66666666666667,hiercomm_heur,saudi,1042.0,42,0,california,cross_region
24.0,0.1666666666666666,1.0,598,-40.66666666666667,hiercomm_heur,saudi,1042.0,42,1,california,cross_region
24.0,0.1666666666666666,0.8666666666666667,747,-40.66666666666667,hiercomm_heur,saudi,1042.0,42,2,california,cross_region
24.0,0.1666666666666666,0.8189845474613686,738,-40.66666666666667,hiercomm_heur,saudi,1042.0,42,3,california,cross_region
34.0,0.0,0.9624724061810156,772,-54.0,hiercomm_heur,saudi,1042.0,42,4,california,cross_region
34.0,0.0,0.8388520971302428,723,-54.0,hiercomm_heur,saudi,1042.0,42,5,california,cross_region
34.0,0.0,1.0,717,-54.0,hiercomm_heur,saudi,1042.0,42,6,california,cross_region
24.0,0.1666666666666666,0.9977924944812362,745,-40.66666666666667,hiercomm_heur,saudi,1042.0,42,7,california,cross_region
24.0,0.1666666666666666,0.8587196467991169,631,-40.66666666666667,hiercomm_heur,saudi,1042.0,42,8,california,cross_region
34.0,0.0,0.977924944812362,740,-54.0,hiercomm_heur,saudi,1042.0,42,9,california,cross_region
24.0,0.1666666666666666,0.8300220750551877,633,-40.66666666666667,hiercomm_heur,saudi,1042.0,42,10,california,cross_region
24.0,0.1666666666666666,0.8520971302428256,664,-40.66666666666667,hiercomm_heur,saudi,1042.0,42,11,california,cross_region
34.0,0.0,0.8498896247240618,661,-54.0,hiercomm_heur,saudi,1042.0,42,12,california,cross_region
24.0,0.1666666666666666,0.9955849889624724,710,-40.66666666666667,hiercomm_heur,saudi,1042.0,42,13,california,cross_region
34.0,0.0,1.0,720,-54.0,hiercomm_heur,saudi,1042.0,42,14,california,cross_region
24.0,0.1666666666666666,0.8101545253863135,653,-40.66666666666667,hiercomm_heur,saudi,1042.0,1042,0,california,cross_region
24.0,0.1666666666666666,0.9536423841059604,548,-40.66666666666667,hiercomm_heur,saudi,1042.0,1042,1,california,cross_region
24.0,0.1666666666666666,0.8498896247240618,716,-40.66666666666667,hiercomm_heur,saudi,1042.0,1042,2,california,cross_region
34.0,0.0,1.0,692,-54.0,hiercomm_heur,saudi,1042.0,1042,3,california,cross_region
24.0,0.1666666666666666,0.9094922737306844,653,-40.66666666666667,hiercomm_heur,saudi,1042.0,1042,4,california,cross_region
34.0,0.0,0.8631346578366446,724,-54.0,hiercomm_heur,saudi,1042.0,1042,5,california,cross_region
24.0,0.1666666666666666,0.9668874172185432,683,-40.76666666666667,hiercomm_heur,saudi,1042.0,1042,6,california,cross_region
34.0,0.0,1.0,790,-54.0,hiercomm_heur,saudi,1042.0,1042,7,california,cross_region
24.0,0.1666666666666666,0.8587196467991169,622,-40.66666666666667,hiercomm_heur,saudi,1042.0,1042,8,california,cross_region
24.0,0.1666666666666666,0.8101545253863135,675,-40.66666666666667,hiercomm_heur,saudi,1042.0,1042,9,california,cross_region
34.0,0.0,1.0,724,-54.0,hiercomm_heur,saudi,1042.0,1042,10,california,cross_region
24.0,0.1666666666666666,1.0,568,-40.66666666666667,hiercomm_heur,saudi,1042.0,1042,11,california,cross_region
24.0,0.1666666666666666,0.8322295805739515,680,-40.66666666666667,hiercomm_heur,saudi,1042.0,1042,12,california,cross_region
34.0,0.0,1.0,725,-54.0,hiercomm_heur,saudi,1042.0,1042,13,california,cross_region
34.0,0.0,1.0,759,-54.0,hiercomm_heur,saudi,1042.0,1042,14,california,cross_region
34.0,0.0,0.8035320088300221,687,-54.0,hiercomm_heur,saudi,1042.0,2042,0,california,cross_region
34.0,0.0,0.9911699779249448,810,-54.0,hiercomm_heur,saudi,1042.0,2042,1,california,cross_region
24.0,0.1666666666666666,0.8675496688741722,639,-40.66666666666667,hiercomm_heur,saudi,1042.0,2042,2,california,cross_region
34.0,0.0,0.8587196467991169,665,-54.0,hiercomm_heur,saudi,1042.0,2042,3,california,cross_region
34.0,0.0,1.0,719,-54.0,hiercomm_heur,saudi,1042.0,2042,4,california,cross_region
24.0,0.1666666666666666,0.8322295805739515,636,-40.66666666666667,hiercomm_heur,saudi,1042.0,2042,5,california,cross_region
24.0,0.1666666666666666,0.8609271523178808,649,-40.66666666666667,hiercomm_heur,saudi,1042.0,2042,6,california,cross_region
34.0,0.0,0.93598233995585,722,-54.0,hiercomm_heur,saudi,1042.0,2042,7,california,cross_region
24.0,0.1666666666666666,0.9120370370370372,709,-40.66666666666667,hiercomm_heur,saudi,1042.0,2042,8,california,cross_region
24.0,0.1666666666666666,0.8101545253863135,661,-40.66666666666667,hiercomm_heur,saudi,1042.0,2042,9,california,cross_region
34.0,0.0,0.9754901960784312,784,-54.0,hiercomm_heur,saudi,1042.0,2042,10,california,cross_region
34.0,0.0,0.9933774834437086,751,-54.0,hiercomm_heur,saudi,1042.0,2042,11,california,cross_region
24.0,0.1666666666666666,1.0,690,-40.66666666666667,hiercomm_heur,saudi,1042.0,2042,12,california,cross_region
24.0,0.1666666666666666,0.8582677165354331,732,-40.66666666666667,hiercomm_heur,saudi,1042.0,2042,13,california,cross_region
24.0,0.1666666666666666,1.0,706,-40.66666666666667,hiercomm_heur,saudi,1042.0,2042,14,california,cross_region
34.0,0.0,0.8388520971302428,706,-54.0,hiercomm_heur,saudi,1042.0,3042,0,california,cross_region
34.0,0.0,0.8322295805739515,742,-54.0,hiercomm_heur,saudi,1042.0,3042,1,california,cross_region
34.0,0.0,1.0,719,-54.0,hiercomm_heur,saudi,1042.0,3042,2,california,cross_region
24.0,0.1666666666666666,0.8459770114942529,728,-40.66666666666667,hiercomm_heur,saudi,1042.0,3042,3,california,cross_region
24.0,0.1666666666666666,1.0,671,-40.66666666666667,hiercomm_heur,saudi,1042.0,3042,4,california,cross_region
24.0,0.1666666666666666,0.9977924944812362,692,-40.66666666666667,hiercomm_heur,saudi,1042.0,3042,5,california,cross_region
24.0,0.1666666666666666,0.8167770419426048,627,-40.66666666666667,hiercomm_heur,saudi,1042.0,3042,6,california,cross_region
24.0,0.1666666666666666,0.873015873015873,694,-40.66666666666667,hiercomm_heur,saudi,1042.0,3042,7,california,cross_region
24.0,0.1666666666666666,0.8278145695364238,701,-40.66666666666667,hiercomm_heur,saudi,1042.0,3042,8,california,cross_region
24.0,0.1666666666666666,0.8211920529801324,637,-40.66666666666667,hiercomm_heur,saudi,1042.0,3042,9,california,cross_region
24.0,0.1666666666666666,0.8653421633554084,644,-40.66666666666667,hiercomm_heur,saudi,1042.0,3042,10,california,cross_region
24.0,0.1666666666666666,0.9889624724061812,632,-40.66666666666667,hiercomm_heur,saudi,1042.0,3042,11,california,cross_region
34.0,0.0,0.847682119205298,718,-54.0,hiercomm_heur,saudi,1042.0,3042,12,california,cross_region
34.0,0.0,0.837037037037037,736,-54.0,hiercomm_heur,saudi,1042.0,3042,13,california,cross_region
24.0,0.1666666666666666,0.9006622516556292,674,-40.66666666666667,hiercomm_heur,saudi,1042.0,3042,14,california,cross_region
24.0,0.1666666666666666,0.8366445916114791,640,-40.66666666666667,hiercomm_heur,saudi,1042.0,4042,0,california,cross_region
34.0,0.0,0.8233995584988962,688,-54.0,hiercomm_heur,saudi,1042.0,4042,1,california,cross_region
24.0,0.1666666666666666,0.9536423841059604,642,-40.66666666666667,hiercomm_heur,saudi,1042.0,4042,2,california,cross_region
34.0,0.0,0.8211920529801324,680,-54.0,hiercomm_heur,saudi,1042.0,4042,3,california,cross_region
34.0,0.0,0.977924944812362,686,-54.0,hiercomm_heur,saudi,1042.0,4042,4,california,cross_region
34.0,0.0,0.8123620309050773,699,-54.0,hiercomm_heur,saudi,1042.0,4042,5,california,cross_region
24.0,0.1666666666666666,0.8344370860927153,640,-40.66666666666667,hiercomm_heur,saudi,1042.0,4042,6,california,cross_region
34.0,0.0,0.8167770419426048,692,-54.0,hiercomm_heur,saudi,1042.0,4042,7,california,cross_region
24.0,0.1666666666666666,0.9862258953168044,685,-40.66666666666667,hiercomm_heur,saudi,1042.0,4042,8,california,cross_region
24.0,0.1666666666666666,1.0,667,-40.66666666666667,hiercomm_heur,saudi,1042.0,4042,9,california,cross_region
34.0,0.0,0.8145695364238411,730,-54.0,hiercomm_heur,saudi,1042.0,4042,10,california,cross_region
24.0,0.1666666666666666,0.8145695364238411,651,-40.66666666666667,hiercomm_heur,saudi,1042.0,4042,11,california,cross_region
24.0,0.1666666666666666,0.8167770419426048,641,-40.66666666666667,hiercomm_heur,saudi,1042.0,4042,12,california,cross_region
34.0,0.0,1.0,681,-54.0,hiercomm_heur,saudi,1042.0,4042,13,california,cross_region
34.0,0.0,1.0,718,-54.0,hiercomm_heur,saudi,1042.0,4042,14,california,cross_region
15.0,0.5,1.0,429,-25.0,hiercomm_heur,saudi,2042.0,42,0,california,cross_region
21.0,0.3333333333333333,0.9977924944812362,439,-34.333333333333336,hiercomm_heur,saudi,2042.0,42,1,california,cross_region
15.0,0.5,0.8344370860927153,500,-25.0,hiercomm_heur,saudi,2042.0,42,2,california,cross_region
21.0,0.3333333333333333,1.0,434,-34.333333333333336,hiercomm_heur,saudi,2042.0,42,3,california,cross_region
18.0,0.5,1.0,235,-28.0,hiercomm_heur,saudi,2042.0,42,4,california,cross_region
21.0,0.3333333333333333,0.8741721854304636,458,-34.333333333333336,hiercomm_heur,saudi,2042.0,42,5,california,cross_region
21.0,0.3333333333333333,1.0,456,-34.333333333333336,hiercomm_heur,saudi,2042.0,42,6,california,cross_region
21.0,0.3333333333333333,1.0,429,-34.333333333333336,hiercomm_heur,saudi,2042.0,42,7,california,cross_region
18.0,0.5,1.0,400,-28.0,hiercomm_heur,saudi,2042.0,42,8,california,cross_region
18.0,0.5,0.9889624724061812,498,-28.0,hiercomm_heur,saudi,2042.0,42,9,california,cross_region
15.0,0.5,0.9933774834437086,490,-25.0,hiercomm_heur,saudi,2042.0,42,10,california,cross_region
21.0,0.3333333333333333,0.8366445916114791,495,-34.333333333333336,hiercomm_heur,saudi,2042.0,42,11,california,cross_region
18.0,0.5,1.0,381,-28.0,hiercomm_heur,saudi,2042.0,42,12,california,cross_region
21.0,0.3333333333333333,0.9536423841059604,476,-34.333333333333336,hiercomm_heur,saudi,2042.0,42,13,california,cross_region
21.0,0.3333333333333333,0.8763796909492274,468,-34.333333333333336,hiercomm_heur,saudi,2042.0,42,14,california,cross_region
21.0,0.3333333333333333,1.0,524,-34.333333333333336,hiercomm_heur,saudi,2042.0,1042,0,california,cross_region
21.0,0.3333333333333333,1.0,339,-34.333333333333336,hiercomm_heur,saudi,2042.0,1042,1,california,cross_region
15.0,0.5,1.0,476,-25.0,hiercomm_heur,saudi,2042.0,1042,2,california,cross_region
21.0,0.3333333333333333,0.9713024282560706,501,-34.333333333333336,hiercomm_heur,saudi,2042.0,1042,3,california,cross_region
12.0,0.6666666666666666,1.0,410,-18.666666666666668,hiercomm_heur,saudi,2042.0,1042,4,california,cross_region
21.0,0.3333333333333333,0.8852097130242825,439,-34.333333333333336,hiercomm_heur,saudi,2042.0,1042,5,california,cross_region
15.0,0.5,0.8410596026490066,459,-25.0,hiercomm_heur,saudi,2042.0,1042,6,california,cross_region
21.0,0.3333333333333333,1.0,502,-34.333333333333336,hiercomm_heur,saudi,2042.0,1042,7,california,cross_region
21.0,0.3333333333333333,0.9977924944812362,451,-34.333333333333336,hiercomm_heur,saudi,2042.0,1042,8,california,cross_region
21.0,0.3333333333333333,0.9955849889624724,467,-34.333333333333336,hiercomm_heur,saudi,2042.0,1042,9,california,cross_region
21.0,0.3333333333333333,1.0,486,-34.333333333333336,hiercomm_heur,saudi,2042.0,1042,10,california,cross_region
21.0,0.3333333333333333,0.9933774834437086,352,-34.333333333333336,hiercomm_heur,saudi,2042.0,1042,11,california,cross_region
21.0,0.3333333333333333,1.0,515,-34.333333333333336,hiercomm_heur,saudi,2042.0,1042,12,california,cross_region
21.0,0.3333333333333333,0.9602649006622516,458,-34.333333333333336,hiercomm_heur,saudi,2042.0,1042,13,california,cross_region
21.0,0.3333333333333333,0.8057395143487859,522,-34.333333333333336,hiercomm_heur,saudi,2042.0,1042,14,california,cross_region
21.0,0.3333333333333333,1.0,539,-34.333333333333336,hiercomm_heur,saudi,2042.0,2042,0,california,cross_region
18.0,0.5,1.0,293,-28.0,hiercomm_heur,saudi,2042.0,2042,1,california,cross_region
15.0,0.5,0.958057395143488,444,-25.0,hiercomm_heur,saudi,2042.0,2042,2,california,cross_region
15.0,0.5,1.0,459,-25.0,hiercomm_heur,saudi,2042.0,2042,3,california,cross_region
21.0,0.3333333333333333,0.9955849889624724,461,-34.333333333333336,hiercomm_heur,saudi,2042.0,2042,4,california,cross_region
15.0,0.5,0.9911699779249448,479,-25.0,hiercomm_heur,saudi,2042.0,2042,5,california,cross_region
21.0,0.3333333333333333,0.9823399558498896,531,-34.333333333333336,hiercomm_heur,saudi,2042.0,2042,6,california,cross_region
21.0,0.3333333333333333,0.8498896247240618,451,-34.333333333333336,hiercomm_heur,saudi,2042.0,2042,7,california,cross_region
21.0,0.3333333333333333,0.9514348785871964,427,-34.333333333333336,hiercomm_heur,saudi,2042.0,2042,8,california,cross_region
18.0,0.5,0.955849889624724,472,-28.0,hiercomm_heur,saudi,2042.0,2042,9,california,cross_region
21.0,0.3333333333333333,1.0,440,-34.333333333333336,hiercomm_heur,saudi,2042.0,2042,10,california,cross_region
18.0,0.5,0.9889624724061812,498,-28.0,hiercomm_heur,saudi,2042.0,2042,11,california,cross_region
18.0,0.5,1.0,380,-28.0,hiercomm_heur,saudi,2042.0,2042,12,california,cross_region
21.0,0.3333333333333333,1.0,493,-34.333333333333336,hiercomm_heur,saudi,2042.0,2042,13,california,cross_region
21.0,0.3333333333333333,1.0,523,-34.333333333333336,hiercomm_heur,saudi,2042.0,2042,14,california,cross_region
21.0,0.3333333333333333,0.8807947019867549,436,-34.333333333333336,hiercomm_heur,saudi,2042.0,3042,0,california,cross_region
21.0,0.3333333333333333,1.0,464,-34.333333333333336,hiercomm_heur,saudi,2042.0,3042,1,california,cross_region
21.0,0.3333333333333333,1.0,471,-34.333333333333336,hiercomm_heur,saudi,2042.0,3042,2,california,cross_region
21.0,0.3333333333333333,1.0,470,-34.333333333333336,hiercomm_heur,saudi,2042.0,3042,3,california,cross_region
15.0,0.5,1.0,427,-25.0,hiercomm_heur,saudi,2042.0,3042,4,california,cross_region
15.0,0.5,0.9955849889624724,490,-25.0,hiercomm_heur,saudi,2042.0,3042,5,california,cross_region
18.0,0.5,0.9028697571743928,361,-28.0,hiercomm_heur,saudi,2042.0,3042,6,california,cross_region
18.0,0.5,1.0,421,-28.0,hiercomm_heur,saudi,2042.0,3042,7,california,cross_region
15.0,0.5,1.0,512,-25.0,hiercomm_heur,saudi,2042.0,3042,8,california,cross_region
15.0,0.5,1.0,475,-25.0,hiercomm_heur,saudi,2042.0,3042,9,california,cross_region
18.0,0.5,0.9933774834437086,368,-28.0,hiercomm_heur,saudi,2042.0,3042,10,california,cross_region
18.0,0.5,1.0,379,-28.0,hiercomm_heur,saudi,2042.0,3042,11,california,cross_region
21.0,0.3333333333333333,0.9470198675496688,479,-34.333333333333336,hiercomm_heur,saudi,2042.0,3042,12,california,cross_region
21.0,0.3333333333333333,1.0,492,-34.333333333333336,hiercomm_heur,saudi,2042.0,3042,13,california,cross_region
21.0,0.3333333333333333,0.8874172185430463,479,-34.333333333333336,hiercomm_heur,saudi,2042.0,3042,14,california,cross_region
21.0,0.3333333333333333,1.0,461,-34.333333333333336,hiercomm_heur,saudi,2042.0,4042,0,california,cross_region
21.0,0.3333333333333333,1.0,514,-34.333333333333336,hiercomm_heur,saudi,2042.0,4042,1,california,cross_region
15.0,0.5,1.0,393,-25.0,hiercomm_heur,saudi,2042.0,4042,2,california,cross_region
18.0,0.5,1.0,367,-28.0,hiercomm_heur,saudi,2042.0,4042,3,california,cross_region
21.0,0.3333333333333333,1.0,436,-34.333333333333336,hiercomm_heur,saudi,2042.0,4042,4,california,cross_region
15.0,0.5,0.82560706401766,485,-25.0,hiercomm_heur,saudi,2042.0,4042,5,california,cross_region
21.0,0.3333333333333333,0.9955849889624724,474,-34.333333333333336,hiercomm_heur,saudi,2042.0,4042,6,california,cross_region
21.0,0.3333333333333333,0.9889624724061812,454,-34.333333333333336,hiercomm_heur,saudi,2042.0,4042,7,california,cross_region
15.0,0.5,0.9668874172185432,429,-25.4,hiercomm_heur,saudi,2042.0,4042,8,california,cross_region
15.0,0.5,1.0,431,-25.0,hiercomm_heur,saudi,2042.0,4042,9,california,cross_region
18.0,0.5,0.869757174392936,431,-28.0,hiercomm_heur,saudi,2042.0,4042,10,california,cross_region
21.0,0.3333333333333333,1.0,509,-34.333333333333336,hiercomm_heur,saudi,2042.0,4042,11,california,cross_region
21.0,0.3333333333333333,1.0,512,-34.333333333333336,hiercomm_heur,saudi,2042.0,4042,12,california,cross_region
15.0,0.5,0.9911699779249448,491,-25.0,hiercomm_heur,saudi,2042.0,4042,13,california,cross_region
21.0,0.3333333333333333,1.0,440,-34.333333333333336,hiercomm_heur,saudi,2042.0,4042,14,california,cross_region
18.0,0.5,1.0,389,-28.0,hiercomm_heur,saudi,3042.0,42,0,california,cross_region
6.0,0.8333333333333334,1.0,24,-9.333333333333332,hiercomm_heur,saudi,3042.0,42,1,california,cross_region
12.0,0.6666666666666666,1.0,71,-18.666666666666668,hiercomm_heur,saudi,3042.0,42,2,california,cross_region
25.0,0.3333333333333333,1.0,536,-38.333333333333336,hiercomm_heur,saudi,3042.0,42,3,california,cross_region
0.0,1.0,1.0,133,0.0,hiercomm_heur,saudi,3042.0,42,4,california,cross_region
12.0,0.6666666666666666,1.0,388,-18.666666666666668,hiercomm_heur,saudi,3042.0,42,5,california,cross_region
6.0,0.8333333333333334,1.0,374,-9.333333333333332,hiercomm_heur,saudi,3042.0,42,6,california,cross_region
12.0,0.6666666666666666,0.9801324503311258,198,-18.666666666666668,hiercomm_heur,saudi,3042.0,42,7,california,cross_region
3.0,0.8333333333333334,1.0,256,-6.333333333333332,hiercomm_heur,saudi,3042.0,42,8,california,cross_region
18.0,0.5,1.0,415,-28.0,hiercomm_heur,saudi,3042.0,42,9,california,cross_region
6.0,0.8333333333333334,0.9889624724061812,375,-9.333333333333332,hiercomm_heur,saudi,3042.0,42,10,california,cross_region
19.0,0.5,1.0,493,-29.0,hiercomm_heur,saudi,3042.0,42,11,california,cross_region
18.0,0.5,0.9977924944812362,415,-28.0,hiercomm_heur,saudi,3042.0,42,12,california,cross_region
6.0,0.8333333333333334,0.9735099337748344,418,-9.333333333333332,hiercomm_heur,saudi,3042.0,42,13,california,cross_region
12.0,0.6666666666666666,1.0,384,-18.666666666666668,hiercomm_heur,saudi,3042.0,42,14,california,cross_region
22.0,0.5,0.9713024282560706,709,-32.0,hiercomm_heur,saudi,3042.0,1042,0,california,cross_region
0.0,1.0,1.0,0,0.0,hiercomm_heur,saudi,3042.0,1042,1,california,cross_region
12.0,0.6666666666666666,1.0,96,-18.666666666666668,hiercomm_heur,saudi,3042.0,1042,2,california,cross_region
9.0,0.6666666666666666,0.9867549668874172,525,-15.666666666666668,hiercomm_heur,saudi,3042.0,1042,3,california,cross_region
15.0,0.5,0.9977924944812362,268,-25.0,hiercomm_heur,saudi,3042.0,1042,4,california,cross_region
6.0,0.8333333333333334,0.977924944812362,380,-9.333333333333332,hiercomm_heur,saudi,3042.0,1042,5,california,cross_region
12.0,0.6666666666666666,1.0,130,-18.666666666666668,hiercomm_heur,saudi,3042.0,1042,6,california,cross_region
12.0,0.6666666666666666,1.0,217,-18.666666666666668,hiercomm_heur,saudi,3042.0,1042,7,california,cross_region
12.0,0.6666666666666666,1.0,89,-18.666666666666668,hiercomm_heur,saudi,3042.0,1042,8,california,cross_region
16.0,0.6666666666666666,0.9315673289183224,578,-22.666666666666668,hiercomm_heur,saudi,3042.0,1042,9,california,cross_region
6.0,0.8333333333333334,1.0,292,-9.333333333333332,hiercomm_heur,saudi,3042.0,1042,10,california,cross_region
0.0,1.0,1.0,0,0.0,hiercomm_heur,saudi,3042.0,1042,11,california,cross_region
12.0,0.6666666666666666,1.0,94,-18.666666666666668,hiercomm_heur,saudi,3042.0,1042,12,california,cross_region
12.0,0.6666666666666666,1.0,389,-18.666666666666668,hiercomm_heur,saudi,3042.0,1042,13,california,cross_region
12.0,0.6666666666666666,1.0,394,-18.666666666666668,hiercomm_heur,saudi,3042.0,1042,14,california,cross_region
12.0,0.6666666666666666,1.0,93,-18.666666666666668,hiercomm_heur,saudi,3042.0,2042,0,california,cross_region
6.0,0.8333333333333334,1.0,140,-9.333333333333332,hiercomm_heur,saudi,3042.0,2042,1,california,cross_region
9.0,0.6666666666666666,0.9514348785871964,381,-15.666666666666668,hiercomm_heur,saudi,3042.0,2042,2,california,cross_region
0.0,1.0,1.0,54,0.0,hiercomm_heur,saudi,3042.0,2042,3,california,cross_region
12.0,0.6666666666666666,1.0,422,-18.666666666666668,hiercomm_heur,saudi,3042.0,2042,4,california,cross_region
6.0,0.8333333333333334,0.9977924944812362,367,-9.333333333333332,hiercomm_heur,saudi,3042.0,2042,5,california,cross_region
12.0,0.6666666666666666,0.9889624724061812,447,-18.666666666666668,hiercomm_heur,saudi,3042.0,2042,6,california,cross_region
12.0,0.6666666666666666,0.9977924944812362,393,-18.666666666666668,hiercomm_heur,saudi,3042.0,2042,7,california,cross_region
6.0,0.8333333333333334,1.0,124,-9.333333333333332,hiercomm_heur,saudi,3042.0,2042,8,california,cross_region
21.0,0.3333333333333333,0.9668874172185432,554,-34.333333333333336,hiercomm_heur,saudi,3042.0,2042,9,california,cross_region
6.0,0.8333333333333334,1.0,23,-9.333333333333332,hiercomm_heur,saudi,3042.0,2042,10,california,cross_region
18.0,0.5,1.0,415,-28.0,hiercomm_heur,saudi,3042.0,2042,11,california,cross_region
18.0,0.5,1.0,386,-28.0,hiercomm_heur,saudi,3042.0,2042,12,california,cross_region
12.0,0.6666666666666666,1.0,105,-18.666666666666668,hiercomm_heur,saudi,3042.0,2042,13,california,cross_region
25.0,0.3333333333333333,1.0,515,-38.333333333333336,hiercomm_heur,saudi,3042.0,2042,14,california,cross_region
0.0,1.0,0.9977924944812362,370,0.0,hiercomm_heur,saudi,3042.0,3042,0,california,cross_region
6.0,0.8333333333333334,1.0,380,-9.333333333333332,hiercomm_heur,saudi,3042.0,3042,1,california,cross_region
12.0,0.6666666666666666,0.9977924944812362,403,-18.666666666666668,hiercomm_heur,saudi,3042.0,3042,2,california,cross_region
21.0,0.3333333333333333,1.0,416,-34.333333333333336,hiercomm_heur,saudi,3042.0,3042,3,california,cross_region
12.0,0.6666666666666666,1.0,131,-18.666666666666668,hiercomm_heur,saudi,3042.0,3042,4,california,cross_region
21.0,0.3333333333333333,0.9933774834437086,455,-34.333333333333336,hiercomm_heur,saudi,3042.0,3042,5,california,cross_region
12.0,0.6666666666666666,1.0,84,-18.666666666666668,hiercomm_heur,saudi,3042.0,3042,6,california,cross_region
12.0,0.6666666666666666,0.955849889624724,229,-18.666666666666668,hiercomm_heur,saudi,3042.0,3042,7,california,cross_region
25.0,0.3333333333333333,1.0,531,-38.333333333333336,hiercomm_heur,saudi,3042.0,3042,8,california,cross_region
12.0,0.6666666666666666,1.0,94,-18.666666666666668,hiercomm_heur,saudi,3042.0,3042,9,california,cross_region
18.0,0.5,1.0,357,-28.0,hiercomm_heur,saudi,3042.0,3042,10,california,cross_region
21.0,0.3333333333333333,0.8653421633554084,415,-34.333333333333336,hiercomm_heur,saudi,3042.0,3042,11,california,cross_region
12.0,0.6666666666666666,1.0,416,-18.666666666666668,hiercomm_heur,saudi,3042.0,3042,12,california,cross_region
12.0,0.6666666666666666,1.0,92,-18.666666666666668,hiercomm_heur,saudi,3042.0,3042,13,california,cross_region
9.0,0.6666666666666666,1.0,415,-15.666666666666668,hiercomm_heur,saudi,3042.0,3042,14,california,cross_region
21.0,0.3333333333333333,0.9977924944812362,331,-34.333333333333336,hiercomm_heur,saudi,3042.0,4042,0,california,cross_region
6.0,0.8333333333333334,0.9977924944812362,420,-9.333333333333332,hiercomm_heur,saudi,3042.0,4042,1,california,cross_region
18.0,0.5,1.0,227,-28.0,hiercomm_heur,saudi,3042.0,4042,2,california,cross_region
12.0,0.6666666666666666,1.0,94,-18.666666666666668,hiercomm_heur,saudi,3042.0,4042,3,california,cross_region
6.0,0.8333333333333334,0.9713024282560706,412,-9.333333333333332,hiercomm_heur,saudi,3042.0,4042,4,california,cross_region
12.0,0.6666666666666666,1.0,74,-18.666666666666668,hiercomm_heur,saudi,3042.0,4042,5,california,cross_region
21.0,0.3333333333333333,0.9403973509933776,420,-34.333333333333336,hiercomm_heur,saudi,3042.0,4042,6,california,cross_region
18.0,0.5,1.0,416,-28.0,hiercomm_heur,saudi,3042.0,4042,7,california,cross_region
12.0,0.6666666666666666,1.0,107,-18.666666666666668,hiercomm_heur,saudi,3042.0,4042,8,california,cross_region
12.0,0.6666666666666666,1.0,69,-18.666666666666668,hiercomm_heur,saudi,3042.0,4042,9,california,cross_region
25.0,0.3333333333333333,1.0,494,-38.333333333333336,hiercomm_heur,saudi,3042.0,4042,10,california,cross_region
12.0,0.6666666666666666,1.0,94,-18.666666666666668,hiercomm_heur,saudi,3042.0,4042,11,california,cross_region
6.0,0.8333333333333334,1.0,405,-9.333333333333332,hiercomm_heur,saudi,3042.0,4042,12,california,cross_region
6.0,0.8333333333333334,1.0,295,-9.333333333333332,hiercomm_heur,saudi,3042.0,4042,13,california,cross_region
12.0,0.6666666666666666,0.9955849889624724,386,-18.666666666666668,hiercomm_heur,saudi,3042.0,4042,14,california,cross_region
31.0,0.1666666666666666,0.9955849889624724,635,-47.66666666666667,hiercomm_heur,saudi,4042.0,42,0,california,cross_region
24.0,0.1666666666666666,1.0,555,-40.66666666666667,hiercomm_heur,saudi,4042.0,42,1,california,cross_region
21.0,0.3333333333333333,1.0,474,-34.333333333333336,hiercomm_heur,saudi,4042.0,42,2,california,cross_region
34.0,0.0,1.0,677,-54.0,hiercomm_heur,saudi,4042.0,42,3,california,cross_region
24.0,0.1666666666666666,0.8631346578366446,446,-40.66666666666667,hiercomm_heur,saudi,4042.0,42,4,california,cross_region
15.0,0.5,0.7969094922737306,486,-25.0,hiercomm_heur,saudi,4042.0,42,5,california,cross_region
28.0,0.3333333333333333,0.9933774834437086,506,-41.333333333333336,hiercomm_heur,saudi,4042.0,42,6,california,cross_region
24.0,0.1666666666666666,1.0,549,-40.66666666666667,hiercomm_heur,saudi,4042.0,42,7,california,cross_region
15.0,0.5,1.0,377,-25.0,hiercomm_heur,saudi,4042.0,42,8,california,cross_region
21.0,0.3333333333333333,0.9949874686716792,415,-34.333333333333336,hiercomm_heur,saudi,4042.0,42,9,california,cross_region
31.0,0.1666666666666666,0.9955849889624724,614,-47.66666666666667,hiercomm_heur,saudi,4042.0,42,10,california,cross_region
21.0,0.3333333333333333,1.0,598,-34.333333333333336,hiercomm_heur,saudi,4042.0,42,11,california,cross_region
18.0,0.5,0.9955849889624724,472,-28.0,hiercomm_heur,saudi,4042.0,42,12,california,cross_region
31.0,0.1666666666666666,0.9955555555555556,567,-47.66666666666667,hiercomm_heur,saudi,4042.0,42,13,california,cross_region
31.0,0.1666666666666666,0.9955257270693512,544,-47.66666666666667,hiercomm_heur,saudi,4042.0,42,14,california,cross_region
31.0,0.1666666666666666,0.9952380952380953,509,-47.66666666666667,hiercomm_heur,saudi,4042.0,1042,0,california,cross_region
15.0,0.5,1.0,257,-25.0,hiercomm_heur,saudi,4042.0,1042,1,california,cross_region
21.0,0.3333333333333333,1.0,431,-34.333333333333336,hiercomm_heur,saudi,4042.0,1042,2,california,cross_region
21.0,0.3333333333333333,0.9867549668874172,589,-34.43333333333334,hiercomm_heur,saudi,4042.0,1042,3,california,cross_region
24.0,0.1666666666666666,1.0,580,-40.66666666666667,hiercomm_heur,saudi,4042.0,1042,4,california,cross_region
31.0,0.1666666666666666,0.9955849889624724,540,-47.66666666666667,hiercomm_heur,saudi,4042.0,1042,5,california,cross_region
21.0,0.3333333333333333,1.0,559,-34.333333333333336,hiercomm_heur,saudi,4042.0,1042,6,california,cross_region
31.0,0.1666666666666666,0.9924242424242424,512,-47.66666666666667,hiercomm_heur,saudi,4042.0,1042,7,california,cross_region
22.0,0.5,0.9944903581267218,243,-32.0,hiercomm_heur,saudi,4042.0,1042,8,california,cross_region
31.0,0.1666666666666666,0.9955849889624724,614,-47.66666666666667,hiercomm_heur,saudi,4042.0,1042,9,california,cross_region
21.0,0.3333333333333333,0.9977924944812362,514,-34.333333333333336,hiercomm_heur,saudi,4042.0,1042,10,california,cross_region
15.0,0.5,1.0,267,-25.0,hiercomm_heur,saudi,4042.0,1042,11,california,cross_region
21.0,0.3333333333333333,1.0,489,-34.333333333333336,hiercomm_heur,saudi,4042.0,1042,12,california,cross_region
15.0,0.5,0.9470198675496688,442,-25.70000000000001,hiercomm_heur,saudi,4042.0,1042,13,california,cross_region
15.0,0.5,0.9953379953379954,390,-25.0,hiercomm_heur,saudi,4042.0,1042,14,california,cross_region
21.0,0.3333333333333333,1.0,474,-34.333333333333336,hiercomm_heur,saudi,4042.0,2042,0,california,cross_region
15.0,0.5,0.9977924944812362,477,-25.0,hiercomm_heur,saudi,4042.0,2042,1,california,cross_region
12.0,0.6666666666666666,1.0,419,-18.666666666666668,hiercomm_heur,saudi,4042.0,2042,2,california,cross_region
15.0,0.5,1.0,408,-25.0,hiercomm_heur,saudi,4042.0,2042,3,california,cross_region
31.0,0.1666666666666666,0.9955849889624724,543,-47.66666666666667,hiercomm_heur,saudi,4042.0,2042,4,california,cross_region
31.0,0.1666666666666666,0.9955849889624724,611,-47.66666666666667,hiercomm_heur,saudi,4042.0,2042,5,california,cross_region
21.0,0.3333333333333333,0.9954337899543378,576,-34.333333333333336,hiercomm_heur,saudi,4042.0,2042,6,california,cross_region
15.0,0.5,0.7792494481236203,469,-25.0,hiercomm_heur,saudi,4042.0,2042,7,california,cross_region
21.0,0.3333333333333333,1.0,474,-34.333333333333336,hiercomm_heur,saudi,4042.0,2042,8,california,cross_region
21.0,0.3333333333333333,1.0,607,-34.333333333333336,hiercomm_heur,saudi,4042.0,2042,9,california,cross_region
24.0,0.1666666666666666,0.9977924944812362,555,-40.66666666666667,hiercomm_heur,saudi,4042.0,2042,10,california,cross_region
21.0,0.3333333333333333,0.9949874686716792,417,-34.333333333333336,hiercomm_heur,saudi,4042.0,2042,11,california,cross_region
31.0,0.1666666666666666,0.9955849889624724,602,-47.66666666666667,hiercomm_heur,saudi,4042.0,2042,12,california,cross_region
21.0,0.3333333333333333,1.0,585,-34.333333333333336,hiercomm_heur,saudi,4042.0,2042,13,california,cross_region
21.0,0.3333333333333333,1.0,509,-34.333333333333336,hiercomm_heur,saudi,4042.0,2042,14,california,cross_region
28.0,0.3333333333333333,0.9928571428571428,456,-41.333333333333336,hiercomm_heur,saudi,4042.0,3042,0,california,cross_region
28.0,0.3333333333333333,0.9933774834437086,525,-41.333333333333336,hiercomm_heur,saudi,4042.0,3042,1,california,cross_region
31.0,0.1666666666666666,0.9947089947089948,448,-47.66666666666667,hiercomm_heur,saudi,4042.0,3042,2,california,cross_region
21.0,0.3333333333333333,1.0,467,-34.333333333333336,hiercomm_heur,saudi,4042.0,3042,3,california,cross_region
22.0,0.5,0.9955849889624724,249,-32.0,hiercomm_heur,saudi,4042.0,3042,4,california,cross_region
21.0,0.3333333333333333,1.0,432,-34.333333333333336,hiercomm_heur,saudi,4042.0,3042,5,california,cross_region
21.0,0.3333333333333333,0.9952038369304556,421,-34.333333333333336,hiercomm_heur,saudi,4042.0,3042,6,california,cross_region
21.0,0.3333333333333333,1.0,471,-34.333333333333336,hiercomm_heur,saudi,4042.0,3042,7,california,cross_region
21.0,0.3333333333333333,0.9889624724061812,466,-34.333333333333336,hiercomm_heur,saudi,4042.0,3042,8,california,cross_region
21.0,0.3333333333333333,1.0,467,-34.333333333333336,hiercomm_heur,saudi,4042.0,3042,9,california,cross_region
21.0,0.3333333333333333,0.9955849889624724,459,-34.333333333333336,hiercomm_heur,saudi,4042.0,3042,10,california,cross_region
15.0,0.5,1.0,416,-25.0,hiercomm_heur,saudi,4042.0,3042,11,california,cross_region
21.0,0.3333333333333333,0.9955849889624724,534,-34.333333333333336,hiercomm_heur,saudi,4042.0,3042,12,california,cross_region
21.0,0.3333333333333333,1.0,557,-34.333333333333336,hiercomm_heur,saudi,4042.0,3042,13,california,cross_region
15.0,0.5,1.0,405,-25.0,hiercomm_heur,saudi,4042.0,3042,14,california,cross_region
21.0,0.3333333333333333,1.0,466,-34.333333333333336,hiercomm_heur,saudi,4042.0,4042,0,california,cross_region
31.0,0.1666666666666666,0.9955555555555556,651,-47.66666666666667,hiercomm_heur,saudi,4042.0,4042,1,california,cross_region
31.0,0.1666666666666666,0.9955849889624724,572,-47.66666666666667,hiercomm_heur,saudi,4042.0,4042,2,california,cross_region
15.0,0.5,1.0,454,-25.0,hiercomm_heur,saudi,4042.0,4042,3,california,cross_region
31.0,0.1666666666666666,0.8388520971302428,555,-47.66666666666667,hiercomm_heur,saudi,4042.0,4042,4,california,cross_region
21.0,0.3333333333333333,1.0,590,-34.333333333333336,hiercomm_heur,saudi,4042.0,4042,5,california,cross_region
21.0,0.3333333333333333,1.0,468,-34.333333333333336,hiercomm_heur,saudi,4042.0,4042,6,california,cross_region
22.0,0.5,0.9933774834437086,294,-32.0,hiercomm_heur,saudi,4042.0,4042,7,california,cross_region
28.0,0.3333333333333333,0.981981981981982,483,-41.43333333333333,hiercomm_heur,saudi,4042.0,4042,8,california,cross_region
21.0,0.3333333333333333,0.9955849889624724,503,-34.333333333333336,hiercomm_heur,saudi,4042.0,4042,9,california,cross_region
21.0,0.3333333333333333,1.0,497,-34.333333333333336,hiercomm_heur,saudi,4042.0,4042,10,california,cross_region
21.0,0.3333333333333333,1.0,486,-34.333333333333336,hiercomm_heur,saudi,4042.0,4042,11,california,cross_region
31.0,0.1666666666666666,0.9823399558498896,564,-47.766666666666666,hiercomm_heur,saudi,4042.0,4042,12,california,cross_region
31.0,0.1666666666666666,0.9955849889624724,592,-47.66666666666667,hiercomm_heur,saudi,4042.0,4042,13,california,cross_region
18.0,0.5,0.9955849889624724,413,-28.0,hiercomm_heur,saudi,4042.0,4042,14,california,cross_region
