WEL,ISR,CE,burned,return,policy,ckpt_region,train_seed,eval_seed,episode,eval_region
0.0,1.0,0.9249448123620309,118,-0.4,commnet,saudi,42,42,0,saudi
13.0,0.5714285714285714,0.9315673289183224,224,-21.77142857142857,commnet,saudi,42,42,1,saudi
14.0,0.7142857142857143,0.9602649006622516,249,-19.91428571428571,commnet,saudi,42,42,2,saudi
19.0,0.5714285714285714,0.9470198675496688,249,-28.07142857142857,commnet,saudi,42,42,3,saudi
6.0,0.8571428571428571,0.9094922737306844,119,-9.357142857142858,commnet,saudi,42,42,4,saudi
10.0,0.7142857142857143,0.9536423841059604,338,-16.014285714285712,commnet,saudi,42,42,5,saudi
0.0,1.0,0.7218543046357616,167,-0.3,commnet,saudi,42,42,6,saudi
0.0,1.0,0.9668874172185432,131,-0.3,commnet,saudi,42,42,7,saudi
9.0,0.7142857142857143,0.9381898454746136,215,-14.914285714285713,commnet,saudi,42,42,8,saudi
10.0,0.7142857142857143,0.9536423841059604,410,-16.014285714285712,commnet,saudi,42,42,9,saudi
4.0,0.8571428571428571,0.9315673289183224,271,-7.357142857142858,commnet,saudi,42,42,10,saudi
0.0,1.0,0.9249448123620309,119,-0.4,commnet,saudi,42,42,11,saudi
4.0,0.8571428571428571,0.9315673289183224,461,-7.357142857142858,commnet,saudi,42,42,12,saudi
0.0,1.0,0.9183222958057397,347,-0.4,commnet,saudi,42,42,13,saudi
0.0,1.0,0.958057395143488,222,-0.3,commnet,saudi,42,42,14,saudi
9.0,0.7142857142857143,0.7637969094922737,343,-14.814285714285711,commnet,saudi,42,1042,0,saudi
4.0,0.8571428571428571,1.0,250,-6.857142857142858,commnet,saudi,42,1042,1,saudi
19.0,0.5714285714285714,0.9381898454746136,214,-27.77142857142857,commnet,saudi,42,1042,2,saudi
23.0,0.4285714285714285,0.6865342163355408,348,-34.628571428571426,commnet,saudi,42,1042,3,saudi
13.0,0.5714285714285714,0.8896247240618101,243,-21.77142857142857,commnet,saudi,42,1042,4,saudi
0.0,1.0,0.958057395143488,264,-0.3,commnet,saudi,42,1042,5,saudi
10.0,0.8571428571428571,0.9602649006622516,250,-13.157142857142857,commnet,saudi,42,1042,6,saudi
4.0,0.8571428571428571,0.6887417218543046,379,-7.257142857142858,commnet,saudi,42,1042,7,saudi
4.0,0.8571428571428571,0.9028697571743928,357,-7.357142857142858,commnet,saudi,42,1042,8,saudi
0.0,1.0,0.9072847682119204,299,-0.3,commnet,saudi,42,1042,9,saudi
10.0,0.8571428571428571,0.7019867549668874,243,-13.157142857142857,commnet,saudi,42,1042,10,saudi
8.0,0.7142857142857143,1.0,258,-13.714285714285714,commnet,saudi,42,1042,11,saudi
14.0,0.7142857142857143,0.8565121412803532,336,-19.91428571428571,commnet,saudi,42,1042,12,saudi
4.0,0.8571428571428571,0.9426048565121412,299,-7.1571428571428575,commnet,saudi,42,1042,13,saudi
10.0,0.7142857142857143,0.869757174392936,390,-16.014285714285712,commnet,saudi,42,1042,14,saudi
23.0,0.4285714285714285,0.6821192052980133,368,-34.528571428571425,commnet,saudi,42,2042,0,saudi
0.0,1.0,0.9271523178807948,126,-0.4000000000000003,commnet,saudi,42,2042,1,saudi
19.0,0.5714285714285714,0.6865342163355408,278,-27.77142857142857,commnet,saudi,42,2042,2,saudi
0.0,1.0,0.9668874172185432,248,-0.3,commnet,saudi,42,2042,3,saudi
10.0,0.7142857142857143,0.8300220750551877,424,-16.014285714285712,commnet,saudi,42,2042,4,saudi
6.0,0.8571428571428571,0.9867549668874172,293,-8.957142857142857,commnet,saudi,42,2042,5,saudi
14.0,0.7142857142857143,0.6843267108167771,365,-20.014285714285712,commnet,saudi,42,2042,6,saudi
0.0,1.0,0.958057395143488,333,-0.3,commnet,saudi,42,2042,7,saudi
13.0,0.5714285714285714,0.8896247240618101,242,-21.77142857142857,commnet,saudi,42,2042,8,saudi
4.0,0.8571428571428571,0.6887417218543046,357,-7.157142857142857,commnet,saudi,42,2042,9,saudi
13.0,0.5714285714285714,0.9050772626931568,197,-21.77142857142857,commnet,saudi,42,2042,10,saudi
10.0,0.7142857142857143,0.9536423841059604,411,-16.014285714285712,commnet,saudi,42,2042,11,saudi
0.0,1.0,0.7483443708609272,393,-0.7,commnet,saudi,42,2042,12,saudi
10.0,0.8571428571428571,0.93598233995585,249,-13.157142857142857,commnet,saudi,42,2042,13,saudi
23.0,0.4285714285714285,0.8543046357615894,275,-34.528571428571425,commnet,saudi,42,2042,14,saudi
0.0,1.0,0.6865342163355408,137,-0.4,commnet,saudi,42,3042,0,saudi
0.0,1.0,0.9470198675496688,102,-0.3,commnet,saudi,42,3042,1,saudi
0.0,1.0,0.958057395143488,327,-0.3,commnet,saudi,42,3042,2,saudi
10.0,0.8571428571428571,0.9602649006622516,266,-13.157142857142857,commnet,saudi,42,3042,3,saudi
14.0,0.7142857142857143,0.6887417218543046,399,-20.114285714285717,commnet,saudi,42,3042,4,saudi
14.0,0.7142857142857143,0.9668874172185432,276,-19.91428571428571,commnet,saudi,42,3042,5,saudi
4.0,0.8571428571428571,0.6821192052980133,355,-7.257142857142858,commnet,saudi,42,3042,6,saudi
13.0,0.5714285714285714,0.9249448123620309,237,-21.77142857142857,commnet,saudi,42,3042,7,saudi
23.0,0.4285714285714285,0.9867549668874172,329,-34.528571428571425,commnet,saudi,42,3042,8,saudi
16.0,0.7142857142857143,0.6909492273730684,243,-21.91428571428571,commnet,saudi,42,3042,9,saudi
0.0,1.0,0.933774834437086,387,-0.4,commnet,saudi,42,3042,10,saudi
14.0,0.7142857142857143,0.7593818984547461,271,-19.91428571428571,commnet,saudi,42,3042,11,saudi
4.0,0.8571428571428571,0.6865342163355408,315,-7.257142857142858,commnet,saudi,42,3042,12,saudi
10.0,0.8571428571428571,0.6821192052980133,292,-13.257142857142856,commnet,saudi,42,3042,13,saudi
24.0,0.4285714285714285,0.6821192052980133,279,-35.72857142857143,commnet,saudi,42,3042,14,saudi
10.0,0.8571428571428571,0.9602649006622516,250,-13.157142857142857,commnet,saudi,42,4042,0,saudi
0.0,1.0,0.9470198675496688,127,-0.3,commnet,saudi,42,4042,1,saudi
14.0,0.7142857142857143,0.6865342163355408,411,-20.114285714285717,commnet,saudi,42,4042,2,saudi
13.0,0.5714285714285714,0.6865342163355408,208,-21.77142857142857,commnet,saudi,42,4042,3,saudi
0.0,1.0,0.958057395143488,351,-0.3,commnet,saudi,42,4042,4,saudi
10.0,0.8571428571428571,0.7019867549668874,248,-13.157142857142857,commnet,saudi,42,4042,5,saudi
14.0,0.7142857142857143,0.9690949227373068,248,-19.91428571428571,commnet,saudi,42,4042,6,saudi
18.0,0.5714285714285714,0.6821192052980133,328,-27.071428571428577,commnet,saudi,42,4042,7,saudi
10.0,0.8571428571428571,0.6821192052980133,320,-13.057142857142855,commnet,saudi,42,4042,8,saudi
14.0,0.7142857142857143,0.8123620309050773,409,-20.114285714285717,commnet,saudi,42,4042,9,saudi
20.0,0.5714285714285714,0.7262693156732892,314,-28.77142857142857,commnet,saudi,42,4042,10,saudi
14.0,0.7142857142857143,0.8543046357615894,332,-19.91428571428571,commnet,saudi,42,4042,11,saudi
10.0,0.8571428571428571,0.7593818984547461,348,-13.257142857142856,commnet,saudi,42,4042,12,saudi
20.0,0.5714285714285714,0.6997792494481236,370,-28.77142857142857,commnet,saudi,42,4042,13,saudi
4.0,0.8571428571428571,0.7262693156732892,458,-7.1571428571428575,commnet,saudi,42,4042,14,saudi
10.0,0.7142857142857143,1.0,164,-15.714285714285714,commnet,saudi,1042,42,0,saudi
23.0,0.4285714285714285,1.0,150,-34.42857142857143,commnet,saudi,1042,42,1,saudi
27.0,0.2857142857142857,0.6975717439293598,293,-41.285714285714285,commnet,saudi,1042,42,2,saudi
16.0,0.7142857142857143,1.0,144,-21.714285714285715,commnet,saudi,1042,42,3,saudi
9.0,0.7142857142857143,1.0,107,-14.714285714285714,commnet,saudi,1042,42,4,saudi
10.0,0.7142857142857143,1.0,73,-15.714285714285714,commnet,saudi,1042,42,5,saudi
6.0,0.8571428571428571,1.0,74,-8.857142857142858,commnet,saudi,1042,42,6,saudi
6.0,0.8571428571428571,1.0,134,-8.857142857142858,commnet,saudi,1042,42,7,saudi
9.0,0.7142857142857143,1.0,118,-14.714285714285714,commnet,saudi,1042,42,8,saudi
10.0,0.7142857142857143,1.0,385,-15.714285714285714,commnet,saudi,1042,42,9,saudi
10.0,0.7142857142857143,1.0,207,-15.714285714285714,commnet,saudi,1042,42,10,saudi
10.0,0.7142857142857143,1.0,175,-15.714285714285714,commnet,saudi,1042,42,11,saudi
24.0,0.4285714285714285,1.0,498,-35.42857142857143,commnet,saudi,1042,42,12,saudi
6.0,0.8571428571428571,0.7041942604856513,104,-8.857142857142858,commnet,saudi,1042,42,13,saudi
6.0,0.8571428571428571,1.0,76,-8.857142857142858,commnet,saudi,1042,42,14,saudi
24.0,0.4285714285714285,1.0,337,-35.42857142857143,commnet,saudi,1042,1042,0,saudi
24.0,0.4285714285714285,0.9094922737306844,198,-36.02857142857143,commnet,saudi,1042,1042,1,saudi
23.0,0.4285714285714285,1.0,261,-34.42857142857143,commnet,saudi,1042,1042,2,saudi
27.0,0.2857142857142857,1.0,344,-41.285714285714285,commnet,saudi,1042,1042,3,saudi
23.0,0.4285714285714285,1.0,175,-34.42857142857143,commnet,saudi,1042,1042,4,saudi
10.0,0.7142857142857143,1.0,262,-15.714285714285714,commnet,saudi,1042,1042,5,saudi
14.0,0.5714285714285714,1.0,285,-22.571428571428573,commnet,saudi,1042,1042,6,saudi
6.0,0.8571428571428571,1.0,73,-8.857142857142858,commnet,saudi,1042,1042,7,saudi
24.0,0.4285714285714285,1.0,395,-35.42857142857143,commnet,saudi,1042,1042,8,saudi
10.0,0.7142857142857143,1.0,277,-15.714285714285714,commnet,saudi,1042,1042,9,saudi
18.0,0.5714285714285714,0.9911699779249448,270,-26.67142857142857,commnet,saudi,1042,1042,10,saudi
24.0,0.4285714285714285,0.9161147902869756,205,-35.72857142857143,commnet,saudi,1042,1042,11,saudi
10.0,0.7142857142857143,0.9955849889624724,272,-15.714285714285714,commnet,saudi,1042,1042,12,saudi
6.0,0.8571428571428571,1.0,76,-8.857142857142858,commnet,saudi,1042,1042,13,saudi
10.0,0.7142857142857143,1.0,201,-15.714285714285714,commnet,saudi,1042,1042,14,saudi
17.0,0.4285714285714285,1.0,318,-28.42857142857143,commnet,saudi,1042,2042,0,saudi
6.0,0.8571428571428571,1.0,102,-8.857142857142858,commnet,saudi,1042,2042,1,saudi
9.0,0.7142857142857143,1.0,162,-14.714285714285714,commnet,saudi,1042,2042,2,saudi
6.0,0.8571428571428571,1.0,243,-8.857142857142858,commnet,saudi,1042,2042,3,saudi
14.0,0.7142857142857143,1.0,440,-19.714285714285715,commnet,saudi,1042,2042,4,saudi
24.0,0.4285714285714285,1.0,293,-35.42857142857143,commnet,saudi,1042,2042,5,saudi
14.0,0.5714285714285714,1.0,367,-22.571428571428573,commnet,saudi,1042,2042,6,saudi
10.0,0.7142857142857143,1.0,168,-15.714285714285714,commnet,saudi,1042,2042,7,saudi
23.0,0.4285714285714285,1.0,175,-34.42857142857143,commnet,saudi,1042,2042,8,saudi
24.0,0.4285714285714285,1.0,360,-35.42857142857143,commnet,saudi,1042,2042,9,saudi
9.0,0.7142857142857143,1.0,171,-14.714285714285714,commnet,saudi,1042,2042,10,saudi
10.0,0.7142857142857143,1.0,386,-15.714285714285714,commnet,saudi,1042,2042,11,saudi
6.0,0.8571428571428571,0.7041942604856513,107,-8.857142857142858,commnet,saudi,1042,2042,12,saudi
14.0,0.7142857142857143,1.0,263,-19.714285714285715,commnet,saudi,1042,2042,13,saudi
16.0,0.7142857142857143,1.0,157,-21.714285714285715,commnet,saudi,1042,2042,14,saudi
6.0,0.8571428571428571,1.0,41,-8.857142857142858,commnet,saudi,1042,3042,0,saudi
6.0,0.8571428571428571,1.0,60,-8.857142857142858,commnet,saudi,1042,3042,1,saudi
6.0,0.8571428571428571,1.0,200,-8.857142857142858,commnet,saudi,1042,3042,2,saudi
14.0,0.5714285714285714,1.0,288,-22.571428571428573,commnet,saudi,1042,3042,3,saudi
10.0,0.7142857142857143,1.0,283,-15.714285714285714,commnet,saudi,1042,3042,4,saudi
14.0,0.7142857142857143,1.0,256,-19.714285714285715,commnet,saudi,1042,3042,5,saudi
10.0,0.7142857142857143,1.0,175,-15.714285714285714,commnet,saudi,1042,3042,6,saudi
9.0,0.7142857142857143,1.0,82,-14.714285714285714,commnet,saudi,1042,3042,7,saudi
24.0,0.4285714285714285,1.0,379,-35.42857142857143,commnet,saudi,1042,3042,8,saudi
24.0,0.4285714285714285,0.8013245033112583,297,-35.42857142857143,commnet,saudi,1042,3042,9,saudi
10.0,0.7142857142857143,0.7041942604856513,164,-15.714285714285714,commnet,saudi,1042,3042,10,saudi
16.0,0.7142857142857143,1.0,150,-21.714285714285715,commnet,saudi,1042,3042,11,saudi
6.0,0.8571428571428571,1.0,73,-8.857142857142858,commnet,saudi,1042,3042,12,saudi
24.0,0.4285714285714285,1.0,296,-35.42857142857143,commnet,saudi,1042,3042,13,saudi
20.0,0.5714285714285714,1.0,237,-28.571428571428577,commnet,saudi,1042,3042,14,saudi
14.0,0.5714285714285714,1.0,285,-22.571428571428573,commnet,saudi,1042,4042,0,saudi
6.0,0.8571428571428571,1.0,61,-8.857142857142858,commnet,saudi,1042,4042,1,saudi
10.0,0.7142857142857143,1.0,324,-15.714285714285714,commnet,saudi,1042,4042,2,saudi
9.0,0.7142857142857143,1.0,150,-14.714285714285714,commnet,saudi,1042,4042,3,saudi
10.0,0.7142857142857143,1.0,250,-15.714285714285714,commnet,saudi,1042,4042,4,saudi
16.0,0.7142857142857143,0.977924944812362,273,-21.814285714285717,commnet,saudi,1042,4042,5,saudi
14.0,0.5714285714285714,1.0,290,-22.571428571428573,commnet,saudi,1042,4042,6,saudi
10.0,0.7142857142857143,1.0,204,-15.714285714285714,commnet,saudi,1042,4042,7,saudi
16.0,0.7142857142857143,1.0,201,-21.714285714285715,commnet,saudi,1042,4042,8,saudi
10.0,0.7142857142857143,1.0,316,-15.714285714285714,commnet,saudi,1042,4042,9,saudi
24.0,0.4285714285714285,1.0,279,-35.42857142857143,commnet,saudi,1042,4042,10,saudi
10.0,0.7142857142857143,0.9403973509933776,237,-15.714285714285714,commnet,saudi,1042,4042,11,saudi
10.0,0.7142857142857143,1.0,128,-15.714285714285714,commnet,saudi,1042,4042,12,saudi
24.0,0.4285714285714285,0.7019867549668874,440,-35.42857142857143,commnet,saudi,1042,4042,13,saudi
6.0,0.8571428571428571,1.0,127,-8.857142857142858,commnet,saudi,1042,4042,14,saudi
4.0,0.8571428571428571,0.7130242825607064,184,-7.1571428571428575,commnet,saudi,2042,42,0,saudi
23.0,0.4285714285714285,0.8984547461368654,216,-34.528571428571425,commnet,saudi,2042,42,1,saudi
18.0,0.5714285714285714,0.6997792494481236,339,-26.77142857142857,commnet,saudi,2042,42,2,saudi
14.0,0.7142857142857143,1.0,239,-19.714285714285715,commnet,saudi,2042,42,3,saudi
0.0,1.0,0.7902869757174393,121,-0.3,commnet,saudi,2042,42,4,saudi
6.0,0.8571428571428571,0.739514348785872,152,-9.157142857142858,commnet,saudi,2042,42,5,saudi
6.0,0.8571428571428571,0.7947019867549668,127,-9.157142857142858,commnet,saudi,2042,42,6,saudi
20.0,0.5714285714285714,0.869757174392936,279,-28.67142857142857,commnet,saudi,2042,42,7,saudi
23.0,0.4285714285714285,0.6865342163355408,294,-34.528571428571425,commnet,saudi,2042,42,8,saudi
0.0,1.0,0.6843267108167771,229,-0.3,commnet,saudi,2042,42,9,saudi
18.0,0.5714285714285714,0.8631346578366446,378,-26.67142857142857,commnet,saudi,2042,42,10,saudi
4.0,0.8571428571428571,0.7152317880794702,195,-7.1571428571428575,commnet,saudi,2042,42,11,saudi
4.0,0.8571428571428571,0.8410596026490066,452,-7.1571428571428575,commnet,saudi,2042,42,12,saudi
0.0,1.0,0.8741721854304636,231,-0.2,commnet,saudi,2042,42,13,saudi
6.0,0.8571428571428571,0.8631346578366446,147,-9.157142857142858,commnet,saudi,2042,42,14,saudi
14.0,0.7142857142857143,0.7108167770419426,361,-19.814285714285717,commnet,saudi,2042,1042,0,saudi
18.0,0.5714285714285714,0.6843267108167771,283,-26.871428571428574,commnet,saudi,2042,1042,1,saudi
23.0,0.4285714285714285,0.6865342163355408,303,-34.528571428571425,commnet,saudi,2042,1042,2,saudi
27.0,0.2857142857142857,0.7041942604856513,416,-41.38571428571428,commnet,saudi,2042,1042,3,saudi
23.0,0.4285714285714285,0.6865342163355408,265,-34.528571428571425,commnet,saudi,2042,1042,4,saudi
0.0,1.0,0.6865342163355408,156,-0.3,commnet,saudi,2042,1042,5,saudi
14.0,0.7142857142857143,0.6931567328918322,289,-19.91428571428571,commnet,saudi,2042,1042,6,saudi
6.0,0.8571428571428571,0.8344370860927153,150,-9.157142857142858,commnet,saudi,2042,1042,7,saudi
4.0,0.8571428571428571,0.6887417218543046,274,-7.1571428571428575,commnet,saudi,2042,1042,8,saudi
0.0,1.0,0.6865342163355408,161,-0.3,commnet,saudi,2042,1042,9,saudi
18.0,0.5714285714285714,0.6887417218543046,288,-26.77142857142857,commnet,saudi,2042,1042,10,saudi
18.0,0.5714285714285714,0.9602649006622516,262,-26.77142857142857,commnet,saudi,2042,1042,11,saudi
14.0,0.7142857142857143,0.8278145695364238,396,-19.91428571428571,commnet,saudi,2042,1042,12,saudi
6.0,0.8571428571428571,0.8587196467991169,143,-9.157142857142858,commnet,saudi,2042,1042,13,saudi
6.0,0.8571428571428571,0.7350993377483444,181,-9.157142857142858,commnet,saudi,2042,1042,14,saudi
27.0,0.2857142857142857,0.6865342163355408,403,-41.38571428571428,commnet,saudi,2042,2042,0,saudi
0.0,1.0,0.8079470198675497,127,-0.3,commnet,saudi,2042,2042,1,saudi
27.0,0.2857142857142857,0.6865342163355408,356,-41.38571428571428,commnet,saudi,2042,2042,2,saudi
23.0,0.4285714285714285,0.9757174392935982,367,-34.42857142857143,commnet,saudi,2042,2042,3,saudi
0.0,1.0,0.8565121412803532,245,-0.3,commnet,saudi,2042,2042,4,saudi
18.0,0.5714285714285714,0.9072847682119204,358,-26.77142857142857,commnet,saudi,2042,2042,5,saudi
18.0,0.5714285714285714,0.6931567328918322,388,-26.77142857142857,commnet,saudi,2042,2042,6,saudi
0.0,1.0,0.6843267108167771,176,-0.3,commnet,saudi,2042,2042,7,saudi
23.0,0.4285714285714285,0.6865342163355408,265,-34.528571428571425,commnet,saudi,2042,2042,8,saudi
14.0,0.7142857142857143,0.9271523178807948,366,-19.814285714285717,commnet,saudi,2042,2042,9,saudi
23.0,0.4285714285714285,0.6865342163355408,251,-34.528571428571425,commnet,saudi,2042,2042,10,saudi
0.0,1.0,0.6843267108167771,230,-0.3,commnet,saudi,2042,2042,11,saudi
0.0,1.0,0.8520971302428256,210,-0.2,commnet,saudi,2042,2042,12,saudi
14.0,0.7142857142857143,0.8807947019867549,286,-19.814285714285717,commnet,saudi,2042,2042,13,saudi
27.0,0.2857142857142857,0.6865342163355408,316,-41.285714285714285,commnet,saudi,2042,2042,14,saudi
6.0,0.8571428571428571,0.8167770419426048,110,-9.157142857142858,commnet,saudi,2042,3042,0,saudi
18.0,0.5714285714285714,0.695364238410596,321,-26.77142857142857,commnet,saudi,2042,3042,1,saudi
0.0,1.0,0.6843267108167771,185,-0.3,commnet,saudi,2042,3042,2,saudi
14.0,0.7142857142857143,0.7571743929359823,292,-19.91428571428571,commnet,saudi,2042,3042,3,saudi
0.0,1.0,0.6865342163355408,267,-0.3,commnet,saudi,2042,3042,4,saudi
10.0,0.8571428571428571,0.8807947019867549,280,-12.957142857142856,commnet,saudi,2042,3042,5,saudi
4.0,0.8571428571428571,0.6865342163355408,356,-7.1571428571428575,commnet,saudi,2042,3042,6,saudi
23.0,0.4285714285714285,0.6865342163355408,231,-34.528571428571425,commnet,saudi,2042,3042,7,saudi
14.0,0.7142857142857143,0.9955849889624724,389,-19.714285714285715,commnet,saudi,2042,3042,8,saudi
14.0,0.7142857142857143,0.7019867549668874,338,-19.91428571428571,commnet,saudi,2042,3042,9,saudi
0.0,1.0,0.8388520971302428,195,-0.2,commnet,saudi,2042,3042,10,saudi
14.0,0.7142857142857143,0.695364238410596,282,-19.91428571428571,commnet,saudi,2042,3042,11,saudi
6.0,0.8571428571428571,0.7571743929359823,136,-9.157142857142858,commnet,saudi,2042,3042,12,saudi
18.0,0.5714285714285714,0.9072847682119204,365,-26.77142857142857,commnet,saudi,2042,3042,13,saudi
9.0,0.7142857142857143,0.6843267108167771,82,-14.914285714285713,commnet,saudi,2042,3042,14,saudi
14.0,0.7142857142857143,0.6931567328918322,289,-19.91428571428571,commnet,saudi,2042,4042,0,saudi
18.0,0.5714285714285714,0.6865342163355408,349,-26.871428571428574,commnet,saudi,2042,4042,1,saudi
4.0,0.8571428571428571,0.8211920529801324,301,-7.1571428571428575,commnet,saudi,2042,4042,2,saudi
23.0,0.4285714285714285,0.6865342163355408,254,-34.528571428571425,commnet,saudi,2042,4042,3,saudi
0.0,1.0,0.6887417218543046,220,-0.2,commnet,saudi,2042,4042,4,saudi
18.0,0.5714285714285714,0.6997792494481236,327,-26.77142857142857,commnet,saudi,2042,4042,5,saudi
14.0,0.7142857142857143,0.7615894039735099,293,-19.91428571428571,commnet,saudi,2042,4042,6,saudi
10.0,0.7142857142857143,0.7086092715231788,253,-15.714285714285714,commnet,saudi,2042,4042,7,saudi
18.0,0.5714285714285714,0.6931567328918322,369,-26.67142857142857,commnet,saudi,2042,4042,8,saudi
4.0,0.8571428571428571,0.6865342163355408,296,-7.1571428571428575,commnet,saudi,2042,4042,9,saudi
18.0,0.5714285714285714,0.717439293598234,385,-26.77142857142857,commnet,saudi,2042,4042,10,saudi
14.0,0.7142857142857143,0.7064017660044151,381,-19.91428571428571,commnet,saudi,2042,4042,11,saudi
18.0,0.5714285714285714,0.7019867549668874,430,-26.871428571428574,commnet,saudi,2042,4042,12,saudi
14.0,0.7142857142857143,0.7041942604856513,412,-19.91428571428571,commnet,saudi,2042,4042,13,saudi
0.0,1.0,0.6843267108167771,210,-0.3,commnet,saudi,2042,4042,14,saudi
4.0,0.8571428571428571,1.0,176,-6.857142857142858,commnet,saudi,3042,42,0,saudi
13.0,0.5714285714285714,0.93598233995585,219,-21.571428571428573,commnet,saudi,3042,42,1,saudi
18.0,0.5714285714285714,1.0,328,-26.571428571428577,commnet,saudi,3042,42,2,saudi
6.0,0.8571428571428571,0.9977924944812362,242,-8.857142857142858,commnet,saudi,3042,42,3,saudi
6.0,0.8571428571428571,0.9713024282560706,125,-8.857142857142858,commnet,saudi,3042,42,4,saudi
8.0,0.7142857142857143,1.0,421,-13.714285714285714,commnet,saudi,3042,42,5,saudi
4.0,0.8571428571428571,0.9845474613686536,249,-6.857142857142858,commnet,saudi,3042,42,6,saudi
10.0,0.7142857142857143,0.8631346578366446,228,-15.714285714285714,commnet,saudi,3042,42,7,saudi
13.0,0.5714285714285714,1.0,233,-21.571428571428573,commnet,saudi,3042,42,8,saudi
4.0,0.8571428571428571,1.0,488,-6.857142857142858,commnet,saudi,3042,42,9,saudi
8.0,0.7142857142857143,0.958057395143488,356,-13.714285714285714,commnet,saudi,3042,42,10,saudi
4.0,0.8571428571428571,0.8830022075055187,164,-6.857142857142858,commnet,saudi,3042,42,11,saudi
8.0,0.7142857142857143,1.0,543,-13.714285714285714,commnet,saudi,3042,42,12,saudi
4.0,0.8571428571428571,1.0,362,-6.857142857142858,commnet,saudi,3042,42,13,saudi
0.0,1.0,1.0,190,0.0,commnet,saudi,3042,42,14,saudi
8.0,0.7142857142857143,0.9977924944812362,393,-13.714285714285714,commnet,saudi,3042,1042,0,saudi
8.0,0.7142857142857143,1.0,263,-13.714285714285714,commnet,saudi,3042,1042,1,saudi
13.0,0.5714285714285714,0.7417218543046358,266,-21.571428571428573,commnet,saudi,3042,1042,2,saudi
17.0,0.4285714285714285,0.9867549668874172,421,-28.42857142857143,commnet,saudi,3042,1042,3,saudi
13.0,0.5714285714285714,0.8587196467991169,210,-21.571428571428573,commnet,saudi,3042,1042,4,saudi
8.0,0.7142857142857143,1.0,364,-13.714285714285714,commnet,saudi,3042,1042,5,saudi
0.0,1.0,0.8189845474613686,235,0.0,commnet,saudi,3042,1042,6,saudi
0.0,1.0,1.0,229,0.0,commnet,saudi,3042,1042,7,saudi
8.0,0.7142857142857143,0.8653421633554084,419,-13.714285714285714,commnet,saudi,3042,1042,8,saudi
8.0,0.7142857142857143,1.0,373,-13.714285714285714,commnet,saudi,3042,1042,9,saudi
18.0,0.5714285714285714,1.0,306,-26.571428571428577,commnet,saudi,3042,1042,10,saudi
8.0,0.7142857142857143,0.9889624724061812,283,-13.714285714285714,commnet,saudi,3042,1042,11,saudi
10.0,0.7142857142857143,0.9470198675496688,347,-15.714285714285714,commnet,saudi,3042,1042,12,saudi
0.0,1.0,1.0,196,0.0,commnet,saudi,3042,1042,13,saudi
0.0,1.0,1.0,282,0.0,commnet,saudi,3042,1042,14,saudi
17.0,0.4285714285714285,0.7130242825607064,380,-28.42857142857143,commnet,saudi,3042,2042,0,saudi
0.0,1.0,0.9050772626931568,126,-0.1,commnet,saudi,3042,2042,1,saudi
13.0,0.5714285714285714,1.0,257,-21.571428571428573,commnet,saudi,3042,2042,2,saudi
14.0,0.5714285714285714,1.0,389,-22.571428571428573,commnet,saudi,3042,2042,3,saudi
8.0,0.7142857142857143,1.0,492,-13.714285714285714,commnet,saudi,3042,2042,4,saudi
4.0,0.8571428571428571,1.0,292,-6.857142857142858,commnet,saudi,3042,2042,5,saudi
18.0,0.5714285714285714,1.0,437,-26.571428571428577,commnet,saudi,3042,2042,6,saudi
4.0,0.8571428571428571,0.9249448123620309,281,-6.857142857142858,commnet,saudi,3042,2042,7,saudi
13.0,0.5714285714285714,0.8587196467991169,210,-21.571428571428573,commnet,saudi,3042,2042,8,saudi
8.0,0.7142857142857143,0.9977924944812362,371,-13.714285714285714,commnet,saudi,3042,2042,9,saudi
13.0,0.5714285714285714,0.9448123620309052,206,-21.77142857142857,commnet,saudi,3042,2042,10,saudi
4.0,0.8571428571428571,1.0,489,-6.857142857142858,commnet,saudi,3042,2042,11,saudi
4.0,0.8571428571428571,0.9933774834437086,286,-6.857142857142858,commnet,saudi,3042,2042,12,saudi
18.0,0.5714285714285714,1.0,355,-26.571428571428577,commnet,saudi,3042,2042,13,saudi
6.0,0.8571428571428571,1.0,230,-8.857142857142858,commnet,saudi,3042,2042,14,saudi
0.0,1.0,1.0,130,0.0,commnet,saudi,3042,3042,0,saudi
4.0,0.8571428571428571,1.0,132,-6.857142857142858,commnet,saudi,3042,3042,1,saudi
4.0,0.8571428571428571,1.0,288,-6.857142857142858,commnet,saudi,3042,3042,2,saudi
0.0,1.0,0.8300220750551877,239,0.0,commnet,saudi,3042,3042,3,saudi
18.0,0.5714285714285714,1.0,440,-26.571428571428577,commnet,saudi,3042,3042,4,saudi
18.0,0.5714285714285714,1.0,351,-26.571428571428577,commnet,saudi,3042,3042,5,saudi
8.0,0.7142857142857143,0.8167770419426048,415,-13.714285714285714,commnet,saudi,3042,3042,6,saudi
9.0,0.7142857142857143,0.9889624724061812,98,-14.714285714285714,commnet,saudi,3042,3042,7,saudi
18.0,0.5714285714285714,0.8300220750551877,395,-26.571428571428577,commnet,saudi,3042,3042,8,saudi
8.0,0.7142857142857143,0.8587196467991169,340,-13.714285714285714,commnet,saudi,3042,3042,9,saudi
4.0,0.8571428571428571,0.9911699779249448,220,-6.857142857142858,commnet,saudi,3042,3042,10,saudi
6.0,0.8571428571428571,1.0,144,-8.857142857142858,commnet,saudi,3042,3042,11,saudi
0.0,1.0,1.0,207,0.0,commnet,saudi,3042,3042,12,saudi
4.0,0.8571428571428571,1.0,294,-6.857142857142858,commnet,saudi,3042,3042,13,saudi
8.0,0.7142857142857143,0.9801324503311258,290,-13.714285714285714,commnet,saudi,3042,3042,14,saudi
0.0,1.0,0.8189845474613686,235,0.0,commnet,saudi,3042,4042,0,saudi
4.0,0.8571428571428571,1.0,216,-6.857142857142858,commnet,saudi,3042,4042,1,saudi
4.0,0.8571428571428571,0.958057395143488,477,-6.857142857142858,commnet,saudi,3042,4042,2,saudi
13.0,0.5714285714285714,1.0,185,-21.571428571428573,commnet,saudi,3042,4042,3,saudi
8.0,0.7142857142857143,1.0,406,-13.714285714285714,commnet,saudi,3042,4042,4,saudi
18.0,0.5714285714285714,1.0,315,-26.571428571428577,commnet,saudi,3042,4042,5,saudi
18.0,0.5714285714285714,0.7615894039735099,327,-26.571428571428577,commnet,saudi,3042,4042,6,saudi
8.0,0.7142857142857143,0.9977924944812362,368,-13.714285714285714,commnet,saudi,3042,4042,7,saudi
4.0,0.8571428571428571,0.8344370860927153,280,-6.857142857142858,commnet,saudi,3042,4042,8,saudi
18.0,0.5714285714285714,0.9889624724061812,419,-26.67142857142857,commnet,saudi,3042,4042,9,saudi
18.0,0.5714285714285714,0.9933774834437086,390,-26.571428571428577,commnet,saudi,3042,4042,10,saudi
10.0,0.7142857142857143,0.7880794701986755,320,-15.914285714285713,commnet,saudi,3042,4042,11,saudi
4.0,0.8571428571428571,0.9205298013245032,408,-6.857142857142858,commnet,saudi,3042,4042,12,saudi
18.0,0.5714285714285714,0.9933774834437086,432,-26.571428571428577,commnet,saudi,3042,4042,13,saudi
4.0,0.8571428571428571,1.0,319,-6.857142857142858,commnet,saudi,3042,4042,14,saudi
10.0,0.7142857142857143,0.5982339955849889,196,-16.114285714285714,commnet,saudi,4042,42,0,saudi
13.0,0.5714285714285714,0.6909492273730684,216,-21.67142857142857,commnet,saudi,4042,42,1,saudi
24.0,0.4285714285714285,0.933774834437086,343,-35.528571428571425,commnet,saudi,4042,42,2,saudi
23.0,0.4285714285714285,0.9690949227373068,234,-34.528571428571425,commnet,saudi,4042,42,3,saudi
6.0,0.8571428571428571,0.6600441501103753,125,-9.257142857142858,commnet,saudi,4042,42,4,saudi
24.0,0.4285714285714285,0.6181015452538632,470,-35.82857142857143,commnet,saudi,4042,42,5,saudi
10.0,0.7142857142857143,0.5695364238410596,268,-16.114285714285714,commnet,saudi,4042,42,6,saudi
6.0,0.8571428571428571,0.8874172185430463,193,-9.757142857142854,commnet,saudi,4042,42,7,saudi
13.0,0.5714285714285714,0.9514348785871964,257,-21.67142857142857,commnet,saudi,4042,42,8,saudi
14.0,0.5714285714285714,0.5761589403973509,530,-22.97142857142857,commnet,saudi,4042,42,9,saudi
14.0,0.5714285714285714,0.6600441501103753,400,-22.97142857142857,commnet,saudi,4042,42,10,saudi
10.0,0.7142857142857143,0.6004415011037527,208,-16.114285714285714,commnet,saudi,4042,42,11,saudi
24.0,0.4285714285714285,0.423841059602649,550,-35.628571428571426,commnet,saudi,4042,42,12,saudi
24.0,0.4285714285714285,0.3818984547461369,588,-35.82857142857143,commnet,saudi,4042,42,13,saudi
24.0,0.4285714285714285,0.6158940397350994,447,-35.82857142857143,commnet,saudi,4042,42,14,saudi
24.0,0.4285714285714285,0.9161147902869756,435,-35.628571428571426,commnet,saudi,4042,1042,0,saudi
13.0,0.5714285714285714,0.7637969094922737,247,-21.97142857142857,commnet,saudi,4042,1042,1,saudi
13.0,0.5714285714285714,0.9801324503311258,263,-21.67142857142857,commnet,saudi,4042,1042,2,saudi
17.0,0.4285714285714285,0.7306843267108167,352,-28.528571428571425,commnet,saudi,4042,1042,3,saudi
19.0,0.5714285714285714,0.9050772626931568,221,-27.77142857142857,commnet,saudi,4042,1042,4,saudi
24.0,0.4285714285714285,0.6203090507726269,452,-35.82857142857143,commnet,saudi,4042,1042,5,saudi
27.0,0.2857142857142857,0.9448123620309052,304,-41.48571428571428,commnet,saudi,4042,1042,6,saudi
24.0,0.4285714285714285,0.5960264900662252,460,-35.82857142857143,commnet,saudi,4042,1042,7,saudi
24.0,0.4285714285714285,0.4569536423841059,470,-35.628571428571426,commnet,saudi,4042,1042,8,saudi
24.0,0.4285714285714285,0.6490066225165563,467,-35.82857142857143,commnet,saudi,4042,1042,9,saudi
24.0,0.4285714285714285,0.4768211920529801,320,-35.628571428571426,commnet,saudi,4042,1042,10,saudi
13.0,0.5714285714285714,0.6843267108167771,252,-21.97142857142857,commnet,saudi,4042,1042,11,saudi
20.0,0.5714285714285714,0.6799116997792495,388,-28.571428571428577,commnet,saudi,4042,1042,12,saudi
24.0,0.4285714285714285,0.6070640176600441,432,-35.82857142857143,commnet,saudi,4042,1042,13,saudi
24.0,0.4285714285714285,0.6644591611479028,513,-35.82857142857143,commnet,saudi,4042,1042,14,saudi
13.0,0.5714285714285714,0.6975717439293598,362,-21.67142857142857,commnet,saudi,4042,2042,0,saudi
6.0,0.8571428571428571,0.6512141280353201,131,-9.257142857142858,commnet,saudi,4042,2042,1,saudi
13.0,0.5714285714285714,0.8520971302428256,256,-22.17142857142857,commnet,saudi,4042,2042,2,saudi
27.0,0.2857142857142857,0.4591611479028697,396,-41.48571428571428,commnet,saudi,4042,2042,3,saudi
14.0,0.5714285714285714,0.5518763796909493,547,-22.97142857142857,commnet,saudi,4042,2042,4,saudi
24.0,0.4285714285714285,0.434878587196468,382,-35.628571428571426,commnet,saudi,4042,2042,5,saudi
27.0,0.2857142857142857,0.9448123620309052,434,-41.48571428571428,commnet,saudi,4042,2042,6,saudi
24.0,0.4285714285714285,0.6379690949227373,489,-35.82857142857143,commnet,saudi,4042,2042,7,saudi
19.0,0.5714285714285714,0.9050772626931568,221,-27.77142857142857,commnet,saudi,4042,2042,8,saudi
20.0,0.5714285714285714,0.7218543046357616,380,-28.77142857142857,commnet,saudi,4042,2042,9,saudi
19.0,0.5714285714285714,0.9161147902869756,200,-27.77142857142857,commnet,saudi,4042,2042,10,saudi
14.0,0.5714285714285714,0.739514348785872,523,-22.97142857142857,commnet,saudi,4042,2042,11,saudi
24.0,0.4285714285714285,0.7086092715231788,549,-35.82857142857143,commnet,saudi,4042,2042,12,saudi
24.0,0.4285714285714285,0.5055187637969095,368,-35.628571428571426,commnet,saudi,4042,2042,13,saudi
19.0,0.5714285714285714,0.8852097130242825,232,-28.07142857142858,commnet,saudi,4042,2042,14,saudi
10.0,0.7142857142857143,0.5320088300220751,207,-16.114285714285714,commnet,saudi,4042,3042,0,saudi
24.0,0.4285714285714285,0.4105960264900662,362,-35.628571428571426,commnet,saudi,4042,3042,1,saudi
24.0,0.4285714285714285,0.6887417218543046,513,-35.82857142857143,commnet,saudi,4042,3042,2,saudi
27.0,0.2857142857142857,0.9293598233995584,308,-41.48571428571428,commnet,saudi,4042,3042,3,saudi
14.0,0.5714285714285714,0.673289183222958,462,-22.97142857142857,commnet,saudi,4042,3042,4,saudi
24.0,0.4285714285714285,0.5033112582781457,362,-35.628571428571426,commnet,saudi,4042,3042,5,saudi
14.0,0.5714285714285714,0.6644591611479028,469,-22.97142857142857,commnet,saudi,4042,3042,6,saudi
23.0,0.4285714285714285,0.9536423841059604,246,-34.628571428571426,commnet,saudi,4042,3042,7,saudi
16.0,0.7142857142857143,0.9381898454746136,362,-22.014285714285712,commnet,saudi,4042,3042,8,saudi
24.0,0.4285714285714285,0.4392935982339956,381,-35.82857142857143,commnet,saudi,4042,3042,9,saudi
24.0,0.4285714285714285,0.6865342163355408,522,-35.82857142857143,commnet,saudi,4042,3042,10,saudi
27.0,0.2857142857142857,0.5960264900662252,319,-41.285714285714285,commnet,saudi,4042,3042,11,saudi
24.0,0.4285714285714285,0.5584988962472406,422,-35.82857142857143,commnet,saudi,4042,3042,12,saudi
24.0,0.4285714285714285,0.434878587196468,383,-35.628571428571426,commnet,saudi,4042,3042,13,saudi
6.0,0.8571428571428571,0.5607064017660044,80,-9.257142857142858,commnet,saudi,4042,3042,14,saudi
27.0,0.2857142857142857,0.9448123620309052,304,-41.48571428571428,commnet,saudi,4042,4042,0,saudi
24.0,0.4285714285714285,0.4061810154525386,394,-35.628571428571426,commnet,saudi,4042,4042,1,saudi
14.0,0.5714285714285714,0.6710816777041942,491,-22.97142857142857,commnet,saudi,4042,4042,2,saudi
13.0,0.5714285714285714,0.977924944812362,244,-21.67142857142857,commnet,saudi,4042,4042,3,saudi
24.0,0.4285714285714285,0.6181015452538632,556,-35.82857142857143,commnet,saudi,4042,4042,4,saudi
24.0,0.4285714285714285,0.7041942604856513,332,-35.528571428571425,commnet,saudi,4042,4042,5,saudi
27.0,0.2857142857142857,0.9293598233995584,306,-41.48571428571428,commnet,saudi,4042,4042,6,saudi
10.0,0.7142857142857143,0.609271523178808,261,-16.114285714285714,commnet,saudi,4042,4042,7,saudi
20.0,0.5714285714285714,0.6843267108167771,342,-29.171428571428574,commnet,saudi,4042,4042,8,saudi
14.0,0.5714285714285714,0.6666666666666666,487,-22.97142857142857,commnet,saudi,4042,4042,9,saudi
16.0,0.7142857142857143,0.9249448123620309,318,-21.91428571428571,commnet,saudi,4042,4042,10,saudi
18.0,0.5714285714285714,0.7064017660044151,382,-27.27142857142858,commnet,saudi,4042,4042,11,saudi
14.0,0.5714285714285714,0.6357615894039735,412,-22.97142857142857,commnet,saudi,4042,4042,12,saudi
24.0,0.4285714285714285,0.434878587196468,468,-35.82857142857143,commnet,saudi,4042,4042,13,saudi
24.0,0.4285714285714285,0.7041942604856513,540,-35.82857142857143,commnet,saudi,4042,4042,14,saudi
27.0,0.2857142857142857,1.0,367,-41.285714285714285,commnet,california,42,42,0,saudi
27.0,0.2857142857142857,1.0,345,-41.285714285714285,commnet,california,42,42,1,saudi
27.0,0.2857142857142857,0.9668874172185432,379,-41.58571428571428,commnet,california,42,42,2,saudi
27.0,0.2857142857142857,0.8675496688741722,374,-41.385714285714286,commnet,california,42,42,3,saudi
27.0,0.2857142857142857,1.0,378,-41.285714285714285,commnet,california,42,42,4,saudi
0.0,1.0,1.0,0,0.0,commnet,california,42,42,5,saudi
27.0,0.2857142857142857,0.9801324503311258,363,-41.48571428571428,commnet,california,42,42,6,saudi
27.0,0.2857142857142857,1.0,375,-41.285714285714285,commnet,california,42,42,7,saudi
27.0,0.2857142857142857,1.0,386,-41.285714285714285,commnet,california,42,42,8,saudi
27.0,0.2857142857142857,1.0,470,-41.285714285714285,commnet,california,42,42,9,saudi
27.0,0.2857142857142857,1.0,408,-41.285714285714285,commnet,california,42,42,10,saudi
27.0,0.2857142857142857,1.0,370,-41.285714285714285,commnet,california,42,42,11,saudi
27.0,0.2857142857142857,1.0,443,-41.285714285714285,commnet,california,42,42,12,saudi
27.0,0.2857142857142857,0.9271523178807948,460,-41.285714285714285,commnet,california,42,42,13,saudi
0.0,1.0,0.9444444444444444,0,0.0,commnet,california,42,42,14,saudi
27.0,0.2857142857142857,1.0,406,-41.285714285714285,commnet,california,42,1042,0,saudi
27.0,0.2857142857142857,1.0,364,-41.285714285714285,commnet,california,42,1042,1,saudi
27.0,0.2857142857142857,1.0,389,-41.285714285714285,commnet,california,42,1042,2,saudi
27.0,0.2857142857142857,1.0,419,-41.285714285714285,commnet,california,42,1042,3,saudi
27.0,0.2857142857142857,1.0,369,-41.285714285714285,commnet,california,42,1042,4,saudi
27.0,0.2857142857142857,1.0,379,-41.285714285714285,commnet,california,42,1042,5,saudi
27.0,0.2857142857142857,1.0,367,-41.285714285714285,commnet,california,42,1042,6,saudi
27.0,0.2857142857142857,1.0,448,-41.285714285714285,commnet,california,42,1042,7,saudi
27.0,0.2857142857142857,0.7417218543046358,416,-41.285714285714285,commnet,california,42,1042,8,saudi
27.0,0.2857142857142857,1.0,383,-41.285714285714285,commnet,california,42,1042,9,saudi
27.0,0.2857142857142857,0.9668874172185432,362,-41.58571428571428,commnet,california,42,1042,10,saudi
27.0,0.2857142857142857,1.0,366,-41.285714285714285,commnet,california,42,1042,11,saudi
27.0,0.2857142857142857,1.0,417,-41.285714285714285,commnet,california,42,1042,12,saudi
0.0,1.0,0.9444444444444444,0,0.0,commnet,california,42,1042,13,saudi
0.0,1.0,1.0,0,0.0,commnet,california,42,1042,14,saudi
27.0,0.2857142857142857,1.0,419,-41.285714285714285,commnet,california,42,2042,0,saudi
27.0,0.2857142857142857,1.0,385,-41.285714285714285,commnet,california,42,2042,1,saudi
27.0,0.2857142857142857,1.0,406,-41.285714285714285,commnet,california,42,2042,2,saudi
27.0,0.2857142857142857,1.0,415,-41.285714285714285,commnet,california,42,2042,3,saudi
0.0,1.0,1.0,17,0.0,commnet,california,42,2042,4,saudi
27.0,0.2857142857142857,1.0,399,-41.285714285714285,commnet,california,42,2042,5,saudi
27.0,0.2857142857142857,1.0,423,-41.285714285714285,commnet,california,42,2042,6,saudi
0.0,1.0,0.9318181818181818,1,-0.1,commnet,california,42,2042,7,saudi
27.0,0.2857142857142857,1.0,369,-41.285714285714285,commnet,california,42,2042,8,saudi
27.0,0.2857142857142857,1.0,402,-41.285714285714285,commnet,california,42,2042,9,saudi
27.0,0.2857142857142857,1.0,352,-41.285714285714285,commnet,california,42,2042,10,saudi
27.0,0.2857142857142857,1.0,471,-41.285714285714285,commnet,california,42,2042,11,saudi
27.0,0.2857142857142857,0.9911699779249448,537,-41.285714285714285,commnet,california,42,2042,12,saudi
27.0,0.2857142857142857,1.0,379,-41.285714285714285,commnet,california,42,2042,13,saudi
27.0,0.2857142857142857,1.0,396,-41.285714285714285,commnet,california,42,2042,14,saudi
27.0,0.2857142857142857,1.0,343,-41.285714285714285,commnet,california,42,3042,0,saudi
27.0,0.2857142857142857,1.0,362,-41.285714285714285,commnet,california,42,3042,1,saudi
0.0,1.0,0.9285714285714286,1,-0.1,commnet,california,42,3042,2,saudi
27.0,0.2857142857142857,1.0,368,-41.285714285714285,commnet,california,42,3042,3,saudi
27.0,0.2857142857142857,0.9889624724061812,418,-41.285714285714285,commnet,california,42,3042,4,saudi
27.0,0.2857142857142857,1.0,378,-41.285714285714285,commnet,california,42,3042,5,saudi
27.0,0.2857142857142857,0.8388520971302428,454,-41.385714285714286,commnet,california,42,3042,6,saudi
27.0,0.2857142857142857,1.0,356,-41.285714285714285,commnet,california,42,3042,7,saudi
27.0,0.2857142857142857,1.0,419,-41.285714285714285,commnet,california,42,3042,8,saudi
27.0,0.2857142857142857,1.0,402,-41.285714285714285,commnet,california,42,3042,9,saudi
27.0,0.2857142857142857,0.9977924944812362,426,-41.285714285714285,commnet,california,42,3042,10,saudi
27.0,0.2857142857142857,1.0,393,-41.285714285714285,commnet,california,42,3042,11,saudi
27.0,0.2857142857142857,1.0,434,-41.285714285714285,commnet,california,42,3042,12,saudi
27.0,0.2857142857142857,1.0,400,-41.285714285714285,commnet,california,42,3042,13,saudi
27.0,0.2857142857142857,1.0,361,-41.285714285714285,commnet,california,42,3042,14,saudi
27.0,0.2857142857142857,1.0,367,-41.285714285714285,commnet,california,42,4042,0,saudi
27.0,0.2857142857142857,1.0,392,-41.285714285714285,commnet,california,42,4042,1,saudi
27.0,0.2857142857142857,0.9889624724061812,423,-41.285714285714285,commnet,california,42,4042,2,saudi
27.0,0.2857142857142857,1.0,356,-41.285714285714285,commnet,california,42,4042,3,saudi
27.0,0.2857142857142857,1.0,364,-41.285714285714285,commnet,california,42,4042,4,saudi
27.0,0.2857142857142857,0.9668874172185432,370,-41.58571428571428,commnet,california,42,4042,5,saudi
27.0,0.2857142857142857,1.0,370,-41.285714285714285,commnet,california,42,4042,6,saudi
27.0,0.2857142857142857,1.0,393,-41.285714285714285,commnet,california,42,4042,7,saudi
27.0,0.2857142857142857,1.0,408,-41.285714285714285,commnet,california,42,4042,8,saudi
27.0,0.2857142857142857,0.9889624724061812,421,-41.285714285714285,commnet,california,42,4042,9,saudi
27.0,0.2857142857142857,1.0,408,-41.285714285714285,commnet,california,42,4042,10,saudi
27.0,0.2857142857142857,1.0,414,-41.285714285714285,commnet,california,42,4042,11,saudi
27.0,0.2857142857142857,1.0,417,-41.285714285714285,commnet,california,42,4042,12,saudi
27.0,0.2857142857142857,1.0,418,-41.285714285714285,commnet,california,42,4042,13,saudi
27.0,0.2857142857142857,1.0,357,-41.285714285714285,commnet,california,42,4042,14,saudi
27.0,0.2857142857142857,1.0,359,-41.285714285714285,commnet,california,1042,42,0,saudi
27.0,0.2857142857142857,0.7218543046357616,316,-41.285714285714285,commnet,california,1042,42,1,saudi
27.0,0.2857142857142857,1.0,367,-41.285714285714285,commnet,california,1042,42,2,saudi
27.0,0.2857142857142857,1.0,370,-41.285714285714285,commnet,california,1042,42,3,saudi
27.0,0.2857142857142857,1.0,339,-41.285714285714285,commnet,california,1042,42,4,saudi
0.0,1.0,1.0,0,0.0,commnet,california,1042,42,5,saudi
27.0,0.2857142857142857,1.0,349,-41.285714285714285,commnet,california,1042,42,6,saudi
27.0,0.2857142857142857,1.0,336,-41.285714285714285,commnet,california,1042,42,7,saudi
27.0,0.2857142857142857,1.0,333,-41.285714285714285,commnet,california,1042,42,8,saudi
0.0,1.0,1.0,0,0.0,commnet,california,1042,42,9,saudi
27.0,0.2857142857142857,1.0,365,-41.285714285714285,commnet,california,1042,42,10,saudi
27.0,0.2857142857142857,1.0,364,-41.285714285714285,commnet,california,1042,42,11,saudi
27.0,0.2857142857142857,1.0,392,-41.285714285714285,commnet,california,1042,42,12,saudi
27.0,0.2857142857142857,1.0,368,-41.285714285714285,commnet,california,1042,42,13,saudi
0.0,1.0,1.0,0,0.0,commnet,california,1042,42,14,saudi
27.0,0.2857142857142857,1.0,382,-41.285714285714285,commnet,california,1042,1042,0,saudi
27.0,0.2857142857142857,0.7130242825607064,360,-41.285714285714285,commnet,california,1042,1042,1,saudi
27.0,0.2857142857142857,1.0,336,-41.285714285714285,commnet,california,1042,1042,2,saudi
27.0,0.2857142857142857,0.7130242825607064,371,-41.285714285714285,commnet,california,1042,1042,3,saudi
27.0,0.2857142857142857,1.0,329,-41.285714285714285,commnet,california,1042,1042,4,saudi
27.0,0.2857142857142857,0.7130242825607064,355,-41.285714285714285,commnet,california,1042,1042,5,saudi
27.0,0.2857142857142857,1.0,351,-41.285714285714285,commnet,california,1042,1042,6,saudi
0.0,1.0,1.0,0,0.0,commnet,california,1042,1042,7,saudi
27.0,0.2857142857142857,1.0,375,-41.285714285714285,commnet,california,1042,1042,8,saudi
27.0,0.2857142857142857,0.7130242825607064,356,-41.285714285714285,commnet,california,1042,1042,9,saudi
27.0,0.2857142857142857,1.0,352,-41.285714285714285,commnet,california,1042,1042,10,saudi
27.0,0.2857142857142857,0.7130242825607064,362,-41.285714285714285,commnet,california,1042,1042,11,saudi
27.0,0.2857142857142857,1.0,360,-41.285714285714285,commnet,california,1042,1042,12,saudi
0.0,1.0,1.0,0,0.0,commnet,california,1042,1042,13,saudi
0.0,1.0,1.0,0,0.0,commnet,california,1042,1042,14,saudi
27.0,0.2857142857142857,0.7218543046357616,362,-41.285714285714285,commnet,california,1042,2042,0,saudi
27.0,0.2857142857142857,1.0,343,-41.285714285714285,commnet,california,1042,2042,1,saudi
27.0,0.2857142857142857,1.0,349,-41.285714285714285,commnet,california,1042,2042,2,saudi
27.0,0.2857142857142857,0.7218543046357616,361,-41.285714285714285,commnet,california,1042,2042,3,saudi
27.0,0.2857142857142857,0.7086092715231788,449,-41.285714285714285,commnet,california,1042,2042,4,saudi
27.0,0.2857142857142857,1.0,350,-41.285714285714285,commnet,california,1042,2042,5,saudi
27.0,0.2857142857142857,1.0,381,-41.285714285714285,commnet,california,1042,2042,6,saudi
0.0,1.0,1.0,0,0.0,commnet,california,1042,2042,7,saudi
27.0,0.2857142857142857,1.0,329,-41.285714285714285,commnet,california,1042,2042,8,saudi
27.0,0.2857142857142857,1.0,375,-41.285714285714285,commnet,california,1042,2042,9,saudi
27.0,0.2857142857142857,1.0,325,-41.285714285714285,commnet,california,1042,2042,10,saudi
0.0,1.0,1.0,0,0.0,commnet,california,1042,2042,11,saudi
27.0,0.2857142857142857,1.0,388,-41.285714285714285,commnet,california,1042,2042,12,saudi
27.0,0.2857142857142857,1.0,361,-41.285714285714285,commnet,california,1042,2042,13,saudi
27.0,0.2857142857142857,1.0,357,-41.285714285714285,commnet,california,1042,2042,14,saudi
0.0,1.0,1.0,0,0.0,commnet,california,1042,3042,0,saudi
27.0,0.2857142857142857,1.0,363,-41.285714285714285,commnet,california,1042,3042,1,saudi
0.0,1.0,1.0,0,0.0,commnet,california,1042,3042,2,saudi
27.0,0.2857142857142857,1.0,352,-41.285714285714285,commnet,california,1042,3042,3,saudi
27.0,0.2857142857142857,1.0,355,-41.285714285714285,commnet,california,1042,3042,4,saudi
27.0,0.2857142857142857,1.0,359,-41.285714285714285,commnet,california,1042,3042,5,saudi
27.0,0.2857142857142857,1.0,362,-41.285714285714285,commnet,california,1042,3042,6,saudi
27.0,0.2857142857142857,0.7218543046357616,319,-41.285714285714285,commnet,california,1042,3042,7,saudi
27.0,0.2857142857142857,1.0,365,-41.285714285714285,commnet,california,1042,3042,8,saudi
27.0,0.2857142857142857,1.0,350,-41.285714285714285,commnet,california,1042,3042,9,saudi
27.0,0.2857142857142857,1.0,376,-41.285714285714285,commnet,california,1042,3042,10,saudi
27.0,0.2857142857142857,1.0,355,-41.285714285714285,commnet,california,1042,3042,11,saudi
0.0,1.0,1.0,0,0.0,commnet,california,1042,3042,12,saudi
27.0,0.2857142857142857,1.0,351,-41.285714285714285,commnet,california,1042,3042,13,saudi
27.0,0.2857142857142857,1.0,365,-41.285714285714285,commnet,california,1042,3042,14,saudi
27.0,0.2857142857142857,1.0,351,-41.285714285714285,commnet,california,1042,4042,0,saudi
27.0,0.2857142857142857,1.0,375,-41.285714285714285,commnet,california,1042,4042,1,saudi
27.0,0.2857142857142857,1.0,364,-41.285714285714285,commnet,california,1042,4042,2,saudi
27.0,0.2857142857142857,0.7218543046357616,322,-41.285714285714285,commnet,california,1042,4042,3,saudi
18.0,0.5714285714285714,0.7041942604856513,420,-26.67142857142857,commnet,california,1042,4042,4,saudi
27.0,0.2857142857142857,0.7196467991169978,356,-41.285714285714285,commnet,california,1042,4042,5,saudi
27.0,0.2857142857142857,1.0,353,-41.285714285714285,commnet,california,1042,4042,6,saudi
27.0,0.2857142857142857,1.0,367,-41.285714285714285,commnet,california,1042,4042,7,saudi
27.0,0.2857142857142857,1.0,365,-41.285714285714285,commnet,california,1042,4042,8,saudi
27.0,0.2857142857142857,1.0,362,-41.285714285714285,commnet,california,1042,4042,9,saudi
27.0,0.2857142857142857,1.0,357,-41.285714285714285,commnet,california,1042,4042,10,saudi
27.0,0.2857142857142857,1.0,359,-41.285714285714285,commnet,california,1042,4042,11,saudi
27.0,0.2857142857142857,1.0,358,-41.285714285714285,commnet,california,1042,4042,12,saudi
27.0,0.2857142857142857,0.7417218543046358,368,-41.285714285714285,commnet,california,1042,4042,13,saudi
18.0,0.5714285714285714,0.7041942604856513,405,-26.67142857142857,commnet,california,1042,4042,14,saudi
27.0,0.2857142857142857,1.0,345,-41.285714285714285,commnet,california,2042,42,0,saudi
27.0,0.2857142857142857,1.0,320,-41.285714285714285,commnet,california,2042,42,1,saudi
27.0,0.2857142857142857,1.0,349,-41.285714285714285,commnet,california,2042,42,2,saudi
27.0,0.2857142857142857,1.0,373,-41.285714285714285,commnet,california,2042,42,3,saudi
27.0,0.2857142857142857,1.0,327,-41.285714285714285,commnet,california,2042,42,4,saudi
0.0,1.0,1.0,0,0.0,commnet,california,2042,42,5,saudi
0.0,1.0,1.0,0,0.0,commnet,california,2042,42,6,saudi
23.0,0.4285714285714285,0.8233995584988962,321,-34.42857142857143,commnet,california,2042,42,7,saudi
27.0,0.2857142857142857,0.8719646799116998,353,-41.285714285714285,commnet,california,2042,42,8,saudi
0.0,1.0,1.0,0,0.0,commnet,california,2042,42,9,saudi
27.0,0.2857142857142857,1.0,381,-41.285714285714285,commnet,california,2042,42,10,saudi
27.0,0.2857142857142857,0.7704194260485652,364,-41.285714285714285,commnet,california,2042,42,11,saudi
27.0,0.2857142857142857,1.0,403,-41.285714285714285,commnet,california,2042,42,12,saudi
0.0,1.0,1.0,1,0.0,commnet,california,2042,42,13,saudi
0.0,1.0,1.0,0,0.0,commnet,california,2042,42,14,saudi
27.0,0.2857142857142857,1.0,369,-41.285714285714285,commnet,california,2042,1042,0,saudi
27.0,0.2857142857142857,0.6975717439293598,355,-41.48571428571428,commnet,california,2042,1042,1,saudi
27.0,0.2857142857142857,0.8763796909492274,356,-41.285714285714285,commnet,california,2042,1042,2,saudi
27.0,0.2857142857142857,1.0,376,-41.285714285714285,commnet,california,2042,1042,3,saudi
27.0,0.2857142857142857,1.0,340,-41.285714285714285,commnet,california,2042,1042,4,saudi
0.0,1.0,1.0,0,0.0,commnet,california,2042,1042,5,saudi
27.0,0.2857142857142857,0.7152317880794702,363,-41.285714285714285,commnet,california,2042,1042,6,saudi
27.0,0.2857142857142857,1.0,340,-41.285714285714285,commnet,california,2042,1042,7,saudi
27.0,0.2857142857142857,0.7130242825607064,404,-41.68571428571428,commnet,california,2042,1042,8,saudi
0.0,1.0,1.0,0,0.0,commnet,california,2042,1042,9,saudi
27.0,0.2857142857142857,0.7019867549668874,353,-41.38571428571428,commnet,california,2042,1042,10,saudi
27.0,0.2857142857142857,0.6975717439293598,356,-41.48571428571429,commnet,california,2042,1042,11,saudi
27.0,0.2857142857142857,0.7571743929359823,377,-41.285714285714285,commnet,california,2042,1042,12,saudi
0.0,1.0,1.0,0,0.0,commnet,california,2042,1042,13,saudi
0.0,1.0,1.0,0,0.0,commnet,california,2042,1042,14,saudi
27.0,0.2857142857142857,0.7064017660044151,380,-41.48571428571429,commnet,california,2042,2042,0,saudi
27.0,0.2857142857142857,0.717439293598234,330,-41.48571428571428,commnet,california,2042,2042,1,saudi
23.0,0.4285714285714285,1.0,324,-34.42857142857143,commnet,california,2042,2042,2,saudi
27.0,0.2857142857142857,0.7041942604856513,386,-41.48571428571428,commnet,california,2042,2042,3,saudi
0.0,1.0,1.0,0,0.0,commnet,california,2042,2042,4,saudi
27.0,0.2857142857142857,1.0,361,-41.285714285714285,commnet,california,2042,2042,5,saudi
23.0,0.4285714285714285,1.0,328,-34.42857142857143,commnet,california,2042,2042,6,saudi
27.0,0.2857142857142857,1.0,292,-41.285714285714285,commnet,california,2042,2042,7,saudi
27.0,0.2857142857142857,1.0,340,-41.285714285714285,commnet,california,2042,2042,8,saudi
27.0,0.2857142857142857,1.0,359,-41.285714285714285,commnet,california,2042,2042,9,saudi
27.0,0.2857142857142857,1.0,325,-41.285714285714285,commnet,california,2042,2042,10,saudi
0.0,1.0,1.0,0,0.0,commnet,california,2042,2042,11,saudi
27.0,0.2857142857142857,0.9845474613686536,354,-41.48571428571428,commnet,california,2042,2042,12,saudi
27.0,0.2857142857142857,1.0,358,-41.285714285714285,commnet,california,2042,2042,13,saudi
27.0,0.2857142857142857,1.0,367,-41.285714285714285,commnet,california,2042,2042,14,saudi
27.0,0.2857142857142857,1.0,325,-41.285714285714285,commnet,california,2042,3042,0,saudi
27.0,0.2857142857142857,1.0,363,-41.285714285714285,commnet,california,2042,3042,1,saudi
27.0,0.2857142857142857,1.0,297,-41.285714285714285,commnet,california,2042,3042,2,saudi
27.0,0.2857142857142857,0.7152317880794702,364,-41.285714285714285,commnet,california,2042,3042,3,saudi
27.0,0.2857142857142857,0.9735099337748344,393,-41.285714285714285,commnet,california,2042,3042,4,saudi
27.0,0.2857142857142857,1.0,358,-41.285714285714285,commnet,california,2042,3042,5,saudi
27.0,0.2857142857142857,0.9823399558498896,378,-41.285714285714285,commnet,california,2042,3042,6,saudi
27.0,0.2857142857142857,1.0,323,-41.285714285714285,commnet,california,2042,3042,7,saudi
27.0,0.2857142857142857,1.0,374,-41.285714285714285,commnet,california,2042,3042,8,saudi
27.0,0.2857142857142857,0.7593818984547461,369,-41.285714285714285,commnet,california,2042,3042,9,saudi
27.0,0.2857142857142857,1.0,366,-41.285714285714285,commnet,california,2042,3042,10,saudi
27.0,0.2857142857142857,1.0,366,-41.285714285714285,commnet,california,2042,3042,11,saudi
27.0,0.2857142857142857,1.0,325,-41.285714285714285,commnet,california,2042,3042,12,saudi
27.0,0.2857142857142857,1.0,362,-41.285714285714285,commnet,california,2042,3042,13,saudi
27.0,0.2857142857142857,1.0,351,-41.285714285714285,commnet,california,2042,3042,14,saudi
27.0,0.2857142857142857,0.7152317880794702,363,-41.285714285714285,commnet,california,2042,4042,0,saudi
27.0,0.2857142857142857,0.9801324503311258,374,-41.48571428571429,commnet,california,2042,4042,1,saudi
27.0,0.2857142857142857,0.9624724061810156,398,-41.285714285714285,commnet,california,2042,4042,2,saudi
27.0,0.2857142857142857,1.0,335,-41.285714285714285,commnet,california,2042,4042,3,saudi
0.0,1.0,1.0,72,0.0,commnet,california,2042,4042,4,saudi
27.0,0.2857142857142857,0.7019867549668874,356,-41.38571428571428,commnet,california,2042,4042,5,saudi
27.0,0.2857142857142857,0.7152317880794702,365,-41.285714285714285,commnet,california,2042,4042,6,saudi
27.0,0.2857142857142857,1.0,400,-41.285714285714285,commnet,california,2042,4042,7,saudi
27.0,0.2857142857142857,0.7682119205298014,386,-41.48571428571428,commnet,california,2042,4042,8,saudi
27.0,0.2857142857142857,0.9646799116997792,396,-41.285714285714285,commnet,california,2042,4042,9,saudi
27.0,0.2857142857142857,1.0,367,-41.285714285714285,commnet,california,2042,4042,10,saudi
27.0,0.2857142857142857,0.7615894039735099,376,-41.285714285714285,commnet,california,2042,4042,11,saudi
27.0,0.2857142857142857,0.7196467991169978,395,-41.58571428571428,commnet,california,2042,4042,12,saudi
27.0,0.2857142857142857,0.9646799116997792,378,-41.285714285714285,commnet,california,2042,4042,13,saudi
0.0,1.0,1.0,0,0.0,commnet,california,2042,4042,14,saudi
27.0,0.2857142857142857,0.955849889624724,381,-41.385714285714286,commnet,california,3042,42,0,saudi
27.0,0.2857142857142857,0.7041942604856513,326,-41.38571428571428,commnet,california,3042,42,1,saudi
27.0,0.2857142857142857,0.9381898454746136,379,-41.785714285714285,commnet,california,3042,42,2,saudi
27.0,0.2857142857142857,0.9492273730684326,390,-41.68571428571428,commnet,california,3042,42,3,saudi
27.0,0.2857142857142857,0.9006622516556292,346,-41.285714285714285,commnet,california,3042,42,4,saudi
0.0,1.0,0.8275862068965517,1,-0.2,commnet,california,3042,42,5,saudi
18.0,0.5714285714285714,0.958057395143488,345,-26.97142857142857,commnet,california,3042,42,6,saudi
21.0,0.4285714285714285,1.0,353,-32.42857142857143,commnet,california,3042,42,7,saudi
27.0,0.2857142857142857,0.7041942604856513,361,-41.38571428571428,commnet,california,3042,42,8,saudi
0.0,1.0,0.8461538461538461,0,-0.2,commnet,california,3042,42,9,saudi
27.0,0.2857142857142857,0.9403973509933776,389,-41.68571428571428,commnet,california,3042,42,10,saudi
27.0,0.2857142857142857,0.955849889624724,384,-41.385714285714286,commnet,california,3042,42,11,saudi
27.0,0.2857142857142857,0.9403973509933776,416,-41.68571428571429,commnet,california,3042,42,12,saudi
18.0,0.5714285714285714,0.8962472406181016,293,-26.77142857142857,commnet,california,3042,42,13,saudi
0.0,1.0,1.0,1,0.0,commnet,california,3042,42,14,saudi
27.0,0.2857142857142857,0.9690949227373068,407,-41.385714285714286,commnet,california,3042,1042,0,saudi
21.0,0.4285714285714285,0.9293598233995584,332,-32.728571428571435,commnet,california,3042,1042,1,saudi
27.0,0.2857142857142857,0.7041942604856513,364,-41.38571428571428,commnet,california,3042,1042,2,saudi
18.0,0.5714285714285714,0.9072847682119204,390,-26.67142857142857,commnet,california,3042,1042,3,saudi
27.0,0.2857142857142857,0.7041942604856513,347,-41.38571428571428,commnet,california,3042,1042,4,saudi
23.0,0.4285714285714285,0.717439293598234,163,-34.42857142857143,commnet,california,3042,1042,5,saudi
27.0,0.2857142857142857,0.9315673289183224,371,-41.68571428571428,commnet,california,3042,1042,6,saudi
27.0,0.2857142857142857,0.8587196467991169,312,-41.48571428571428,commnet,california,3042,1042,7,saudi
27.0,0.2857142857142857,0.9448123620309052,398,-41.68571428571428,commnet,california,3042,1042,8,saudi
23.0,0.4285714285714285,0.717439293598234,168,-34.42857142857143,commnet,california,3042,1042,9,saudi
27.0,0.2857142857142857,0.9293598233995584,363,-41.785714285714285,commnet,california,3042,1042,10,saudi
21.0,0.4285714285714285,0.6997792494481236,362,-32.82857142857144,commnet,california,3042,1042,11,saudi
27.0,0.2857142857142857,0.9205298013245032,332,-41.58571428571428,commnet,california,3042,1042,12,saudi
27.0,0.2857142857142857,0.8520971302428256,286,-41.48571428571428,commnet,california,3042,1042,13,saudi
0.0,1.0,0.8533333333333334,1,-0.2,commnet,california,3042,1042,14,saudi
27.0,0.2857142857142857,0.7086092715231788,403,-41.385714285714286,commnet,california,3042,2042,0,saudi
27.0,0.2857142857142857,0.9690949227373068,346,-41.48571428571428,commnet,california,3042,2042,1,saudi
18.0,0.5714285714285714,0.9227373068432672,379,-26.77142857142857,commnet,california,3042,2042,2,saudi
18.0,0.5714285714285714,0.8785871964679912,378,-26.67142857142857,commnet,california,3042,2042,3,saudi
0.0,1.0,1.0,0,0.0,commnet,california,3042,2042,4,saudi
27.0,0.2857142857142857,0.7130242825607064,330,-41.68571428571428,commnet,california,3042,2042,5,saudi
27.0,0.2857142857142857,0.9448123620309052,402,-41.68571428571428,commnet,california,3042,2042,6,saudi
0.0,1.0,1.0,0,0.0,commnet,california,3042,2042,7,saudi
27.0,0.2857142857142857,0.7041942604856513,347,-41.38571428571428,commnet,california,3042,2042,8,saudi
27.0,0.2857142857142857,0.9448123620309052,400,-41.68571428571428,commnet,california,3042,2042,9,saudi
27.0,0.2857142857142857,0.7064017660044151,342,-41.385714285714286,commnet,california,3042,2042,10,saudi
0.0,1.0,0.8461538461538461,0,-0.2,commnet,california,3042,2042,11,saudi
18.0,0.5714285714285714,0.9514348785871964,379,-26.97142857142857,commnet,california,3042,2042,12,saudi
27.0,0.2857142857142857,0.9403973509933776,383,-41.68571428571428,commnet,california,3042,2042,13,saudi
21.0,0.4285714285714285,1.0,372,-32.42857142857143,commnet,california,3042,2042,14,saudi
0.0,1.0,1.0,0,0.0,commnet,california,3042,3042,0,saudi
18.0,0.5714285714285714,0.8874172185430463,354,-27.071428571428577,commnet,california,3042,3042,1,saudi
0.0,1.0,1.0,0,0.0,commnet,california,3042,3042,2,saudi
27.0,0.2857142857142857,0.93598233995585,372,-41.68571428571428,commnet,california,3042,3042,3,saudi
27.0,0.2857142857142857,0.9668874172185432,394,-41.58571428571428,commnet,california,3042,3042,4,saudi
27.0,0.2857142857142857,0.9403973509933776,381,-41.68571428571428,commnet,california,3042,3042,5,saudi
18.0,0.5714285714285714,0.9271523178807948,368,-26.97142857142857,commnet,california,3042,3042,6,saudi
27.0,0.2857142857142857,0.6975717439293598,328,-41.48571428571428,commnet,california,3042,3042,7,saudi
27.0,0.2857142857142857,0.7064017660044151,347,-41.68571428571428,commnet,california,3042,3042,8,saudi
27.0,0.2857142857142857,0.9094922737306844,325,-41.58571428571428,commnet,california,3042,3042,9,saudi
18.0,0.5714285714285714,0.9470198675496688,373,-26.97142857142857,commnet,california,3042,3042,10,saudi
21.0,0.4285714285714285,1.0,369,-32.42857142857143,commnet,california,3042,3042,11,saudi
27.0,0.2857142857142857,0.8653421633554084,301,-41.48571428571428,commnet,california,3042,3042,12,saudi
27.0,0.2857142857142857,0.7064017660044151,331,-41.68571428571428,commnet,california,3042,3042,13,saudi
21.0,0.4285714285714285,0.7328918322295805,360,-32.62857142857143,commnet,california,3042,3042,14,saudi
27.0,0.2857142857142857,0.9315673289183224,371,-41.68571428571428,commnet,california,3042,4042,0,saudi
18.0,0.5714285714285714,0.9006622516556292,364,-27.071428571428577,commnet,california,3042,4042,1,saudi
18.0,0.5714285714285714,0.9293598233995584,396,-26.871428571428574,commnet,california,3042,4042,2,saudi
14.0,0.7142857142857143,0.9845474613686536,296,-19.81428571428571,commnet,california,3042,4042,3,saudi
18.0,0.5714285714285714,0.8454746136865342,429,-26.77142857142857,commnet,california,3042,4042,4,saudi
18.0,0.5714285714285714,0.8498896247240618,339,-26.97142857142857,commnet,california,3042,4042,5,saudi
27.0,0.2857142857142857,0.93598233995585,373,-41.68571428571428,commnet,california,3042,4042,6,saudi
27.0,0.2857142857142857,0.9403973509933776,390,-41.68571428571428,commnet,california,3042,4042,7,saudi
18.0,0.5714285714285714,0.9845474613686536,338,-26.671428571428574,commnet,california,3042,4042,8,saudi
18.0,0.5714285714285714,0.9227373068432672,394,-26.97142857142857,commnet,california,3042,4042,9,saudi
27.0,0.2857142857142857,0.7108167770419426,334,-41.68571428571428,commnet,california,3042,4042,10,saudi
27.0,0.2857142857142857,0.9183222958057397,329,-41.58571428571428,commnet,california,3042,4042,11,saudi
27.0,0.2857142857142857,0.7086092715231788,341,-41.68571428571428,commnet,california,3042,4042,12,saudi
27.0,0.2857142857142857,0.9448123620309052,341,-41.58571428571428,commnet,california,3042,4042,13,saudi
18.0,0.5714285714285714,0.8388520971302428,416,-26.77142857142857,commnet,california,3042,4042,14,saudi
27.0,0.2857142857142857,1.0,403,-41.285714285714285,commnet,california,4042,42,0,saudi
27.0,0.2857142857142857,1.0,374,-41.285714285714285,commnet,california,4042,42,1,saudi
27.0,0.2857142857142857,1.0,434,-41.285714285714285,commnet,california,4042,42,2,saudi
27.0,0.2857142857142857,1.0,438,-41.285714285714285,commnet,california,4042,42,3,saudi
27.0,0.2857142857142857,1.0,376,-41.285714285714285,commnet,california,4042,42,4,saudi
27.0,0.2857142857142857,1.0,461,-41.285714285714285,commnet,california,4042,42,5,saudi
27.0,0.2857142857142857,1.0,403,-41.285714285714285,commnet,california,4042,42,6,saudi
27.0,0.2857142857142857,1.0,414,-41.285714285714285,commnet,california,4042,42,7,saudi
27.0,0.2857142857142857,1.0,392,-41.285714285714285,commnet,california,4042,42,8,saudi
27.0,0.2857142857142857,1.0,545,-41.285714285714285,commnet,california,4042,42,9,saudi
27.0,0.2857142857142857,1.0,429,-41.285714285714285,commnet,california,4042,42,10,saudi
27.0,0.2857142857142857,1.0,403,-41.285714285714285,commnet,california,4042,42,11,saudi
27.0,0.2857142857142857,0.9713024282560706,424,-41.285714285714285,commnet,california,4042,42,12,saudi
27.0,0.2857142857142857,1.0,520,-41.28571428571429,commnet,california,4042,42,13,saudi
27.0,0.2857142857142857,1.0,491,-41.285714285714285,commnet,california,4042,42,14,saudi
27.0,0.2857142857142857,1.0,423,-41.285714285714285,commnet,california,4042,1042,0,saudi
27.0,0.2857142857142857,1.0,390,-41.285714285714285,commnet,california,4042,1042,1,saudi
27.0,0.2857142857142857,1.0,387,-41.285714285714285,commnet,california,4042,1042,2,saudi
27.0,0.2857142857142857,1.0,423,-41.285714285714285,commnet,california,4042,1042,3,saudi
27.0,0.2857142857142857,1.0,399,-41.285714285714285,commnet,california,4042,1042,4,saudi
27.0,0.2857142857142857,1.0,403,-41.28571428571429,commnet,california,4042,1042,5,saudi
27.0,0.2857142857142857,1.0,404,-41.285714285714285,commnet,california,4042,1042,6,saudi
27.0,0.2857142857142857,1.0,500,-41.285714285714285,commnet,california,4042,1042,7,saudi
27.0,0.2857142857142857,1.0,412,-41.285714285714285,commnet,california,4042,1042,8,saudi
27.0,0.2857142857142857,1.0,404,-41.285714285714285,commnet,california,4042,1042,9,saudi
27.0,0.2857142857142857,1.0,414,-41.285714285714285,commnet,california,4042,1042,10,saudi
27.0,0.2857142857142857,1.0,391,-41.285714285714285,commnet,california,4042,1042,11,saudi
27.0,0.2857142857142857,1.0,401,-41.285714285714285,commnet,california,4042,1042,12,saudi
27.0,0.2857142857142857,1.0,485,-41.285714285714285,commnet,california,4042,1042,13,saudi
27.0,0.2857142857142857,1.0,492,-41.285714285714285,commnet,california,4042,1042,14,saudi
27.0,0.2857142857142857,1.0,412,-41.285714285714285,commnet,california,4042,2042,0,saudi
27.0,0.2857142857142857,1.0,379,-41.285714285714285,commnet,california,4042,2042,1,saudi
27.0,0.2857142857142857,1.0,397,-41.285714285714285,commnet,california,4042,2042,2,saudi
27.0,0.2857142857142857,1.0,384,-41.285714285714285,commnet,california,4042,2042,3,saudi
27.0,0.2857142857142857,1.0,552,-41.285714285714285,commnet,california,4042,2042,4,saudi
27.0,0.2857142857142857,1.0,414,-41.285714285714285,commnet,california,4042,2042,5,saudi
27.0,0.2857142857142857,1.0,417,-41.285714285714285,commnet,california,4042,2042,6,saudi
27.0,0.2857142857142857,1.0,478,-41.285714285714285,commnet,california,4042,2042,7,saudi
27.0,0.2857142857142857,1.0,375,-41.285714285714285,commnet,california,4042,2042,8,saudi
27.0,0.2857142857142857,1.0,423,-41.285714285714285,commnet,california,4042,2042,9,saudi
27.0,0.2857142857142857,1.0,383,-41.285714285714285,commnet,california,4042,2042,10,saudi
27.0,0.2857142857142857,1.0,545,-41.285714285714285,commnet,california,4042,2042,11,saudi
27.0,0.2857142857142857,1.0,509,-41.28571428571429,commnet,california,4042,2042,12,saudi
27.0,0.2857142857142857,1.0,409,-41.285714285714285,commnet,california,4042,2042,13,saudi
27.0,0.2857142857142857,1.0,437,-41.285714285714285,commnet,california,4042,2042,14,saudi
27.0,0.2857142857142857,1.0,454,-41.285714285714285,commnet,california,4042,3042,0,saudi
27.0,0.2857142857142857,1.0,444,-41.28571428571429,commnet,california,4042,3042,1,saudi
27.0,0.2857142857142857,1.0,491,-41.285714285714285,commnet,california,4042,3042,2,saudi
27.0,0.2857142857142857,1.0,404,-41.285714285714285,commnet,california,4042,3042,3,saudi
27.0,0.2857142857142857,1.0,393,-41.285714285714285,commnet,california,4042,3042,4,saudi
27.0,0.2857142857142857,1.0,409,-41.285714285714285,commnet,california,4042,3042,5,saudi
27.0,0.2857142857142857,1.0,507,-41.285714285714285,commnet,california,4042,3042,6,saudi
27.0,0.2857142857142857,1.0,387,-41.285714285714285,commnet,california,4042,3042,7,saudi
27.0,0.2857142857142857,1.0,405,-41.285714285714285,commnet,california,4042,3042,8,saudi
27.0,0.2857142857142857,0.7108167770419426,449,-41.285714285714285,commnet,california,4042,3042,9,saudi
27.0,0.2857142857142857,1.0,450,-41.28571428571429,commnet,california,4042,3042,10,saudi
27.0,0.2857142857142857,0.8830022075055187,432,-41.285714285714285,commnet,california,4042,3042,11,saudi
27.0,0.2857142857142857,1.0,478,-41.285714285714285,commnet,california,4042,3042,12,saudi
27.0,0.2857142857142857,1.0,393,-41.285714285714285,commnet,california,4042,3042,13,saudi
27.0,0.2857142857142857,1.0,421,-41.285714285714285,commnet,california,4042,3042,14,saudi
27.0,0.2857142857142857,1.0,404,-41.285714285714285,commnet,california,4042,4042,0,saudi
27.0,0.2857142857142857,1.0,464,-41.28571428571429,commnet,california,4042,4042,1,saudi
27.0,0.2857142857142857,0.8145695364238411,461,-41.285714285714285,commnet,california,4042,4042,2,saudi
27.0,0.2857142857142857,1.0,389,-41.285714285714285,commnet,california,4042,4042,3,saudi
27.0,0.2857142857142857,1.0,510,-41.285714285714285,commnet,california,4042,4042,4,saudi
27.0,0.2857142857142857,1.0,421,-41.285714285714285,commnet,california,4042,4042,5,saudi
27.0,0.2857142857142857,1.0,405,-41.285714285714285,commnet,california,4042,4042,6,saudi
27.0,0.2857142857142857,1.0,415,-41.285714285714285,commnet,california,4042,4042,7,saudi
27.0,0.2857142857142857,1.0,413,-41.285714285714285,commnet,california,4042,4042,8,saudi
27.0,0.2857142857142857,0.8145695364238411,458,-41.285714285714285,commnet,california,4042,4042,9,saudi
27.0,0.2857142857142857,1.0,397,-41.285714285714285,commnet,california,4042,4042,10,saudi
27.0,0.2857142857142857,1.0,398,-41.285714285714285,commnet,california,4042,4042,11,saudi
27.0,0.2857142857142857,1.0,446,-41.285714285714285,commnet,california,4042,4042,12,saudi
27.0,0.2857142857142857,0.9403973509933776,411,-41.285714285714285,commnet,california,4042,4042,13,saudi
27.0,0.2857142857142857,1.0,488,-41.285714285714285,commnet,california,4042,4042,14,saudi
4.0,0.8571428571428571,1.0,112,-6.857142857142858,hiercomm_heur,saudi,42,42,0,saudi
9.0,0.7142857142857143,0.9230769230769232,33,-14.714285714285714,hiercomm_heur,saudi,42,42,1,saudi
14.0,0.7142857142857143,0.9911699779249448,177,-19.81428571428572,hiercomm_heur,saudi,42,42,2,saudi
13.0,0.7142857142857143,0.8013245033112583,118,-18.814285714285717,hiercomm_heur,saudi,42,42,3,saudi
6.0,0.8571428571428571,0.9470198675496688,86,-8.957142857142857,hiercomm_heur,saudi,42,42,4,saudi
0.0,1.0,1.0,0,0.0,hiercomm_heur,saudi,42,42,5,saudi
0.0,1.0,1.0,0,0.0,hiercomm_heur,saudi,42,42,6,saudi
7.0,0.7142857142857143,0.9823399558498896,197,-12.714285714285714,hiercomm_heur,saudi,42,42,7,saudi
9.0,0.7142857142857143,0.994535519125683,49,-14.714285714285714,hiercomm_heur,saudi,42,42,8,saudi
4.0,0.8571428571428571,0.9955849889624724,282,-6.857142857142858,hiercomm_heur,saudi,42,42,9,saudi
0.0,1.0,1.0,128,0.0,hiercomm_heur,saudi,42,42,10,saudi
4.0,0.8571428571428571,0.9889624724061812,160,-6.957142857142857,hiercomm_heur,saudi,42,42,11,saudi
7.0,0.7142857142857143,0.9293598233995584,216,-12.914285714285716,hiercomm_heur,saudi,42,42,12,saudi
8.0,0.7142857142857143,0.9977924944812362,370,-13.714285714285714,hiercomm_heur,saudi,42,42,13,saudi
4.0,0.8571428571428571,0.9536423841059604,206,-6.857142857142858,hiercomm_heur,saudi,42,42,14,saudi
8.0,0.7142857142857143,1.0,197,-13.714285714285715,hiercomm_heur,saudi,42,1042,0,saudi
4.0,0.8571428571428571,0.8763796909492274,143,-6.857142857142859,hiercomm_heur,saudi,42,1042,1,saudi
9.0,0.7142857142857143,0.8123620309050773,75,-14.814285714285711,hiercomm_heur,saudi,42,1042,2,saudi
13.0,0.5714285714285714,0.8410596026490066,353,-21.571428571428573,hiercomm_heur,saudi,42,1042,3,saudi
9.0,0.7142857142857143,0.7902869757174393,76,-14.914285714285713,hiercomm_heur,saudi,42,1042,4,saudi
8.0,0.7142857142857143,0.9602649006622516,341,-14.114285714285712,hiercomm_heur,saudi,42,1042,5,saudi
10.0,0.8571428571428571,0.9801324503311258,126,-13.057142857142855,hiercomm_heur,saudi,42,1042,6,saudi
8.0,0.7142857142857143,0.9690949227373068,282,-13.714285714285714,hiercomm_heur,saudi,42,1042,7,saudi
3.0,0.8571428571428571,0.9977924944812362,199,-5.857142857142858,hiercomm_heur,saudi,42,1042,8,saudi
8.0,0.7142857142857143,0.9426048565121412,368,-14.414285714285713,hiercomm_heur,saudi,42,1042,9,saudi
17.0,0.5714285714285714,0.977924944812362,193,-25.77142857142857,hiercomm_heur,saudi,42,1042,10,saudi
4.0,0.8571428571428571,1.0,149,-6.857142857142859,hiercomm_heur,saudi,42,1042,11,saudi
8.0,0.7142857142857143,0.9955849889624724,309,-13.714285714285714,hiercomm_heur,saudi,42,1042,12,saudi
4.0,0.8571428571428571,0.9470198675496688,175,-6.857142857142858,hiercomm_heur,saudi,42,1042,13,saudi
0.0,1.0,1.0,0,0.0,hiercomm_heur,saudi,42,1042,14,saudi
13.0,0.5714285714285714,0.8852097130242825,213,-21.77142857142857,hiercomm_heur,saudi,42,2042,0,saudi
0.0,1.0,0.9933774834437086,41,0.0,hiercomm_heur,saudi,42,2042,1,saudi
17.0,0.4285714285714285,1.0,348,-28.42857142857143,hiercomm_heur,saudi,42,2042,2,saudi
7.0,0.7142857142857143,1.0,225,-12.714285714285714,hiercomm_heur,saudi,42,2042,3,saudi
8.0,0.7142857142857143,0.9668874172185432,361,-14.114285714285712,hiercomm_heur,saudi,42,2042,4,saudi
14.0,0.7142857142857143,0.9050772626931568,200,-20.31428571428571,hiercomm_heur,saudi,42,2042,5,saudi
4.0,0.8571428571428571,1.0,202,-6.857142857142858,hiercomm_heur,saudi,42,2042,6,saudi
18.0,0.5714285714285714,0.9801324503311258,374,-26.67142857142857,hiercomm_heur,saudi,42,2042,7,saudi
9.0,0.7142857142857143,0.7902869757174393,76,-14.914285714285713,hiercomm_heur,saudi,42,2042,8,saudi
4.0,0.8571428571428571,0.9867549668874172,187,-6.957142857142859,hiercomm_heur,saudi,42,2042,9,saudi
9.0,0.7142857142857143,0.8675496688741722,137,-14.714285714285714,hiercomm_heur,saudi,42,2042,10,saudi
4.0,0.8571428571428571,0.9955849889624724,316,-6.857142857142858,hiercomm_heur,saudi,42,2042,11,saudi
0.0,1.0,0.9977924944812362,206,0.0,hiercomm_heur,saudi,42,2042,12,saudi
10.0,0.8571428571428571,0.9713024282560706,144,-13.157142857142857,hiercomm_heur,saudi,42,2042,13,saudi
3.0,0.8571428571428571,0.9977924944812362,130,-5.857142857142858,hiercomm_heur,saudi,42,2042,14,saudi
0.0,1.0,1.0,0,0.0,hiercomm_heur,saudi,42,3042,0,saudi
0.0,1.0,1.0,1,0.0,hiercomm_heur,saudi,42,3042,1,saudi
18.0,0.5714285714285714,0.9690949227373068,381,-26.67142857142857,hiercomm_heur,saudi,42,3042,2,saudi
14.0,0.7142857142857143,0.977924944812362,199,-19.814285714285717,hiercomm_heur,saudi,42,3042,3,saudi
4.0,0.8571428571428571,0.9955849889624724,237,-6.857142857142858,hiercomm_heur,saudi,42,3042,4,saudi
10.0,0.8571428571428571,0.9492273730684326,217,-13.257142857142856,hiercomm_heur,saudi,42,3042,5,saudi
3.0,0.8571428571428571,0.911699779249448,179,-5.857142857142858,hiercomm_heur,saudi,42,3042,6,saudi
9.0,0.7142857142857143,0.8830022075055187,69,-14.814285714285711,hiercomm_heur,saudi,42,3042,7,saudi
10.0,0.8571428571428571,0.9955849889624724,151,-12.857142857142858,hiercomm_heur,saudi,42,3042,8,saudi
0.0,1.0,0.8962472406181016,153,0.0,hiercomm_heur,saudi,42,3042,9,saudi
0.0,1.0,1.0,8,0.0,hiercomm_heur,saudi,42,3042,10,saudi
3.0,0.8571428571428571,0.9977924944812362,127,-5.857142857142858,hiercomm_heur,saudi,42,3042,11,saudi
0.0,1.0,1.0,0,0.0,hiercomm_heur,saudi,42,3042,12,saudi
0.0,1.0,0.9624724061810156,154,-0.1999999999999996,hiercomm_heur,saudi,42,3042,13,saudi
4.0,0.8571428571428571,0.9889624724061812,174,-6.957142857142857,hiercomm_heur,saudi,42,3042,14,saudi
10.0,0.8571428571428571,0.9646799116997792,200,-13.157142857142857,hiercomm_heur,saudi,42,4042,0,saudi
0.0,1.0,1.0,0,0.0,hiercomm_heur,saudi,42,4042,1,saudi
0.0,1.0,0.9735099337748344,173,-0.1999999999999996,hiercomm_heur,saudi,42,4042,2,saudi
13.0,0.5714285714285714,0.7969094922737306,198,-21.67142857142857,hiercomm_heur,saudi,42,4042,3,saudi
8.0,0.7142857142857143,0.9955849889624724,351,-13.714285714285714,hiercomm_heur,saudi,42,4042,4,saudi
14.0,0.7142857142857143,0.9801324503311258,216,-19.814285714285717,hiercomm_heur,saudi,42,4042,5,saudi
10.0,0.8571428571428571,0.9977924944812362,147,-12.857142857142858,hiercomm_heur,saudi,42,4042,6,saudi
4.0,0.8571428571428571,0.958057395143488,180,-6.857142857142859,hiercomm_heur,saudi,42,4042,7,saudi
8.0,0.7142857142857143,0.9293598233995584,223,-13.714285714285714,hiercomm_heur,saudi,42,4042,8,saudi
4.0,0.8571428571428571,0.9911699779249448,320,-6.957142857142857,hiercomm_heur,saudi,42,4042,9,saudi
3.0,0.8571428571428571,0.9823399558498896,143,-5.957142857142857,hiercomm_heur,saudi,42,4042,10,saudi
4.0,0.8571428571428571,0.9161147902869756,190,-6.957142857142857,hiercomm_heur,saudi,42,4042,11,saudi
0.0,1.0,1.0,147,0.0,hiercomm_heur,saudi,42,4042,12,saudi
0.0,1.0,0.9911699779249448,129,0.0,hiercomm_heur,saudi,42,4042,13,saudi
8.0,0.7142857142857143,0.9823399558498896,378,-13.714285714285714,hiercomm_heur,saudi,42,4042,14,saudi
8.0,0.7142857142857143,0.9646799116997792,287,-14.014285714285714,hiercomm_heur,saudi,1042,42,0,saudi
9.0,0.7142857142857143,1.0,121,-14.714285714285714,hiercomm_heur,saudi,1042,42,1,saudi
14.0,0.7142857142857143,0.972972972972973,191,-19.814285714285717,hiercomm_heur,saudi,1042,42,2,saudi
14.0,0.7142857142857143,0.9690949227373068,174,-20.01428571428572,hiercomm_heur,saudi,1042,42,3,saudi
13.0,0.5714285714285714,1.0,320,-21.571428571428573,hiercomm_heur,saudi,1042,42,4,saudi
10.0,0.8571428571428571,1.0,183,-12.857142857142858,hiercomm_heur,saudi,1042,42,5,saudi
0.0,1.0,1.0,0,0.0,hiercomm_heur,saudi,1042,42,6,saudi
13.0,0.7142857142857143,0.9514348785871964,173,-18.714285714285715,hiercomm_heur,saudi,1042,42,7,saudi
9.0,0.7142857142857143,0.9973544973544972,175,-14.714285714285714,hiercomm_heur,saudi,1042,42,8,saudi
8.0,0.7142857142857143,0.9249448123620309,444,-13.714285714285714,hiercomm_heur,saudi,1042,42,9,saudi
4.0,0.8571428571428571,0.9911699779249448,227,-6.857142857142858,hiercomm_heur,saudi,1042,42,10,saudi
8.0,0.7142857142857143,0.958057395143488,317,-13.914285714285716,hiercomm_heur,saudi,1042,42,11,saudi
14.0,0.7142857142857143,0.9853479853479854,193,-19.814285714285717,hiercomm_heur,saudi,1042,42,12,saudi
4.0,0.8571428571428571,0.9050772626931568,227,-6.857142857142858,hiercomm_heur,saudi,1042,42,13,saudi
0.0,1.0,1.0,0,0.0,hiercomm_heur,saudi,1042,42,14,saudi
8.0,0.7142857142857143,0.9668874172185432,290,-13.814285714285717,hiercomm_heur,saudi,1042,1042,0,saudi
4.0,0.8571428571428571,1.0,207,-6.857142857142859,hiercomm_heur,saudi,1042,1042,1,saudi
19.0,0.5714285714285714,0.9028697571743928,168,-27.571428571428573,hiercomm_heur,saudi,1042,1042,2,saudi
13.0,0.7142857142857143,0.958057395143488,369,-18.714285714285715,hiercomm_heur,saudi,1042,1042,3,saudi
9.0,0.7142857142857143,1.0,132,-14.714285714285714,hiercomm_heur,saudi,1042,1042,4,saudi
8.0,0.7142857142857143,0.9867549668874172,282,-13.714285714285714,hiercomm_heur,saudi,1042,1042,5,saudi
14.0,0.7142857142857143,1.0,185,-19.714285714285715,hiercomm_heur,saudi,1042,1042,6,saudi
0.0,1.0,1.0,0,0.0,hiercomm_heur,saudi,1042,1042,7,saudi
7.0,0.7142857142857143,0.9933774834437086,354,-12.714285714285714,hiercomm_heur,saudi,1042,1042,8,saudi
14.0,0.7142857142857143,0.9955849889624724,213,-19.714285714285715,hiercomm_heur,saudi,1042,1042,9,saudi
14.0,0.7142857142857143,0.9889624724061812,149,-19.814285714285717,hiercomm_heur,saudi,1042,1042,10,saudi
8.0,0.7142857142857143,0.9977924944812362,280,-13.714285714285715,hiercomm_heur,saudi,1042,1042,11,saudi
14.0,0.7142857142857143,0.9426048565121412,283,-19.714285714285715,hiercomm_heur,saudi,1042,1042,12,saudi
0.0,1.0,1.0,0,0.0,hiercomm_heur,saudi,1042,1042,13,saudi
4.0,0.8571428571428571,0.9933774834437086,220,-6.857142857142858,hiercomm_heur,saudi,1042,1042,14,saudi
9.0,0.7142857142857143,1.0,194,-14.714285714285714,hiercomm_heur,saudi,1042,2042,0,saudi
17.0,0.4285714285714285,0.9006622516556292,245,-28.42857142857143,hiercomm_heur,saudi,1042,2042,1,saudi
19.0,0.5714285714285714,1.0,226,-27.571428571428573,hiercomm_heur,saudi,1042,2042,2,saudi
19.0,0.5714285714285714,0.9954337899543378,173,-27.67142857142857,hiercomm_heur,saudi,1042,2042,3,saudi
14.0,0.7142857142857143,0.9823399558498896,206,-19.714285714285715,hiercomm_heur,saudi,1042,2042,4,saudi
14.0,0.7142857142857143,0.9955849889624724,328,-19.714285714285715,hiercomm_heur,saudi,1042,2042,5,saudi
14.0,0.7142857142857143,1.0,258,-19.714285714285715,hiercomm_heur,saudi,1042,2042,6,saudi
0.0,1.0,1.0,0,0.0,hiercomm_heur,saudi,1042,2042,7,saudi
9.0,0.7142857142857143,1.0,132,-14.714285714285714,hiercomm_heur,saudi,1042,2042,8,saudi
4.0,0.8571428571428571,0.9977924944812362,241,-6.857142857142859,hiercomm_heur,saudi,1042,2042,9,saudi
13.0,0.5714285714285714,1.0,259,-21.571428571428573,hiercomm_heur,saudi,1042,2042,10,saudi
8.0,0.7142857142857143,0.9249448123620309,449,-13.714285714285714,hiercomm_heur,saudi,1042,2042,11,saudi
0.0,1.0,1.0,0,0.0,hiercomm_heur,saudi,1042,2042,12,saudi
14.0,0.7142857142857143,0.9977924944812362,214,-19.714285714285715,hiercomm_heur,saudi,1042,2042,13,saudi
14.0,0.7142857142857143,1.0,202,-19.714285714285715,hiercomm_heur,saudi,1042,2042,14,saudi
14.0,0.7142857142857143,0.9949494949494948,188,-19.714285714285715,hiercomm_heur,saudi,1042,3042,0,saudi
4.0,0.8571428571428571,0.9911699779249448,167,-6.857142857142858,hiercomm_heur,saudi,1042,3042,1,saudi
0.0,1.0,1.0,0,0.0,hiercomm_heur,saudi,1042,3042,2,saudi
18.0,0.5714285714285714,1.0,256,-26.571428571428577,hiercomm_heur,saudi,1042,3042,3,saudi
4.0,0.8571428571428571,1.0,372,-6.857142857142859,hiercomm_heur,saudi,1042,3042,4,saudi
14.0,0.7142857142857143,0.9823399558498896,224,-19.81428571428572,hiercomm_heur,saudi,1042,3042,5,saudi
14.0,0.7142857142857143,0.9801324503311258,203,-19.81428571428572,hiercomm_heur,saudi,1042,3042,6,saudi
13.0,0.5714285714285714,0.8741721854304636,212,-21.571428571428573,hiercomm_heur,saudi,1042,3042,7,saudi
14.0,0.7142857142857143,1.0,317,-19.714285714285715,hiercomm_heur,saudi,1042,3042,8,saudi
14.0,0.7142857142857143,0.9602649006622516,246,-19.91428571428572,hiercomm_heur,saudi,1042,3042,9,saudi
18.0,0.5714285714285714,1.0,403,-26.571428571428573,hiercomm_heur,saudi,1042,3042,10,saudi
14.0,0.7142857142857143,0.9977924944812362,233,-19.714285714285715,hiercomm_heur,saudi,1042,3042,11,saudi
0.0,1.0,1.0,0,0.0,hiercomm_heur,saudi,1042,3042,12,saudi
14.0,0.7142857142857143,1.0,221,-19.714285714285715,hiercomm_heur,saudi,1042,3042,13,saudi
8.0,0.7142857142857143,0.9403973509933776,252,-13.714285714285714,hiercomm_heur,saudi,1042,3042,14,saudi
14.0,0.7142857142857143,1.0,185,-19.714285714285715,hiercomm_heur,saudi,1042,4042,0,saudi
8.0,0.7142857142857143,0.9823399558498896,318,-13.714285714285714,hiercomm_heur,saudi,1042,4042,1,saudi
8.0,0.7142857142857143,1.0,339,-13.714285714285714,hiercomm_heur,saudi,1042,4042,2,saudi
19.0,0.5714285714285714,0.958057395143488,148,-27.97142857142857,hiercomm_heur,saudi,1042,4042,3,saudi
8.0,0.7142857142857143,1.0,428,-13.714285714285714,hiercomm_heur,saudi,1042,4042,4,saudi
14.0,0.7142857142857143,0.9911699779249448,186,-19.714285714285715,hiercomm_heur,saudi,1042,4042,5,saudi
14.0,0.7142857142857143,1.0,210,-19.714285714285715,hiercomm_heur,saudi,1042,4042,6,saudi
7.0,0.7142857142857143,0.9828178694158076,211,-12.814285714285717,hiercomm_heur,saudi,1042,4042,7,saudi
14.0,0.7142857142857143,0.9823399558498896,191,-19.81428571428572,hiercomm_heur,saudi,1042,4042,8,saudi
14.0,0.7142857142857143,0.9801324503311258,304,-19.91428571428572,hiercomm_heur,saudi,1042,4042,9,saudi
14.0,0.7142857142857143,1.0,267,-19.714285714285715,hiercomm_heur,saudi,1042,4042,10,saudi
18.0,0.5714285714285714,1.0,352,-26.571428571428577,hiercomm_heur,saudi,1042,4042,11,saudi
14.0,0.7142857142857143,0.9845474613686536,273,-19.81428571428572,hiercomm_heur,saudi,1042,4042,12,saudi
14.0,0.7142857142857143,1.0,202,-19.714285714285715,hiercomm_heur,saudi,1042,4042,13,saudi
8.0,0.7142857142857143,1.0,417,-13.714285714285714,hiercomm_heur,saudi,1042,4042,14,saudi
4.0,0.8571428571428571,0.933774834437086,108,-7.357142857142856,hiercomm_heur,saudi,2042,42,0,saudi
7.0,0.7142857142857143,1.0,96,-12.714285714285714,hiercomm_heur,saudi,2042,42,1,saudi
13.0,0.7142857142857143,1.0,80,-18.714285714285715,hiercomm_heur,saudi,2042,42,2,saudi
13.0,0.7142857142857143,0.9911699779249448,133,-18.714285714285715,hiercomm_heur,saudi,2042,42,3,saudi
4.0,0.8571428571428571,0.9823399558498896,96,-6.857142857142858,hiercomm_heur,saudi,2042,42,4,saudi
13.0,0.7142857142857143,0.9955849889624724,172,-18.714285714285715,hiercomm_heur,saudi,2042,42,5,saudi
0.0,1.0,1.0,0,0.0,hiercomm_heur,saudi,2042,42,6,saudi
0.0,1.0,0.9691358024691358,107,-0.2,hiercomm_heur,saudi,2042,42,7,saudi
0.0,1.0,0.9977924944812362,78,0.0,hiercomm_heur,saudi,2042,42,8,saudi
0.0,1.0,1.0,0,0.0,hiercomm_heur,saudi,2042,42,9,saudi
0.0,1.0,1.0,54,0.0,hiercomm_heur,saudi,2042,42,10,saudi
4.0,0.8571428571428571,1.0,135,-6.857142857142858,hiercomm_heur,saudi,2042,42,11,saudi
0.0,1.0,0.9889624724061812,113,-0.1,hiercomm_heur,saudi,2042,42,12,saudi
0.0,1.0,1.0,0,0.0,hiercomm_heur,saudi,2042,42,13,saudi
0.0,1.0,1.0,3,0.0,hiercomm_heur,saudi,2042,42,14,saudi
13.0,0.7142857142857143,0.9757174392935982,129,-18.81428571428572,hiercomm_heur,saudi,2042,1042,0,saudi
4.0,0.8571428571428571,1.0,98,-6.857142857142858,hiercomm_heur,saudi,2042,1042,1,saudi
6.0,0.8571428571428571,1.0,37,-8.857142857142858,hiercomm_heur,saudi,2042,1042,2,saudi
4.0,0.8571428571428571,1.0,165,-6.857142857142858,hiercomm_heur,saudi,2042,1042,3,saudi
3.0,0.8571428571428571,1.0,37,-5.857142857142858,hiercomm_heur,saudi,2042,1042,4,saudi
0.0,1.0,1.0,1,0.0,hiercomm_heur,saudi,2042,1042,5,saudi
10.0,0.8571428571428571,1.0,163,-12.857142857142858,hiercomm_heur,saudi,2042,1042,6,saudi
0.0,1.0,1.0,0,0.0,hiercomm_heur,saudi,2042,1042,7,saudi
0.0,1.0,1.0,27,0.0,hiercomm_heur,saudi,2042,1042,8,saudi
0.0,1.0,1.0,1,0.0,hiercomm_heur,saudi,2042,1042,9,saudi
10.0,0.8571428571428571,0.9911699779249448,130,-12.857142857142858,hiercomm_heur,saudi,2042,1042,10,saudi
4.0,0.8571428571428571,1.0,99,-6.857142857142858,hiercomm_heur,saudi,2042,1042,11,saudi
9.0,0.7142857142857143,1.0,180,-14.714285714285714,hiercomm_heur,saudi,2042,1042,12,saudi
0.0,1.0,1.0,3,0.0,hiercomm_heur,saudi,2042,1042,13,saudi
23.0,0.4285714285714285,0.911699779249448,352,-35.128571428571426,hiercomm_heur,saudi,2042,1042,14,saudi
4.0,0.8571428571428571,0.9977924944812362,146,-6.857142857142858,hiercomm_heur,saudi,2042,2042,0,saudi
0.0,1.0,0.9977924944812362,30,0.0,hiercomm_heur,saudi,2042,2042,1,saudi
10.0,0.8571428571428571,0.955849889624724,141,-12.85714285714286,hiercomm_heur,saudi,2042,2042,2,saudi
14.0,0.7142857142857143,0.9668874172185432,234,-19.814285714285717,hiercomm_heur,saudi,2042,2042,3,saudi
0.0,1.0,1.0,0,0.0,hiercomm_heur,saudi,2042,2042,4,saudi
0.0,1.0,1.0,57,0.0,hiercomm_heur,saudi,2042,2042,5,saudi
4.0,0.8571428571428571,0.9381898454746136,298,-7.257142857142856,hiercomm_heur,saudi,2042,2042,6,saudi
0.0,1.0,1.0,3,0.0,hiercomm_heur,saudi,2042,2042,7,saudi
3.0,0.8571428571428571,1.0,87,-5.857142857142858,hiercomm_heur,saudi,2042,2042,8,saudi
14.0,0.7142857142857143,1.0,117,-19.714285714285715,hiercomm_heur,saudi,2042,2042,9,saudi
13.0,0.5714285714285714,0.9668874172185432,239,-21.571428571428573,hiercomm_heur,saudi,2042,2042,10,saudi
0.0,1.0,1.0,0,0.0,hiercomm_heur,saudi,2042,2042,11,saudi
4.0,0.8571428571428571,0.9801324503311258,327,-6.957142857142857,hiercomm_heur,saudi,2042,2042,12,saudi
4.0,0.8571428571428571,1.0,268,-6.857142857142858,hiercomm_heur,saudi,2042,2042,13,saudi
3.0,0.8571428571428571,0.9690949227373068,134,-6.057142857142857,hiercomm_heur,saudi,2042,2042,14,saudi
0.0,1.0,0.9953379953379954,130,0.0,hiercomm_heur,saudi,2042,3042,0,saudi
0.0,1.0,1.0,40,0.0,hiercomm_heur,saudi,2042,3042,1,saudi
0.0,1.0,1.0,3,0.0,hiercomm_heur,saudi,2042,3042,2,saudi
10.0,0.8571428571428571,0.977924944812362,173,-12.857142857142858,hiercomm_heur,saudi,2042,3042,3,saudi
0.0,1.0,1.0,117,0.0,hiercomm_heur,saudi,2042,3042,4,saudi
4.0,0.8571428571428571,1.0,145,-6.857142857142858,hiercomm_heur,saudi,2042,3042,5,saudi
8.0,0.7142857142857143,1.0,207,-13.714285714285714,hiercomm_heur,saudi,2042,3042,6,saudi
9.0,0.7142857142857143,1.0,72,-14.714285714285714,hiercomm_heur,saudi,2042,3042,7,saudi
0.0,1.0,1.0,105,0.0,hiercomm_heur,saudi,2042,3042,8,saudi
0.0,1.0,1.0,107,0.0,hiercomm_heur,saudi,2042,3042,9,saudi
0.0,1.0,1.0,239,0.0,hiercomm_heur,saudi,2042,3042,10,saudi
3.0,0.8571428571428571,1.0,164,-5.857142857142858,hiercomm_heur,saudi,2042,3042,11,saudi
0.0,1.0,1.0,0,0.0,hiercomm_heur,saudi,2042,3042,12,saudi
0.0,1.0,1.0,51,0.0,hiercomm_heur,saudi,2042,3042,13,saudi
4.0,0.8571428571428571,0.9757174392935982,107,-7.057142857142857,hiercomm_heur,saudi,2042,3042,14,saudi
10.0,0.8571428571428571,1.0,162,-12.857142857142858,hiercomm_heur,saudi,2042,4042,0,saudi
0.0,1.0,1.0,9,0.0,hiercomm_heur,saudi,2042,4042,1,saudi
4.0,0.8571428571428571,1.0,140,-6.857142857142858,hiercomm_heur,saudi,2042,4042,2,saudi
10.0,0.8571428571428571,0.9487179487179488,79,-12.957142857142856,hiercomm_heur,saudi,2042,4042,3,saudi
0.0,1.0,1.0,6,0.0,hiercomm_heur,saudi,2042,4042,4,saudi
16.0,0.7142857142857143,0.9977924944812362,108,-21.714285714285715,hiercomm_heur,saudi,2042,4042,5,saudi
10.0,0.8571428571428571,1.0,96,-12.857142857142858,hiercomm_heur,saudi,2042,4042,6,saudi
19.0,0.5714285714285714,1.0,118,-27.571428571428577,hiercomm_heur,saudi,2042,4042,7,saudi
0.0,1.0,1.0,140,0.0,hiercomm_heur,saudi,2042,4042,8,saudi
4.0,0.8571428571428571,1.0,137,-6.857142857142858,hiercomm_heur,saudi,2042,4042,9,saudi
0.0,1.0,1.0,76,0.0,hiercomm_heur,saudi,2042,4042,10,saudi
4.0,0.8571428571428571,1.0,182,-6.857142857142858,hiercomm_heur,saudi,2042,4042,11,saudi
0.0,1.0,1.0,35,0.0,hiercomm_heur,saudi,2042,4042,12,saudi
8.0,0.7142857142857143,1.0,249,-13.714285714285714,hiercomm_heur,saudi,2042,4042,13,saudi
6.0,0.8571428571428571,1.0,51,-8.857142857142858,hiercomm_heur,saudi,2042,4042,14,saudi
0.0,1.0,1.0,95,0.0,hiercomm_heur,saudi,3042,42,0,saudi
9.0,0.7142857142857143,1.0,88,-14.714285714285714,hiercomm_heur,saudi,3042,42,1,saudi
17.0,0.5714285714285714,1.0,169,-25.571428571428577,hiercomm_heur,saudi,3042,42,2,saudi
10.0,0.8571428571428571,1.0,123,-12.857142857142858,hiercomm_heur,saudi,3042,42,3,saudi
0.0,1.0,1.0,37,0.0,hiercomm_heur,saudi,3042,42,4,saudi
0.0,1.0,1.0,0,0.0,hiercomm_heur,saudi,3042,42,5,saudi
0.0,1.0,1.0,3,0.0,hiercomm_heur,saudi,3042,42,6,saudi
3.0,0.8571428571428571,0.8631346578366446,151,-6.057142857142857,hiercomm_heur,saudi,3042,42,7,saudi
13.0,0.5714285714285714,0.9889624724061812,174,-21.67142857142857,hiercomm_heur,saudi,3042,42,8,saudi
4.0,0.8571428571428571,1.0,221,-6.857142857142858,hiercomm_heur,saudi,3042,42,9,saudi
9.0,0.7142857142857143,0.9624724061810156,119,-15.114285714285712,hiercomm_heur,saudi,3042,42,10,saudi
0.0,1.0,1.0,104,0.0,hiercomm_heur,saudi,3042,42,11,saudi
0.0,1.0,0.9889624724061812,166,0.0,hiercomm_heur,saudi,3042,42,12,saudi
8.0,0.7142857142857143,0.9381898454746136,371,-14.214285714285712,hiercomm_heur,saudi,3042,42,13,saudi
4.0,0.8571428571428571,1.0,135,-6.857142857142858,hiercomm_heur,saudi,3042,42,14,saudi
3.0,0.8571428571428571,0.7836644591611479,196,-6.557142857142858,hiercomm_heur,saudi,3042,1042,0,saudi
0.0,1.0,1.0,104,0.0,hiercomm_heur,saudi,3042,1042,1,saudi
9.0,0.7142857142857143,1.0,84,-14.714285714285714,hiercomm_heur,saudi,3042,1042,2,saudi
13.0,0.5714285714285714,1.0,203,-21.571428571428573,hiercomm_heur,saudi,3042,1042,3,saudi
9.0,0.7142857142857143,0.996969696969697,93,-14.714285714285714,hiercomm_heur,saudi,3042,1042,4,saudi
0.0,1.0,0.9977924944812362,214,0.0,hiercomm_heur,saudi,3042,1042,5,saudi
13.0,0.7142857142857143,0.9930555555555556,91,-18.714285714285715,hiercomm_heur,saudi,3042,1042,6,saudi
0.0,1.0,1.0,0,0.0,hiercomm_heur,saudi,3042,1042,7,saudi
4.0,0.8571428571428571,0.9315673289183224,366,-6.857142857142858,hiercomm_heur,saudi,3042,1042,8,saudi
8.0,0.7142857142857143,0.9977924944812362,148,-13.714285714285714,hiercomm_heur,saudi,3042,1042,9,saudi
13.0,0.7142857142857143,1.0,130,-18.714285714285715,hiercomm_heur,saudi,3042,1042,10,saudi
4.0,0.8571428571428571,1.0,153,-6.857142857142859,hiercomm_heur,saudi,3042,1042,11,saudi
0.0,1.0,1.0,238,0.0,hiercomm_heur,saudi,3042,1042,12,saudi
4.0,0.8571428571428571,1.0,124,-6.857142857142858,hiercomm_heur,saudi,3042,1042,13,saudi
0.0,1.0,1.0,0,0.0,hiercomm_heur,saudi,3042,1042,14,saudi
3.0,0.8571428571428571,0.955849889624724,130,-6.257142857142856,hiercomm_heur,saudi,3042,2042,0,saudi
9.0,0.7142857142857143,0.9933774834437086,121,-14.714285714285714,hiercomm_heur,saudi,3042,2042,1,saudi
7.0,0.7142857142857143,1.0,332,-12.714285714285714,hiercomm_heur,saudi,3042,2042,2,saudi
4.0,0.8571428571428571,0.9626865671641792,222,-6.857142857142858,hiercomm_heur,saudi,3042,2042,3,saudi
0.0,1.0,0.9933774834437086,235,-0.1,hiercomm_heur,saudi,3042,2042,4,saudi
0.0,1.0,0.9977924944812362,44,0.0,hiercomm_heur,saudi,3042,2042,5,saudi
14.0,0.7142857142857143,0.9602649006622516,183,-20.21428571428572,hiercomm_heur,saudi,3042,2042,6,saudi
0.0,1.0,0.988095238095238,1,-0.1,hiercomm_heur,saudi,3042,2042,7,saudi
9.0,0.7142857142857143,0.996969696969697,93,-14.714285714285714,hiercomm_heur,saudi,3042,2042,8,saudi
3.0,0.8571428571428571,1.0,174,-5.857142857142858,hiercomm_heur,saudi,3042,2042,9,saudi
9.0,0.7142857142857143,0.9713024282560706,91,-14.814285714285711,hiercomm_heur,saudi,3042,2042,10,saudi
4.0,0.8571428571428571,1.0,221,-6.857142857142858,hiercomm_heur,saudi,3042,2042,11,saudi
13.0,0.5714285714285714,1.0,193,-21.571428571428573,hiercomm_heur,saudi,3042,2042,12,saudi
10.0,0.8571428571428571,0.9953051643192488,85,-12.857142857142858,hiercomm_heur,saudi,3042,2042,13,saudi
9.0,0.7142857142857143,0.9646799116997792,140,-14.914285714285713,hiercomm_heur,saudi,3042,2042,14,saudi
0.0,1.0,0.9948320413436692,85,0.0,hiercomm_heur,saudi,3042,3042,0,saudi
0.0,1.0,1.0,49,0.0,hiercomm_heur,saudi,3042,3042,1,saudi
0.0,1.0,0.9874213836477987,1,-0.1,hiercomm_heur,saudi,3042,3042,2,saudi
13.0,0.7142857142857143,0.9955849889624724,118,-18.714285714285715,hiercomm_heur,saudi,3042,3042,3,saudi
0.0,1.0,1.0,155,0.0,hiercomm_heur,saudi,3042,3042,4,saudi
10.0,0.8571428571428571,0.9977924944812362,130,-12.857142857142858,hiercomm_heur,saudi,3042,3042,5,saudi
0.0,1.0,1.0,73,0.0,hiercomm_heur,saudi,3042,3042,6,saudi
9.0,0.7142857142857143,1.0,65,-14.714285714285714,hiercomm_heur,saudi,3042,3042,7,saudi
10.0,0.8571428571428571,0.9713024282560706,144,-13.057142857142855,hiercomm_heur,saudi,3042,3042,8,saudi
9.0,0.7142857142857143,0.9858156028368794,69,-14.714285714285714,hiercomm_heur,saudi,3042,3042,9,saudi
0.0,1.0,1.0,219,0.0,hiercomm_heur,saudi,3042,3042,10,saudi
0.0,1.0,0.9690949227373068,168,-0.1,hiercomm_heur,saudi,3042,3042,11,saudi
0.0,1.0,1.0,0,0.0,hiercomm_heur,saudi,3042,3042,12,saudi
0.0,1.0,0.9977924944812362,29,0.0,hiercomm_heur,saudi,3042,3042,13,saudi
4.0,0.8571428571428571,0.9887005649717514,75,-6.857142857142858,hiercomm_heur,saudi,3042,3042,14,saudi
13.0,0.7142857142857143,0.9955849889624724,115,-18.714285714285715,hiercomm_heur,saudi,3042,4042,0,saudi
4.0,0.8571428571428571,1.0,85,-6.857142857142858,hiercomm_heur,saudi,3042,4042,1,saudi
4.0,0.8571428571428571,0.9977924944812362,146,-6.857142857142858,hiercomm_heur,saudi,3042,4042,2,saudi
3.0,0.8571428571428571,1.0,125,-5.857142857142858,hiercomm_heur,saudi,3042,4042,3,saudi
4.0,0.8571428571428571,0.9845474613686536,272,-6.857142857142858,hiercomm_heur,saudi,3042,4042,4,saudi
13.0,0.7142857142857143,1.0,78,-18.714285714285715,hiercomm_heur,saudi,3042,4042,5,saudi
0.0,1.0,0.9924242424242424,93,0.0,hiercomm_heur,saudi,3042,4042,6,saudi
9.0,0.7142857142857143,1.0,89,-14.714285714285714,hiercomm_heur,saudi,3042,4042,7,saudi
10.0,0.8571428571428571,0.8817966903073287,67,-12.857142857142858,hiercomm_heur,saudi,3042,4042,8,saudi
4.0,0.8571428571428571,0.9977924944812362,137,-6.857142857142858,hiercomm_heur,saudi,3042,4042,9,saudi
0.0,1.0,0.9977924944812362,43,0.0,hiercomm_heur,saudi,3042,4042,10,saudi
13.0,0.5714285714285714,0.9845474613686536,297,-21.571428571428573,hiercomm_heur,saudi,3042,4042,11,saudi
0.0,1.0,0.9947089947089948,33,0.0,hiercomm_heur,saudi,3042,4042,12,saudi
9.0,0.7142857142857143,0.9602649006622516,207,-15.114285714285712,hiercomm_heur,saudi,3042,4042,13,saudi
8.0,0.7142857142857143,1.0,265,-13.714285714285714,hiercomm_heur,saudi,3042,4042,14,saudi
23.0,0.4285714285714285,0.9911699779249448,198,-34.528571428571425,hiercomm_heur,saudi,4042,42,0,saudi
9.0,0.7142857142857143,0.9763779527559056,86,-14.914285714285713,hiercomm_heur,saudi,4042,42,1,saudi
10.0,0.8571428571428571,0.9178082191780822,56,-13.257142857142856,hiercomm_heur,saudi,4042,42,2,saudi
10.0,0.8571428571428571,0.9735099337748344,79,-13.057142857142855,hiercomm_heur,saudi,4042,42,3,saudi
6.0,0.8571428571428571,0.9885057471264368,38,-8.957142857142857,hiercomm_heur,saudi,4042,42,4,saudi
8.0,0.7142857142857143,1.0,318,-13.714285714285714,hiercomm_heur,saudi,4042,42,5,saudi
4.0,0.8571428571428571,0.9977924944812362,109,-6.857142857142858,hiercomm_heur,saudi,4042,42,6,saudi
9.0,0.7142857142857143,0.4481236203090508,84,-15.314285714285711,hiercomm_heur,saudi,4042,42,7,saudi
9.0,0.7142857142857143,0.977924944812362,100,-14.914285714285713,hiercomm_heur,saudi,4042,42,8,saudi
4.0,0.8571428571428571,0.9955849889624724,271,-6.957142857142857,hiercomm_heur,saudi,4042,42,9,saudi
14.0,0.7142857142857143,0.8896247240618101,180,-20.014285714285712,hiercomm_heur,saudi,4042,42,10,saudi
23.0,0.4285714285714285,0.9911699779249448,210,-34.528571428571425,hiercomm_heur,saudi,4042,42,11,saudi
4.0,0.8571428571428571,0.7991169977924945,325,-6.857142857142858,hiercomm_heur,saudi,4042,42,12,saudi
4.0,0.8571428571428571,1.0,308,-6.857142857142858,hiercomm_heur,saudi,4042,42,13,saudi
0.0,1.0,0.9757174392935982,25,-0.2,hiercomm_heur,saudi,4042,42,14,saudi
23.0,0.4285714285714285,0.4856512141280353,385,-34.628571428571426,hiercomm_heur,saudi,4042,1042,0,saudi
0.0,1.0,1.0,74,0.0,hiercomm_heur,saudi,4042,1042,1,saudi
9.0,0.7142857142857143,0.9735099337748344,102,-14.914285714285713,hiercomm_heur,saudi,4042,1042,2,saudi
13.0,0.5714285714285714,0.7262693156732892,208,-21.97142857142857,hiercomm_heur,saudi,4042,1042,3,saudi
9.0,0.7142857142857143,0.8404558404558404,53,-15.014285714285712,hiercomm_heur,saudi,4042,1042,4,saudi
4.0,0.8571428571428571,0.9977924944812362,214,-6.857142857142858,hiercomm_heur,saudi,4042,1042,5,saudi
10.0,0.8571428571428571,0.7770419426048565,133,-13.257142857142856,hiercomm_heur,saudi,4042,1042,6,saudi
4.0,0.8571428571428571,1.0,333,-6.857142857142858,hiercomm_heur,saudi,4042,1042,7,saudi
14.0,0.7142857142857143,0.9757174392935982,193,-19.714285714285715,hiercomm_heur,saudi,4042,1042,8,saudi
4.0,0.8571428571428571,0.9977924944812362,216,-6.857142857142858,hiercomm_heur,saudi,4042,1042,9,saudi
13.0,0.7142857142857143,0.9976019184652278,87,-18.714285714285715,hiercomm_heur,saudi,4042,1042,10,saudi
0.0,1.0,0.9646799116997792,71,-0.1,hiercomm_heur,saudi,4042,1042,11,saudi
13.0,0.5714285714285714,0.7328918322295805,185,-21.97142857142857,hiercomm_heur,saudi,4042,1042,12,saudi
0.0,1.0,0.9735099337748344,12,-0.3,hiercomm_heur,saudi,4042,1042,13,saudi
8.0,0.7142857142857143,1.0,353,-13.714285714285714,hiercomm_heur,saudi,4042,1042,14,saudi
17.0,0.4285714285714285,0.8322295805739515,216,-28.728571428571428,hiercomm_heur,saudi,4042,2042,0,saudi
6.0,0.8571428571428571,0.978494623655914,42,-8.957142857142857,hiercomm_heur,saudi,4042,2042,1,saudi
9.0,0.7142857142857143,0.9602649006622516,118,-15.114285714285712,hiercomm_heur,saudi,4042,2042,2,saudi
9.0,0.7142857142857143,0.93598233995585,120,-15.214285714285714,hiercomm_heur,saudi,4042,2042,3,saudi
4.0,0.8571428571428571,1.0,211,-6.857142857142858,hiercomm_heur,saudi,4042,2042,4,saudi
7.0,0.7142857142857143,0.9690949227373068,234,-12.914285714285716,hiercomm_heur,saudi,4042,2042,5,saudi
17.0,0.5714285714285714,0.913907284768212,188,-25.77142857142857,hiercomm_heur,saudi,4042,2042,6,saudi
8.0,0.7142857142857143,1.0,304,-13.714285714285714,hiercomm_heur,saudi,4042,2042,7,saudi
9.0,0.7142857142857143,0.8404558404558404,53,-15.014285714285712,hiercomm_heur,saudi,4042,2042,8,saudi
23.0,0.4285714285714285,0.4790286975717439,376,-34.72857142857143,hiercomm_heur,saudi,4042,2042,9,saudi
9.0,0.7142857142857143,0.7439293598233996,82,-14.714285714285714,hiercomm_heur,saudi,4042,2042,10,saudi
4.0,0.8571428571428571,1.0,273,-6.857142857142858,hiercomm_heur,saudi,4042,2042,11,saudi
4.0,0.8571428571428571,1.0,405,-6.857142857142858,hiercomm_heur,saudi,4042,2042,12,saudi
23.0,0.4285714285714285,0.739514348785872,166,-34.628571428571426,hiercomm_heur,saudi,4042,2042,13,saudi
3.0,0.8571428571428571,0.6975717439293598,102,-6.357142857142856,hiercomm_heur,saudi,4042,2042,14,saudi
0.0,1.0,1.0,9,0.0,hiercomm_heur,saudi,4042,3042,0,saudi
0.0,1.0,0.9602649006622516,20,0.0,hiercomm_heur,saudi,4042,3042,1,saudi
0.0,1.0,1.0,45,0.0,hiercomm_heur,saudi,4042,3042,2,saudi
10.0,0.8571428571428571,0.7924944812362031,134,-13.057142857142855,hiercomm_heur,saudi,4042,3042,3,saudi
0.0,1.0,0.9911699779249448,138,0.0,hiercomm_heur,saudi,4042,3042,4,saudi
13.0,0.7142857142857143,0.7328918322295805,95,-18.91428571428571,hiercomm_heur,saudi,4042,3042,5,saudi
4.0,0.8571428571428571,1.0,267,-6.857142857142858,hiercomm_heur,saudi,4042,3042,6,saudi
9.0,0.7142857142857143,0.9602649006622516,86,-15.214285714285712,hiercomm_heur,saudi,4042,3042,7,saudi
13.0,0.5714285714285714,0.7417218543046358,159,-21.571428571428573,hiercomm_heur,saudi,4042,3042,8,saudi
13.0,0.5714285714285714,0.8322295805739515,203,-22.17142857142857,hiercomm_heur,saudi,4042,3042,9,saudi
4.0,0.8571428571428571,1.0,363,-6.857142857142858,hiercomm_heur,saudi,4042,3042,10,saudi
9.0,0.7142857142857143,0.93598233995585,85,-15.414285714285713,hiercomm_heur,saudi,4042,3042,11,saudi
4.0,0.8571428571428571,1.0,305,-6.857142857142858,hiercomm_heur,saudi,4042,3042,12,saudi
7.0,0.7142857142857143,0.9690949227373068,235,-12.914285714285716,hiercomm_heur,saudi,4042,3042,13,saudi
4.0,0.8571428571428571,0.9552238805970148,91,-7.057142857142857,hiercomm_heur,saudi,4042,3042,14,saudi
10.0,0.8571428571428571,0.7770419426048565,133,-13.257142857142856,hiercomm_heur,saudi,4042,4042,0,saudi
4.0,0.8571428571428571,1.0,192,-6.857142857142858,hiercomm_heur,saudi,4042,4042,1,saudi
7.0,0.7142857142857143,0.9845474613686536,160,-12.714285714285714,hiercomm_heur,saudi,4042,4042,2,saudi
9.0,0.7142857142857143,0.7019867549668874,91,-15.014285714285712,hiercomm_heur,saudi,4042,4042,3,saudi
0.0,1.0,1.0,13,0.0,hiercomm_heur,saudi,4042,4042,4,saudi
10.0,0.8571428571428571,0.9529914529914528,59,-13.057142857142855,hiercomm_heur,saudi,4042,4042,5,saudi
10.0,0.8571428571428571,0.9845474613686536,81,-12.957142857142856,hiercomm_heur,saudi,4042,4042,6,saudi
23.0,0.4285714285714285,0.7262693156732892,273,-34.82857142857143,hiercomm_heur,saudi,4042,4042,7,saudi
14.0,0.7142857142857143,0.9816849816849816,96,-19.714285714285715,hiercomm_heur,saudi,4042,4042,8,saudi
3.0,0.8571428571428571,0.9801324503311258,154,-5.857142857142858,hiercomm_heur,saudi,4042,4042,9,saudi
3.0,0.8571428571428571,0.7306843267108167,130,-6.057142857142858,hiercomm_heur,saudi,4042,4042,10,saudi
13.0,0.5714285714285714,0.7328918322295805,176,-21.97142857142857,hiercomm_heur,saudi,4042,4042,11,saudi
0.0,1.0,0.9573643410852714,56,0.0,hiercomm_heur,saudi,4042,4042,12,saudi
13.0,0.5714285714285714,0.7108167770419426,311,-21.871428571428574,hiercomm_heur,saudi,4042,4042,13,saudi
0.0,1.0,0.9949494949494948,16,0.0,hiercomm_heur,saudi,4042,4042,14,saudi
4.0,0.8571428571428571,0.99645390070922,212,-6.857142857142859,hiercomm_heur,california,42,42,0,saudi
23.0,0.4285714285714285,1.0,204,-34.42857142857143,hiercomm_heur,california,42,42,1,saudi
14.0,0.7142857142857143,0.9889624724061812,299,-19.814285714285717,hiercomm_heur,california,42,42,2,saudi
23.0,0.4285714285714285,0.8804347826086957,257,-34.42857142857143,hiercomm_heur,california,42,42,3,saudi
27.0,0.2857142857142857,1.0,337,-41.285714285714285,hiercomm_heur,california,42,42,4,saudi
0.0,1.0,1.0,0,0.0,hiercomm_heur,california,42,42,5,saudi
8.0,0.7142857142857143,1.0,314,-13.714285714285715,hiercomm_heur,california,42,42,6,saudi
18.0,0.5714285714285714,1.0,311,-26.571428571428577,hiercomm_heur,california,42,42,7,saudi
27.0,0.2857142857142857,1.0,340,-41.285714285714285,hiercomm_heur,california,42,42,8,saudi
0.0,1.0,1.0,0,0.0,hiercomm_heur,california,42,42,9,saudi
18.0,0.5714285714285714,1.0,326,-26.571428571428577,hiercomm_heur,california,42,42,10,saudi
21.0,0.4285714285714285,1.0,300,-32.42857142857143,hiercomm_heur,california,42,42,11,saudi
21.0,0.4285714285714285,0.9955849889624724,354,-32.42857142857143,hiercomm_heur,california,42,42,12,saudi
4.0,0.8571428571428571,1.0,325,-6.857142857142858,hiercomm_heur,california,42,42,13,saudi
9.0,0.7142857142857143,1.0,58,-14.714285714285714,hiercomm_heur,california,42,42,14,saudi
27.0,0.2857142857142857,1.0,372,-41.285714285714285,hiercomm_heur,california,42,1042,0,saudi
8.0,0.7142857142857143,1.0,291,-13.714285714285715,hiercomm_heur,california,42,1042,1,saudi
27.0,0.2857142857142857,1.0,343,-41.285714285714285,hiercomm_heur,california,42,1042,2,saudi
27.0,0.2857142857142857,1.0,376,-41.285714285714285,hiercomm_heur,california,42,1042,3,saudi
27.0,0.2857142857142857,0.9955849889624724,304,-41.285714285714285,hiercomm_heur,california,42,1042,4,saudi
8.0,0.7142857142857143,1.0,284,-13.714285714285714,hiercomm_heur,california,42,1042,5,saudi
24.0,0.4285714285714285,0.8543046357615894,305,-35.72857142857143,hiercomm_heur,california,42,1042,6,saudi
0.0,1.0,1.0,0,0.0,hiercomm_heur,california,42,1042,7,saudi
20.0,0.5714285714285714,0.93598233995585,254,-28.671428571428574,hiercomm_heur,california,42,1042,8,saudi
8.0,0.7142857142857143,0.9977924944812362,251,-13.714285714285714,hiercomm_heur,california,42,1042,9,saudi
14.0,0.7142857142857143,0.9889624724061812,220,-19.814285714285717,hiercomm_heur,california,42,1042,10,saudi
8.0,0.7142857142857143,1.0,297,-13.714285714285715,hiercomm_heur,california,42,1042,11,saudi
23.0,0.4285714285714285,1.0,302,-34.42857142857143,hiercomm_heur,california,42,1042,12,saudi
9.0,0.7142857142857143,1.0,54,-14.714285714285714,hiercomm_heur,california,42,1042,13,saudi
0.0,1.0,1.0,0,0.0,hiercomm_heur,california,42,1042,14,saudi
23.0,0.4285714285714285,1.0,302,-34.42857142857143,hiercomm_heur,california,42,2042,0,saudi
27.0,0.2857142857142857,0.8366445916114791,323,-41.285714285714285,hiercomm_heur,california,42,2042,1,saudi
23.0,0.4285714285714285,1.0,272,-34.42857142857143,hiercomm_heur,california,42,2042,2,saudi
27.0,0.2857142857142857,0.9448123620309052,371,-41.385714285714286,hiercomm_heur,california,42,2042,3,saudi
0.0,1.0,1.0,4,0.0,hiercomm_heur,california,42,2042,4,saudi
18.0,0.5714285714285714,1.0,334,-26.571428571428577,hiercomm_heur,california,42,2042,5,saudi
21.0,0.4285714285714285,1.0,362,-32.42857142857143,hiercomm_heur,california,42,2042,6,saudi
17.0,0.4285714285714285,0.9977924944812362,336,-28.42857142857143,hiercomm_heur,california,42,2042,7,saudi
27.0,0.2857142857142857,0.9955849889624724,303,-41.285714285714285,hiercomm_heur,california,42,2042,8,saudi
27.0,0.2857142857142857,1.0,364,-41.285714285714285,hiercomm_heur,california,42,2042,9,saudi
27.0,0.2857142857142857,0.7836644591611479,296,-41.285714285714285,hiercomm_heur,california,42,2042,10,saudi
0.0,1.0,1.0,0,0.0,hiercomm_heur,california,42,2042,11,saudi
0.0,1.0,1.0,0,0.0,hiercomm_heur,california,42,2042,12,saudi
14.0,0.7142857142857143,0.9889624724061812,297,-19.81428571428572,hiercomm_heur,california,42,2042,13,saudi
27.0,0.2857142857142857,0.9823399558498896,353,-41.48571428571428,hiercomm_heur,california,42,2042,14,saudi
8.0,0.7142857142857143,1.0,271,-13.714285714285714,hiercomm_heur,california,42,3042,0,saudi
4.0,0.8571428571428571,0.9646799116997792,218,-6.957142857142857,hiercomm_heur,california,42,3042,1,saudi
8.0,0.7142857142857143,1.0,338,-13.714285714285714,hiercomm_heur,california,42,3042,2,saudi
20.0,0.5714285714285714,0.9690949227373068,267,-28.871428571428574,hiercomm_heur,california,42,3042,3,saudi
14.0,0.7142857142857143,0.9977924944812362,337,-19.714285714285715,hiercomm_heur,california,42,3042,4,saudi
14.0,0.7142857142857143,0.9889624724061812,301,-19.81428571428572,hiercomm_heur,california,42,3042,5,saudi
9.0,0.7142857142857143,1.0,152,-14.714285714285714,hiercomm_heur,california,42,3042,6,saudi
27.0,0.2857142857142857,1.0,295,-41.285714285714285,hiercomm_heur,california,42,3042,7,saudi
14.0,0.7142857142857143,1.0,283,-19.714285714285715,hiercomm_heur,california,42,3042,8,saudi
27.0,0.2857142857142857,1.0,345,-41.285714285714285,hiercomm_heur,california,42,3042,9,saudi
0.0,1.0,1.0,0,0.0,hiercomm_heur,california,42,3042,10,saudi
27.0,0.2857142857142857,0.9072847682119204,351,-42.38571428571429,hiercomm_heur,california,42,3042,11,saudi
0.0,1.0,1.0,0,0.0,hiercomm_heur,california,42,3042,12,saudi
18.0,0.5714285714285714,1.0,339,-26.571428571428577,hiercomm_heur,california,42,3042,13,saudi
8.0,0.7142857142857143,1.0,310,-13.714285714285715,hiercomm_heur,california,42,3042,14,saudi
24.0,0.4285714285714285,0.9668874172185432,305,-35.72857142857143,hiercomm_heur,california,42,4042,0,saudi
4.0,0.8571428571428571,1.0,220,-6.857142857142858,hiercomm_heur,california,42,4042,1,saudi
17.0,0.5714285714285714,0.9911699779249448,291,-25.571428571428577,hiercomm_heur,california,42,4042,2,saudi
27.0,0.2857142857142857,1.0,305,-41.285714285714285,hiercomm_heur,california,42,4042,3,saudi
8.0,0.7142857142857143,1.0,440,-13.714285714285714,hiercomm_heur,california,42,4042,4,saudi
20.0,0.5714285714285714,0.9889624724061812,248,-28.67142857142857,hiercomm_heur,california,42,4042,5,saudi
20.0,0.5714285714285714,0.9426048565121412,272,-28.871428571428574,hiercomm_heur,california,42,4042,6,saudi
27.0,0.2857142857142857,1.0,354,-41.285714285714285,hiercomm_heur,california,42,4042,7,saudi
27.0,0.2857142857142857,0.911699779249448,338,-41.98571428571428,hiercomm_heur,california,42,4042,8,saudi
17.0,0.5714285714285714,0.9271523178807948,347,-25.571428571428577,hiercomm_heur,california,42,4042,9,saudi
18.0,0.5714285714285714,1.0,345,-26.571428571428577,hiercomm_heur,california,42,4042,10,saudi
23.0,0.4285714285714285,1.0,297,-34.42857142857143,hiercomm_heur,california,42,4042,11,saudi
27.0,0.2857142857142857,1.0,349,-41.285714285714285,hiercomm_heur,california,42,4042,12,saudi
27.0,0.2857142857142857,1.0,347,-41.285714285714285,hiercomm_heur,california,42,4042,13,saudi
8.0,0.7142857142857143,1.0,421,-13.714285714285714,hiercomm_heur,california,42,4042,14,saudi
17.0,0.4285714285714285,0.7064017660044151,409,-28.728571428571428,hiercomm_heur,california,1042,42,0,saudi
23.0,0.4285714285714285,1.0,270,-34.42857142857143,hiercomm_heur,california,1042,42,1,saudi
18.0,0.5714285714285714,1.0,309,-26.571428571428577,hiercomm_heur,california,1042,42,2,saudi
14.0,0.7142857142857143,0.977924944812362,217,-19.81428571428572,hiercomm_heur,california,1042,42,3,saudi
19.0,0.5714285714285714,0.9977924944812362,262,-27.571428571428573,hiercomm_heur,california,1042,42,4,saudi
0.0,1.0,1.0,0,0.0,hiercomm_heur,california,1042,42,5,saudi
0.0,1.0,1.0,0,0.0,hiercomm_heur,california,1042,42,6,saudi
13.0,0.7142857142857143,1.0,259,-18.714285714285715,hiercomm_heur,california,1042,42,7,saudi
17.0,0.4285714285714285,1.0,343,-28.42857142857143,hiercomm_heur,california,1042,42,8,saudi
0.0,1.0,1.0,0,0.0,hiercomm_heur,california,1042,42,9,saudi
27.0,0.2857142857142857,0.9823399558498896,392,-41.385714285714286,hiercomm_heur,california,1042,42,10,saudi
17.0,0.4285714285714285,0.695364238410596,411,-28.728571428571428,hiercomm_heur,california,1042,42,11,saudi
11.0,0.5714285714285714,0.8211920529801324,400,-19.871428571428574,hiercomm_heur,california,1042,42,12,saudi
17.0,0.4285714285714285,0.7505518763796909,535,-28.42857142857143,hiercomm_heur,california,1042,42,13,saudi
8.0,0.7142857142857143,0.9977924944812362,200,-13.714285714285714,hiercomm_heur,california,1042,42,14,saudi
27.0,0.2857142857142857,0.6887417218543046,435,-41.58571428571428,hiercomm_heur,california,1042,1042,0,saudi
8.0,0.7142857142857143,1.0,263,-13.714285714285714,hiercomm_heur,california,1042,1042,1,saudi
17.0,0.4285714285714285,1.0,355,-28.42857142857143,hiercomm_heur,california,1042,1042,2,saudi
17.0,0.4285714285714285,1.0,396,-28.42857142857143,hiercomm_heur,california,1042,1042,3,saudi
23.0,0.4285714285714285,1.0,283,-34.42857142857143,hiercomm_heur,california,1042,1042,4,saudi
17.0,0.4285714285714285,0.7262693156732892,282,-28.528571428571425,hiercomm_heur,california,1042,1042,5,saudi
18.0,0.5714285714285714,1.0,344,-26.571428571428577,hiercomm_heur,california,1042,1042,6,saudi
0.0,1.0,1.0,0,0.0,hiercomm_heur,california,1042,1042,7,saudi
17.0,0.4285714285714285,0.7792494481236203,386,-28.42857142857143,hiercomm_heur,california,1042,1042,8,saudi
17.0,0.4285714285714285,0.7218543046357616,344,-28.528571428571425,hiercomm_heur,california,1042,1042,9,saudi
21.0,0.4285714285714285,0.7439293598233996,332,-32.42857142857143,hiercomm_heur,california,1042,1042,10,saudi
17.0,0.4285714285714285,1.0,295,-28.42857142857143,hiercomm_heur,california,1042,1042,11,saudi
18.0,0.5714285714285714,1.0,381,-26.571428571428577,hiercomm_heur,california,1042,1042,12,saudi
8.0,0.7142857142857143,0.9977924944812362,194,-13.714285714285714,hiercomm_heur,california,1042,1042,13,saudi
0.0,1.0,1.0,0,0.0,hiercomm_heur,california,1042,1042,14,saudi
27.0,0.2857142857142857,0.9977924944812362,432,-41.285714285714285,hiercomm_heur,california,1042,2042,0,saudi
19.0,0.5714285714285714,1.0,274,-27.571428571428573,hiercomm_heur,california,1042,2042,1,saudi
17.0,0.4285714285714285,1.0,376,-28.42857142857143,hiercomm_heur,california,1042,2042,2,saudi
18.0,0.5714285714285714,1.0,413,-26.571428571428577,hiercomm_heur,california,1042,2042,3,saudi
0.0,1.0,1.0,0,0.0,hiercomm_heur,california,1042,2042,4,saudi
18.0,0.5714285714285714,0.8587196467991169,388,-26.571428571428577,hiercomm_heur,california,1042,2042,5,saudi
18.0,0.5714285714285714,1.0,387,-26.571428571428577,hiercomm_heur,california,1042,2042,6,saudi
17.0,0.4285714285714285,0.6887417218543046,351,-28.82857142857143,hiercomm_heur,california,1042,2042,7,saudi
19.0,0.5714285714285714,1.0,245,-27.571428571428573,hiercomm_heur,california,1042,2042,8,saudi
27.0,0.2857142857142857,0.6865342163355408,421,-41.68571428571428,hiercomm_heur,california,1042,2042,9,saudi
21.0,0.4285714285714285,1.0,255,-32.42857142857143,hiercomm_heur,california,1042,2042,10,saudi
0.0,1.0,1.0,0,0.0,hiercomm_heur,california,1042,2042,11,saudi
13.0,0.5714285714285714,0.958057395143488,388,-21.871428571428574,hiercomm_heur,california,1042,2042,12,saudi
21.0,0.4285714285714285,0.7417218543046358,367,-32.42857142857143,hiercomm_heur,california,1042,2042,13,saudi
18.0,0.5714285714285714,1.0,314,-26.571428571428577,hiercomm_heur,california,1042,2042,14,saudi
4.0,0.8571428571428571,0.7196467991169978,263,-6.857142857142858,hiercomm_heur,california,1042,3042,0,saudi
0.0,1.0,1.0,0,0.0,hiercomm_heur,california,1042,3042,1,saudi
17.0,0.4285714285714285,0.6865342163355408,377,-28.82857142857143,hiercomm_heur,california,1042,3042,2,saudi
18.0,0.5714285714285714,1.0,345,-26.571428571428577,hiercomm_heur,california,1042,3042,3,saudi
4.0,0.8571428571428571,1.0,427,-6.857142857142858,hiercomm_heur,california,1042,3042,4,saudi
21.0,0.4285714285714285,0.7417218543046358,365,-32.42857142857143,hiercomm_heur,california,1042,3042,5,saudi
4.0,0.8571428571428571,0.9977924944812362,177,-6.857142857142858,hiercomm_heur,california,1042,3042,6,saudi
27.0,0.2857142857142857,1.0,306,-41.285714285714285,hiercomm_heur,california,1042,3042,7,saudi
21.0,0.4285714285714285,1.0,414,-32.42857142857143,hiercomm_heur,california,1042,3042,8,saudi
21.0,0.4285714285714285,1.0,373,-32.42857142857143,hiercomm_heur,california,1042,3042,9,saudi
17.0,0.4285714285714285,0.955849889624724,295,-28.82857142857143,hiercomm_heur,california,1042,3042,10,saudi
18.0,0.5714285714285714,1.0,322,-26.571428571428577,hiercomm_heur,california,1042,3042,11,saudi
0.0,1.0,1.0,0,0.0,hiercomm_heur,california,1042,3042,12,saudi
18.0,0.5714285714285714,0.8587196467991169,391,-26.571428571428577,hiercomm_heur,california,1042,3042,13,saudi
17.0,0.4285714285714285,0.9072847682119204,257,-28.82857142857143,hiercomm_heur,california,1042,3042,14,saudi
18.0,0.5714285714285714,1.0,343,-26.571428571428577,hiercomm_heur,california,1042,4042,0,saudi
0.0,1.0,1.0,0,0.0,hiercomm_heur,california,1042,4042,1,saudi
8.0,0.7142857142857143,1.0,433,-13.714285714285714,hiercomm_heur,california,1042,4042,2,saudi
27.0,0.2857142857142857,1.0,314,-41.285714285714285,hiercomm_heur,california,1042,4042,3,saudi
4.0,0.8571428571428571,0.9911699779249448,403,-6.857142857142858,hiercomm_heur,california,1042,4042,4,saudi
18.0,0.5714285714285714,1.0,294,-26.571428571428577,hiercomm_heur,california,1042,4042,5,saudi
18.0,0.5714285714285714,1.0,348,-26.571428571428577,hiercomm_heur,california,1042,4042,6,saudi
27.0,0.2857142857142857,0.6887417218543046,399,-41.68571428571428,hiercomm_heur,california,1042,4042,7,saudi
27.0,0.2857142857142857,1.0,361,-41.285714285714285,hiercomm_heur,california,1042,4042,8,saudi
8.0,0.7142857142857143,0.8940397350993378,390,-13.714285714285714,hiercomm_heur,california,1042,4042,9,saudi
21.0,0.4285714285714285,0.8300220750551877,400,-32.42857142857143,hiercomm_heur,california,1042,4042,10,saudi
18.0,0.5714285714285714,1.0,380,-26.571428571428577,hiercomm_heur,california,1042,4042,11,saudi
21.0,0.4285714285714285,0.7748344370860927,404,-32.42857142857143,hiercomm_heur,california,1042,4042,12,saudi
21.0,0.4285714285714285,1.0,397,-32.42857142857143,hiercomm_heur,california,1042,4042,13,saudi
4.0,0.8571428571428571,0.9911699779249448,386,-6.857142857142858,hiercomm_heur,california,1042,4042,14,saudi
13.0,0.5714285714285714,1.0,248,-21.571428571428577,hiercomm_heur,california,2042,42,0,saudi
19.0,0.5714285714285714,1.0,177,-27.571428571428573,hiercomm_heur,california,2042,42,1,saudi
14.0,0.7142857142857143,1.0,187,-19.714285714285715,hiercomm_heur,california,2042,42,2,saudi
23.0,0.4285714285714285,0.9735099337748344,168,-34.72857142857143,hiercomm_heur,california,2042,42,3,saudi
23.0,0.4285714285714285,0.9227373068432672,216,-34.52857142857143,hiercomm_heur,california,2042,42,4,saudi
0.0,1.0,1.0,0,0.0,hiercomm_heur,california,2042,42,5,saudi
8.0,0.7142857142857143,0.9955849889624724,255,-13.714285714285714,hiercomm_heur,california,2042,42,6,saudi
19.0,0.5714285714285714,1.0,199,-27.571428571428577,hiercomm_heur,california,2042,42,7,saudi
19.0,0.5714285714285714,0.9293598233995584,208,-27.571428571428573,hiercomm_heur,california,2042,42,8,saudi
0.0,1.0,1.0,0,0.0,hiercomm_heur,california,2042,42,9,saudi
18.0,0.5714285714285714,0.9735099337748344,347,-26.67142857142857,hiercomm_heur,california,2042,42,10,saudi
17.0,0.4285714285714285,0.8233995584988962,293,-28.42857142857143,hiercomm_heur,california,2042,42,11,saudi
21.0,0.4285714285714285,1.0,430,-32.42857142857143,hiercomm_heur,california,2042,42,12,saudi
8.0,0.7142857142857143,1.0,327,-13.714285714285714,hiercomm_heur,california,2042,42,13,saudi
0.0,1.0,1.0,0,0.0,hiercomm_heur,california,2042,42,14,saudi
27.0,0.2857142857142857,1.0,233,-41.285714285714285,hiercomm_heur,california,2042,1042,0,saudi
17.0,0.4285714285714285,1.0,301,-28.42857142857143,hiercomm_heur,california,2042,1042,1,saudi
19.0,0.5714285714285714,1.0,206,-27.571428571428573,hiercomm_heur,california,2042,1042,2,saudi
19.0,0.5714285714285714,0.8498896247240618,214,-27.571428571428573,hiercomm_heur,california,2042,1042,3,saudi
19.0,0.5714285714285714,1.0,167,-27.571428571428573,hiercomm_heur,california,2042,1042,4,saudi
17.0,0.4285714285714285,1.0,277,-28.42857142857143,hiercomm_heur,california,2042,1042,5,saudi
13.0,0.7142857142857143,1.0,216,-18.714285714285715,hiercomm_heur,california,2042,1042,6,saudi
0.0,1.0,1.0,0,0.0,hiercomm_heur,california,2042,1042,7,saudi
23.0,0.4285714285714285,0.9911699779249448,278,-34.42857142857143,hiercomm_heur,california,2042,1042,8,saudi
17.0,0.4285714285714285,0.9977924944812362,337,-28.42857142857143,hiercomm_heur,california,2042,1042,9,saudi
16.0,0.7142857142857143,1.0,142,-21.714285714285715,hiercomm_heur,california,2042,1042,10,saudi
13.0,0.5714285714285714,0.9624724061810156,184,-21.77142857142857,hiercomm_heur,california,2042,1042,11,saudi
27.0,0.2857142857142857,0.9911699779249448,278,-41.285714285714285,hiercomm_heur,california,2042,1042,12,saudi
0.0,1.0,1.0,0,0.0,hiercomm_heur,california,2042,1042,13,saudi
0.0,1.0,1.0,0,0.0,hiercomm_heur,california,2042,1042,14,saudi
19.0,0.5714285714285714,0.9977924944812362,221,-27.571428571428573,hiercomm_heur,california,2042,2042,0,saudi
23.0,0.4285714285714285,1.0,257,-34.42857142857143,hiercomm_heur,california,2042,2042,1,saudi
19.0,0.5714285714285714,1.0,195,-27.571428571428573,hiercomm_heur,california,2042,2042,2,saudi
19.0,0.5714285714285714,0.9977924944812362,259,-27.571428571428573,hiercomm_heur,california,2042,2042,3,saudi
4.0,0.8571428571428571,0.9977924944812362,413,-6.857142857142858,hiercomm_heur,california,2042,2042,4,saudi
14.0,0.7142857142857143,1.0,298,-19.714285714285715,hiercomm_heur,california,2042,2042,5,saudi
21.0,0.4285714285714285,0.9713024282560706,387,-32.628571428571426,hiercomm_heur,california,2042,2042,6,saudi
0.0,1.0,0.9523809523809524,0,0.0,hiercomm_heur,california,2042,2042,7,saudi
19.0,0.5714285714285714,1.0,160,-27.571428571428573,hiercomm_heur,california,2042,2042,8,saudi
23.0,0.4285714285714285,1.0,230,-34.42857142857143,hiercomm_heur,california,2042,2042,9,saudi
19.0,0.5714285714285714,0.7858719646799117,179,-27.67142857142857,hiercomm_heur,california,2042,2042,10,saudi
0.0,1.0,1.0,0,0.0,hiercomm_heur,california,2042,2042,11,saudi
17.0,0.4285714285714285,1.0,319,-28.42857142857143,hiercomm_heur,california,2042,2042,12,saudi
20.0,0.5714285714285714,1.0,206,-28.571428571428577,hiercomm_heur,california,2042,2042,13,saudi
19.0,0.5714285714285714,0.7836644591611479,210,-27.571428571428573,hiercomm_heur,california,2042,2042,14,saudi
8.0,0.7142857142857143,1.0,233,-13.714285714285714,hiercomm_heur,california,2042,3042,0,saudi
17.0,0.4285714285714285,1.0,244,-28.42857142857143,hiercomm_heur,california,2042,3042,1,saudi
0.0,1.0,0.9523809523809524,0,0.0,hiercomm_heur,california,2042,3042,2,saudi
16.0,0.7142857142857143,1.0,170,-21.714285714285715,hiercomm_heur,california,2042,3042,3,saudi
23.0,0.4285714285714285,0.9624724061810156,272,-34.42857142857143,hiercomm_heur,california,2042,3042,4,saudi
16.0,0.7142857142857143,1.0,184,-21.714285714285715,hiercomm_heur,california,2042,3042,5,saudi
21.0,0.4285714285714285,1.0,390,-32.42857142857143,hiercomm_heur,california,2042,3042,6,saudi
9.0,0.7142857142857143,1.0,141,-14.714285714285714,hiercomm_heur,california,2042,3042,7,saudi
18.0,0.5714285714285714,1.0,326,-26.571428571428577,hiercomm_heur,california,2042,3042,8,saudi
23.0,0.4285714285714285,1.0,162,-34.42857142857143,hiercomm_heur,california,2042,3042,9,saudi
13.0,0.5714285714285714,1.0,262,-21.571428571428573,hiercomm_heur,california,2042,3042,10,saudi
19.0,0.5714285714285714,0.7836644591611479,208,-27.571428571428577,hiercomm_heur,california,2042,3042,11,saudi
0.0,1.0,1.0,0,0.0,hiercomm_heur,california,2042,3042,12,saudi
14.0,0.7142857142857143,1.0,299,-19.714285714285715,hiercomm_heur,california,2042,3042,13,saudi
17.0,0.4285714285714285,0.8741721854304636,284,-28.42857142857143,hiercomm_heur,california,2042,3042,14,saudi
16.0,0.7142857142857143,1.0,155,-21.714285714285715,hiercomm_heur,california,2042,4042,0,saudi
17.0,0.4285714285714285,1.0,294,-28.42857142857143,hiercomm_heur,california,2042,4042,1,saudi
27.0,0.2857142857142857,0.7284768211920529,324,-41.385714285714286,hiercomm_heur,california,2042,4042,2,saudi
13.0,0.5714285714285714,1.0,171,-21.571428571428573,hiercomm_heur,california,2042,4042,3,saudi
4.0,0.8571428571428571,1.0,247,-6.857142857142858,hiercomm_heur,california,2042,4042,4,saudi
23.0,0.4285714285714285,1.0,169,-34.42857142857143,hiercomm_heur,california,2042,4042,5,saudi
20.0,0.5714285714285714,1.0,120,-28.571428571428577,hiercomm_heur,california,2042,4042,6,saudi
27.0,0.2857142857142857,0.9646799116997792,258,-41.285714285714285,hiercomm_heur,california,2042,4042,7,saudi
23.0,0.4285714285714285,1.0,126,-34.42857142857143,hiercomm_heur,california,2042,4042,8,saudi
17.0,0.5714285714285714,0.9050772626931568,323,-25.971428571428586,hiercomm_heur,california,2042,4042,9,saudi
18.0,0.5714285714285714,1.0,351,-26.571428571428577,hiercomm_heur,california,2042,4042,10,saudi
27.0,0.2857142857142857,1.0,305,-41.285714285714285,hiercomm_heur,california,2042,4042,11,saudi
27.0,0.2857142857142857,0.7108167770419426,363,-41.785714285714285,hiercomm_heur,california,2042,4042,12,saudi
27.0,0.2857142857142857,1.0,389,-41.285714285714285,hiercomm_heur,california,2042,4042,13,saudi
4.0,0.8571428571428571,1.0,205,-6.857142857142858,hiercomm_heur,california,2042,4042,14,saudi
27.0,0.2857142857142857,0.9977924944812362,365,-41.285714285714285,hiercomm_heur,california,3042,42,0,saudi
27.0,0.2857142857142857,0.8984547461368654,351,-41.285714285714285,hiercomm_heur,california,3042,42,1,saudi
18.0,0.5714285714285714,0.82560706401766,368,-26.571428571428577,hiercomm_heur,california,3042,42,2,saudi
21.0,0.4285714285714285,0.9470198675496688,391,-32.42857142857143,hiercomm_heur,california,3042,42,3,saudi
27.0,0.2857142857142857,0.9911699779249448,409,-41.285714285714285,hiercomm_heur,california,3042,42,4,saudi
0.0,1.0,0.9166666666666666,0,0.0,hiercomm_heur,california,3042,42,5,saudi
8.0,0.7142857142857143,1.0,327,-13.714285714285714,hiercomm_heur,california,3042,42,6,saudi
27.0,0.2857142857142857,0.9448123620309052,399,-41.48571428571429,hiercomm_heur,california,3042,42,7,saudi
27.0,0.2857142857142857,0.9205298013245032,436,-41.385714285714286,hiercomm_heur,california,3042,42,8,saudi
0.0,1.0,1.0,0,0.0,hiercomm_heur,california,3042,42,9,saudi
18.0,0.5714285714285714,1.0,450,-26.571428571428577,hiercomm_heur,california,3042,42,10,saudi
27.0,0.2857142857142857,0.9977924944812362,372,-41.285714285714285,hiercomm_heur,california,3042,42,11,saudi
27.0,0.2857142857142857,0.8211920529801324,343,-41.285714285714285,hiercomm_heur,california,3042,42,12,saudi
13.0,0.5714285714285714,1.0,282,-21.571428571428577,hiercomm_heur,california,3042,42,13,saudi
17.0,0.4285714285714285,1.0,366,-28.42857142857143,hiercomm_heur,california,3042,42,14,saudi
17.0,0.5714285714285714,1.0,188,-25.571428571428577,hiercomm_heur,california,3042,1042,0,saudi
27.0,0.2857142857142857,0.9977924944812362,294,-41.285714285714285,hiercomm_heur,california,3042,1042,1,saudi
27.0,0.2857142857142857,0.9977924944812362,455,-41.285714285714285,hiercomm_heur,california,3042,1042,2,saudi
27.0,0.2857142857142857,0.9757174392935982,494,-41.285714285714285,hiercomm_heur,california,3042,1042,3,saudi
27.0,0.2857142857142857,0.8609271523178808,390,-41.385714285714286,hiercomm_heur,california,3042,1042,4,saudi
21.0,0.4285714285714285,1.0,348,-32.42857142857143,hiercomm_heur,california,3042,1042,5,saudi
21.0,0.4285714285714285,0.7439293598233996,350,-32.42857142857143,hiercomm_heur,california,3042,1042,6,saudi
0.0,1.0,1.0,0,0.0,hiercomm_heur,california,3042,1042,7,saudi
18.0,0.5714285714285714,1.0,250,-26.571428571428577,hiercomm_heur,california,3042,1042,8,saudi
21.0,0.4285714285714285,0.8189845474613686,383,-32.42857142857143,hiercomm_heur,california,3042,1042,9,saudi
18.0,0.5714285714285714,0.9801324503311258,349,-26.571428571428577,hiercomm_heur,california,3042,1042,10,saudi
27.0,0.2857142857142857,0.9977924944812362,294,-41.285714285714285,hiercomm_heur,california,3042,1042,11,saudi
21.0,0.4285714285714285,0.9933774834437086,513,-32.42857142857143,hiercomm_heur,california,3042,1042,12,saudi
13.0,0.5714285714285714,0.9977924944812362,283,-21.571428571428573,hiercomm_heur,california,3042,1042,13,saudi
0.0,1.0,0.9166666666666666,0,0.0,hiercomm_heur,california,3042,1042,14,saudi
27.0,0.2857142857142857,0.9823399558498896,497,-41.285714285714285,hiercomm_heur,california,3042,2042,0,saudi
27.0,0.2857142857142857,0.9955849889624724,417,-41.285714285714285,hiercomm_heur,california,3042,2042,1,saudi
27.0,0.2857142857142857,0.9955849889624724,478,-41.285714285714285,hiercomm_heur,california,3042,2042,2,saudi
27.0,0.2857142857142857,0.9227373068432672,486,-41.285714285714285,hiercomm_heur,california,3042,2042,3,saudi
0.0,1.0,1.0,0,0.0,hiercomm_heur,california,3042,2042,4,saudi
27.0,0.2857142857142857,0.7350993377483444,488,-41.385714285714286,hiercomm_heur,california,3042,2042,5,saudi
27.0,0.2857142857142857,0.9624724061810156,500,-41.285714285714285,hiercomm_heur,california,3042,2042,6,saudi
0.0,1.0,1.0,0,0.0,hiercomm_heur,california,3042,2042,7,saudi
27.0,0.2857142857142857,0.8609271523178808,390,-41.385714285714286,hiercomm_heur,california,3042,2042,8,saudi
17.0,0.5714285714285714,1.0,190,-25.571428571428577,hiercomm_heur,california,3042,2042,9,saudi
23.0,0.4285714285714285,0.9006622516556292,297,-34.42857142857143,hiercomm_heur,california,3042,2042,10,saudi
0.0,1.0,1.0,0,0.0,hiercomm_heur,california,3042,2042,11,saudi
17.0,0.4285714285714285,1.0,426,-28.42857142857143,hiercomm_heur,california,3042,2042,12,saudi
14.0,0.7142857142857143,1.0,175,-19.714285714285715,hiercomm_heur,california,3042,2042,13,saudi
27.0,0.2857142857142857,0.7130242825607064,438,-41.385714285714286,hiercomm_heur,california,3042,2042,14,saudi
18.0,0.5714285714285714,0.9977924944812362,350,-26.571428571428577,hiercomm_heur,california,3042,3042,0,saudi
17.0,0.4285714285714285,1.0,348,-28.42857142857143,hiercomm_heur,california,3042,3042,1,saudi
0.0,1.0,1.0,0,0.0,hiercomm_heur,california,3042,3042,2,saudi
18.0,0.5714285714285714,0.7527593818984547,349,-26.67142857142857,hiercomm_heur,california,3042,3042,3,saudi
18.0,0.5714285714285714,1.0,456,-26.571428571428577,hiercomm_heur,california,3042,3042,4,saudi
14.0,0.7142857142857143,1.0,196,-19.714285714285715,hiercomm_heur,california,3042,3042,5,saudi
27.0,0.2857142857142857,1.0,309,-41.285714285714285,hiercomm_heur,california,3042,3042,6,saudi
27.0,0.2857142857142857,0.9911699779249448,322,-41.285714285714285,hiercomm_heur,california,3042,3042,7,saudi
27.0,0.2857142857142857,0.8962472406181016,422,-41.385714285714286,hiercomm_heur,california,3042,3042,8,saudi
27.0,0.2857142857142857,0.9977924944812362,483,-41.285714285714285,hiercomm_heur,california,3042,3042,9,saudi
17.0,0.4285714285714285,1.0,428,-28.42857142857143,hiercomm_heur,california,3042,3042,10,saudi
27.0,0.2857142857142857,0.7130242825607064,421,-41.385714285714286,hiercomm_heur,california,3042,3042,11,saudi
0.0,1.0,1.0,0,0.0,hiercomm_heur,california,3042,3042,12,saudi
27.0,0.2857142857142857,0.7350993377483444,489,-41.385714285714286,hiercomm_heur,california,3042,3042,13,saudi
10.0,0.7142857142857143,0.977924944812362,147,-15.914285714285716,hiercomm_heur,california,3042,3042,14,saudi
21.0,0.4285714285714285,0.7439293598233996,350,-32.42857142857143,hiercomm_heur,california,3042,4042,0,saudi
17.0,0.4285714285714285,0.9977924944812362,371,-28.42857142857143,hiercomm_heur,california,3042,4042,1,saudi
18.0,0.5714285714285714,1.0,334,-26.571428571428577,hiercomm_heur,california,3042,4042,2,saudi
27.0,0.2857142857142857,0.7196467991169978,361,-41.285714285714285,hiercomm_heur,california,3042,4042,3,saudi
17.0,0.4285714285714285,0.93598233995585,500,-28.628571428571423,hiercomm_heur,california,3042,4042,4,saudi
18.0,0.5714285714285714,0.9735099337748344,354,-26.571428571428577,hiercomm_heur,california,3042,4042,5,saudi
18.0,0.5714285714285714,0.7505518763796909,350,-26.67142857142857,hiercomm_heur,california,3042,4042,6,saudi
18.0,0.5714285714285714,1.0,277,-26.571428571428577,hiercomm_heur,california,3042,4042,7,saudi
27.0,0.2857142857142857,0.9955849889624724,471,-41.285714285714285,hiercomm_heur,california,3042,4042,8,saudi
18.0,0.5714285714285714,1.0,344,-26.571428571428577,hiercomm_heur,california,3042,4042,9,saudi
27.0,0.2857142857142857,0.9933774834437086,490,-41.285714285714285,hiercomm_heur,california,3042,4042,10,saudi
21.0,0.4285714285714285,0.9933774834437086,509,-32.42857142857143,hiercomm_heur,california,3042,4042,11,saudi
27.0,0.2857142857142857,0.8057395143487859,503,-41.285714285714285,hiercomm_heur,california,3042,4042,12,saudi
27.0,0.2857142857142857,0.9977924944812362,530,-41.285714285714285,hiercomm_heur,california,3042,4042,13,saudi
17.0,0.4285714285714285,0.9735099337748344,477,-28.628571428571423,hiercomm_heur,california,3042,4042,14,saudi
8.0,0.7142857142857143,1.0,361,-13.714285714285715,hiercomm_heur,california,4042,42,0,saudi
27.0,0.2857142857142857,1.0,323,-41.285714285714285,hiercomm_heur,california,4042,42,1,saudi
27.0,0.2857142857142857,0.9624724061810156,366,-41.78571428571429,hiercomm_heur,california,4042,42,2,saudi
27.0,0.2857142857142857,1.0,379,-41.285714285714285,hiercomm_heur,california,4042,42,3,saudi
27.0,0.2857142857142857,1.0,410,-41.285714285714285,hiercomm_heur,california,4042,42,4,saudi
0.0,1.0,0.8333333333333334,0,-0.1,hiercomm_heur,california,4042,42,5,saudi
8.0,0.7142857142857143,1.0,253,-13.714285714285714,hiercomm_heur,california,4042,42,6,saudi
27.0,0.2857142857142857,0.8410596026490066,362,-41.285714285714285,hiercomm_heur,california,4042,42,7,saudi
27.0,0.2857142857142857,0.8896247240618101,386,-41.285714285714285,hiercomm_heur,california,4042,42,8,saudi
0.0,1.0,1.0,0,0.0,hiercomm_heur,california,4042,42,9,saudi
27.0,0.2857142857142857,0.9955849889624724,429,-41.285714285714285,hiercomm_heur,california,4042,42,10,saudi
8.0,0.7142857142857143,0.9977924944812362,376,-13.714285714285715,hiercomm_heur,california,4042,42,11,saudi
27.0,0.2857142857142857,1.0,473,-41.285714285714285,hiercomm_heur,california,4042,42,12,saudi
4.0,0.8571428571428571,1.0,310,-6.857142857142858,hiercomm_heur,california,4042,42,13,saudi
0.0,1.0,1.0,0,0.0,hiercomm_heur,california,4042,42,14,saudi
21.0,0.4285714285714285,0.7748344370860927,394,-32.42857142857143,hiercomm_heur,california,4042,1042,0,saudi
18.0,0.5714285714285714,1.0,270,-26.571428571428577,hiercomm_heur,california,4042,1042,1,saudi
27.0,0.2857142857142857,0.8940397350993378,383,-41.285714285714285,hiercomm_heur,california,4042,1042,2,saudi
27.0,0.2857142857142857,0.911699779249448,443,-41.285714285714285,hiercomm_heur,california,4042,1042,3,saudi
27.0,0.2857142857142857,0.8344370860927153,323,-41.285714285714285,hiercomm_heur,california,4042,1042,4,saudi
18.0,0.5714285714285714,1.0,327,-26.571428571428577,hiercomm_heur,california,4042,1042,5,saudi
18.0,0.5714285714285714,0.9911699779249448,316,-26.571428571428577,hiercomm_heur,california,4042,1042,6,saudi
0.0,1.0,1.0,0,0.0,hiercomm_heur,california,4042,1042,7,saudi
21.0,0.4285714285714285,1.0,411,-32.42857142857143,hiercomm_heur,california,4042,1042,8,saudi
8.0,0.7142857142857143,1.0,317,-13.714285714285714,hiercomm_heur,california,4042,1042,9,saudi
27.0,0.2857142857142857,0.9227373068432672,350,-41.98571428571429,hiercomm_heur,california,4042,1042,10,saudi
18.0,0.5714285714285714,1.0,273,-26.571428571428577,hiercomm_heur,california,4042,1042,11,saudi
23.0,0.4285714285714285,0.8388520971302428,388,-34.42857142857143,hiercomm_heur,california,4042,1042,12,saudi
0.0,1.0,1.0,0,0.0,hiercomm_heur,california,4042,1042,13,saudi
0.0,1.0,0.8333333333333334,0,-0.1,hiercomm_heur,california,4042,1042,14,saudi
27.0,0.2857142857142857,1.0,414,-41.285714285714285,hiercomm_heur,california,4042,2042,0,saudi
27.0,0.2857142857142857,1.0,324,-41.285714285714285,hiercomm_heur,california,4042,2042,1,saudi
27.0,0.2857142857142857,0.8719646799116998,395,-41.285714285714285,hiercomm_heur,california,4042,2042,2,saudi
27.0,0.2857142857142857,1.0,402,-41.285714285714285,hiercomm_heur,california,4042,2042,3,saudi
0.0,1.0,0.9933774834437086,18,0.0,hiercomm_heur,california,4042,2042,4,saudi
18.0,0.5714285714285714,1.0,341,-26.571428571428577,hiercomm_heur,california,4042,2042,5,saudi
21.0,0.4285714285714285,0.977924944812362,439,-32.72857142857143,hiercomm_heur,california,4042,2042,6,saudi
0.0,1.0,1.0,0,0.0,hiercomm_heur,california,4042,2042,7,saudi
27.0,0.2857142857142857,0.8344370860927153,323,-41.285714285714285,hiercomm_heur,california,4042,2042,8,saudi
27.0,0.2857142857142857,0.7064017660044151,420,-41.58571428571428,hiercomm_heur,california,4042,2042,9,saudi
23.0,0.4285714285714285,1.0,309,-34.42857142857143,hiercomm_heur,california,4042,2042,10,saudi
0.0,1.0,1.0,0,0.0,hiercomm_heur,california,4042,2042,11,saudi
18.0,0.5714285714285714,0.9801324503311258,345,-26.571428571428577,hiercomm_heur,california,4042,2042,12,saudi
27.0,0.2857142857142857,0.9624724061810156,401,-41.285714285714285,hiercomm_heur,california,4042,2042,13,saudi
27.0,0.2857142857142857,0.9713024282560706,416,-41.285714285714285,hiercomm_heur,california,4042,2042,14,saudi
8.0,0.7142857142857143,0.9845474613686536,260,-13.714285714285714,hiercomm_heur,california,4042,3042,0,saudi
24.0,0.4285714285714285,0.891832229580574,333,-35.42857142857143,hiercomm_heur,california,4042,3042,1,saudi
0.0,1.0,1.0,0,0.0,hiercomm_heur,california,4042,3042,2,saudi
18.0,0.5714285714285714,0.9911699779249448,318,-26.571428571428577,hiercomm_heur,california,4042,3042,3,saudi
18.0,0.5714285714285714,0.9889624724061812,443,-26.571428571428577,hiercomm_heur,california,4042,3042,4,saudi
18.0,0.5714285714285714,0.9072847682119204,361,-26.571428571428577,hiercomm_heur,california,4042,3042,5,saudi
21.0,0.4285714285714285,1.0,439,-32.42857142857143,hiercomm_heur,california,4042,3042,6,saudi
27.0,0.2857142857142857,1.0,306,-41.285714285714285,hiercomm_heur,california,4042,3042,7,saudi
27.0,0.2857142857142857,0.9867549668874172,363,-41.285714285714285,hiercomm_heur,california,4042,3042,8,saudi
27.0,0.2857142857142857,0.8410596026490066,433,-41.285714285714285,hiercomm_heur,california,4042,3042,9,saudi
21.0,0.4285714285714285,0.9205298013245032,345,-32.42857142857143,hiercomm_heur,california,4042,3042,10,saudi
27.0,0.2857142857142857,0.9757174392935982,412,-41.285714285714285,hiercomm_heur,california,4042,3042,11,saudi
0.0,1.0,1.0,0,0.0,hiercomm_heur,california,4042,3042,12,saudi
18.0,0.5714285714285714,1.0,342,-26.571428571428577,hiercomm_heur,california,4042,3042,13,saudi
8.0,0.7142857142857143,1.0,326,-13.714285714285714,hiercomm_heur,california,4042,3042,14,saudi
18.0,0.5714285714285714,0.9889624724061812,316,-26.571428571428577,hiercomm_heur,california,4042,4042,0,saudi
8.0,0.7142857142857143,0.8211920529801324,297,-13.714285714285714,hiercomm_heur,california,4042,4042,1,saudi
27.0,0.2857142857142857,0.9977924944812362,386,-41.285714285714285,hiercomm_heur,california,4042,4042,2,saudi
27.0,0.2857142857142857,0.9911699779249448,330,-41.285714285714285,hiercomm_heur,california,4042,4042,3,saudi
23.0,0.4285714285714285,0.9757174392935982,397,-34.72857142857143,hiercomm_heur,california,4042,4042,4,saudi
27.0,0.2857142857142857,0.7064017660044151,354,-41.785714285714285,hiercomm_heur,california,4042,4042,5,saudi
18.0,0.5714285714285714,0.9889624724061812,320,-26.571428571428577,hiercomm_heur,california,4042,4042,6,saudi
8.0,0.7142857142857143,0.9757174392935982,369,-13.914285714285713,hiercomm_heur,california,4042,4042,7,saudi
18.0,0.5714285714285714,0.8057395143487859,364,-26.571428571428577,hiercomm_heur,california,4042,4042,8,saudi
27.0,0.2857142857142857,0.9977924944812362,475,-41.285714285714285,hiercomm_heur,california,4042,4042,9,saudi
18.0,0.5714285714285714,0.8830022075055187,361,-26.571428571428577,hiercomm_heur,california,4042,4042,10,saudi
27.0,0.2857142857142857,1.0,434,-41.285714285714285,hiercomm_heur,california,4042,4042,11,saudi
27.0,0.2857142857142857,0.9911699779249448,467,-41.385714285714286,hiercomm_heur,california,4042,4042,12,saudi
23.0,0.4285714285714285,0.9514348785871964,410,-34.42857142857143,hiercomm_heur,california,4042,4042,13,saudi
4.0,0.8571428571428571,0.9955849889624724,206,-6.957142857142857,hiercomm_heur,california,4042,4042,14,saudi
31.0,0.1666666666666666,0.6821192052980133,663,-48.06666666666667,commnet,saudi,42,42,0,california
31.0,0.1666666666666666,0.7615894039735099,658,-48.06666666666666,commnet,saudi,42,42,1,california
31.0,0.1666666666666666,0.6821192052980133,671,-48.06666666666666,commnet,saudi,42,42,2,california
31.0,0.1666666666666666,0.6821192052980133,676,-48.06666666666666,commnet,saudi,42,42,3,california
31.0,0.1666666666666666,0.7350993377483444,512,-48.06666666666666,commnet,saudi,42,42,4,california
31.0,0.1666666666666666,0.7417218543046358,669,-48.06666666666667,commnet,saudi,42,42,5,california
31.0,0.1666666666666666,0.6821192052980133,664,-48.06666666666667,commnet,saudi,42,42,6,california
31.0,0.1666666666666666,0.7483443708609272,647,-48.06666666666666,commnet,saudi,42,42,7,california
31.0,0.1666666666666666,0.7064017660044151,632,-48.06666666666666,commnet,saudi,42,42,8,california
31.0,0.1666666666666666,0.7074340527577938,669,-48.06666666666667,commnet,saudi,42,42,9,california
31.0,0.1666666666666666,0.8057395143487859,665,-48.06666666666666,commnet,saudi,42,42,10,california
31.0,0.1666666666666666,0.6843267108167771,665,-48.06666666666666,commnet,saudi,42,42,11,california
31.0,0.1666666666666666,0.8079470198675497,673,-48.06666666666666,commnet,saudi,42,42,12,california
31.0,0.1666666666666666,0.6821192052980133,665,-48.06666666666667,commnet,saudi,42,42,13,california
31.0,0.1666666666666666,0.7461368653421634,670,-48.06666666666667,commnet,saudi,42,42,14,california
31.0,0.1666666666666666,0.8101545253863135,681,-48.06666666666667,commnet,saudi,42,1042,0,california
31.0,0.1666666666666666,0.6821192052980133,506,-48.06666666666667,commnet,saudi,42,1042,1,california
31.0,0.1666666666666666,0.6843267108167771,654,-48.06666666666666,commnet,saudi,42,1042,2,california
31.0,0.1666666666666666,0.6843267108167771,663,-48.06666666666666,commnet,saudi,42,1042,3,california
31.0,0.1666666666666666,0.82560706401766,662,-48.06666666666666,commnet,saudi,42,1042,4,california
31.0,0.1666666666666666,0.6821192052980133,665,-48.06666666666667,commnet,saudi,42,1042,5,california
31.0,0.1666666666666666,0.7461368653421634,656,-48.06666666666666,commnet,saudi,42,1042,6,california
31.0,0.1666666666666666,0.7924944812362031,670,-48.06666666666667,commnet,saudi,42,1042,7,california
31.0,0.1666666666666666,0.8123620309050773,671,-48.06666666666666,commnet,saudi,42,1042,8,california
31.0,0.1666666666666666,0.6821192052980133,659,-48.06666666666667,commnet,saudi,42,1042,9,california
31.0,0.1666666666666666,0.7328918322295805,653,-48.06666666666666,commnet,saudi,42,1042,10,california
31.0,0.1666666666666666,0.6821192052980133,518,-48.06666666666667,commnet,saudi,42,1042,11,california
31.0,0.1666666666666666,0.6821192052980133,664,-48.06666666666666,commnet,saudi,42,1042,12,california
31.0,0.1666666666666666,0.7549668874172185,663,-48.06666666666667,commnet,saudi,42,1042,13,california
31.0,0.1666666666666666,0.6987654320987654,669,-48.06666666666667,commnet,saudi,42,1042,14,california
31.0,0.1666666666666666,0.6821192052980133,675,-48.06666666666666,commnet,saudi,42,2042,0,california
31.0,0.1666666666666666,0.7814569536423841,604,-48.06666666666666,commnet,saudi,42,2042,1,california
31.0,0.1666666666666666,0.7284768211920529,652,-48.06666666666666,commnet,saudi,42,2042,2,california
31.0,0.1666666666666666,0.6821192052980133,654,-48.06666666666666,commnet,saudi,42,2042,3,california
31.0,0.1666666666666666,0.739514348785872,672,-48.06666666666667,commnet,saudi,42,2042,4,california
31.0,0.1666666666666666,0.7991169977924945,663,-48.06666666666666,commnet,saudi,42,2042,5,california
31.0,0.1666666666666666,0.6821192052980133,674,-48.06666666666666,commnet,saudi,42,2042,6,california
31.0,0.1666666666666666,0.7571743929359823,662,-48.06666666666667,commnet,saudi,42,2042,7,california
31.0,0.1666666666666666,0.8101545253863135,652,-48.06666666666666,commnet,saudi,42,2042,8,california
31.0,0.1666666666666666,0.6821192052980133,674,-48.06666666666667,commnet,saudi,42,2042,9,california
31.0,0.1666666666666666,0.7704194260485652,660,-48.06666666666666,commnet,saudi,42,2042,10,california
31.0,0.1666666666666666,0.7593818984547461,681,-48.06666666666667,commnet,saudi,42,2042,11,california
31.0,0.1666666666666666,0.6821192052980133,666,-48.06666666666667,commnet,saudi,42,2042,12,california
31.0,0.1666666666666666,0.6821192052980133,669,-48.06666666666666,commnet,saudi,42,2042,13,california
31.0,0.1666666666666666,0.6843267108167771,669,-48.06666666666666,commnet,saudi,42,2042,14,california
31.0,0.1666666666666666,0.6821192052980133,663,-48.06666666666667,commnet,saudi,42,3042,0,california
31.0,0.1666666666666666,0.7814569536423841,670,-48.06666666666667,commnet,saudi,42,3042,1,california
31.0,0.1666666666666666,0.7417218543046358,674,-48.06666666666667,commnet,saudi,42,3042,2,california
31.0,0.1666666666666666,0.7593818984547461,659,-48.06666666666667,commnet,saudi,42,3042,3,california
31.0,0.1666666666666666,0.7328918322295805,649,-48.06666666666666,commnet,saudi,42,3042,4,california
31.0,0.1666666666666666,0.7704194260485652,664,-48.06666666666667,commnet,saudi,42,3042,5,california
31.0,0.1666666666666666,0.7350993377483444,655,-48.06666666666666,commnet,saudi,42,3042,6,california
31.0,0.1666666666666666,0.8300220750551877,664,-48.06666666666666,commnet,saudi,42,3042,7,california
31.0,0.1666666666666666,0.6821192052980133,673,-48.06666666666666,commnet,saudi,42,3042,8,california
31.0,0.1666666666666666,0.6821192052980133,654,-48.06666666666666,commnet,saudi,42,3042,9,california
31.0,0.1666666666666666,0.7527593818984547,658,-48.06666666666667,commnet,saudi,42,3042,10,california
31.0,0.1666666666666666,0.7748344370860927,663,-48.06666666666666,commnet,saudi,42,3042,11,california
31.0,0.1666666666666666,0.7041942604856513,659,-48.06666666666667,commnet,saudi,42,3042,12,california
31.0,0.1666666666666666,0.8035320088300221,665,-48.06666666666666,commnet,saudi,42,3042,13,california
31.0,0.1666666666666666,0.7218543046357616,657,-48.06666666666667,commnet,saudi,42,3042,14,california
31.0,0.1666666666666666,0.7571743929359823,658,-48.06666666666667,commnet,saudi,42,4042,0,california
31.0,0.1666666666666666,0.7637969094922737,680,-48.06666666666667,commnet,saudi,42,4042,1,california
31.0,0.1666666666666666,0.7350993377483444,655,-48.06666666666666,commnet,saudi,42,4042,2,california
31.0,0.1666666666666666,0.7505518763796909,654,-48.06666666666666,commnet,saudi,42,4042,3,california
31.0,0.1666666666666666,0.6821192052980133,659,-48.06666666666667,commnet,saudi,42,4042,4,california
31.0,0.1666666666666666,0.6843267108167771,663,-48.06666666666666,commnet,saudi,42,4042,5,california
31.0,0.1666666666666666,0.7637969094922737,659,-48.06666666666667,commnet,saudi,42,4042,6,california
31.0,0.1666666666666666,0.6843267108167771,668,-48.06666666666667,commnet,saudi,42,4042,7,california
31.0,0.1666666666666666,0.6821192052980133,675,-48.06666666666666,commnet,saudi,42,4042,8,california
31.0,0.1666666666666666,0.7284768211920529,649,-48.06666666666666,commnet,saudi,42,4042,9,california
31.0,0.1666666666666666,0.6821192052980133,665,-48.06666666666666,commnet,saudi,42,4042,10,california
31.0,0.1666666666666666,0.8013245033112583,667,-48.06666666666666,commnet,saudi,42,4042,11,california
31.0,0.1666666666666666,0.8079470198675497,667,-48.06666666666666,commnet,saudi,42,4042,12,california
31.0,0.1666666666666666,0.6821192052980133,661,-48.06666666666666,commnet,saudi,42,4042,13,california
31.0,0.1666666666666666,0.7262693156732892,663,-48.06666666666667,commnet,saudi,42,4042,14,california
31.0,0.1666666666666666,0.9977924944812362,665,-47.66666666666667,commnet,saudi,1042,42,0,california
22.0,0.5,1.0,426,-32.0,commnet,saudi,1042,42,1,california
28.0,0.3333333333333333,0.9028697571743928,603,-41.63333333333333,commnet,saudi,1042,42,2,california
31.0,0.1666666666666666,0.8410596026490066,715,-47.66666666666667,commnet,saudi,1042,42,3,california
28.0,0.1666666666666666,1.0,479,-44.66666666666667,commnet,saudi,1042,42,4,california
28.0,0.1666666666666666,1.0,695,-44.66666666666667,commnet,saudi,1042,42,5,california
34.0,0.0,0.8653421633554084,692,-54.0,commnet,saudi,1042,42,6,california
34.0,0.0,0.9426048565121412,452,-54.19999999999999,commnet,saudi,1042,42,7,california
28.0,0.1666666666666666,1.0,656,-44.66666666666667,commnet,saudi,1042,42,8,california
28.0,0.1666666666666666,1.0,713,-44.66666666666667,commnet,saudi,1042,42,9,california
31.0,0.1666666666666666,0.8675496688741722,691,-47.66666666666667,commnet,saudi,1042,42,10,california
22.0,0.5,1.0,360,-32.0,commnet,saudi,1042,42,11,california
34.0,0.0,1.0,707,-54.0,commnet,saudi,1042,42,12,california
34.0,0.0,0.7660044150110376,707,-54.0,commnet,saudi,1042,42,13,california
34.0,0.0,1.0,700,-54.0,commnet,saudi,1042,42,14,california
31.0,0.1666666666666666,1.0,707,-47.66666666666667,commnet,saudi,1042,1042,0,california
28.0,0.1666666666666666,1.0,449,-44.66666666666667,commnet,saudi,1042,1042,1,california
34.0,0.0,0.8035320088300221,683,-54.0,commnet,saudi,1042,1042,2,california
34.0,0.0,0.9801324503311258,660,-54.0,commnet,saudi,1042,1042,3,california
34.0,0.0,1.0,620,-54.0,commnet,saudi,1042,1042,4,california
34.0,0.0,1.0,687,-54.0,commnet,saudi,1042,1042,5,california
31.0,0.1666666666666666,0.9801324503311258,667,-47.66666666666667,commnet,saudi,1042,1042,6,california
28.0,0.1666666666666666,1.0,681,-44.66666666666667,commnet,saudi,1042,1042,7,california
31.0,0.1666666666666666,0.8587196467991169,697,-47.66666666666667,commnet,saudi,1042,1042,8,california
34.0,0.0,0.7902869757174393,690,-54.0,commnet,saudi,1042,1042,9,california
34.0,0.0,0.9955849889624724,522,-54.0,commnet,saudi,1042,1042,10,california
28.0,0.1666666666666666,1.0,466,-44.66666666666667,commnet,saudi,1042,1042,11,california
34.0,0.0,0.9977924944812362,597,-54.0,commnet,saudi,1042,1042,12,california
28.0,0.1666666666666666,1.0,677,-44.66666666666667,commnet,saudi,1042,1042,13,california
28.0,0.1666666666666666,1.0,713,-44.66666666666667,commnet,saudi,1042,1042,14,california
31.0,0.1666666666666666,1.0,707,-47.66666666666667,commnet,saudi,1042,2042,0,california
25.0,0.3333333333333333,1.0,517,-38.33333333333334,commnet,saudi,1042,2042,1,california
28.0,0.1666666666666666,1.0,680,-44.66666666666667,commnet,saudi,1042,2042,2,california
28.0,0.1666666666666666,1.0,684,-44.66666666666667,commnet,saudi,1042,2042,3,california
28.0,0.1666666666666666,1.0,698,-44.66666666666667,commnet,saudi,1042,2042,4,california
31.0,0.1666666666666666,0.8719646799116998,689,-47.66666666666667,commnet,saudi,1042,2042,5,california
22.0,0.5,1.0,360,-32.0,commnet,saudi,1042,2042,6,california
28.0,0.1666666666666666,1.0,683,-44.66666666666667,commnet,saudi,1042,2042,7,california
34.0,0.0,1.0,578,-54.0,commnet,saudi,1042,2042,8,california
31.0,0.1666666666666666,0.8454746136865342,732,-47.66666666666667,commnet,saudi,1042,2042,9,california
34.0,0.0,1.0,606,-54.0,commnet,saudi,1042,2042,10,california
28.0,0.1666666666666666,1.0,713,-44.66666666666667,commnet,saudi,1042,2042,11,california
31.0,0.1666666666666666,1.0,707,-47.66666666666667,commnet,saudi,1042,2042,12,california
31.0,0.1666666666666666,0.9315673289183224,623,-47.66666666666667,commnet,saudi,1042,2042,13,california
22.0,0.5,1.0,360,-32.0,commnet,saudi,1042,2042,14,california
34.0,0.0,0.8609271523178808,683,-54.0,commnet,saudi,1042,3042,0,california
34.0,0.0,0.7350993377483444,723,-54.0,commnet,saudi,1042,3042,1,california
28.0,0.1666666666666666,1.0,681,-44.66666666666667,commnet,saudi,1042,3042,2,california
34.0,0.0,1.0,532,-54.0,commnet,saudi,1042,3042,3,california
34.0,0.0,1.0,685,-54.0,commnet,saudi,1042,3042,4,california
31.0,0.1666666666666666,1.0,713,-47.66666666666667,commnet,saudi,1042,3042,5,california
34.0,0.0,0.7969094922737306,680,-54.0,commnet,saudi,1042,3042,6,california
34.0,0.0,1.0,628,-54.0,commnet,saudi,1042,3042,7,california
22.0,0.5,0.9738562091503268,359,-32.0,commnet,saudi,1042,3042,8,california
34.0,0.0,0.8852097130242825,682,-54.0,commnet,saudi,1042,3042,9,california
31.0,0.1666666666666666,1.0,692,-47.66666666666667,commnet,saudi,1042,3042,10,california
31.0,0.1666666666666666,0.958904109589041,595,-47.66666666666667,commnet,saudi,1042,3042,11,california
28.0,0.1666666666666666,1.0,702,-44.66666666666667,commnet,saudi,1042,3042,12,california
22.0,0.5,1.0,360,-32.0,commnet,saudi,1042,3042,13,california
28.0,0.1666666666666666,1.0,644,-44.66666666666667,commnet,saudi,1042,3042,14,california
34.0,0.0,1.0,521,-54.0,commnet,saudi,1042,4042,0,california
34.0,0.0,1.0,722,-54.0,commnet,saudi,1042,4042,1,california
34.0,0.0,1.0,687,-54.0,commnet,saudi,1042,4042,2,california
34.0,0.0,0.9977924944812362,522,-54.0,commnet,saudi,1042,4042,3,california
34.0,0.0,1.0,687,-54.0,commnet,saudi,1042,4042,4,california
22.0,0.5,1.0,360,-32.0,commnet,saudi,1042,4042,5,california
34.0,0.0,1.0,546,-54.0,commnet,saudi,1042,4042,6,california
31.0,0.1666666666666666,1.0,710,-47.66666666666667,commnet,saudi,1042,4042,7,california
22.0,0.5,1.0,360,-32.0,commnet,saudi,1042,4042,8,california
34.0,0.0,0.7439293598233996,680,-54.0,commnet,saudi,1042,4042,9,california
22.0,0.5,1.0,360,-32.0,commnet,saudi,1042,4042,10,california
34.0,0.0,0.9977924944812362,582,-54.0,commnet,saudi,1042,4042,11,california
31.0,0.1666666666666666,1.0,707,-47.66666666666667,commnet,saudi,1042,4042,12,california
31.0,0.1666666666666666,1.0,705,-47.66666666666667,commnet,saudi,1042,4042,13,california
28.0,0.1666666666666666,1.0,671,-44.66666666666667,commnet,saudi,1042,4042,14,california
34.0,0.0,1.0,730,-54.0,commnet,saudi,2042,42,0,california
34.0,0.0,0.7814569536423841,722,-54.0,commnet,saudi,2042,42,1,california
34.0,0.0,1.0,744,-54.0,commnet,saudi,2042,42,2,california
34.0,0.0,1.0,744,-54.0,commnet,saudi,2042,42,3,california
34.0,0.0,1.0,570,-54.0,commnet,saudi,2042,42,4,california
34.0,0.0,1.0,691,-54.0,commnet,saudi,2042,42,5,california
34.0,0.0,1.0,692,-54.0,commnet,saudi,2042,42,6,california
34.0,0.0,0.7814569536423841,706,-54.0,commnet,saudi,2042,42,7,california
34.0,0.0,0.7836644591611479,683,-54.0,commnet,saudi,2042,42,8,california
34.0,0.0,0.8979591836734694,748,-54.0,commnet,saudi,2042,42,9,california
34.0,0.0,1.0,735,-54.0,commnet,saudi,2042,42,10,california
34.0,0.0,1.0,740,-54.0,commnet,saudi,2042,42,11,california
34.0,0.0,1.0,743,-54.0,commnet,saudi,2042,42,12,california
34.0,0.0,1.0,701,-54.0,commnet,saudi,2042,42,13,california
34.0,0.0,1.0,701,-54.0,commnet,saudi,2042,42,14,california
34.0,0.0,0.7792494481236203,717,-54.1,commnet,saudi,2042,1042,0,california
34.0,0.0,1.0,526,-54.0,commnet,saudi,2042,1042,1,california
34.0,0.0,1.0,719,-54.0,commnet,saudi,2042,1042,2,california
34.0,0.0,1.0,737,-54.0,commnet,saudi,2042,1042,3,california
34.0,0.0,1.0,694,-54.0,commnet,saudi,2042,1042,4,california
34.0,0.0,1.0,683,-54.0,commnet,saudi,2042,1042,5,california
34.0,0.0,1.0,733,-54.0,commnet,saudi,2042,1042,6,california
34.0,0.0,1.0,714,-54.0,commnet,saudi,2042,1042,7,california
34.0,0.0,1.0,741,-54.0,commnet,saudi,2042,1042,8,california
34.0,0.0,1.0,729,-54.0,commnet,saudi,2042,1042,9,california
34.0,0.0,0.7836644591611479,726,-54.0,commnet,saudi,2042,1042,10,california
34.0,0.0,1.0,542,-54.0,commnet,saudi,2042,1042,11,california
34.0,0.0,1.0,739,-54.0,commnet,saudi,2042,1042,12,california
34.0,0.0,1.0,724,-54.0,commnet,saudi,2042,1042,13,california
34.0,0.0,0.9009661835748792,748,-54.0,commnet,saudi,2042,1042,14,california
34.0,0.0,1.0,741,-54.0,commnet,saudi,2042,2042,0,california
34.0,0.0,1.0,656,-54.0,commnet,saudi,2042,2042,1,california
34.0,0.0,0.7836644591611479,707,-54.0,commnet,saudi,2042,2042,2,california
34.0,0.0,0.7836644591611479,716,-54.0,commnet,saudi,2042,2042,3,california
34.0,0.0,1.0,689,-54.0,commnet,saudi,2042,2042,4,california
34.0,0.0,1.0,730,-54.0,commnet,saudi,2042,2042,5,california
34.0,0.0,0.9315673289183224,686,-54.2,commnet,saudi,2042,2042,6,california
34.0,0.0,1.0,718,-54.0,commnet,saudi,2042,2042,7,california
34.0,0.0,0.7836644591611479,706,-54.0,commnet,saudi,2042,2042,8,california
34.0,0.0,1.0,741,-54.0,commnet,saudi,2042,2042,9,california
34.0,0.0,0.7836644591611479,712,-54.0,commnet,saudi,2042,2042,10,california
34.0,0.0,0.8979591836734694,748,-54.0,commnet,saudi,2042,2042,11,california
34.0,0.0,1.0,738,-54.0,commnet,saudi,2042,2042,12,california
34.0,0.0,1.0,744,-54.0,commnet,saudi,2042,2042,13,california
34.0,0.0,1.0,741,-54.0,commnet,saudi,2042,2042,14,california
34.0,0.0,1.0,686,-54.0,commnet,saudi,2042,3042,0,california
34.0,0.0,1.0,729,-54.0,commnet,saudi,2042,3042,1,california
34.0,0.0,1.0,674,-54.0,commnet,saudi,2042,3042,2,california
34.0,0.0,1.0,727,-54.0,commnet,saudi,2042,3042,3,california
34.0,0.0,1.0,679,-54.0,commnet,saudi,2042,3042,4,california
34.0,0.0,1.0,738,-54.0,commnet,saudi,2042,3042,5,california
34.0,0.0,1.0,710,-54.0,commnet,saudi,2042,3042,6,california
34.0,0.0,1.0,733,-54.0,commnet,saudi,2042,3042,7,california
34.0,0.0,0.9602649006622516,695,-54.0,commnet,saudi,2042,3042,8,california
34.0,0.0,1.0,718,-54.0,commnet,saudi,2042,3042,9,california
34.0,0.0,1.0,713,-54.0,commnet,saudi,2042,3042,10,california
34.0,0.0,1.0,738,-54.0,commnet,saudi,2042,3042,11,california
34.0,0.0,0.7792494481236203,741,-54.0,commnet,saudi,2042,3042,12,california
34.0,0.0,1.0,733,-54.0,commnet,saudi,2042,3042,13,california
34.0,0.0,1.0,719,-54.0,commnet,saudi,2042,3042,14,california
34.0,0.0,1.0,719,-54.0,commnet,saudi,2042,4042,0,california
34.0,0.0,1.0,742,-54.0,commnet,saudi,2042,4042,1,california
34.0,0.0,1.0,712,-54.0,commnet,saudi,2042,4042,2,california
34.0,0.0,1.0,686,-54.0,commnet,saudi,2042,4042,3,california
34.0,0.0,1.0,680,-54.0,commnet,saudi,2042,4042,4,california
34.0,0.0,1.0,739,-54.0,commnet,saudi,2042,4042,5,california
34.0,0.0,1.0,729,-54.0,commnet,saudi,2042,4042,6,california
34.0,0.0,1.0,737,-54.0,commnet,saudi,2042,4042,7,california
34.0,0.0,1.0,744,-54.0,commnet,saudi,2042,4042,8,california
34.0,0.0,0.7792494481236203,710,-54.0,commnet,saudi,2042,4042,9,california
34.0,0.0,1.0,740,-54.0,commnet,saudi,2042,4042,10,california
34.0,0.0,1.0,737,-54.0,commnet,saudi,2042,4042,11,california
34.0,0.0,1.0,737,-54.0,commnet,saudi,2042,4042,12,california
34.0,0.0,1.0,733,-54.0,commnet,saudi,2042,4042,13,california
34.0,0.0,0.7814569536423841,712,-54.0,commnet,saudi,2042,4042,14,california
34.0,0.0,0.7947019867549668,701,-54.400000000000006,commnet,saudi,3042,42,0,california
34.0,0.0,0.9470198675496688,658,-54.1,commnet,saudi,3042,42,1,california
34.0,0.0,0.7152317880794702,709,-54.39999999999999,commnet,saudi,3042,42,2,california
34.0,0.0,0.8137254901960784,708,-54.39999999999999,commnet,saudi,3042,42,3,california
34.0,0.0,0.7152317880794702,547,-54.39999999999999,commnet,saudi,3042,42,4,california
34.0,0.0,0.7284768211920529,683,-54.4,commnet,saudi,3042,42,5,california
34.0,0.0,0.7306843267108167,684,-54.400000000000006,commnet,saudi,3042,42,6,california
34.0,0.0,0.7770419426048565,684,-54.4,commnet,saudi,3042,42,7,california
34.0,0.0,0.739514348785872,662,-54.39999999999999,commnet,saudi,3042,42,8,california
34.0,0.0,0.7337807606263982,698,-54.400000000000006,commnet,saudi,3042,42,9,california
34.0,0.0,0.8101545253863135,705,-54.400000000000006,commnet,saudi,3042,42,10,california
34.0,0.0,0.8167770419426048,709,-54.39999999999999,commnet,saudi,3042,42,11,california
34.0,0.0,0.8167770419426048,709,-54.39999999999999,commnet,saudi,3042,42,12,california
24.0,0.1666666666666666,0.9757174392935982,601,-40.766666666666666,commnet,saudi,3042,42,13,california
34.0,0.0,0.7328918322295805,689,-54.400000000000006,commnet,saudi,3042,42,14,california
34.0,0.0,0.8236714975845411,708,-54.400000000000006,commnet,saudi,3042,1042,0,california
34.0,0.0,0.7152317880794702,526,-54.400000000000006,commnet,saudi,3042,1042,1,california
34.0,0.0,0.7196467991169978,696,-54.39999999999999,commnet,saudi,3042,1042,2,california
34.0,0.0,0.7262693156732892,707,-54.39999999999999,commnet,saudi,3042,1042,3,california
34.0,0.0,0.7240618101545254,698,-54.39999999999999,commnet,saudi,3042,1042,4,california
24.0,0.1666666666666666,0.9690949227373068,608,-40.766666666666666,commnet,saudi,3042,1042,5,california
34.0,0.0,0.8101545253863135,704,-54.39999999999999,commnet,saudi,3042,1042,6,california
34.0,0.0,0.7284768211920529,697,-54.400000000000006,commnet,saudi,3042,1042,7,california
34.0,0.0,0.7218543046357616,709,-54.400000000000006,commnet,saudi,3042,1042,8,california
34.0,0.0,0.8079470198675497,700,-54.400000000000006,commnet,saudi,3042,1042,9,california
34.0,0.0,0.7218543046357616,700,-54.39999999999999,commnet,saudi,3042,1042,10,california
34.0,0.0,0.7152317880794702,541,-54.400000000000006,commnet,saudi,3042,1042,11,california
34.0,0.0,0.717439293598234,709,-54.39999999999999,commnet,saudi,3042,1042,12,california
34.0,0.0,0.7262693156732892,683,-54.400000000000006,commnet,saudi,3042,1042,13,california
24.0,0.1666666666666666,0.9679012345679012,628,-40.766666666666666,commnet,saudi,3042,1042,14,california
34.0,0.0,0.7181208053691275,710,-54.4,commnet,saudi,3042,2042,0,california
34.0,0.0,0.717439293598234,633,-54.39999999999999,commnet,saudi,3042,2042,1,california
34.0,0.0,0.7748344370860927,685,-54.39999999999999,commnet,saudi,3042,2042,2,california
34.0,0.0,0.7880794701986755,693,-54.39999999999999,commnet,saudi,3042,2042,3,california
34.0,0.0,0.7262693156732892,688,-54.400000000000006,commnet,saudi,3042,2042,4,california
34.0,0.0,0.8035320088300221,703,-54.400000000000006,commnet,saudi,3042,2042,5,california
34.0,0.0,0.717439293598234,710,-54.400000000000006,commnet,saudi,3042,2042,6,california
24.0,0.1666666666666666,0.9624724061810156,590,-40.766666666666666,commnet,saudi,3042,2042,7,california
34.0,0.0,0.7770419426048565,684,-54.39999999999999,commnet,saudi,3042,2042,8,california
34.0,0.0,0.717439293598234,710,-54.400000000000006,commnet,saudi,3042,2042,9,california
34.0,0.0,0.7924944812362031,690,-54.39999999999999,commnet,saudi,3042,2042,10,california
34.0,0.0,0.7293064876957495,698,-54.400000000000006,commnet,saudi,3042,2042,11,california
34.0,0.0,0.7218543046357616,708,-54.400000000000006,commnet,saudi,3042,2042,12,california
34.0,0.0,0.8233995584988962,709,-54.39999999999999,commnet,saudi,3042,2042,13,california
34.0,0.0,0.7196467991169978,709,-54.4,commnet,saudi,3042,2042,14,california
34.0,0.0,0.8013245033112583,679,-54.400000000000006,commnet,saudi,3042,3042,0,california
34.0,0.0,0.7262693156732892,689,-54.400000000000006,commnet,saudi,3042,3042,1,california
24.0,0.1666666666666666,0.9668874172185432,604,-40.766666666666666,commnet,saudi,3042,3042,2,california
34.0,0.0,0.7240618101545254,700,-54.400000000000006,commnet,saudi,3042,3042,3,california
34.0,0.0,0.7814569536423841,685,-54.39999999999999,commnet,saudi,3042,3042,4,california
34.0,0.0,0.7262693156732892,708,-54.400000000000006,commnet,saudi,3042,3042,5,california
34.0,0.0,0.7218543046357616,689,-54.39999999999999,commnet,saudi,3042,3042,6,california
34.0,0.0,0.8035320088300221,704,-54.39999999999999,commnet,saudi,3042,3042,7,california
34.0,0.0,0.7196467991169978,709,-54.400000000000006,commnet,saudi,3042,3042,8,california
34.0,0.0,0.7218543046357616,696,-54.39999999999999,commnet,saudi,3042,3042,9,california
34.0,0.0,0.7969094922737306,690,-54.400000000000006,commnet,saudi,3042,3042,10,california
34.0,0.0,0.7306843267108167,708,-54.39999999999999,commnet,saudi,3042,3042,11,california
34.0,0.0,0.7284768211920529,692,-54.400000000000006,commnet,saudi,3042,3042,12,california
34.0,0.0,0.8079470198675497,704,-54.39999999999999,commnet,saudi,3042,3042,13,california
34.0,0.0,0.911699779249448,635,-54.10000000000001,commnet,saudi,3042,3042,14,california
34.0,0.0,0.7262693156732892,696,-54.400000000000006,commnet,saudi,3042,4042,0,california
34.0,0.0,0.7306843267108167,697,-54.400000000000006,commnet,saudi,3042,4042,1,california
34.0,0.0,0.717439293598234,690,-54.39999999999999,commnet,saudi,3042,4042,2,california
34.0,0.0,0.7969094922737306,691,-54.39999999999999,commnet,saudi,3042,4042,3,california
24.0,0.1666666666666666,0.9735099337748344,599,-40.766666666666666,commnet,saudi,3042,4042,4,california
34.0,0.0,0.9735099337748344,652,-54.1,commnet,saudi,3042,4042,5,california
34.0,0.0,0.7240618101545254,701,-54.400000000000006,commnet,saudi,3042,4042,6,california
34.0,0.0,0.7991169977924945,707,-54.400000000000006,commnet,saudi,3042,4042,7,california
34.0,0.0,0.8150851581508516,708,-54.39999999999999,commnet,saudi,3042,4042,8,california
34.0,0.0,0.7792494481236203,685,-54.39999999999999,commnet,saudi,3042,4042,9,california
34.0,0.0,0.7196467991169978,709,-54.39999999999999,commnet,saudi,3042,4042,10,california
34.0,0.0,0.7218543046357616,707,-54.4,commnet,saudi,3042,4042,11,california
34.0,0.0,0.7218543046357616,707,-54.39999999999999,commnet,saudi,3042,4042,12,california
34.0,0.0,0.717439293598234,704,-54.39999999999999,commnet,saudi,3042,4042,13,california
34.0,0.0,0.7350993377483444,674,-54.400000000000006,commnet,saudi,3042,4042,14,california
34.0,0.0,0.3863134657836644,741,-54.6,commnet,saudi,4042,42,0,california
34.0,0.0,0.3818984547461369,731,-54.6,commnet,saudi,4042,42,1,california
34.0,0.0,0.4304635761589404,762,-54.6,commnet,saudi,4042,42,2,california
34.0,0.0,0.4353741496598639,764,-54.6,commnet,saudi,4042,42,3,california
34.0,0.0,0.3818984547461369,570,-54.6,commnet,saudi,4042,42,4,california
34.0,0.0,0.3818984547461369,730,-54.6,commnet,saudi,4042,42,5,california
34.0,0.0,0.3818984547461369,731,-54.6,commnet,saudi,4042,42,6,california
34.0,0.0,0.3818984547461369,713,-54.6,commnet,saudi,4042,42,7,california
34.0,0.0,0.3818984547461369,685,-54.6,commnet,saudi,4042,42,8,california
34.0,0.0,0.41280353200883,751,-55.1,commnet,saudi,4042,42,9,california
34.0,0.0,0.4061810154525386,746,-54.7,commnet,saudi,4042,42,10,california
34.0,0.0,0.41280353200883,758,-54.7,commnet,saudi,4042,42,11,california
34.0,0.0,0.4304635761589404,762,-54.7,commnet,saudi,4042,42,12,california
34.0,0.0,0.3818984547461369,739,-54.6,commnet,saudi,4042,42,13,california
34.0,0.0,0.3818984547461369,739,-54.8,commnet,saudi,4042,42,14,california
34.0,0.0,0.4340044742729306,764,-54.6,commnet,saudi,4042,1042,0,california
34.0,0.0,0.3818984547461369,526,-54.6,commnet,saudi,4042,1042,1,california
34.0,0.0,0.3818984547461369,728,-54.6,commnet,saudi,4042,1042,2,california
34.0,0.0,0.4083885209713024,750,-54.7,commnet,saudi,4042,1042,3,california
34.0,0.0,0.3818984547461369,731,-54.6,commnet,saudi,4042,1042,4,california
34.0,0.0,0.3818984547461369,721,-54.6,commnet,saudi,4042,1042,5,california
34.0,0.0,0.3951434878587196,743,-54.7,commnet,saudi,4042,1042,6,california
34.0,0.0,0.3818984547461369,763,-54.8,commnet,saudi,4042,1042,7,california
34.0,0.0,0.3818984547461369,761,-54.8,commnet,saudi,4042,1042,8,california
34.0,0.0,0.3818984547461369,738,-54.6,commnet,saudi,4042,1042,9,california
34.0,0.0,0.3841059602649007,735,-54.6,commnet,saudi,4042,1042,10,california
34.0,0.0,0.3818984547461369,542,-54.6,commnet,saudi,4042,1042,11,california
34.0,0.0,0.4083885209713024,755,-54.7,commnet,saudi,4042,1042,12,california
34.0,0.0,0.3818984547461369,730,-54.6,commnet,saudi,4042,1042,13,california
34.0,0.0,0.4822695035460992,764,-54.7,commnet,saudi,4042,1042,14,california
34.0,0.0,0.4496644295302013,764,-54.7,commnet,saudi,4042,2042,0,california
34.0,0.0,0.3818984547461369,656,-54.6,commnet,saudi,4042,2042,1,california
34.0,0.0,0.3818984547461369,714,-54.6,commnet,saudi,4042,2042,2,california
34.0,0.0,0.3818984547461369,725,-54.6,commnet,saudi,4042,2042,3,california
34.0,0.0,0.3818984547461369,740,-54.6,commnet,saudi,4042,2042,4,california
34.0,0.0,0.3818984547461369,744,-54.6,commnet,saudi,4042,2042,5,california
34.0,0.0,0.4525386313465783,764,-54.7,commnet,saudi,4042,2042,6,california
34.0,0.0,0.3818984547461369,723,-54.6,commnet,saudi,4042,2042,7,california
34.0,0.0,0.3818984547461369,713,-54.6,commnet,saudi,4042,2042,8,california
34.0,0.0,0.434878587196468,764,-54.6,commnet,saudi,4042,2042,9,california
34.0,0.0,0.3818984547461369,721,-54.6,commnet,saudi,4042,2042,10,california
34.0,0.0,0.445916114790287,763,-54.7,commnet,saudi,4042,2042,11,california
34.0,0.0,0.4061810154525386,754,-54.7,commnet,saudi,4042,2042,12,california
34.0,0.0,0.4370860927152318,762,-54.7,commnet,saudi,4042,2042,13,california
34.0,0.0,0.4392935982339956,762,-54.7,commnet,saudi,4042,2042,14,california
34.0,0.0,0.3818984547461369,724,-54.6,commnet,saudi,4042,3042,0,california
34.0,0.0,0.3818984547461369,739,-54.6,commnet,saudi,4042,3042,1,california
34.0,0.0,0.3818984547461369,744,-54.8,commnet,saudi,4042,3042,2,california
34.0,0.0,0.3818984547461369,736,-54.6,commnet,saudi,4042,3042,3,california
34.0,0.0,0.3818984547461369,715,-54.6,commnet,saudi,4042,3042,4,california
34.0,0.0,0.4039735099337748,754,-54.7,commnet,saudi,4042,3042,5,california
34.0,0.0,0.3818984547461369,719,-54.6,commnet,saudi,4042,3042,6,california
34.0,0.0,0.3973509933774834,743,-54.7,commnet,saudi,4042,3042,7,california
34.0,0.0,0.4525386313465783,763,-54.7,commnet,saudi,4042,3042,8,california
34.0,0.0,0.3818984547461369,727,-54.6,commnet,saudi,4042,3042,9,california
34.0,0.0,0.3818984547461369,722,-54.6,commnet,saudi,4042,3042,10,california
34.0,0.0,0.4083885209713024,754,-54.7,commnet,saudi,4042,3042,11,california
34.0,0.0,0.3818984547461369,742,-55.0,commnet,saudi,4042,3042,12,california
34.0,0.0,0.3973509933774834,743,-54.7,commnet,saudi,4042,3042,13,california
34.0,0.0,0.41280353200883,732,-54.60000000000001,commnet,saudi,4042,3042,14,california
34.0,0.0,0.3818984547461369,728,-54.6,commnet,saudi,4042,4042,0,california
34.0,0.0,0.4260485651214128,762,-54.7,commnet,saudi,4042,4042,1,california
34.0,0.0,0.3818984547461369,721,-54.6,commnet,saudi,4042,4042,2,california
34.0,0.0,0.3818984547461369,723,-54.6,commnet,saudi,4042,4042,3,california
34.0,0.0,0.3818984547461369,717,-54.6,commnet,saudi,4042,4042,4,california
34.0,0.0,0.4216335540838852,755,-54.7,commnet,saudi,4042,4042,5,california
34.0,0.0,0.3885209713024282,737,-54.7,commnet,saudi,4042,4042,6,california
34.0,0.0,0.401766004415011,751,-54.7,commnet,saudi,4042,4042,7,california
34.0,0.0,0.436241610738255,764,-54.6,commnet,saudi,4042,4042,8,california
34.0,0.0,0.3818984547461369,715,-54.6,commnet,saudi,4042,4042,9,california
34.0,0.0,0.41280353200883,757,-54.7,commnet,saudi,4042,4042,10,california
34.0,0.0,0.401766004415011,750,-54.7,commnet,saudi,4042,4042,11,california
34.0,0.0,0.4039735099337748,753,-54.7,commnet,saudi,4042,4042,12,california
34.0,0.0,0.3951434878587196,743,-54.7,commnet,saudi,4042,4042,13,california
34.0,0.0,0.3818984547461369,717,-54.6,commnet,saudi,4042,4042,14,california
15.0,0.5,0.9845474613686536,422,-25.1,commnet,california,42,42,0,california
19.0,0.5,0.9646799116997792,560,-29.4,commnet,california,42,42,1,california
6.0,0.8333333333333334,0.7670250896057348,178,-10.13333333333333,commnet,california,42,42,2,california
6.0,0.8333333333333334,0.9017543859649124,167,-9.533333333333331,commnet,california,42,42,3,california
10.0,0.8333333333333334,0.9271523178807948,436,-13.733333333333333,commnet,california,42,42,4,california
12.0,0.6666666666666666,0.9801324503311258,380,-18.866666666666667,commnet,california,42,42,5,california
6.0,0.8333333333333334,0.9719298245614036,145,-9.433333333333332,commnet,california,42,42,6,california
6.0,0.8333333333333334,0.9420289855072465,151,-9.433333333333332,commnet,california,42,42,7,california
0.0,1.0,0.9845474613686536,91,0.0,commnet,california,42,42,8,california
12.0,0.6666666666666666,0.9094922737306844,433,-19.06666666666667,commnet,california,42,42,9,california
9.0,0.6666666666666666,0.9889624724061812,300,-15.666666666666668,commnet,california,42,42,10,california
12.0,0.6666666666666666,0.8587196467991169,406,-18.666666666666668,commnet,california,42,42,11,california
12.0,0.6666666666666666,0.9801324503311258,419,-18.766666666666666,commnet,california,42,42,12,california
6.0,0.8333333333333334,0.9239130434782608,144,-9.433333333333332,commnet,california,42,42,13,california
6.0,0.8333333333333334,0.7991169977924945,386,-9.333333333333332,commnet,california,42,42,14,california
9.0,0.6666666666666666,0.9911699779249448,374,-15.666666666666668,commnet,california,42,1042,0,california
0.0,1.0,0.9111111111111112,0,-0.3,commnet,california,42,1042,1,california
9.0,0.6666666666666666,0.5827814569536424,419,-16.366666666666667,commnet,california,42,1042,2,california
9.0,0.6666666666666666,0.7108167770419426,313,-15.866666666666667,commnet,california,42,1042,3,california
15.0,0.5,0.9006622516556292,492,-25.300000000000004,commnet,california,42,1042,4,california
6.0,0.8333333333333334,0.9668874172185432,259,-9.533333333333331,commnet,california,42,1042,5,california
9.0,0.6666666666666666,1.0,312,-15.666666666666668,commnet,california,42,1042,6,california
12.0,0.6666666666666666,0.9183222958057397,405,-18.96666666666667,commnet,california,42,1042,7,california
9.0,0.6666666666666666,0.9889624724061812,356,-15.666666666666668,commnet,california,42,1042,8,california
9.0,0.6666666666666666,0.9094922737306844,291,-15.766666666666667,commnet,california,42,1042,9,california
0.0,1.0,0.9823399558498896,98,-0.2,commnet,california,42,1042,10,california
0.0,1.0,0.9111111111111112,0,-0.3,commnet,california,42,1042,11,california
6.0,0.8333333333333334,0.9243986254295532,151,-9.533333333333331,commnet,california,42,1042,12,california
6.0,0.8333333333333334,0.7505518763796909,145,-9.633333333333333,commnet,california,42,1042,13,california
12.0,0.6666666666666666,0.9801324503311258,437,-18.866666666666667,commnet,california,42,1042,14,california
9.0,0.6666666666666666,0.9492273730684326,379,-15.766666666666667,commnet,california,42,2042,0,california
0.0,1.0,1.0,11,0.0,commnet,california,42,2042,1,california
6.0,0.8333333333333334,0.8013245033112583,126,-9.333333333333332,commnet,california,42,2042,2,california
6.0,0.8333333333333334,0.9933774834437086,367,-9.333333333333332,commnet,california,42,2042,3,california
12.0,0.6666666666666666,0.7902869757174393,333,-19.06666666666667,commnet,california,42,2042,4,california
9.0,0.6666666666666666,0.9293598233995584,284,-15.966666666666669,commnet,california,42,2042,5,california
6.0,0.8333333333333334,0.9838187702265372,174,-9.333333333333332,commnet,california,42,2042,6,california
12.0,0.6666666666666666,0.8763796909492274,392,-18.866666666666667,commnet,california,42,2042,7,california
0.0,1.0,0.9713024282560706,63,0.0,commnet,california,42,2042,8,california
6.0,0.8333333333333334,1.0,173,-9.333333333333332,commnet,california,42,2042,9,california
0.0,1.0,1.0,38,0.0,commnet,california,42,2042,10,california
12.0,0.6666666666666666,0.8145695364238411,416,-18.96666666666667,commnet,california,42,2042,11,california
6.0,0.8333333333333334,0.9032258064516128,156,-9.433333333333332,commnet,california,42,2042,12,california
6.0,0.8333333333333334,0.8771929824561403,165,-9.433333333333332,commnet,california,42,2042,13,california
6.0,0.8333333333333334,0.941747572815534,171,-9.433333333333332,commnet,california,42,2042,14,california
6.0,0.8333333333333334,1.0,141,-9.333333333333332,commnet,california,42,3042,0,california
6.0,0.8333333333333334,0.8936170212765957,159,-9.433333333333332,commnet,california,42,3042,1,california
12.0,0.6666666666666666,0.8830022075055187,366,-18.866666666666667,commnet,california,42,3042,2,california
6.0,0.8333333333333334,0.897196261682243,150,-9.433333333333332,commnet,california,42,3042,3,california
6.0,0.8333333333333334,0.9937694704049844,134,-9.333333333333332,commnet,california,42,3042,4,california
6.0,0.8333333333333334,0.9052631578947368,179,-9.533333333333331,commnet,california,42,3042,5,california
9.0,0.6666666666666666,0.93598233995585,196,-15.866666666666667,commnet,california,42,3042,6,california
25.0,0.3333333333333333,0.8145695364238411,583,-39.03333333333335,commnet,california,42,3042,7,california
9.0,0.6666666666666666,0.7417218543046358,382,-16.066666666666666,commnet,california,42,3042,8,california
9.0,0.6666666666666666,0.5849889624724062,416,-16.366666666666667,commnet,california,42,3042,9,california
9.0,0.6666666666666666,0.9426048565121412,250,-15.966666666666669,commnet,california,42,3042,10,california
6.0,0.8333333333333334,0.7549019607843137,154,-9.633333333333333,commnet,california,42,3042,11,california
12.0,0.6666666666666666,0.7615894039735099,287,-18.96666666666667,commnet,california,42,3042,12,california
9.0,0.6666666666666666,0.9889624724061812,304,-15.666666666666668,commnet,california,42,3042,13,california
6.0,0.8333333333333334,0.9646799116997792,351,-9.633333333333333,commnet,california,42,3042,14,california
6.0,0.8333333333333334,0.8459119496855346,157,-9.73333333333333,commnet,california,42,4042,0,california
6.0,0.8333333333333334,0.9017543859649124,156,-9.333333333333332,commnet,california,42,4042,1,california
9.0,0.6666666666666666,0.9514348785871964,228,-15.766666666666667,commnet,california,42,4042,2,california
6.0,0.8333333333333334,0.8725490196078431,152,-9.533333333333331,commnet,california,42,4042,3,california
6.0,0.8333333333333334,0.8031746031746032,149,-9.633333333333333,commnet,california,42,4042,4,california
6.0,0.8333333333333334,0.89937106918239,158,-9.533333333333331,commnet,california,42,4042,5,california
9.0,0.6666666666666666,0.847682119205298,267,-16.166666666666668,commnet,california,42,4042,6,california
9.0,0.6666666666666666,0.7947019867549668,307,-15.866666666666667,commnet,california,42,4042,7,california
9.0,0.6666666666666666,0.8719646799116998,362,-15.966666666666669,commnet,california,42,4042,8,california
6.0,0.8333333333333334,0.9155555555555556,147,-9.433333333333332,commnet,california,42,4042,9,california
6.0,0.8333333333333334,0.9157894736842104,167,-9.433333333333332,commnet,california,42,4042,10,california
9.0,0.6666666666666666,0.9867549668874172,301,-15.766666666666667,commnet,california,42,4042,11,california
6.0,0.8333333333333334,0.7578947368421053,166,-9.633333333333333,commnet,california,42,4042,12,california
9.0,0.6666666666666666,0.977924944812362,287,-15.666666666666668,commnet,california,42,4042,13,california
6.0,0.8333333333333334,0.9735099337748344,319,-9.533333333333331,commnet,california,42,4042,14,california
21.0,0.3333333333333333,0.7130242825607064,526,-34.333333333333336,commnet,california,1042,42,0,california
21.0,0.3333333333333333,1.0,504,-34.333333333333336,commnet,california,1042,42,1,california
21.0,0.3333333333333333,1.0,587,-34.333333333333336,commnet,california,1042,42,2,california
21.0,0.3333333333333333,1.0,601,-34.333333333333336,commnet,california,1042,42,3,california
21.0,0.3333333333333333,0.7130242825607064,304,-34.333333333333336,commnet,california,1042,42,4,california
21.0,0.3333333333333333,0.7152317880794702,513,-34.333333333333336,commnet,california,1042,42,5,california
21.0,0.3333333333333333,0.717439293598234,513,-34.333333333333336,commnet,california,1042,42,6,california
21.0,0.3333333333333333,0.7130242825607064,491,-34.333333333333336,commnet,california,1042,42,7,california
21.0,0.3333333333333333,0.7152317880794702,452,-34.333333333333336,commnet,california,1042,42,8,california
21.0,0.3333333333333333,0.717439293598234,587,-34.333333333333336,commnet,california,1042,42,9,california
21.0,0.3333333333333333,0.7130242825607064,545,-34.333333333333336,commnet,california,1042,42,10,california
21.0,0.3333333333333333,0.7240618101545254,564,-34.333333333333336,commnet,california,1042,42,11,california
21.0,0.3333333333333333,0.7328918322295805,578,-34.333333333333336,commnet,california,1042,42,12,california
21.0,0.3333333333333333,0.717439293598234,524,-34.333333333333336,commnet,california,1042,42,13,california
21.0,0.3333333333333333,0.717439293598234,525,-34.333333333333336,commnet,california,1042,42,14,california
21.0,0.3333333333333333,0.7505518763796909,601,-34.333333333333336,commnet,california,1042,1042,0,california
21.0,0.3333333333333333,0.7130242825607064,364,-34.333333333333336,commnet,california,1042,1042,1,california
21.0,0.3333333333333333,0.7130242825607064,513,-34.333333333333336,commnet,california,1042,1042,2,california
21.0,0.3333333333333333,0.7152317880794702,551,-34.333333333333336,commnet,california,1042,1042,3,california
21.0,0.3333333333333333,1.0,504,-34.333333333333336,commnet,california,1042,1042,4,california
21.0,0.3333333333333333,0.7130242825607064,502,-34.333333333333336,commnet,california,1042,1042,5,california
21.0,0.3333333333333333,1.0,536,-34.333333333333336,commnet,california,1042,1042,6,california
21.0,0.3333333333333333,0.717439293598234,581,-34.333333333333336,commnet,california,1042,1042,7,california
21.0,0.3333333333333333,0.7284768211920529,570,-34.333333333333336,commnet,california,1042,1042,8,california
21.0,0.3333333333333333,0.7130242825607064,523,-34.333333333333336,commnet,california,1042,1042,9,california
21.0,0.3333333333333333,0.7814569536423841,519,-34.333333333333336,commnet,california,1042,1042,10,california
21.0,0.3333333333333333,0.7130242825607064,373,-34.333333333333336,commnet,california,1042,1042,11,california
21.0,0.3333333333333333,0.7196467991169978,559,-34.333333333333336,commnet,california,1042,1042,12,california
21.0,0.3333333333333333,0.7152317880794702,513,-34.333333333333336,commnet,california,1042,1042,13,california
21.0,0.3333333333333333,0.717439293598234,602,-34.333333333333336,commnet,california,1042,1042,14,california
21.0,0.3333333333333333,0.7505518763796909,601,-34.333333333333336,commnet,california,1042,2042,0,california
21.0,0.3333333333333333,0.7130242825607064,422,-34.333333333333336,commnet,california,1042,2042,1,california
21.0,0.3333333333333333,0.7130242825607064,491,-34.333333333333336,commnet,california,1042,2042,2,california
21.0,0.3333333333333333,0.7130242825607064,504,-34.333333333333336,commnet,california,1042,2042,3,california
21.0,0.3333333333333333,0.7196467991169978,524,-34.333333333333336,commnet,california,1042,2042,4,california
21.0,0.3333333333333333,0.7130242825607064,531,-34.333333333333336,commnet,california,1042,2042,5,california
21.0,0.3333333333333333,0.7461368653421634,600,-34.333333333333336,commnet,california,1042,2042,6,california
21.0,0.3333333333333333,0.7130242825607064,504,-34.333333333333336,commnet,california,1042,2042,7,california
21.0,0.3333333333333333,1.0,479,-34.333333333333336,commnet,california,1042,2042,8,california
21.0,0.3333333333333333,0.7461368653421634,600,-34.333333333333336,commnet,california,1042,2042,9,california
21.0,0.3333333333333333,1.0,497,-34.333333333333336,commnet,california,1042,2042,10,california
21.0,0.3333333333333333,0.717439293598234,587,-34.333333333333336,commnet,california,1042,2042,11,california
21.0,0.3333333333333333,0.7196467991169978,558,-34.333333333333336,commnet,california,1042,2042,12,california
21.0,0.3333333333333333,1.0,578,-34.333333333333336,commnet,california,1042,2042,13,california
21.0,0.3333333333333333,1.0,584,-34.333333333333336,commnet,california,1042,2042,14,california
21.0,0.3333333333333333,0.7130242825607064,505,-34.333333333333336,commnet,california,1042,3042,0,california
21.0,0.3333333333333333,0.7196467991169978,523,-34.333333333333336,commnet,california,1042,3042,1,california
21.0,0.3333333333333333,0.7196467991169978,533,-34.333333333333336,commnet,california,1042,3042,2,california
21.0,0.3333333333333333,0.7130242825607064,520,-34.333333333333336,commnet,california,1042,3042,3,california
21.0,0.3333333333333333,0.7130242825607064,495,-34.333333333333336,commnet,california,1042,3042,4,california
21.0,0.3333333333333333,0.7196467991169978,558,-34.333333333333336,commnet,california,1042,3042,5,california
21.0,0.3333333333333333,0.7130242825607064,501,-34.333333333333336,commnet,california,1042,3042,6,california
21.0,0.3333333333333333,1.0,521,-34.333333333333336,commnet,california,1042,3042,7,california
21.0,0.3333333333333333,1.0,592,-34.333333333333336,commnet,california,1042,3042,8,california
21.0,0.3333333333333333,0.7130242825607064,512,-34.333333333333336,commnet,california,1042,3042,9,california
21.0,0.3333333333333333,0.7130242825607064,506,-34.333333333333336,commnet,california,1042,3042,10,california
21.0,0.3333333333333333,1.0,558,-34.333333333333336,commnet,california,1042,3042,11,california
21.0,0.3333333333333333,0.717439293598234,537,-34.333333333333336,commnet,california,1042,3042,12,california
21.0,0.3333333333333333,0.7130242825607064,539,-34.333333333333336,commnet,california,1042,3042,13,california
21.0,0.3333333333333333,0.717439293598234,525,-34.333333333333336,commnet,california,1042,3042,14,california
21.0,0.3333333333333333,0.7130242825607064,513,-34.333333333333336,commnet,california,1042,4042,0,california
21.0,0.3333333333333333,0.7284768211920529,571,-34.333333333333336,commnet,california,1042,4042,1,california
21.0,0.3333333333333333,0.7130242825607064,504,-34.333333333333336,commnet,california,1042,4042,2,california
21.0,0.3333333333333333,1.0,507,-34.333333333333336,commnet,california,1042,4042,3,california
21.0,0.3333333333333333,0.7130242825607064,498,-34.333333333333336,commnet,california,1042,4042,4,california
21.0,0.3333333333333333,1.0,557,-34.333333333333336,commnet,california,1042,4042,5,california
21.0,0.3333333333333333,0.7130242825607064,525,-34.333333333333336,commnet,california,1042,4042,6,california
21.0,0.3333333333333333,0.717439293598234,552,-34.333333333333336,commnet,california,1042,4042,7,california
21.0,0.3333333333333333,1.0,601,-34.333333333333336,commnet,california,1042,4042,8,california
21.0,0.3333333333333333,0.7130242825607064,493,-34.333333333333336,commnet,california,1042,4042,9,california
21.0,0.3333333333333333,1.0,553,-34.333333333333336,commnet,california,1042,4042,10,california
21.0,0.3333333333333333,0.7152317880794702,551,-34.333333333333336,commnet,california,1042,4042,11,california
21.0,0.3333333333333333,0.717439293598234,557,-34.333333333333336,commnet,california,1042,4042,12,california
21.0,0.3333333333333333,0.7130242825607064,537,-34.333333333333336,commnet,california,1042,4042,13,california
21.0,0.3333333333333333,0.7130242825607064,493,-34.333333333333336,commnet,california,1042,4042,14,california
18.0,0.5,1.0,204,-28.0,commnet,california,2042,42,0,california
18.0,0.5,1.0,206,-28.0,commnet,california,2042,42,1,california
21.0,0.3333333333333333,0.9690949227373068,581,-34.333333333333336,commnet,california,2042,42,2,california
21.0,0.3333333333333333,1.0,542,-34.333333333333336,commnet,california,2042,42,3,california
12.0,0.6666666666666666,1.0,198,-18.666666666666668,commnet,california,2042,42,4,california
18.0,0.5,1.0,202,-28.0,commnet,california,2042,42,5,california
12.0,0.6666666666666666,1.0,198,-18.666666666666668,commnet,california,2042,42,6,california
18.0,0.5,1.0,206,-28.0,commnet,california,2042,42,7,california
12.0,0.6666666666666666,1.0,198,-18.666666666666668,commnet,california,2042,42,8,california
18.0,0.5,1.0,204,-28.0,commnet,california,2042,42,9,california
21.0,0.3333333333333333,0.9690949227373068,539,-34.333333333333336,commnet,california,2042,42,10,california
21.0,0.3333333333333333,0.9690949227373068,558,-34.333333333333336,commnet,california,2042,42,11,california
18.0,0.5,1.0,204,-28.0,commnet,california,2042,42,12,california
12.0,0.6666666666666666,1.0,198,-18.666666666666668,commnet,california,2042,42,13,california
18.0,0.5,1.0,202,-28.0,commnet,california,2042,42,14,california
21.0,0.3333333333333333,1.0,466,-34.333333333333336,commnet,california,2042,1042,0,california
12.0,0.6666666666666666,1.0,198,-18.666666666666668,commnet,california,2042,1042,1,california
18.0,0.5,1.0,210,-28.0,commnet,california,2042,1042,2,california
12.0,0.6666666666666666,1.0,198,-18.666666666666668,commnet,california,2042,1042,3,california
18.0,0.5,0.847682119205298,459,-28.1,commnet,california,2042,1042,4,california
18.0,0.5,1.0,202,-28.0,commnet,california,2042,1042,5,california
21.0,0.3333333333333333,1.0,423,-34.333333333333336,commnet,california,2042,1042,6,california
18.0,0.5,1.0,204,-28.0,commnet,california,2042,1042,7,california
21.0,0.3333333333333333,0.9690949227373068,558,-34.333333333333336,commnet,california,2042,1042,8,california
18.0,0.5,1.0,204,-28.0,commnet,california,2042,1042,9,california
18.0,0.5,1.0,204,-28.0,commnet,california,2042,1042,10,california
12.0,0.6666666666666666,1.0,198,-18.666666666666668,commnet,california,2042,1042,11,california
18.0,0.5,1.0,210,-28.0,commnet,california,2042,1042,12,california
18.0,0.5,1.0,202,-28.0,commnet,california,2042,1042,13,california
21.0,0.3333333333333333,1.0,525,-34.333333333333336,commnet,california,2042,1042,14,california
18.0,0.5,0.7902869757174393,527,-28.1,commnet,california,2042,2042,0,california
12.0,0.6666666666666666,1.0,198,-18.666666666666668,commnet,california,2042,2042,1,california
12.0,0.6666666666666666,1.0,198,-18.666666666666668,commnet,california,2042,2042,2,california
12.0,0.6666666666666666,1.0,198,-18.666666666666668,commnet,california,2042,2042,3,california
18.0,0.5,1.0,202,-28.0,commnet,california,2042,2042,4,california
21.0,0.3333333333333333,0.8940397350993378,488,-34.333333333333336,commnet,california,2042,2042,5,california
21.0,0.3333333333333333,1.0,507,-34.333333333333336,commnet,california,2042,2042,6,california
18.0,0.5,1.0,202,-28.0,commnet,california,2042,2042,7,california
18.0,0.5,1.0,204,-28.0,commnet,california,2042,2042,8,california
21.0,0.3333333333333333,0.9735099337748344,594,-34.333333333333336,commnet,california,2042,2042,9,california
18.0,0.5,1.0,206,-28.0,commnet,california,2042,2042,10,california
18.0,0.5,1.0,204,-28.0,commnet,california,2042,2042,11,california
21.0,0.3333333333333333,1.0,458,-34.333333333333336,commnet,california,2042,2042,12,california
21.0,0.3333333333333333,1.0,572,-34.333333333333336,commnet,california,2042,2042,13,california
18.0,0.5,1.0,477,-28.0,commnet,california,2042,2042,14,california
12.0,0.6666666666666666,1.0,198,-18.666666666666668,commnet,california,2042,3042,0,california
12.0,0.6666666666666666,1.0,186,-18.666666666666668,commnet,california,2042,3042,1,california
18.0,0.5,1.0,202,-28.0,commnet,california,2042,3042,2,california
21.0,0.3333333333333333,0.9006622516556292,477,-34.333333333333336,commnet,california,2042,3042,3,california
18.0,0.5,1.0,202,-28.0,commnet,california,2042,3042,4,california
21.0,0.3333333333333333,1.0,490,-34.333333333333336,commnet,california,2042,3042,5,california
12.0,0.6666666666666666,1.0,198,-18.666666666666668,commnet,california,2042,3042,6,california
18.0,0.5,1.0,204,-28.0,commnet,california,2042,3042,7,california
18.0,0.5,1.0,474,-28.0,commnet,california,2042,3042,8,california
18.0,0.5,1.0,210,-28.0,commnet,california,2042,3042,9,california
12.0,0.6666666666666666,1.0,198,-18.666666666666668,commnet,california,2042,3042,10,california
18.0,0.5,0.9315673289183224,388,-28.0,commnet,california,2042,3042,11,california
18.0,0.5,1.0,204,-28.0,commnet,california,2042,3042,12,california
21.0,0.3333333333333333,0.9690949227373068,533,-34.333333333333336,commnet,california,2042,3042,13,california
18.0,0.5,1.0,202,-28.0,commnet,california,2042,3042,14,california
21.0,0.3333333333333333,0.9050772626931568,470,-34.333333333333336,commnet,california,2042,4042,0,california
18.0,0.5,1.0,204,-28.0,commnet,california,2042,4042,1,california
12.0,0.6666666666666666,1.0,198,-18.666666666666668,commnet,california,2042,4042,2,california
21.0,0.3333333333333333,0.8211920529801324,472,-34.53333333333334,commnet,california,2042,4042,3,california
12.0,0.6666666666666666,1.0,198,-18.666666666666668,commnet,california,2042,4042,4,california
21.0,0.3333333333333333,1.0,554,-34.333333333333336,commnet,california,2042,4042,5,california
21.0,0.3333333333333333,1.0,468,-34.333333333333336,commnet,california,2042,4042,6,california
18.0,0.5,0.8,202,-28.0,commnet,california,2042,4042,7,california
18.0,0.5,1.0,206,-28.0,commnet,california,2042,4042,8,california
12.0,0.6666666666666666,1.0,198,-18.666666666666668,commnet,california,2042,4042,9,california
18.0,0.5,1.0,461,-28.0,commnet,california,2042,4042,10,california
18.0,0.5,1.0,204,-28.0,commnet,california,2042,4042,11,california
18.0,0.5,0.8410596026490066,492,-28.1,commnet,california,2042,4042,12,california
18.0,0.5,1.0,336,-28.0,commnet,california,2042,4042,13,california
12.0,0.6666666666666666,1.0,198,-18.666666666666668,commnet,california,2042,4042,14,california
21.0,0.3333333333333333,0.7461368653421634,500,-34.53333333333333,commnet,california,3042,42,0,california
21.0,0.3333333333333333,0.8454746136865342,464,-34.53333333333333,commnet,california,3042,42,1,california
31.0,0.1666666666666666,0.9028697571743928,678,-47.86666666666667,commnet,california,3042,42,2,california
21.0,0.3333333333333333,0.9757174392935982,514,-34.53333333333333,commnet,california,3042,42,3,california
21.0,0.3333333333333333,0.7461368653421634,288,-34.63333333333333,commnet,california,3042,42,4,california
21.0,0.3333333333333333,0.9536423841059604,456,-34.53333333333333,commnet,california,3042,42,5,california
21.0,0.3333333333333333,0.977924944812362,491,-34.53333333333333,commnet,california,3042,42,6,california
31.0,0.1666666666666666,0.9183222958057397,575,-47.86666666666667,commnet,california,3042,42,7,california
21.0,0.3333333333333333,0.9403973509933776,436,-34.63333333333333,commnet,california,3042,42,8,california
21.0,0.3333333333333333,0.9183222958057397,513,-34.63333333333333,commnet,california,3042,42,9,california
21.0,0.3333333333333333,0.9646799116997792,523,-34.53333333333333,commnet,california,3042,42,10,california
31.0,0.1666666666666666,0.9381898454746136,687,-47.86666666666667,commnet,california,3042,42,11,california
21.0,0.3333333333333333,0.9624724061810156,526,-34.53333333333333,commnet,california,3042,42,12,california
21.0,0.3333333333333333,0.9646799116997792,462,-34.53333333333333,commnet,california,3042,42,13,california
21.0,0.3333333333333333,0.8807947019867549,446,-34.53333333333333,commnet,california,3042,42,14,california
21.0,0.3333333333333333,0.9646799116997792,552,-34.53333333333333,commnet,california,3042,1042,0,california
21.0,0.3333333333333333,0.7615894039735099,348,-34.53333333333333,commnet,california,3042,1042,1,california
21.0,0.3333333333333333,0.7770419426048565,480,-34.63333333333333,commnet,california,3042,1042,2,california
21.0,0.3333333333333333,0.9205298013245032,524,-34.53333333333333,commnet,california,3042,1042,3,california
21.0,0.3333333333333333,0.9757174392935982,488,-34.43333333333333,commnet,california,3042,1042,4,california
21.0,0.3333333333333333,0.7902869757174393,467,-34.53333333333333,commnet,california,3042,1042,5,california
31.0,0.1666666666666666,0.933774834437086,621,-47.86666666666667,commnet,california,3042,1042,6,california
21.0,0.3333333333333333,0.8520971302428256,524,-34.53333333333333,commnet,california,3042,1042,7,california
21.0,0.3333333333333333,0.9646799116997792,548,-34.53333333333333,commnet,california,3042,1042,8,california
21.0,0.3333333333333333,0.8388520971302428,487,-34.53333333333333,commnet,california,3042,1042,9,california
21.0,0.3333333333333333,0.9315673289183224,459,-34.53333333333333,commnet,california,3042,1042,10,california
21.0,0.3333333333333333,0.7615894039735099,357,-34.53333333333333,commnet,california,3042,1042,11,california
21.0,0.3333333333333333,0.9757174392935982,469,-34.53333333333333,commnet,california,3042,1042,12,california
21.0,0.3333333333333333,0.913907284768212,491,-34.53333333333333,commnet,california,3042,1042,13,california
21.0,0.3333333333333333,0.9536423841059604,519,-34.53333333333333,commnet,california,3042,1042,14,california
21.0,0.3333333333333333,0.9757174392935982,505,-34.53333333333333,commnet,california,3042,2042,0,california
18.0,0.5,0.93598233995585,336,-28.2,commnet,california,3042,2042,1,california
21.0,0.3333333333333333,0.9514348785871964,448,-34.53333333333333,commnet,california,3042,2042,2,california
21.0,0.3333333333333333,0.9646799116997792,479,-34.53333333333333,commnet,california,3042,2042,3,california
21.0,0.3333333333333333,0.9492273730684326,451,-34.53333333333333,commnet,california,3042,2042,4,california
21.0,0.3333333333333333,0.9646799116997792,509,-34.53333333333333,commnet,california,3042,2042,5,california
21.0,0.3333333333333333,0.9790209790209792,574,-34.43333333333333,commnet,california,3042,2042,6,california
21.0,0.3333333333333333,0.9470198675496688,440,-34.53333333333333,commnet,california,3042,2042,7,california
21.0,0.3333333333333333,0.7064017660044151,447,-34.63333333333333,commnet,california,3042,2042,8,california
31.0,0.1666666666666666,0.955849889624724,723,-47.86666666666667,commnet,california,3042,2042,9,california
21.0,0.3333333333333333,0.8322295805739515,462,-34.53333333333333,commnet,california,3042,2042,10,california
21.0,0.3333333333333333,0.9315673289183224,519,-34.53333333333333,commnet,california,3042,2042,11,california
21.0,0.3333333333333333,0.6975717439293598,534,-34.53333333333333,commnet,california,3042,2042,12,california
31.0,0.1666666666666666,0.9403973509933776,713,-47.86666666666667,commnet,california,3042,2042,13,california
21.0,0.3333333333333333,0.9646799116997792,532,-34.53333333333333,commnet,california,3042,2042,14,california
21.0,0.3333333333333333,0.955849889624724,453,-34.53333333333333,commnet,california,3042,3042,0,california
21.0,0.3333333333333333,0.9271523178807948,499,-34.733333333333334,commnet,california,3042,3042,1,california
21.0,0.3333333333333333,0.9514348785871964,467,-34.53333333333333,commnet,california,3042,3042,2,california
31.0,0.1666666666666666,0.9227373068432672,521,-47.86666666666667,commnet,california,3042,3042,3,california
21.0,0.3333333333333333,0.9492273730684326,474,-34.53333333333333,commnet,california,3042,3042,4,california
31.0,0.1666666666666666,0.9448123620309052,669,-47.86666666666667,commnet,california,3042,3042,5,california
21.0,0.3333333333333333,0.7924944812362031,480,-34.53333333333333,commnet,california,3042,3042,6,california
28.0,0.3333333333333333,0.9801324503311258,489,-41.43333333333334,commnet,california,3042,3042,7,california
31.0,0.1666666666666666,0.9801324503311258,577,-47.766666666666666,commnet,california,3042,3042,8,california
21.0,0.3333333333333333,0.7770419426048565,479,-34.63333333333333,commnet,california,3042,3042,9,california
21.0,0.3333333333333333,0.9426048565121412,453,-34.733333333333334,commnet,california,3042,3042,10,california
31.0,0.1666666666666666,0.9801324503311258,661,-47.766666666666666,commnet,california,3042,3042,11,california
21.0,0.3333333333333333,0.9028697571743928,461,-34.733333333333334,commnet,california,3042,3042,12,california
21.0,0.3333333333333333,0.7682119205298014,585,-34.43333333333333,commnet,california,3042,3042,13,california
21.0,0.3333333333333333,0.8830022075055187,500,-34.53333333333333,commnet,california,3042,3042,14,california
21.0,0.3333333333333333,0.9227373068432672,513,-34.53333333333333,commnet,california,3042,4042,0,california
21.0,0.3333333333333333,0.7770419426048565,543,-34.63333333333333,commnet,california,3042,4042,1,california
21.0,0.3333333333333333,0.9492273730684326,482,-34.53333333333333,commnet,california,3042,4042,2,california
31.0,0.1666666666666666,0.9315673289183224,612,-47.86666666666667,commnet,california,3042,4042,3,california
21.0,0.3333333333333333,0.7041942604856513,477,-34.833333333333336,commnet,california,3042,4042,4,california
31.0,0.1666666666666666,0.933774834437086,665,-47.86666666666667,commnet,california,3042,4042,5,california
31.0,0.1666666666666666,0.9227373068432672,530,-47.86666666666667,commnet,california,3042,4042,6,california
21.0,0.3333333333333333,0.8189845474613686,526,-34.53333333333333,commnet,california,3042,4042,7,california
21.0,0.3333333333333333,0.8344370860927153,531,-34.733333333333334,commnet,california,3042,4042,8,california
21.0,0.3333333333333333,0.9690949227373068,457,-34.53333333333333,commnet,california,3042,4042,9,california
21.0,0.3333333333333333,0.7682119205298014,609,-34.43333333333333,commnet,california,3042,4042,10,california
21.0,0.3333333333333333,0.9757174392935982,465,-34.53333333333333,commnet,california,3042,4042,11,california
21.0,0.3333333333333333,0.9757174392935982,467,-34.53333333333333,commnet,california,3042,4042,12,california
21.0,0.3333333333333333,0.9492273730684326,506,-34.53333333333333,commnet,california,3042,4042,13,california
21.0,0.3333333333333333,0.9403973509933776,437,-34.53333333333333,commnet,california,3042,4042,14,california
34.0,0.0,1.0,740,-54.0,commnet,california,4042,42,0,california
34.0,0.0,0.8167770419426048,721,-54.0,commnet,california,4042,42,1,california
34.0,0.0,0.88,757,-54.30000000000001,commnet,california,4042,42,2,california
24.0,0.1666666666666666,1.0,611,-40.66666666666667,commnet,california,4042,42,3,california
22.0,0.3333333333333333,1.0,709,-35.333333333333336,commnet,california,4042,42,4,california
34.0,0.0,1.0,744,-54.0,commnet,california,4042,42,5,california
24.0,0.1666666666666666,1.0,697,-40.66666666666667,commnet,california,4042,42,6,california
34.0,0.0,1.0,754,-54.0,commnet,california,4042,42,7,california
24.0,0.1666666666666666,1.0,607,-40.66666666666667,commnet,california,4042,42,8,california
34.0,0.0,1.0,714,-54.0,commnet,california,4042,42,9,california
34.0,0.0,1.0,642,-54.0,commnet,california,4042,42,10,california
34.0,0.0,1.0,745,-54.0,commnet,california,4042,42,11,california
34.0,0.0,1.0,752,-54.0,commnet,california,4042,42,12,california
24.0,0.1666666666666666,1.0,624,-40.66666666666667,commnet,california,4042,42,13,california
34.0,0.0,1.0,711,-54.0,commnet,california,4042,42,14,california
34.0,0.0,0.9757174392935982,704,-54.0,commnet,california,4042,1042,0,california
24.0,0.1666666666666666,1.0,550,-40.66666666666667,commnet,california,4042,1042,1,california
24.0,0.1666666666666666,0.8145695364238411,623,-41.36666666666668,commnet,california,4042,1042,2,california
34.0,0.0,1.0,790,-54.0,commnet,california,4042,1042,3,california
34.0,0.0,0.963963963963964,760,-54.0,commnet,california,4042,1042,4,california
24.0,0.1666666666666666,1.0,718,-40.66666666666667,commnet,california,4042,1042,5,california
24.0,0.1666666666666666,1.0,595,-40.66666666666667,commnet,california,4042,1042,6,california
34.0,0.0,1.0,724,-54.0,commnet,california,4042,1042,7,california
24.0,0.1666666666666666,1.0,644,-40.66666666666667,commnet,california,4042,1042,8,california
34.0,0.0,1.0,714,-54.0,commnet,california,4042,1042,9,california
24.0,0.1666666666666666,1.0,371,-40.66666666666667,commnet,california,4042,1042,10,california
21.0,0.3333333333333333,1.0,509,-34.333333333333336,commnet,california,4042,1042,11,california
34.0,0.0,1.0,720,-54.0,commnet,california,4042,1042,12,california
34.0,0.0,1.0,715,-54.0,commnet,california,4042,1042,13,california
24.0,0.1666666666666666,1.0,662,-40.66666666666667,commnet,california,4042,1042,14,california
24.0,0.1666666666666666,0.924119241192412,651,-40.66666666666667,commnet,california,4042,2042,0,california
18.0,0.3333333333333333,0.9713024282560706,639,-31.333333333333336,commnet,california,4042,2042,1,california
24.0,0.1666666666666666,1.0,702,-40.66666666666667,commnet,california,4042,2042,2,california
24.0,0.1666666666666666,0.8959810874704491,653,-40.866666666666674,commnet,california,4042,2042,3,california
24.0,0.1666666666666666,1.0,719,-40.66666666666667,commnet,california,4042,2042,4,california
34.0,0.0,1.0,790,-54.0,commnet,california,4042,2042,5,california
24.0,0.1666666666666666,1.0,679,-40.66666666666667,commnet,california,4042,2042,6,california
34.0,0.0,1.0,721,-54.0,commnet,california,4042,2042,7,california
34.0,0.0,1.0,766,-54.0,commnet,california,4042,2042,8,california
24.0,0.1666666666666666,1.0,603,-40.66666666666667,commnet,california,4042,2042,9,california
31.0,0.1666666666666666,1.0,631,-47.66666666666667,commnet,california,4042,2042,10,california
34.0,0.0,1.0,714,-54.0,commnet,california,4042,2042,11,california
34.0,0.0,1.0,733,-54.0,commnet,california,4042,2042,12,california
18.0,0.3333333333333333,1.0,557,-31.333333333333336,commnet,california,4042,2042,13,california
24.0,0.1666666666666666,1.0,679,-40.66666666666667,commnet,california,4042,2042,14,california
34.0,0.0,1.0,759,-54.0,commnet,california,4042,3042,0,california
34.0,0.0,1.0,768,-54.0,commnet,california,4042,3042,1,california
24.0,0.1666666666666666,1.0,636,-40.66666666666667,commnet,california,4042,3042,2,california
34.0,0.0,1.0,790,-54.0,commnet,california,4042,3042,3,california
34.0,0.0,1.0,760,-54.0,commnet,california,4042,3042,4,california
34.0,0.0,1.0,723,-54.0,commnet,california,4042,3042,5,california
24.0,0.1666666666666666,1.0,644,-40.66666666666667,commnet,california,4042,3042,6,california
24.0,0.1666666666666666,0.911699779249448,655,-40.66666666666667,commnet,california,4042,3042,7,california
24.0,0.1666666666666666,0.9301075268817204,676,-40.66666666666667,commnet,california,4042,3042,8,california
24.0,0.1666666666666666,1.0,650,-40.66666666666667,commnet,california,4042,3042,9,california
24.0,0.1666666666666666,1.0,660,-40.66666666666667,commnet,california,4042,3042,10,california
34.0,0.0,1.0,722,-54.0,commnet,california,4042,3042,11,california
24.0,0.1666666666666666,1.0,664,-40.66666666666667,commnet,california,4042,3042,12,california
24.0,0.1666666666666666,1.0,420,-40.66666666666667,commnet,california,4042,3042,13,california
31.0,0.1666666666666666,1.0,704,-47.66666666666667,commnet,california,4042,3042,14,california
34.0,0.0,1.0,615,-54.0,commnet,california,4042,4042,0,california
24.0,0.1666666666666666,0.965174129353234,628,-40.66666666666667,commnet,california,4042,4042,1,california
34.0,0.0,1.0,772,-54.0,commnet,california,4042,4042,2,california
34.0,0.0,1.0,772,-54.0,commnet,california,4042,4042,3,california
24.0,0.1666666666666666,1.0,598,-40.66666666666667,commnet,california,4042,4042,4,california
24.0,0.1666666666666666,1.0,643,-40.66666666666667,commnet,california,4042,4042,5,california
34.0,0.0,1.0,716,-54.0,commnet,california,4042,4042,6,california
34.0,0.0,1.0,759,-54.0,commnet,california,4042,4042,7,california
24.0,0.1666666666666666,1.0,661,-40.66666666666667,commnet,california,4042,4042,8,california
34.0,0.0,1.0,760,-54.0,commnet,california,4042,4042,9,california
24.0,0.1666666666666666,1.0,718,-40.66666666666667,commnet,california,4042,4042,10,california
24.0,0.1666666666666666,0.8980099502487562,590,-40.866666666666674,commnet,california,4042,4042,11,california
34.0,0.0,1.0,790,-54.0,commnet,california,4042,4042,12,california
34.0,0.0,1.0,720,-54.0,commnet,california,4042,4042,13,california
34.0,0.0,1.0,713,-54.0,commnet,california,4042,4042,14,california
18.0,0.3333333333333333,1.0,517,-31.333333333333336,hiercomm_heur,saudi,42,42,0,california
25.0,0.3333333333333333,1.0,561,-38.333333333333336,hiercomm_heur,saudi,42,42,1,california
12.0,0.5,0.8653421633554084,657,-22.0,hiercomm_heur,saudi,42,42,2,california
25.0,0.3333333333333333,1.0,682,-38.333333333333336,hiercomm_heur,saudi,42,42,3,california
0.0,1.0,1.0,16,0.0,hiercomm_heur,saudi,42,42,4,california
18.0,0.3333333333333333,0.9271523178807948,458,-31.333333333333336,hiercomm_heur,saudi,42,42,5,california
12.0,0.5,0.9315673289183224,485,-22.0,hiercomm_heur,saudi,42,42,6,california
19.0,0.5,0.9315673289183224,529,-29.3,hiercomm_heur,saudi,42,42,7,california
6.0,0.6666666666666666,1.0,341,-12.666666666666668,hiercomm_heur,saudi,42,42,8,california
9.0,0.6666666666666666,1.0,475,-15.666666666666668,hiercomm_heur,saudi,42,42,9,california
15.0,0.5,1.0,434,-25.0,hiercomm_heur,saudi,42,42,10,california
12.0,0.5,0.9977924944812362,628,-22.0,hiercomm_heur,saudi,42,42,11,california
12.0,0.5,1.0,554,-22.0,hiercomm_heur,saudi,42,42,12,california
18.0,0.3333333333333333,0.9381898454746136,523,-31.333333333333336,hiercomm_heur,saudi,42,42,13,california
18.0,0.3333333333333333,0.9977924944812362,477,-31.333333333333336,hiercomm_heur,saudi,42,42,14,california
18.0,0.3333333333333333,1.0,670,-31.333333333333336,hiercomm_heur,saudi,42,1042,0,california
3.0,0.8333333333333334,0.9867549668874172,121,-6.333333333333332,hiercomm_heur,saudi,42,1042,1,california
9.0,0.6666666666666666,0.9977924944812362,367,-15.666666666666668,hiercomm_heur,saudi,42,1042,2,california
18.0,0.3333333333333333,1.0,497,-31.333333333333336,hiercomm_heur,saudi,42,1042,3,california
25.0,0.3333333333333333,0.8675496688741722,596,-38.333333333333336,hiercomm_heur,saudi,42,1042,4,california
18.0,0.3333333333333333,1.0,485,-31.333333333333336,hiercomm_heur,saudi,42,1042,5,california
18.0,0.3333333333333333,0.9403973509933776,477,-31.333333333333336,hiercomm_heur,saudi,42,1042,6,california
18.0,0.3333333333333333,1.0,515,-31.333333333333336,hiercomm_heur,saudi,42,1042,7,california
24.0,0.1666666666666666,1.0,566,-40.66666666666667,hiercomm_heur,saudi,42,1042,8,california
18.0,0.3333333333333333,0.9492273730684326,506,-31.333333333333336,hiercomm_heur,saudi,42,1042,9,california
22.0,0.3333333333333333,0.9955849889624724,597,-35.333333333333336,hiercomm_heur,saudi,42,1042,10,california
12.0,0.5,0.9889624724061812,210,-22.0,hiercomm_heur,saudi,42,1042,11,california
24.0,0.1666666666666666,1.0,552,-40.66666666666667,hiercomm_heur,saudi,42,1042,12,california
9.0,0.6666666666666666,0.9977924944812362,356,-15.666666666666668,hiercomm_heur,saudi,42,1042,13,california
24.0,0.1666666666666666,1.0,581,-40.66666666666667,hiercomm_heur,saudi,42,1042,14,california
12.0,0.5,0.9624724061810156,583,-22.0,hiercomm_heur,saudi,42,2042,0,california
0.0,1.0,1.0,19,0.0,hiercomm_heur,saudi,42,2042,1,california
12.0,0.5,1.0,442,-22.0,hiercomm_heur,saudi,42,2042,2,california
12.0,0.5,1.0,429,-22.0,hiercomm_heur,saudi,42,2042,3,california
18.0,0.3333333333333333,0.9845474613686536,523,-31.333333333333336,hiercomm_heur,saudi,42,2042,4,california
15.0,0.5,1.0,439,-25.0,hiercomm_heur,saudi,42,2042,5,california
9.0,0.6666666666666666,1.0,640,-15.666666666666668,hiercomm_heur,saudi,42,2042,6,california
15.0,0.5,0.9977924944812362,455,-25.0,hiercomm_heur,saudi,42,2042,7,california
25.0,0.3333333333333333,0.977924944812362,592,-38.333333333333336,hiercomm_heur,saudi,42,2042,8,california
12.0,0.5,1.0,553,-22.0,hiercomm_heur,saudi,42,2042,9,california
19.0,0.5,0.9977924944812362,490,-29.0,hiercomm_heur,saudi,42,2042,10,california
9.0,0.6666666666666666,1.0,460,-15.666666666666668,hiercomm_heur,saudi,42,2042,11,california
24.0,0.1666666666666666,0.9735099337748344,563,-40.66666666666667,hiercomm_heur,saudi,42,2042,12,california
18.0,0.3333333333333333,0.9977924944812362,540,-31.333333333333336,hiercomm_heur,saudi,42,2042,13,california
12.0,0.5,0.9381898454746136,664,-22.0,hiercomm_heur,saudi,42,2042,14,california
12.0,0.5,1.0,637,-22.0,hiercomm_heur,saudi,42,3042,0,california
12.0,0.5,0.9845474613686536,496,-22.0,hiercomm_heur,saudi,42,3042,1,california
18.0,0.3333333333333333,0.9977924944812362,472,-31.333333333333336,hiercomm_heur,saudi,42,3042,2,california
12.0,0.5,0.8675496688741722,487,-22.0,hiercomm_heur,saudi,42,3042,3,california
9.0,0.6666666666666666,1.0,167,-15.666666666666668,hiercomm_heur,saudi,42,3042,4,california
9.0,0.6666666666666666,0.9655172413793104,130,-15.666666666666668,hiercomm_heur,saudi,42,3042,5,california
21.0,0.3333333333333333,1.0,466,-34.333333333333336,hiercomm_heur,saudi,42,3042,6,california
25.0,0.3333333333333333,0.7858719646799117,624,-38.43333333333334,hiercomm_heur,saudi,42,3042,7,california
18.0,0.3333333333333333,0.9823399558498896,682,-31.333333333333336,hiercomm_heur,saudi,42,3042,8,california
9.0,0.6666666666666666,0.9977924944812362,375,-15.666666666666668,hiercomm_heur,saudi,42,3042,9,california
24.0,0.1666666666666666,1.0,506,-40.66666666666667,hiercomm_heur,saudi,42,3042,10,california
25.0,0.3333333333333333,0.9227373068432672,654,-38.333333333333336,hiercomm_heur,saudi,42,3042,11,california
9.0,0.6666666666666666,0.9977924944812362,383,-15.666666666666668,hiercomm_heur,saudi,42,3042,12,california
12.0,0.5,0.933774834437086,577,-22.0,hiercomm_heur,saudi,42,3042,13,california
12.0,0.5,1.0,450,-22.0,hiercomm_heur,saudi,42,3042,14,california
12.0,0.5,0.8609271523178808,478,-22.0,hiercomm_heur,saudi,42,4042,0,california
18.0,0.3333333333333333,0.9889624724061812,551,-31.333333333333336,hiercomm_heur,saudi,42,4042,1,california
12.0,0.5,1.0,473,-22.0,hiercomm_heur,saudi,42,4042,2,california
25.0,0.3333333333333333,0.93598233995585,623,-38.333333333333336,hiercomm_heur,saudi,42,4042,3,california
18.0,0.3333333333333333,0.9977924944812362,486,-31.333333333333336,hiercomm_heur,saudi,42,4042,4,california
12.0,0.5,0.9470198675496688,613,-22.0,hiercomm_heur,saudi,42,4042,5,california
18.0,0.3333333333333333,0.9933774834437086,502,-31.333333333333336,hiercomm_heur,saudi,42,4042,6,california
24.0,0.1666666666666666,1.0,540,-40.66666666666667,hiercomm_heur,saudi,42,4042,7,california
28.0,0.1666666666666666,0.9932885906040269,677,-44.66666666666667,hiercomm_heur,saudi,42,4042,8,california
18.0,0.3333333333333333,0.9161147902869756,477,-31.333333333333336,hiercomm_heur,saudi,42,4042,9,california
24.0,0.1666666666666666,1.0,534,-40.66666666666667,hiercomm_heur,saudi,42,4042,10,california
18.0,0.3333333333333333,1.0,521,-31.333333333333336,hiercomm_heur,saudi,42,4042,11,california
18.0,0.3333333333333333,1.0,545,-31.333333333333336,hiercomm_heur,saudi,42,4042,12,california
18.0,0.3333333333333333,1.0,527,-31.333333333333336,hiercomm_heur,saudi,42,4042,13,california
18.0,0.3333333333333333,1.0,459,-31.333333333333336,hiercomm_heur,saudi,42,4042,14,california
24.0,0.1666666666666666,0.8123620309050773,673,-40.66666666666667,hiercomm_heur,saudi,1042,42,0,california
24.0,0.1666666666666666,1.0,598,-40.66666666666667,hiercomm_heur,saudi,1042,42,1,california
24.0,0.1666666666666666,0.8666666666666667,747,-40.66666666666667,hiercomm_heur,saudi,1042,42,2,california
24.0,0.1666666666666666,0.8189845474613686,738,-40.66666666666667,hiercomm_heur,saudi,1042,42,3,california
34.0,0.0,0.9624724061810156,772,-54.0,hiercomm_heur,saudi,1042,42,4,california
34.0,0.0,0.8388520971302428,723,-54.0,hiercomm_heur,saudi,1042,42,5,california
34.0,0.0,1.0,717,-54.0,hiercomm_heur,saudi,1042,42,6,california
24.0,0.1666666666666666,0.9977924944812362,745,-40.66666666666667,hiercomm_heur,saudi,1042,42,7,california
24.0,0.1666666666666666,0.8587196467991169,631,-40.66666666666667,hiercomm_heur,saudi,1042,42,8,california
34.0,0.0,0.977924944812362,740,-54.0,hiercomm_heur,saudi,1042,42,9,california
24.0,0.1666666666666666,0.8300220750551877,633,-40.66666666666667,hiercomm_heur,saudi,1042,42,10,california
24.0,0.1666666666666666,0.8520971302428256,664,-40.66666666666667,hiercomm_heur,saudi,1042,42,11,california
34.0,0.0,0.8498896247240618,661,-54.0,hiercomm_heur,saudi,1042,42,12,california
24.0,0.1666666666666666,0.9955849889624724,710,-40.66666666666667,hiercomm_heur,saudi,1042,42,13,california
34.0,0.0,1.0,720,-54.0,hiercomm_heur,saudi,1042,42,14,california
24.0,0.1666666666666666,0.8101545253863135,653,-40.66666666666667,hiercomm_heur,saudi,1042,1042,0,california
24.0,0.1666666666666666,0.9536423841059604,548,-40.66666666666667,hiercomm_heur,saudi,1042,1042,1,california
24.0,0.1666666666666666,0.8498896247240618,716,-40.66666666666667,hiercomm_heur,saudi,1042,1042,2,california
34.0,0.0,1.0,692,-54.0,hiercomm_heur,saudi,1042,1042,3,california
24.0,0.1666666666666666,0.9094922737306844,653,-40.66666666666667,hiercomm_heur,saudi,1042,1042,4,california
34.0,0.0,0.8631346578366446,724,-54.0,hiercomm_heur,saudi,1042,1042,5,california
24.0,0.1666666666666666,0.9668874172185432,683,-40.76666666666667,hiercomm_heur,saudi,1042,1042,6,california
34.0,0.0,1.0,790,-54.0,hiercomm_heur,saudi,1042,1042,7,california
24.0,0.1666666666666666,0.8587196467991169,622,-40.66666666666667,hiercomm_heur,saudi,1042,1042,8,california
24.0,0.1666666666666666,0.8101545253863135,675,-40.66666666666667,hiercomm_heur,saudi,1042,1042,9,california
34.0,0.0,1.0,724,-54.0,hiercomm_heur,saudi,1042,1042,10,california
24.0,0.1666666666666666,1.0,568,-40.66666666666667,hiercomm_heur,saudi,1042,1042,11,california
24.0,0.1666666666666666,0.8322295805739515,680,-40.66666666666667,hiercomm_heur,saudi,1042,1042,12,california
34.0,0.0,1.0,725,-54.0,hiercomm_heur,saudi,1042,1042,13,california
34.0,0.0,1.0,759,-54.0,hiercomm_heur,saudi,1042,1042,14,california
34.0,0.0,0.8035320088300221,687,-54.0,hiercomm_heur,saudi,1042,2042,0,california
34.0,0.0,0.9911699779249448,810,-54.0,hiercomm_heur,saudi,1042,2042,1,california
24.0,0.1666666666666666,0.8675496688741722,639,-40.66666666666667,hiercomm_heur,saudi,1042,2042,2,california
34.0,0.0,0.8587196467991169,665,-54.0,hiercomm_heur,saudi,1042,2042,3,california
34.0,0.0,1.0,719,-54.0,hiercomm_heur,saudi,1042,2042,4,california
24.0,0.1666666666666666,0.8322295805739515,636,-40.66666666666667,hiercomm_heur,saudi,1042,2042,5,california
24.0,0.1666666666666666,0.8609271523178808,649,-40.66666666666667,hiercomm_heur,saudi,1042,2042,6,california
34.0,0.0,0.93598233995585,722,-54.0,hiercomm_heur,saudi,1042,2042,7,california
24.0,0.1666666666666666,0.9120370370370372,709,-40.66666666666667,hiercomm_heur,saudi,1042,2042,8,california
24.0,0.1666666666666666,0.8101545253863135,661,-40.66666666666667,hiercomm_heur,saudi,1042,2042,9,california
34.0,0.0,0.9754901960784312,784,-54.0,hiercomm_heur,saudi,1042,2042,10,california
34.0,0.0,0.9933774834437086,751,-54.0,hiercomm_heur,saudi,1042,2042,11,california
24.0,0.1666666666666666,1.0,690,-40.66666666666667,hiercomm_heur,saudi,1042,2042,12,california
24.0,0.1666666666666666,0.8582677165354331,732,-40.66666666666667,hiercomm_heur,saudi,1042,2042,13,california
24.0,0.1666666666666666,1.0,706,-40.66666666666667,hiercomm_heur,saudi,1042,2042,14,california
34.0,0.0,0.8388520971302428,706,-54.0,hiercomm_heur,saudi,1042,3042,0,california
34.0,0.0,0.8322295805739515,742,-54.0,hiercomm_heur,saudi,1042,3042,1,california
34.0,0.0,1.0,719,-54.0,hiercomm_heur,saudi,1042,3042,2,california
24.0,0.1666666666666666,0.8459770114942529,728,-40.66666666666667,hiercomm_heur,saudi,1042,3042,3,california
24.0,0.1666666666666666,1.0,671,-40.66666666666667,hiercomm_heur,saudi,1042,3042,4,california
24.0,0.1666666666666666,0.9977924944812362,692,-40.66666666666667,hiercomm_heur,saudi,1042,3042,5,california
24.0,0.1666666666666666,0.8167770419426048,627,-40.66666666666667,hiercomm_heur,saudi,1042,3042,6,california
24.0,0.1666666666666666,0.873015873015873,694,-40.66666666666667,hiercomm_heur,saudi,1042,3042,7,california
24.0,0.1666666666666666,0.8278145695364238,701,-40.66666666666667,hiercomm_heur,saudi,1042,3042,8,california
24.0,0.1666666666666666,0.8211920529801324,637,-40.66666666666667,hiercomm_heur,saudi,1042,3042,9,california
24.0,0.1666666666666666,0.8653421633554084,644,-40.66666666666667,hiercomm_heur,saudi,1042,3042,10,california
24.0,0.1666666666666666,0.9889624724061812,632,-40.66666666666667,hiercomm_heur,saudi,1042,3042,11,california
34.0,0.0,0.847682119205298,718,-54.0,hiercomm_heur,saudi,1042,3042,12,california
34.0,0.0,0.837037037037037,736,-54.0,hiercomm_heur,saudi,1042,3042,13,california
24.0,0.1666666666666666,0.9006622516556292,674,-40.66666666666667,hiercomm_heur,saudi,1042,3042,14,california
24.0,0.1666666666666666,0.8366445916114791,640,-40.66666666666667,hiercomm_heur,saudi,1042,4042,0,california
34.0,0.0,0.8233995584988962,688,-54.0,hiercomm_heur,saudi,1042,4042,1,california
24.0,0.1666666666666666,0.9536423841059604,642,-40.66666666666667,hiercomm_heur,saudi,1042,4042,2,california
34.0,0.0,0.8211920529801324,680,-54.0,hiercomm_heur,saudi,1042,4042,3,california
34.0,0.0,0.977924944812362,686,-54.0,hiercomm_heur,saudi,1042,4042,4,california
34.0,0.0,0.8123620309050773,699,-54.0,hiercomm_heur,saudi,1042,4042,5,california
24.0,0.1666666666666666,0.8344370860927153,640,-40.66666666666667,hiercomm_heur,saudi,1042,4042,6,california
34.0,0.0,0.8167770419426048,692,-54.0,hiercomm_heur,saudi,1042,4042,7,california
24.0,0.1666666666666666,0.9862258953168044,685,-40.66666666666667,hiercomm_heur,saudi,1042,4042,8,california
24.0,0.1666666666666666,1.0,667,-40.66666666666667,hiercomm_heur,saudi,1042,4042,9,california
34.0,0.0,0.8145695364238411,730,-54.0,hiercomm_heur,saudi,1042,4042,10,california
24.0,0.1666666666666666,0.8145695364238411,651,-40.66666666666667,hiercomm_heur,saudi,1042,4042,11,california
24.0,0.1666666666666666,0.8167770419426048,641,-40.66666666666667,hiercomm_heur,saudi,1042,4042,12,california
34.0,0.0,1.0,681,-54.0,hiercomm_heur,saudi,1042,4042,13,california
34.0,0.0,1.0,718,-54.0,hiercomm_heur,saudi,1042,4042,14,california
15.0,0.5,1.0,429,-25.0,hiercomm_heur,saudi,2042,42,0,california
21.0,0.3333333333333333,0.9977924944812362,439,-34.333333333333336,hiercomm_heur,saudi,2042,42,1,california
15.0,0.5,0.8344370860927153,500,-25.0,hiercomm_heur,saudi,2042,42,2,california
21.0,0.3333333333333333,1.0,434,-34.333333333333336,hiercomm_heur,saudi,2042,42,3,california
18.0,0.5,1.0,235,-28.0,hiercomm_heur,saudi,2042,42,4,california
21.0,0.3333333333333333,0.8741721854304636,458,-34.333333333333336,hiercomm_heur,saudi,2042,42,5,california
21.0,0.3333333333333333,1.0,456,-34.333333333333336,hiercomm_heur,saudi,2042,42,6,california
21.0,0.3333333333333333,1.0,429,-34.333333333333336,hiercomm_heur,saudi,2042,42,7,california
18.0,0.5,1.0,400,-28.0,hiercomm_heur,saudi,2042,42,8,california
18.0,0.5,0.9889624724061812,498,-28.0,hiercomm_heur,saudi,2042,42,9,california
15.0,0.5,0.9933774834437086,490,-25.0,hiercomm_heur,saudi,2042,42,10,california
21.0,0.3333333333333333,0.8366445916114791,495,-34.333333333333336,hiercomm_heur,saudi,2042,42,11,california
18.0,0.5,1.0,381,-28.0,hiercomm_heur,saudi,2042,42,12,california
21.0,0.3333333333333333,0.9536423841059604,476,-34.333333333333336,hiercomm_heur,saudi,2042,42,13,california
21.0,0.3333333333333333,0.8763796909492274,468,-34.333333333333336,hiercomm_heur,saudi,2042,42,14,california
21.0,0.3333333333333333,1.0,524,-34.333333333333336,hiercomm_heur,saudi,2042,1042,0,california
21.0,0.3333333333333333,1.0,339,-34.333333333333336,hiercomm_heur,saudi,2042,1042,1,california
15.0,0.5,1.0,476,-25.0,hiercomm_heur,saudi,2042,1042,2,california
21.0,0.3333333333333333,0.9713024282560706,501,-34.333333333333336,hiercomm_heur,saudi,2042,1042,3,california
12.0,0.6666666666666666,1.0,410,-18.666666666666668,hiercomm_heur,saudi,2042,1042,4,california
21.0,0.3333333333333333,0.8852097130242825,439,-34.333333333333336,hiercomm_heur,saudi,2042,1042,5,california
15.0,0.5,0.8410596026490066,459,-25.0,hiercomm_heur,saudi,2042,1042,6,california
21.0,0.3333333333333333,1.0,502,-34.333333333333336,hiercomm_heur,saudi,2042,1042,7,california
21.0,0.3333333333333333,0.9977924944812362,451,-34.333333333333336,hiercomm_heur,saudi,2042,1042,8,california
21.0,0.3333333333333333,0.9955849889624724,467,-34.333333333333336,hiercomm_heur,saudi,2042,1042,9,california
21.0,0.3333333333333333,1.0,486,-34.333333333333336,hiercomm_heur,saudi,2042,1042,10,california
21.0,0.3333333333333333,0.9933774834437086,352,-34.333333333333336,hiercomm_heur,saudi,2042,1042,11,california
21.0,0.3333333333333333,1.0,515,-34.333333333333336,hiercomm_heur,saudi,2042,1042,12,california
21.0,0.3333333333333333,0.9602649006622516,458,-34.333333333333336,hiercomm_heur,saudi,2042,1042,13,california
21.0,0.3333333333333333,0.8057395143487859,522,-34.333333333333336,hiercomm_heur,saudi,2042,1042,14,california
21.0,0.3333333333333333,1.0,539,-34.333333333333336,hiercomm_heur,saudi,2042,2042,0,california
18.0,0.5,1.0,293,-28.0,hiercomm_heur,saudi,2042,2042,1,california
15.0,0.5,0.958057395143488,444,-25.0,hiercomm_heur,saudi,2042,2042,2,california
15.0,0.5,1.0,459,-25.0,hiercomm_heur,saudi,2042,2042,3,california
21.0,0.3333333333333333,0.9955849889624724,461,-34.333333333333336,hiercomm_heur,saudi,2042,2042,4,california
15.0,0.5,0.9911699779249448,479,-25.0,hiercomm_heur,saudi,2042,2042,5,california
21.0,0.3333333333333333,0.9823399558498896,531,-34.333333333333336,hiercomm_heur,saudi,2042,2042,6,california
21.0,0.3333333333333333,0.8498896247240618,451,-34.333333333333336,hiercomm_heur,saudi,2042,2042,7,california
21.0,0.3333333333333333,0.9514348785871964,427,-34.333333333333336,hiercomm_heur,saudi,2042,2042,8,california
18.0,0.5,0.955849889624724,472,-28.0,hiercomm_heur,saudi,2042,2042,9,california
21.0,0.3333333333333333,1.0,440,-34.333333333333336,hiercomm_heur,saudi,2042,2042,10,california
18.0,0.5,0.9889624724061812,498,-28.0,hiercomm_heur,saudi,2042,2042,11,california
18.0,0.5,1.0,380,-28.0,hiercomm_heur,saudi,2042,2042,12,california
21.0,0.3333333333333333,1.0,493,-34.333333333333336,hiercomm_heur,saudi,2042,2042,13,california
21.0,0.3333333333333333,1.0,523,-34.333333333333336,hiercomm_heur,saudi,2042,2042,14,california
21.0,0.3333333333333333,0.8807947019867549,436,-34.333333333333336,hiercomm_heur,saudi,2042,3042,0,california
21.0,0.3333333333333333,1.0,464,-34.333333333333336,hiercomm_heur,saudi,2042,3042,1,california
21.0,0.3333333333333333,1.0,471,-34.333333333333336,hiercomm_heur,saudi,2042,3042,2,california
21.0,0.3333333333333333,1.0,470,-34.333333333333336,hiercomm_heur,saudi,2042,3042,3,california
15.0,0.5,1.0,427,-25.0,hiercomm_heur,saudi,2042,3042,4,california
15.0,0.5,0.9955849889624724,490,-25.0,hiercomm_heur,saudi,2042,3042,5,california
18.0,0.5,0.9028697571743928,361,-28.0,hiercomm_heur,saudi,2042,3042,6,california
18.0,0.5,1.0,421,-28.0,hiercomm_heur,saudi,2042,3042,7,california
15.0,0.5,1.0,512,-25.0,hiercomm_heur,saudi,2042,3042,8,california
15.0,0.5,1.0,475,-25.0,hiercomm_heur,saudi,2042,3042,9,california
18.0,0.5,0.9933774834437086,368,-28.0,hiercomm_heur,saudi,2042,3042,10,california
18.0,0.5,1.0,379,-28.0,hiercomm_heur,saudi,2042,3042,11,california
21.0,0.3333333333333333,0.9470198675496688,479,-34.333333333333336,hiercomm_heur,saudi,2042,3042,12,california
21.0,0.3333333333333333,1.0,492,-34.333333333333336,hiercomm_heur,saudi,2042,3042,13,california
21.0,0.3333333333333333,0.8874172185430463,479,-34.333333333333336,hiercomm_heur,saudi,2042,3042,14,california
21.0,0.3333333333333333,1.0,461,-34.333333333333336,hiercomm_heur,saudi,2042,4042,0,california
21.0,0.3333333333333333,1.0,514,-34.333333333333336,hiercomm_heur,saudi,2042,4042,1,california
15.0,0.5,1.0,393,-25.0,hiercomm_heur,saudi,2042,4042,2,california
18.0,0.5,1.0,367,-28.0,hiercomm_heur,saudi,2042,4042,3,california
21.0,0.3333333333333333,1.0,436,-34.333333333333336,hiercomm_heur,saudi,2042,4042,4,california
15.0,0.5,0.82560706401766,485,-25.0,hiercomm_heur,saudi,2042,4042,5,california
21.0,0.3333333333333333,0.9955849889624724,474,-34.333333333333336,hiercomm_heur,saudi,2042,4042,6,california
21.0,0.3333333333333333,0.9889624724061812,454,-34.333333333333336,hiercomm_heur,saudi,2042,4042,7,california
15.0,0.5,0.9668874172185432,429,-25.4,hiercomm_heur,saudi,2042,4042,8,california
15.0,0.5,1.0,431,-25.0,hiercomm_heur,saudi,2042,4042,9,california
18.0,0.5,0.869757174392936,431,-28.0,hiercomm_heur,saudi,2042,4042,10,california
21.0,0.3333333333333333,1.0,509,-34.333333333333336,hiercomm_heur,saudi,2042,4042,11,california
21.0,0.3333333333333333,1.0,512,-34.333333333333336,hiercomm_heur,saudi,2042,4042,12,california
15.0,0.5,0.9911699779249448,491,-25.0,hiercomm_heur,saudi,2042,4042,13,california
21.0,0.3333333333333333,1.0,440,-34.333333333333336,hiercomm_heur,saudi,2042,4042,14,california
18.0,0.5,1.0,389,-28.0,hiercomm_heur,saudi,3042,42,0,california
6.0,0.8333333333333334,1.0,24,-9.333333333333332,hiercomm_heur,saudi,3042,42,1,california
12.0,0.6666666666666666,1.0,71,-18.666666666666668,hiercomm_heur,saudi,3042,42,2,california
25.0,0.3333333333333333,1.0,536,-38.333333333333336,hiercomm_heur,saudi,3042,42,3,california
0.0,1.0,1.0,133,0.0,hiercomm_heur,saudi,3042,42,4,california
12.0,0.6666666666666666,1.0,388,-18.666666666666668,hiercomm_heur,saudi,3042,42,5,california
6.0,0.8333333333333334,1.0,374,-9.333333333333332,hiercomm_heur,saudi,3042,42,6,california
12.0,0.6666666666666666,0.9801324503311258,198,-18.666666666666668,hiercomm_heur,saudi,3042,42,7,california
3.0,0.8333333333333334,1.0,256,-6.333333333333332,hiercomm_heur,saudi,3042,42,8,california
18.0,0.5,1.0,415,-28.0,hiercomm_heur,saudi,3042,42,9,california
6.0,0.8333333333333334,0.9889624724061812,375,-9.333333333333332,hiercomm_heur,saudi,3042,42,10,california
19.0,0.5,1.0,493,-29.0,hiercomm_heur,saudi,3042,42,11,california
18.0,0.5,0.9977924944812362,415,-28.0,hiercomm_heur,saudi,3042,42,12,california
6.0,0.8333333333333334,0.9735099337748344,418,-9.333333333333332,hiercomm_heur,saudi,3042,42,13,california
12.0,0.6666666666666666,1.0,384,-18.666666666666668,hiercomm_heur,saudi,3042,42,14,california
22.0,0.5,0.9713024282560706,709,-32.0,hiercomm_heur,saudi,3042,1042,0,california
0.0,1.0,1.0,0,0.0,hiercomm_heur,saudi,3042,1042,1,california
12.0,0.6666666666666666,1.0,96,-18.666666666666668,hiercomm_heur,saudi,3042,1042,2,california
9.0,0.6666666666666666,0.9867549668874172,525,-15.666666666666668,hiercomm_heur,saudi,3042,1042,3,california
15.0,0.5,0.9977924944812362,268,-25.0,hiercomm_heur,saudi,3042,1042,4,california
6.0,0.8333333333333334,0.977924944812362,380,-9.333333333333332,hiercomm_heur,saudi,3042,1042,5,california
12.0,0.6666666666666666,1.0,130,-18.666666666666668,hiercomm_heur,saudi,3042,1042,6,california
12.0,0.6666666666666666,1.0,217,-18.666666666666668,hiercomm_heur,saudi,3042,1042,7,california
12.0,0.6666666666666666,1.0,89,-18.666666666666668,hiercomm_heur,saudi,3042,1042,8,california
16.0,0.6666666666666666,0.9315673289183224,578,-22.666666666666668,hiercomm_heur,saudi,3042,1042,9,california
6.0,0.8333333333333334,1.0,292,-9.333333333333332,hiercomm_heur,saudi,3042,1042,10,california
0.0,1.0,1.0,0,0.0,hiercomm_heur,saudi,3042,1042,11,california
12.0,0.6666666666666666,1.0,94,-18.666666666666668,hiercomm_heur,saudi,3042,1042,12,california
12.0,0.6666666666666666,1.0,389,-18.666666666666668,hiercomm_heur,saudi,3042,1042,13,california
12.0,0.6666666666666666,1.0,394,-18.666666666666668,hiercomm_heur,saudi,3042,1042,14,california
12.0,0.6666666666666666,1.0,93,-18.666666666666668,hiercomm_heur,saudi,3042,2042,0,california
6.0,0.8333333333333334,1.0,140,-9.333333333333332,hiercomm_heur,saudi,3042,2042,1,california
9.0,0.6666666666666666,0.9514348785871964,381,-15.666666666666668,hiercomm_heur,saudi,3042,2042,2,california
0.0,1.0,1.0,54,0.0,hiercomm_heur,saudi,3042,2042,3,california
12.0,0.6666666666666666,1.0,422,-18.666666666666668,hiercomm_heur,saudi,3042,2042,4,california
6.0,0.8333333333333334,0.9977924944812362,367,-9.333333333333332,hiercomm_heur,saudi,3042,2042,5,california
12.0,0.6666666666666666,0.9889624724061812,447,-18.666666666666668,hiercomm_heur,saudi,3042,2042,6,california
12.0,0.6666666666666666,0.9977924944812362,393,-18.666666666666668,hiercomm_heur,saudi,3042,2042,7,california
6.0,0.8333333333333334,1.0,124,-9.333333333333332,hiercomm_heur,saudi,3042,2042,8,california
21.0,0.3333333333333333,0.9668874172185432,554,-34.333333333333336,hiercomm_heur,saudi,3042,2042,9,california
6.0,0.8333333333333334,1.0,23,-9.333333333333332,hiercomm_heur,saudi,3042,2042,10,california
18.0,0.5,1.0,415,-28.0,hiercomm_heur,saudi,3042,2042,11,california
18.0,0.5,1.0,386,-28.0,hiercomm_heur,saudi,3042,2042,12,california
12.0,0.6666666666666666,1.0,105,-18.666666666666668,hiercomm_heur,saudi,3042,2042,13,california
25.0,0.3333333333333333,1.0,515,-38.333333333333336,hiercomm_heur,saudi,3042,2042,14,california
0.0,1.0,0.9977924944812362,370,0.0,hiercomm_heur,saudi,3042,3042,0,california
6.0,0.8333333333333334,1.0,380,-9.333333333333332,hiercomm_heur,saudi,3042,3042,1,california
12.0,0.6666666666666666,0.9977924944812362,403,-18.666666666666668,hiercomm_heur,saudi,3042,3042,2,california
21.0,0.3333333333333333,1.0,416,-34.333333333333336,hiercomm_heur,saudi,3042,3042,3,california
12.0,0.6666666666666666,1.0,131,-18.666666666666668,hiercomm_heur,saudi,3042,3042,4,california
21.0,0.3333333333333333,0.9933774834437086,455,-34.333333333333336,hiercomm_heur,saudi,3042,3042,5,california
12.0,0.6666666666666666,1.0,84,-18.666666666666668,hiercomm_heur,saudi,3042,3042,6,california
12.0,0.6666666666666666,0.955849889624724,229,-18.666666666666668,hiercomm_heur,saudi,3042,3042,7,california
25.0,0.3333333333333333,1.0,531,-38.333333333333336,hiercomm_heur,saudi,3042,3042,8,california
12.0,0.6666666666666666,1.0,94,-18.666666666666668,hiercomm_heur,saudi,3042,3042,9,california
18.0,0.5,1.0,357,-28.0,hiercomm_heur,saudi,3042,3042,10,california
21.0,0.3333333333333333,0.8653421633554084,415,-34.333333333333336,hiercomm_heur,saudi,3042,3042,11,california
12.0,0.6666666666666666,1.0,416,-18.666666666666668,hiercomm_heur,saudi,3042,3042,12,california
12.0,0.6666666666666666,1.0,92,-18.666666666666668,hiercomm_heur,saudi,3042,3042,13,california
9.0,0.6666666666666666,1.0,415,-15.666666666666668,hiercomm_heur,saudi,3042,3042,14,california
21.0,0.3333333333333333,0.9977924944812362,331,-34.333333333333336,hiercomm_heur,saudi,3042,4042,0,california
6.0,0.8333333333333334,0.9977924944812362,420,-9.333333333333332,hiercomm_heur,saudi,3042,4042,1,california
18.0,0.5,1.0,227,-28.0,hiercomm_heur,saudi,3042,4042,2,california
12.0,0.6666666666666666,1.0,94,-18.666666666666668,hiercomm_heur,saudi,3042,4042,3,california
6.0,0.8333333333333334,0.9713024282560706,412,-9.333333333333332,hiercomm_heur,saudi,3042,4042,4,california
12.0,0.6666666666666666,1.0,74,-18.666666666666668,hiercomm_heur,saudi,3042,4042,5,california
21.0,0.3333333333333333,0.9403973509933776,420,-34.333333333333336,hiercomm_heur,saudi,3042,4042,6,california
18.0,0.5,1.0,416,-28.0,hiercomm_heur,saudi,3042,4042,7,california
12.0,0.6666666666666666,1.0,107,-18.666666666666668,hiercomm_heur,saudi,3042,4042,8,california
12.0,0.6666666666666666,1.0,69,-18.666666666666668,hiercomm_heur,saudi,3042,4042,9,california
25.0,0.3333333333333333,1.0,494,-38.333333333333336,hiercomm_heur,saudi,3042,4042,10,california
12.0,0.6666666666666666,1.0,94,-18.666666666666668,hiercomm_heur,saudi,3042,4042,11,california
6.0,0.8333333333333334,1.0,405,-9.333333333333332,hiercomm_heur,saudi,3042,4042,12,california
6.0,0.8333333333333334,1.0,295,-9.333333333333332,hiercomm_heur,saudi,3042,4042,13,california
12.0,0.6666666666666666,0.9955849889624724,386,-18.666666666666668,hiercomm_heur,saudi,3042,4042,14,california
31.0,0.1666666666666666,0.9955849889624724,635,-47.66666666666667,hiercomm_heur,saudi,4042,42,0,california
24.0,0.1666666666666666,1.0,555,-40.66666666666667,hiercomm_heur,saudi,4042,42,1,california
21.0,0.3333333333333333,1.0,474,-34.333333333333336,hiercomm_heur,saudi,4042,42,2,california
34.0,0.0,1.0,677,-54.0,hiercomm_heur,saudi,4042,42,3,california
24.0,0.1666666666666666,0.8631346578366446,446,-40.66666666666667,hiercomm_heur,saudi,4042,42,4,california
15.0,0.5,0.7969094922737306,486,-25.0,hiercomm_heur,saudi,4042,42,5,california
28.0,0.3333333333333333,0.9933774834437086,506,-41.333333333333336,hiercomm_heur,saudi,4042,42,6,california
24.0,0.1666666666666666,1.0,549,-40.66666666666667,hiercomm_heur,saudi,4042,42,7,california
15.0,0.5,1.0,377,-25.0,hiercomm_heur,saudi,4042,42,8,california
21.0,0.3333333333333333,0.9949874686716792,415,-34.333333333333336,hiercomm_heur,saudi,4042,42,9,california
31.0,0.1666666666666666,0.9955849889624724,614,-47.66666666666667,hiercomm_heur,saudi,4042,42,10,california
21.0,0.3333333333333333,1.0,598,-34.333333333333336,hiercomm_heur,saudi,4042,42,11,california
18.0,0.5,0.9955849889624724,472,-28.0,hiercomm_heur,saudi,4042,42,12,california
31.0,0.1666666666666666,0.9955555555555556,567,-47.66666666666667,hiercomm_heur,saudi,4042,42,13,california
31.0,0.1666666666666666,0.9955257270693512,544,-47.66666666666667,hiercomm_heur,saudi,4042,42,14,california
31.0,0.1666666666666666,0.9952380952380953,509,-47.66666666666667,hiercomm_heur,saudi,4042,1042,0,california
15.0,0.5,1.0,257,-25.0,hiercomm_heur,saudi,4042,1042,1,california
21.0,0.3333333333333333,1.0,431,-34.333333333333336,hiercomm_heur,saudi,4042,1042,2,california
21.0,0.3333333333333333,0.9867549668874172,589,-34.43333333333334,hiercomm_heur,saudi,4042,1042,3,california
24.0,0.1666666666666666,1.0,580,-40.66666666666667,hiercomm_heur,saudi,4042,1042,4,california
31.0,0.1666666666666666,0.9955849889624724,540,-47.66666666666667,hiercomm_heur,saudi,4042,1042,5,california
21.0,0.3333333333333333,1.0,559,-34.333333333333336,hiercomm_heur,saudi,4042,1042,6,california
31.0,0.1666666666666666,0.9924242424242424,512,-47.66666666666667,hiercomm_heur,saudi,4042,1042,7,california
22.0,0.5,0.9944903581267218,243,-32.0,hiercomm_heur,saudi,4042,1042,8,california
31.0,0.1666666666666666,0.9955849889624724,614,-47.66666666666667,hiercomm_heur,saudi,4042,1042,9,california
21.0,0.3333333333333333,0.9977924944812362,514,-34.333333333333336,hiercomm_heur,saudi,4042,1042,10,california
15.0,0.5,1.0,267,-25.0,hiercomm_heur,saudi,4042,1042,11,california
21.0,0.3333333333333333,1.0,489,-34.333333333333336,hiercomm_heur,saudi,4042,1042,12,california
15.0,0.5,0.9470198675496688,442,-25.70000000000001,hiercomm_heur,saudi,4042,1042,13,california
15.0,0.5,0.9953379953379954,390,-25.0,hiercomm_heur,saudi,4042,1042,14,california
21.0,0.3333333333333333,1.0,474,-34.333333333333336,hiercomm_heur,saudi,4042,2042,0,california
15.0,0.5,0.9977924944812362,477,-25.0,hiercomm_heur,saudi,4042,2042,1,california
12.0,0.6666666666666666,1.0,419,-18.666666666666668,hiercomm_heur,saudi,4042,2042,2,california
15.0,0.5,1.0,408,-25.0,hiercomm_heur,saudi,4042,2042,3,california
31.0,0.1666666666666666,0.9955849889624724,543,-47.66666666666667,hiercomm_heur,saudi,4042,2042,4,california
31.0,0.1666666666666666,0.9955849889624724,611,-47.66666666666667,hiercomm_heur,saudi,4042,2042,5,california
21.0,0.3333333333333333,0.9954337899543378,576,-34.333333333333336,hiercomm_heur,saudi,4042,2042,6,california
15.0,0.5,0.7792494481236203,469,-25.0,hiercomm_heur,saudi,4042,2042,7,california
21.0,0.3333333333333333,1.0,474,-34.333333333333336,hiercomm_heur,saudi,4042,2042,8,california
21.0,0.3333333333333333,1.0,607,-34.333333333333336,hiercomm_heur,saudi,4042,2042,9,california
24.0,0.1666666666666666,0.9977924944812362,555,-40.66666666666667,hiercomm_heur,saudi,4042,2042,10,california
21.0,0.3333333333333333,0.9949874686716792,417,-34.333333333333336,hiercomm_heur,saudi,4042,2042,11,california
31.0,0.1666666666666666,0.9955849889624724,602,-47.66666666666667,hiercomm_heur,saudi,4042,2042,12,california
21.0,0.3333333333333333,1.0,585,-34.333333333333336,hiercomm_heur,saudi,4042,2042,13,california
21.0,0.3333333333333333,1.0,509,-34.333333333333336,hiercomm_heur,saudi,4042,2042,14,california
28.0,0.3333333333333333,0.9928571428571428,456,-41.333333333333336,hiercomm_heur,saudi,4042,3042,0,california
28.0,0.3333333333333333,0.9933774834437086,525,-41.333333333333336,hiercomm_heur,saudi,4042,3042,1,california
31.0,0.1666666666666666,0.9947089947089948,448,-47.66666666666667,hiercomm_heur,saudi,4042,3042,2,california
21.0,0.3333333333333333,1.0,467,-34.333333333333336,hiercomm_heur,saudi,4042,3042,3,california
22.0,0.5,0.9955849889624724,249,-32.0,hiercomm_heur,saudi,4042,3042,4,california
21.0,0.3333333333333333,1.0,432,-34.333333333333336,hiercomm_heur,saudi,4042,3042,5,california
21.0,0.3333333333333333,0.9952038369304556,421,-34.333333333333336,hiercomm_heur,saudi,4042,3042,6,california
21.0,0.3333333333333333,1.0,471,-34.333333333333336,hiercomm_heur,saudi,4042,3042,7,california
21.0,0.3333333333333333,0.9889624724061812,466,-34.333333333333336,hiercomm_heur,saudi,4042,3042,8,california
21.0,0.3333333333333333,1.0,467,-34.333333333333336,hiercomm_heur,saudi,4042,3042,9,california
21.0,0.3333333333333333,0.9955849889624724,459,-34.333333333333336,hiercomm_heur,saudi,4042,3042,10,california
15.0,0.5,1.0,416,-25.0,hiercomm_heur,saudi,4042,3042,11,california
21.0,0.3333333333333333,0.9955849889624724,534,-34.333333333333336,hiercomm_heur,saudi,4042,3042,12,california
21.0,0.3333333333333333,1.0,557,-34.333333333333336,hiercomm_heur,saudi,4042,3042,13,california
15.0,0.5,1.0,405,-25.0,hiercomm_heur,saudi,4042,3042,14,california
21.0,0.3333333333333333,1.0,466,-34.333333333333336,hiercomm_heur,saudi,4042,4042,0,california
31.0,0.1666666666666666,0.9955555555555556,651,-47.66666666666667,hiercomm_heur,saudi,4042,4042,1,california
31.0,0.1666666666666666,0.9955849889624724,572,-47.66666666666667,hiercomm_heur,saudi,4042,4042,2,california
15.0,0.5,1.0,454,-25.0,hiercomm_heur,saudi,4042,4042,3,california
31.0,0.1666666666666666,0.8388520971302428,555,-47.66666666666667,hiercomm_heur,saudi,4042,4042,4,california
21.0,0.3333333333333333,1.0,590,-34.333333333333336,hiercomm_heur,saudi,4042,4042,5,california
21.0,0.3333333333333333,1.0,468,-34.333333333333336,hiercomm_heur,saudi,4042,4042,6,california
22.0,0.5,0.9933774834437086,294,-32.0,hiercomm_heur,saudi,4042,4042,7,california
28.0,0.3333333333333333,0.981981981981982,483,-41.43333333333333,hiercomm_heur,saudi,4042,4042,8,california
21.0,0.3333333333333333,0.9955849889624724,503,-34.333333333333336,hiercomm_heur,saudi,4042,4042,9,california
21.0,0.3333333333333333,1.0,497,-34.333333333333336,hiercomm_heur,saudi,4042,4042,10,california
21.0,0.3333333333333333,1.0,486,-34.333333333333336,hiercomm_heur,saudi,4042,4042,11,california
31.0,0.1666666666666666,0.9823399558498896,564,-47.766666666666666,hiercomm_heur,saudi,4042,4042,12,california
31.0,0.1666666666666666,0.9955849889624724,592,-47.66666666666667,hiercomm_heur,saudi,4042,4042,13,california
18.0,0.5,0.9955849889624724,413,-28.0,hiercomm_heur,saudi,4042,4042,14,california
6.0,0.8333333333333334,1.0,109,-9.333333333333332,hiercomm_heur,california,42,42,0,california
9.0,0.6666666666666666,0.9977924944812362,138,-15.666666666666668,hiercomm_heur,california,42,42,1,california
6.0,0.8333333333333334,1.0,58,-9.333333333333332,hiercomm_heur,california,42,42,2,california
6.0,0.8333333333333334,0.9883040935672516,86,-9.333333333333332,hiercomm_heur,california,42,42,3,california
0.0,1.0,1.0,0,0.0,hiercomm_heur,california,42,42,4,california
6.0,0.8333333333333334,0.900497512437811,64,-9.73333333333333,hiercomm_heur,california,42,42,5,california
9.0,0.6666666666666666,1.0,335,-15.666666666666668,hiercomm_heur,california,42,42,6,california
0.0,1.0,0.9933774834437086,106,0.0,hiercomm_heur,california,42,42,7,california
0.0,1.0,1.0,16,0.0,hiercomm_heur,california,42,42,8,california
6.0,0.8333333333333334,0.9403973509933776,301,-9.333333333333332,hiercomm_heur,california,42,42,9,california
6.0,0.8333333333333334,0.98,77,-9.433333333333332,hiercomm_heur,california,42,42,10,california
6.0,0.8333333333333334,1.0,293,-9.333333333333332,hiercomm_heur,california,42,42,11,california
6.0,0.8333333333333334,1.0,65,-9.333333333333332,hiercomm_heur,california,42,42,12,california
6.0,0.8333333333333334,1.0,83,-9.333333333333332,hiercomm_heur,california,42,42,13,california
6.0,0.8333333333333334,0.993939393939394,52,-9.333333333333332,hiercomm_heur,california,42,42,14,california
6.0,0.8333333333333334,0.9953703703703703,91,-9.333333333333332,hiercomm_heur,california,42,1042,0,california
9.0,0.6666666666666666,1.0,241,-15.666666666666668,hiercomm_heur,california,42,1042,1,california
15.0,0.5,1.0,298,-25.0,hiercomm_heur,california,42,1042,2,california
6.0,0.8333333333333334,1.0,71,-9.333333333333332,hiercomm_heur,california,42,1042,3,california
0.0,1.0,0.8868501529051988,34,0.0,hiercomm_heur,california,42,1042,4,california
6.0,0.8333333333333334,0.9859154929577464,78,-9.333333333333332,hiercomm_heur,california,42,1042,5,california
0.0,1.0,1.0,20,0.0,hiercomm_heur,california,42,1042,6,california
6.0,0.8333333333333334,0.9791666666666666,65,-9.333333333333332,hiercomm_heur,california,42,1042,7,california
15.0,0.5,0.9889624724061812,460,-25.1,hiercomm_heur,california,42,1042,8,california
6.0,0.8333333333333334,0.9799196787148594,99,-9.433333333333332,hiercomm_heur,california,42,1042,9,california
0.0,1.0,1.0,0,0.0,hiercomm_heur,california,42,1042,10,california
9.0,0.6666666666666666,1.0,248,-15.666666666666668,hiercomm_heur,california,42,1042,11,california
12.0,0.6666666666666666,0.8785871964679912,289,-18.766666666666666,hiercomm_heur,california,42,1042,12,california
0.0,1.0,1.0,69,0.0,hiercomm_heur,california,42,1042,13,california
6.0,0.8333333333333334,1.0,86,-9.333333333333332,hiercomm_heur,california,42,1042,14,california
6.0,0.8333333333333334,1.0,80,-9.333333333333332,hiercomm_heur,california,42,2042,0,california
0.0,1.0,1.0,0,0.0,hiercomm_heur,california,42,2042,1,california
0.0,1.0,1.0,22,0.0,hiercomm_heur,california,42,2042,2,california
12.0,0.5,0.9977924944812362,433,-22.0,hiercomm_heur,california,42,2042,3,california
6.0,0.8333333333333334,0.9693486590038314,71,-9.433333333333332,hiercomm_heur,california,42,2042,4,california
6.0,0.8333333333333334,0.906392694063927,102,-9.533333333333331,hiercomm_heur,california,42,2042,5,california
6.0,0.8333333333333334,0.987012987012987,116,-9.433333333333332,hiercomm_heur,california,42,2042,6,california
6.0,0.8333333333333334,0.9866666666666668,74,-9.333333333333332,hiercomm_heur,california,42,2042,7,california
0.0,1.0,1.0,14,0.0,hiercomm_heur,california,42,2042,8,california
18.0,0.3333333333333333,1.0,501,-31.333333333333336,hiercomm_heur,california,42,2042,9,california
0.0,1.0,1.0,0,0.0,hiercomm_heur,california,42,2042,10,california
6.0,0.8333333333333334,0.958057395143488,219,-9.333333333333332,hiercomm_heur,california,42,2042,11,california
6.0,0.8333333333333334,0.987878787878788,102,-9.333333333333332,hiercomm_heur,california,42,2042,12,california
9.0,0.6666666666666666,0.9735449735449736,123,-15.866666666666667,hiercomm_heur,california,42,2042,13,california
15.0,0.5,0.9911699779249448,386,-25.1,hiercomm_heur,california,42,2042,14,california
6.0,0.8333333333333334,1.0,112,-9.333333333333332,hiercomm_heur,california,42,3042,0,california
0.0,1.0,1.0,70,0.0,hiercomm_heur,california,42,3042,1,california
6.0,0.8333333333333334,1.0,87,-9.333333333333332,hiercomm_heur,california,42,3042,2,california
6.0,0.8333333333333334,0.9958333333333332,115,-9.333333333333332,hiercomm_heur,california,42,3042,3,california
6.0,0.8333333333333334,1.0,65,-9.333333333333332,hiercomm_heur,california,42,3042,4,california
6.0,0.8333333333333334,0.991869918699187,74,-9.333333333333332,hiercomm_heur,california,42,3042,5,california
6.0,0.8333333333333334,0.987878787878788,83,-9.333333333333332,hiercomm_heur,california,42,3042,6,california
0.0,1.0,0.9888888888888888,67,0.0,hiercomm_heur,california,42,3042,7,california
6.0,0.8333333333333334,0.9911699779249448,248,-9.433333333333332,hiercomm_heur,california,42,3042,8,california
6.0,0.8333333333333334,0.9777777777777776,78,-9.333333333333332,hiercomm_heur,california,42,3042,9,california
6.0,0.8333333333333334,0.9874213836477987,72,-9.433333333333332,hiercomm_heur,california,42,3042,10,california
18.0,0.3333333333333333,0.9470198675496688,415,-31.53333333333334,hiercomm_heur,california,42,3042,11,california
6.0,0.8333333333333334,0.9583333333333334,75,-9.433333333333332,hiercomm_heur,california,42,3042,12,california
6.0,0.8333333333333334,0.931726907630522,89,-9.433333333333332,hiercomm_heur,california,42,3042,13,california
0.0,1.0,0.9950248756218906,29,0.0,hiercomm_heur,california,42,3042,14,california
6.0,0.8333333333333334,1.0,116,-9.333333333333332,hiercomm_heur,california,42,4042,0,california
6.0,0.8333333333333334,1.0,83,-9.333333333333332,hiercomm_heur,california,42,4042,1,california
6.0,0.8333333333333334,1.0,65,-9.333333333333332,hiercomm_heur,california,42,4042,2,california
6.0,0.8333333333333334,0.9823399558498896,171,-9.433333333333332,hiercomm_heur,california,42,4042,3,california
6.0,0.8333333333333334,1.0,62,-9.333333333333332,hiercomm_heur,california,42,4042,4,california
6.0,0.8333333333333334,1.0,49,-9.333333333333332,hiercomm_heur,california,42,4042,5,california
12.0,0.6666666666666666,1.0,283,-18.666666666666668,hiercomm_heur,california,42,4042,6,california
6.0,0.8333333333333334,1.0,106,-9.333333333333332,hiercomm_heur,california,42,4042,7,california
6.0,0.8333333333333334,0.9646799116997792,272,-9.333333333333332,hiercomm_heur,california,42,4042,8,california
6.0,0.8333333333333334,0.987878787878788,60,-9.333333333333332,hiercomm_heur,california,42,4042,9,california
6.0,0.8333333333333334,0.9906759906759908,111,-9.433333333333332,hiercomm_heur,california,42,4042,10,california
12.0,0.6666666666666666,0.8763796909492274,285,-18.766666666666666,hiercomm_heur,california,42,4042,11,california
12.0,0.6666666666666666,0.9448123620309052,264,-18.666666666666668,hiercomm_heur,california,42,4042,12,california
6.0,0.8333333333333334,1.0,78,-9.333333333333332,hiercomm_heur,california,42,4042,13,california
6.0,0.8333333333333334,0.9907407407407408,46,-9.333333333333332,hiercomm_heur,california,42,4042,14,california
12.0,0.6666666666666666,0.9823399558498896,246,-18.666666666666668,hiercomm_heur,california,1042,42,0,california
9.0,0.6666666666666666,0.9933774834437086,413,-15.666666666666668,hiercomm_heur,california,1042,42,1,california
0.0,1.0,1.0,67,0.0,hiercomm_heur,california,1042,42,2,california
6.0,0.8333333333333334,0.9977924944812362,323,-9.333333333333332,hiercomm_heur,california,1042,42,3,california
0.0,1.0,0.9897435897435898,7,0.0,hiercomm_heur,california,1042,42,4,california
6.0,0.8333333333333334,0.976401179941003,78,-9.333333333333332,hiercomm_heur,california,1042,42,5,california
6.0,0.8333333333333334,1.0,73,-9.333333333333332,hiercomm_heur,california,1042,42,6,california
6.0,0.8333333333333334,0.9823399558498896,64,-9.333333333333332,hiercomm_heur,california,1042,42,7,california
0.0,1.0,1.0,17,0.0,hiercomm_heur,california,1042,42,8,california
6.0,0.8333333333333334,0.9977924944812362,123,-9.333333333333332,hiercomm_heur,california,1042,42,9,california
6.0,0.8333333333333334,1.0,103,-9.333333333333332,hiercomm_heur,california,1042,42,10,california
0.0,1.0,0.94,119,0.0,hiercomm_heur,california,1042,42,11,california
6.0,0.8333333333333334,1.0,55,-9.333333333333332,hiercomm_heur,california,1042,42,12,california
6.0,0.8333333333333334,1.0,65,-9.333333333333332,hiercomm_heur,california,1042,42,13,california
0.0,1.0,1.0,60,0.0,hiercomm_heur,california,1042,42,14,california
6.0,0.8333333333333334,0.911699779249448,238,-9.83333333333333,hiercomm_heur,california,1042,1042,0,california
9.0,0.6666666666666666,0.9624724061810156,410,-15.966666666666669,hiercomm_heur,california,1042,1042,1,california
9.0,0.6666666666666666,0.958057395143488,346,-15.866666666666667,hiercomm_heur,california,1042,1042,2,california
6.0,0.8333333333333334,0.9889624724061812,361,-9.433333333333332,hiercomm_heur,california,1042,1042,3,california
15.0,0.5,0.9955849889624724,301,-25.0,hiercomm_heur,california,1042,1042,4,california
6.0,0.8333333333333334,0.958057395143488,105,-9.633333333333333,hiercomm_heur,california,1042,1042,5,california
6.0,0.8333333333333334,0.9823399558498896,135,-9.433333333333332,hiercomm_heur,california,1042,1042,6,california
3.0,0.8333333333333334,0.8609271523178808,267,-7.133333333333329,hiercomm_heur,california,1042,1042,7,california
0.0,1.0,0.9924242424242424,133,0.0,hiercomm_heur,california,1042,1042,8,california
6.0,0.8333333333333334,0.9494949494949496,85,-9.533333333333331,hiercomm_heur,california,1042,1042,9,california
12.0,0.6666666666666666,0.955849889624724,212,-19.06666666666667,hiercomm_heur,california,1042,1042,10,california
9.0,0.6666666666666666,0.9911699779249448,418,-15.666666666666668,hiercomm_heur,california,1042,1042,11,california
19.0,0.5,1.0,397,-29.0,hiercomm_heur,california,1042,1042,12,california
0.0,1.0,0.9907407407407408,65,0.0,hiercomm_heur,california,1042,1042,13,california
0.0,1.0,0.9911699779249448,398,0.0,hiercomm_heur,california,1042,1042,14,california
0.0,1.0,0.8609271523178808,166,-0.6,hiercomm_heur,california,1042,2042,0,california
0.0,1.0,0.9375,8,-0.2,hiercomm_heur,california,1042,2042,1,california
0.0,1.0,0.978021978021978,66,-0.1,hiercomm_heur,california,1042,2042,2,california
0.0,1.0,0.9403973509933776,136,-0.4,hiercomm_heur,california,1042,2042,3,california
6.0,0.8333333333333334,0.9801324503311258,106,-9.433333333333332,hiercomm_heur,california,1042,2042,4,california
6.0,0.8333333333333334,1.0,104,-9.333333333333332,hiercomm_heur,california,1042,2042,5,california
6.0,0.8333333333333334,0.9690949227373068,220,-9.533333333333331,hiercomm_heur,california,1042,2042,6,california
6.0,0.8333333333333334,0.9666666666666668,54,-9.333333333333332,hiercomm_heur,california,1042,2042,7,california
6.0,0.8333333333333334,0.9823399558498896,178,-9.633333333333333,hiercomm_heur,california,1042,2042,8,california
3.0,0.8333333333333334,0.9205298013245032,347,-6.633333333333331,hiercomm_heur,california,1042,2042,9,california
0.0,1.0,0.9824561403508772,0,0.0,hiercomm_heur,california,1042,2042,10,california
6.0,0.8333333333333334,0.9977924944812362,121,-9.333333333333332,hiercomm_heur,california,1042,2042,11,california
6.0,0.8333333333333334,0.9757174392935982,228,-9.433333333333332,hiercomm_heur,california,1042,2042,12,california
25.0,0.3333333333333333,1.0,486,-38.333333333333336,hiercomm_heur,california,1042,2042,13,california
0.0,1.0,0.9845474613686536,348,-0.1,hiercomm_heur,california,1042,2042,14,california
6.0,0.8333333333333334,1.0,67,-9.333333333333332,hiercomm_heur,california,1042,3042,0,california
0.0,1.0,1.0,79,0.0,hiercomm_heur,california,1042,3042,1,california
6.0,0.8333333333333334,0.9799196787148594,98,-9.333333333333332,hiercomm_heur,california,1042,3042,2,california
0.0,1.0,1.0,324,0.0,hiercomm_heur,california,1042,3042,3,california
6.0,0.8333333333333334,0.9514348785871964,326,-9.733333333333333,hiercomm_heur,california,1042,3042,4,california
6.0,0.8333333333333334,0.93598233995585,319,-9.93333333333333,hiercomm_heur,california,1042,3042,5,california
6.0,0.8333333333333334,0.9602649006622516,238,-9.533333333333331,hiercomm_heur,california,1042,3042,6,california
0.0,1.0,1.0,23,0.0,hiercomm_heur,california,1042,3042,7,california
10.0,0.8333333333333334,0.9955849889624724,300,-13.333333333333332,hiercomm_heur,california,1042,3042,8,california
0.0,1.0,0.9735099337748344,292,0.0,hiercomm_heur,california,1042,3042,9,california
15.0,0.5,0.9492273730684326,496,-25.500000000000007,hiercomm_heur,california,1042,3042,10,california
0.0,1.0,0.9889624724061812,115,0.0,hiercomm_heur,california,1042,3042,11,california
0.0,1.0,0.9800995024875622,63,0.0,hiercomm_heur,california,1042,3042,12,california
9.0,0.6666666666666666,1.0,292,-15.666666666666668,hiercomm_heur,california,1042,3042,13,california
0.0,1.0,0.9646799116997792,160,-0.3,hiercomm_heur,california,1042,3042,14,california
0.0,1.0,0.9977924944812362,308,0.0,hiercomm_heur,california,1042,4042,0,california
0.0,1.0,0.9403973509933776,178,-0.0999999999999996,hiercomm_heur,california,1042,4042,1,california
6.0,0.8333333333333334,1.0,63,-9.333333333333332,hiercomm_heur,california,1042,4042,2,california
0.0,1.0,0.9933774834437086,237,0.0,hiercomm_heur,california,1042,4042,3,california
6.0,0.8333333333333334,0.8562091503267973,72,-9.633333333333333,hiercomm_heur,california,1042,4042,4,california
0.0,1.0,0.9426048565121412,300,-0.2,hiercomm_heur,california,1042,4042,5,california
0.0,1.0,1.0,94,0.0,hiercomm_heur,california,1042,4042,6,california
9.0,0.6666666666666666,0.926509186351706,189,-15.866666666666667,hiercomm_heur,california,1042,4042,7,california
0.0,1.0,0.97119341563786,100,-0.2,hiercomm_heur,california,1042,4042,8,california
6.0,0.8333333333333334,1.0,40,-9.333333333333332,hiercomm_heur,california,1042,4042,9,california
19.0,0.5,1.0,333,-29.0,hiercomm_heur,california,1042,4042,10,california
0.0,1.0,1.0,151,0.0,hiercomm_heur,california,1042,4042,11,california
6.0,0.8333333333333334,0.9448123620309052,226,-9.83333333333333,hiercomm_heur,california,1042,4042,12,california
0.0,1.0,0.9743589743589745,48,0.0,hiercomm_heur,california,1042,4042,13,california
6.0,0.8333333333333334,0.9911699779249448,93,-9.333333333333332,hiercomm_heur,california,1042,4042,14,california
6.0,0.8333333333333334,0.9940476190476192,77,-9.333333333333332,hiercomm_heur,california,2042,42,0,california
6.0,0.8333333333333334,1.0,1,-9.333333333333332,hiercomm_heur,california,2042,42,1,california
12.0,0.6666666666666666,1.0,88,-18.666666666666668,hiercomm_heur,california,2042,42,2,california
6.0,0.8333333333333334,1.0,231,-9.333333333333332,hiercomm_heur,california,2042,42,3,california
0.0,1.0,1.0,0,0.0,hiercomm_heur,california,2042,42,4,california
6.0,0.8333333333333334,1.0,70,-9.333333333333332,hiercomm_heur,california,2042,42,5,california
6.0,0.8333333333333334,1.0,81,-9.333333333333332,hiercomm_heur,california,2042,42,6,california
0.0,1.0,1.0,60,0.0,hiercomm_heur,california,2042,42,7,california
0.0,1.0,0.9929078014184396,17,0.0,hiercomm_heur,california,2042,42,8,california
16.0,0.6666666666666666,0.7682119205298014,366,-22.666666666666668,hiercomm_heur,california,2042,42,9,california
19.0,0.5,0.9933774834437086,400,-29.0,hiercomm_heur,california,2042,42,10,california
6.0,0.8333333333333334,0.9969418960244648,74,-9.333333333333332,hiercomm_heur,california,2042,42,11,california
6.0,0.8333333333333334,0.9420289855072465,61,-9.533333333333331,hiercomm_heur,california,2042,42,12,california
6.0,0.8333333333333334,1.0,67,-9.333333333333332,hiercomm_heur,california,2042,42,13,california
6.0,0.8333333333333334,0.9848484848484848,88,-9.533333333333331,hiercomm_heur,california,2042,42,14,california
6.0,0.8333333333333334,0.9955849889624724,166,-9.333333333333332,hiercomm_heur,california,2042,1042,0,california
0.0,1.0,1.0,0,0.0,hiercomm_heur,california,2042,1042,1,california
0.0,1.0,1.0,50,0.0,hiercomm_heur,california,2042,1042,2,california
6.0,0.8333333333333334,1.0,46,-9.333333333333332,hiercomm_heur,california,2042,1042,3,california
6.0,0.8333333333333334,0.9625,44,-9.433333333333332,hiercomm_heur,california,2042,1042,4,california
6.0,0.8333333333333334,0.9861111111111112,81,-9.333333333333332,hiercomm_heur,california,2042,1042,5,california
0.0,1.0,1.0,49,0.0,hiercomm_heur,california,2042,1042,6,california
6.0,0.8333333333333334,1.0,102,-9.333333333333332,hiercomm_heur,california,2042,1042,7,california
6.0,0.8333333333333334,1.0,78,-9.333333333333332,hiercomm_heur,california,2042,1042,8,california
6.0,0.8333333333333334,0.993939393939394,101,-9.333333333333332,hiercomm_heur,california,2042,1042,9,california
0.0,1.0,1.0,13,0.0,hiercomm_heur,california,2042,1042,10,california
0.0,1.0,1.0,0,0.0,hiercomm_heur,california,2042,1042,11,california
10.0,0.8333333333333334,0.9977924944812362,331,-13.333333333333332,hiercomm_heur,california,2042,1042,12,california
6.0,0.8333333333333334,0.9906103286384976,80,-9.333333333333332,hiercomm_heur,california,2042,1042,13,california
9.0,0.6666666666666666,1.0,397,-15.666666666666668,hiercomm_heur,california,2042,1042,14,california
6.0,0.8333333333333334,1.0,84,-9.333333333333332,hiercomm_heur,california,2042,2042,0,california
0.0,1.0,0.9876543209876544,0,0.0,hiercomm_heur,california,2042,2042,1,california
0.0,1.0,0.990990990990991,12,0.0,hiercomm_heur,california,2042,2042,2,california
0.0,1.0,0.990990990990991,9,0.0,hiercomm_heur,california,2042,2042,3,california
6.0,0.8333333333333334,0.9874213836477987,63,-9.333333333333332,hiercomm_heur,california,2042,2042,4,california
16.0,0.6666666666666666,0.9955849889624724,164,-22.666666666666668,hiercomm_heur,california,2042,2042,5,california
6.0,0.8333333333333334,1.0,78,-9.333333333333332,hiercomm_heur,california,2042,2042,6,california
6.0,0.8333333333333334,1.0,62,-9.333333333333332,hiercomm_heur,california,2042,2042,7,california
0.0,1.0,1.0,29,0.0,hiercomm_heur,california,2042,2042,8,california
6.0,0.8333333333333334,0.9904761904761904,124,-9.333333333333332,hiercomm_heur,california,2042,2042,9,california
0.0,1.0,1.0,3,0.0,hiercomm_heur,california,2042,2042,10,california
16.0,0.6666666666666666,0.7682119205298014,366,-22.666666666666668,hiercomm_heur,california,2042,2042,11,california
6.0,0.8333333333333334,0.9351851851851852,74,-9.533333333333331,hiercomm_heur,california,2042,2042,12,california
15.0,0.5,0.9911699779249448,318,-25.0,hiercomm_heur,california,2042,2042,13,california
6.0,0.8333333333333334,1.0,110,-9.333333333333332,hiercomm_heur,california,2042,2042,14,california
6.0,0.8333333333333334,1.0,81,-9.333333333333332,hiercomm_heur,california,2042,3042,0,california
6.0,0.8333333333333334,0.9823399558498896,107,-9.533333333333331,hiercomm_heur,california,2042,3042,1,california
6.0,0.8333333333333334,1.0,66,-9.333333333333332,hiercomm_heur,california,2042,3042,2,california
6.0,0.8333333333333334,1.0,188,-9.333333333333332,hiercomm_heur,california,2042,3042,3,california
6.0,0.8333333333333334,0.9801324503311258,219,-9.533333333333331,hiercomm_heur,california,2042,3042,4,california
19.0,0.5,1.0,428,-29.0,hiercomm_heur,california,2042,3042,5,california
6.0,0.8333333333333334,0.9833333333333332,69,-9.333333333333332,hiercomm_heur,california,2042,3042,6,california
6.0,0.8333333333333334,0.9402985074626866,42,-9.433333333333332,hiercomm_heur,california,2042,3042,7,california
6.0,0.8333333333333334,1.0,90,-9.333333333333332,hiercomm_heur,california,2042,3042,8,california
0.0,1.0,1.0,52,0.0,hiercomm_heur,california,2042,3042,9,california
6.0,0.8333333333333334,1.0,67,-9.333333333333332,hiercomm_heur,california,2042,3042,10,california
28.0,0.1666666666666666,0.9867549668874172,465,-44.766666666666666,hiercomm_heur,california,2042,3042,11,california
6.0,0.8333333333333334,0.9848484848484848,108,-9.533333333333331,hiercomm_heur,california,2042,3042,12,california
6.0,0.8333333333333334,0.996969696969697,83,-9.333333333333332,hiercomm_heur,california,2042,3042,13,california
0.0,1.0,0.9911699779249448,310,-0.1,hiercomm_heur,california,2042,3042,14,california
6.0,0.8333333333333334,0.9835390946502056,106,-9.333333333333332,hiercomm_heur,california,2042,4042,0,california
6.0,0.8333333333333334,0.9777777777777776,98,-9.333333333333332,hiercomm_heur,california,2042,4042,1,california
6.0,0.8333333333333334,1.0,57,-9.333333333333332,hiercomm_heur,california,2042,4042,2,california
22.0,0.3333333333333333,0.9690949227373068,370,-35.63333333333333,hiercomm_heur,california,2042,4042,3,california
6.0,0.8333333333333334,1.0,65,-9.333333333333332,hiercomm_heur,california,2042,4042,4,california
6.0,0.8333333333333334,1.0,79,-9.333333333333332,hiercomm_heur,california,2042,4042,5,california
6.0,0.8333333333333334,1.0,113,-9.333333333333332,hiercomm_heur,california,2042,4042,6,california
6.0,0.8333333333333334,0.9927536231884058,78,-9.333333333333332,hiercomm_heur,california,2042,4042,7,california
12.0,0.6666666666666666,0.9530516431924884,89,-18.96666666666667,hiercomm_heur,california,2042,4042,8,california
6.0,0.8333333333333334,1.0,38,-9.333333333333332,hiercomm_heur,california,2042,4042,9,california
6.0,0.8333333333333334,1.0,111,-9.333333333333332,hiercomm_heur,california,2042,4042,10,california
6.0,0.8333333333333334,1.0,58,-9.333333333333332,hiercomm_heur,california,2042,4042,11,california
16.0,0.6666666666666666,0.9977924944812362,274,-22.666666666666668,hiercomm_heur,california,2042,4042,12,california
0.0,1.0,0.9935897435897436,48,0.0,hiercomm_heur,california,2042,4042,13,california
6.0,0.8333333333333334,1.0,58,-9.333333333333332,hiercomm_heur,california,2042,4042,14,california
6.0,0.8333333333333334,1.0,85,-9.333333333333332,hiercomm_heur,california,3042,42,0,california
9.0,0.6666666666666666,1.0,587,-15.666666666666668,hiercomm_heur,california,3042,42,1,california
6.0,0.8333333333333334,0.9894736842105264,83,-9.333333333333332,hiercomm_heur,california,3042,42,2,california
13.0,0.6666666666666666,0.9867549668874172,471,-19.766666666666666,hiercomm_heur,california,3042,42,3,california
0.0,1.0,1.0,238,0.0,hiercomm_heur,california,3042,42,4,california
6.0,0.8333333333333334,1.0,58,-9.333333333333332,hiercomm_heur,california,3042,42,5,california
0.0,1.0,1.0,114,0.0,hiercomm_heur,california,3042,42,6,california
16.0,0.6666666666666666,0.9514348785871964,299,-22.96666666666667,hiercomm_heur,california,3042,42,7,california
0.0,1.0,1.0,2,0.0,hiercomm_heur,california,3042,42,8,california
6.0,0.8333333333333334,0.9305555555555556,69,-9.533333333333331,hiercomm_heur,california,3042,42,9,california
6.0,0.8333333333333334,1.0,77,-9.333333333333332,hiercomm_heur,california,3042,42,10,california
6.0,0.8333333333333334,0.9801324503311258,121,-9.333333333333332,hiercomm_heur,california,3042,42,11,california
6.0,0.8333333333333334,1.0,63,-9.333333333333332,hiercomm_heur,california,3042,42,12,california
6.0,0.8333333333333334,1.0,61,-9.333333333333332,hiercomm_heur,california,3042,42,13,california
16.0,0.6666666666666666,0.9227373068432672,183,-22.866666666666667,hiercomm_heur,california,3042,42,14,california
6.0,0.8333333333333334,0.9844961240310076,89,-9.333333333333332,hiercomm_heur,california,3042,1042,0,california
6.0,0.8333333333333334,0.9757174392935982,260,-9.433333333333332,hiercomm_heur,california,3042,1042,1,california
6.0,0.8333333333333334,1.0,82,-9.333333333333332,hiercomm_heur,california,3042,1042,2,california
6.0,0.8333333333333334,0.9743589743589745,68,-9.333333333333332,hiercomm_heur,california,3042,1042,3,california
16.0,0.6666666666666666,0.9757174392935982,273,-22.766666666666666,hiercomm_heur,california,3042,1042,4,california
6.0,0.8333333333333334,1.0,67,-9.333333333333332,hiercomm_heur,california,3042,1042,5,california
0.0,1.0,1.0,139,0.0,hiercomm_heur,california,3042,1042,6,california
12.0,0.6666666666666666,1.0,403,-18.666666666666668,hiercomm_heur,california,3042,1042,7,california
6.0,0.8333333333333334,1.0,89,-9.333333333333332,hiercomm_heur,california,3042,1042,8,california
6.0,0.8333333333333334,0.992063492063492,113,-9.333333333333332,hiercomm_heur,california,3042,1042,9,california
0.0,1.0,1.0,15,0.0,hiercomm_heur,california,3042,1042,10,california
6.0,0.8333333333333334,0.9867549668874172,221,-9.333333333333332,hiercomm_heur,california,3042,1042,11,california
6.0,0.8333333333333334,1.0,73,-9.333333333333332,hiercomm_heur,california,3042,1042,12,california
9.0,0.6666666666666666,1.0,372,-15.666666666666668,hiercomm_heur,california,3042,1042,13,california
15.0,0.5,1.0,401,-25.0,hiercomm_heur,california,3042,1042,14,california
6.0,0.8333333333333334,1.0,82,-9.333333333333332,hiercomm_heur,california,3042,2042,0,california
10.0,0.8333333333333334,1.0,219,-13.333333333333332,hiercomm_heur,california,3042,2042,1,california
0.0,1.0,0.9848484848484848,15,0.0,hiercomm_heur,california,3042,2042,2,california
19.0,0.5,1.0,453,-29.0,hiercomm_heur,california,3042,2042,3,california
6.0,0.8333333333333334,0.9607843137254902,68,-9.433333333333332,hiercomm_heur,california,3042,2042,4,california
6.0,0.8333333333333334,1.0,77,-9.333333333333332,hiercomm_heur,california,3042,2042,5,california
9.0,0.6666666666666666,1.0,210,-15.666666666666668,hiercomm_heur,california,3042,2042,6,california
6.0,0.8333333333333334,0.9894179894179894,50,-9.333333333333332,hiercomm_heur,california,3042,2042,7,california
13.0,0.6666666666666666,0.9977924944812362,492,-19.666666666666668,hiercomm_heur,california,3042,2042,8,california
12.0,0.6666666666666666,0.975609756097561,104,-18.666666666666668,hiercomm_heur,california,3042,2042,9,california
0.0,1.0,1.0,0,0.0,hiercomm_heur,california,3042,2042,10,california
6.0,0.8333333333333334,0.9645390070921984,67,-9.433333333333332,hiercomm_heur,california,3042,2042,11,california
6.0,0.8333333333333334,1.0,76,-9.333333333333332,hiercomm_heur,california,3042,2042,12,california
3.0,0.8333333333333334,0.9977924944812362,179,-6.333333333333332,hiercomm_heur,california,3042,2042,13,california
6.0,0.8333333333333334,1.0,73,-9.333333333333332,hiercomm_heur,california,3042,2042,14,california
0.0,1.0,1.0,114,0.0,hiercomm_heur,california,3042,3042,0,california
0.0,1.0,1.0,112,0.0,hiercomm_heur,california,3042,3042,1,california
6.0,0.8333333333333334,0.8952380952380953,82,-9.633333333333333,hiercomm_heur,california,3042,3042,2,california
12.0,0.6666666666666666,0.9761904761904762,98,-18.666666666666668,hiercomm_heur,california,3042,3042,3,california
6.0,0.8333333333333334,1.0,47,-9.333333333333332,hiercomm_heur,california,3042,3042,4,california
12.0,0.6666666666666666,0.9704641350210972,100,-18.666666666666668,hiercomm_heur,california,3042,3042,5,california
6.0,0.8333333333333334,1.0,67,-9.333333333333332,hiercomm_heur,california,3042,3042,6,california
6.0,0.8333333333333334,0.9883040935672516,11,-9.333333333333332,hiercomm_heur,california,3042,3042,7,california
22.0,0.3333333333333333,0.913907284768212,508,-35.53333333333333,hiercomm_heur,california,3042,3042,8,california
6.0,0.8333333333333334,1.0,67,-9.333333333333332,hiercomm_heur,california,3042,3042,9,california
6.0,0.8333333333333334,1.0,63,-9.333333333333332,hiercomm_heur,california,3042,3042,10,california
6.0,0.8333333333333334,0.989247311827957,70,-9.333333333333332,hiercomm_heur,california,3042,3042,11,california
0.0,1.0,1.0,394,0.0,hiercomm_heur,california,3042,3042,12,california
6.0,0.8333333333333334,0.912280701754386,94,-9.433333333333332,hiercomm_heur,california,3042,3042,13,california
6.0,0.8333333333333334,1.0,69,-9.333333333333332,hiercomm_heur,california,3042,3042,14,california
12.0,0.6666666666666666,0.9822222222222222,93,-18.666666666666668,hiercomm_heur,california,3042,4042,0,california
0.0,1.0,1.0,83,0.0,hiercomm_heur,california,3042,4042,1,california
6.0,0.8333333333333334,0.9523809523809524,61,-9.333333333333332,hiercomm_heur,california,3042,4042,2,california
6.0,0.8333333333333334,0.9933774834437086,66,-9.333333333333332,hiercomm_heur,california,3042,4042,3,california
6.0,0.8333333333333334,1.0,61,-9.333333333333332,hiercomm_heur,california,3042,4042,4,california
6.0,0.8333333333333334,1.0,112,-9.333333333333332,hiercomm_heur,california,3042,4042,5,california
12.0,0.6666666666666666,0.9487179487179488,100,-18.666666666666668,hiercomm_heur,california,3042,4042,6,california
6.0,0.8333333333333334,1.0,100,-9.333333333333332,hiercomm_heur,california,3042,4042,7,california
0.0,1.0,0.9812206572769951,80,-0.1,hiercomm_heur,california,3042,4042,8,california
0.0,1.0,1.0,35,0.0,hiercomm_heur,california,3042,4042,9,california
22.0,0.3333333333333333,0.9448123620309052,457,-35.53333333333333,hiercomm_heur,california,3042,4042,10,california
6.0,0.8333333333333334,1.0,73,-9.333333333333332,hiercomm_heur,california,3042,4042,11,california
19.0,0.5,0.9161147902869756,448,-30.000000000000004,hiercomm_heur,california,3042,4042,12,california
6.0,0.8333333333333334,0.9703703703703704,79,-9.333333333333332,hiercomm_heur,california,3042,4042,13,california
12.0,0.6666666666666666,1.0,405,-18.666666666666668,hiercomm_heur,california,3042,4042,14,california
6.0,0.8333333333333334,0.9942528735632185,92,-9.333333333333332,hiercomm_heur,california,4042,42,0,california
6.0,0.8333333333333334,0.8869047619047619,14,-9.83333333333333,hiercomm_heur,california,4042,42,1,california
6.0,0.8333333333333334,1.0,85,-9.333333333333332,hiercomm_heur,california,4042,42,2,california
6.0,0.8333333333333334,1.0,90,-9.333333333333332,hiercomm_heur,california,4042,42,3,california
0.0,1.0,1.0,0,0.0,hiercomm_heur,california,4042,42,4,california
6.0,0.8333333333333334,1.0,63,-9.333333333333332,hiercomm_heur,california,4042,42,5,california
0.0,1.0,0.9761904761904762,65,0.0,hiercomm_heur,california,4042,42,6,california
0.0,1.0,0.9852941176470588,22,-0.1,hiercomm_heur,california,4042,42,7,california
0.0,1.0,1.0,8,0.0,hiercomm_heur,california,4042,42,8,california
6.0,0.8333333333333334,1.0,67,-9.333333333333332,hiercomm_heur,california,4042,42,9,california
6.0,0.8333333333333334,0.9722222222222222,94,-9.333333333333332,hiercomm_heur,california,4042,42,10,california
6.0,0.8333333333333334,1.0,86,-9.333333333333332,hiercomm_heur,california,4042,42,11,california
6.0,0.8333333333333334,0.9803921568627452,64,-9.333333333333332,hiercomm_heur,california,4042,42,12,california
6.0,0.8333333333333334,1.0,57,-9.333333333333332,hiercomm_heur,california,4042,42,13,california
6.0,0.8333333333333334,0.996969696969697,86,-9.333333333333332,hiercomm_heur,california,4042,42,14,california
6.0,0.8333333333333334,0.9622641509433962,126,-9.333333333333332,hiercomm_heur,california,4042,1042,0,california
0.0,1.0,1.0,0,0.0,hiercomm_heur,california,4042,1042,1,california
6.0,0.8333333333333334,1.0,93,-9.333333333333332,hiercomm_heur,california,4042,1042,2,california
6.0,0.8333333333333334,1.0,57,-9.333333333333332,hiercomm_heur,california,4042,1042,3,california
6.0,0.8333333333333334,0.9770114942528736,71,-9.433333333333332,hiercomm_heur,california,4042,1042,4,california
6.0,0.8333333333333334,1.0,64,-9.333333333333332,hiercomm_heur,california,4042,1042,5,california
6.0,0.8333333333333334,1.0,92,-9.333333333333332,hiercomm_heur,california,4042,1042,6,california
6.0,0.8333333333333334,0.8660436137071651,58,-9.333333333333332,hiercomm_heur,california,4042,1042,7,california
6.0,0.8333333333333334,0.9829059829059827,84,-9.333333333333332,hiercomm_heur,california,4042,1042,8,california
6.0,0.8333333333333334,0.9487179487179488,69,-9.433333333333332,hiercomm_heur,california,4042,1042,9,california
0.0,1.0,1.0,0,0.0,hiercomm_heur,california,4042,1042,10,california
0.0,1.0,1.0,0,0.0,hiercomm_heur,california,4042,1042,11,california
6.0,0.8333333333333334,1.0,77,-9.333333333333332,hiercomm_heur,california,4042,1042,12,california
6.0,0.8333333333333334,1.0,54,-9.333333333333332,hiercomm_heur,california,4042,1042,13,california
6.0,0.8333333333333334,1.0,69,-9.333333333333332,hiercomm_heur,california,4042,1042,14,california
6.0,0.8333333333333334,1.0,67,-9.333333333333332,hiercomm_heur,california,4042,2042,0,california
0.0,1.0,1.0,4,0.0,hiercomm_heur,california,4042,2042,1,california
0.0,1.0,1.0,16,0.0,hiercomm_heur,california,4042,2042,2,california
0.0,1.0,1.0,20,0.0,hiercomm_heur,california,4042,2042,3,california
6.0,0.8333333333333334,0.9935897435897436,69,-9.333333333333332,hiercomm_heur,california,4042,2042,4,california
6.0,0.8333333333333334,0.9861111111111112,90,-9.333333333333332,hiercomm_heur,california,4042,2042,5,california
6.0,0.8333333333333334,0.9798850574712644,178,-9.333333333333332,hiercomm_heur,california,4042,2042,6,california
6.0,0.8333333333333334,1.0,58,-9.333333333333332,hiercomm_heur,california,4042,2042,7,california
0.0,1.0,1.0,7,0.0,hiercomm_heur,california,4042,2042,8,california
6.0,0.8333333333333334,0.9813084112149532,73,-9.333333333333332,hiercomm_heur,california,4042,2042,9,california
0.0,1.0,1.0,0,0.0,hiercomm_heur,california,4042,2042,10,california
6.0,0.8333333333333334,1.0,67,-9.333333333333332,hiercomm_heur,california,4042,2042,11,california
6.0,0.8333333333333334,0.954954954954955,68,-9.433333333333332,hiercomm_heur,california,4042,2042,12,california
6.0,0.8333333333333334,0.9607843137254902,95,-9.533333333333331,hiercomm_heur,california,4042,2042,13,california
6.0,0.8333333333333334,0.9876543209876544,91,-9.333333333333332,hiercomm_heur,california,4042,2042,14,california
6.0,0.8333333333333334,1.0,72,-9.333333333333332,hiercomm_heur,california,4042,3042,0,california
0.0,1.0,0.9806763285024156,65,0.0,hiercomm_heur,california,4042,3042,1,california
6.0,0.8333333333333334,1.0,58,-9.333333333333332,hiercomm_heur,california,4042,3042,2,california
6.0,0.8333333333333334,1.0,84,-9.333333333333332,hiercomm_heur,california,4042,3042,3,california
6.0,0.8333333333333334,0.9907407407407408,59,-9.333333333333332,hiercomm_heur,california,4042,3042,4,california
6.0,0.8333333333333334,1.0,83,-9.333333333333332,hiercomm_heur,california,4042,3042,5,california
6.0,0.8333333333333334,0.937984496124031,77,-9.533333333333331,hiercomm_heur,california,4042,3042,6,california
6.0,0.8333333333333334,0.989071038251366,95,-9.333333333333332,hiercomm_heur,california,4042,3042,7,california
6.0,0.8333333333333334,0.9753086419753086,94,-9.533333333333331,hiercomm_heur,california,4042,3042,8,california
12.0,0.5,0.9713024282560706,369,-22.2,hiercomm_heur,california,4042,3042,9,california
6.0,0.8333333333333334,0.9572649572649572,67,-9.433333333333332,hiercomm_heur,california,4042,3042,10,california
0.0,1.0,0.9869281045751634,63,0.0,hiercomm_heur,california,4042,3042,11,california
6.0,0.8333333333333334,1.0,54,-9.333333333333332,hiercomm_heur,california,4042,3042,12,california
0.0,1.0,0.987878787878788,63,0.0,hiercomm_heur,california,4042,3042,13,california
12.0,0.5,0.9977924944812362,406,-22.0,hiercomm_heur,california,4042,3042,14,california
6.0,0.8333333333333334,0.9947916666666666,74,-9.333333333333332,hiercomm_heur,california,4042,4042,0,california
6.0,0.8333333333333334,1.0,95,-9.333333333333332,hiercomm_heur,california,4042,4042,1,california
6.0,0.8333333333333334,0.9809523809523808,63,-9.333333333333332,hiercomm_heur,california,4042,4042,2,california
0.0,1.0,0.9537037037037036,72,0.0,hiercomm_heur,california,4042,4042,3,california
6.0,0.8333333333333334,0.984126984126984,62,-9.433333333333332,hiercomm_heur,california,4042,4042,4,california
6.0,0.8333333333333334,0.9788359788359788,86,-9.433333333333332,hiercomm_heur,california,4042,4042,5,california
6.0,0.8333333333333334,1.0,85,-9.333333333333332,hiercomm_heur,california,4042,4042,6,california
6.0,0.8333333333333334,0.9954337899543378,100,-9.333333333333332,hiercomm_heur,california,4042,4042,7,california
6.0,0.8333333333333334,0.9345238095238096,98,-9.533333333333331,hiercomm_heur,california,4042,4042,8,california
0.0,1.0,1.0,37,0.0,hiercomm_heur,california,4042,4042,9,california
6.0,0.8333333333333334,1.0,90,-9.333333333333332,hiercomm_heur,california,4042,4042,10,california
6.0,0.8333333333333334,1.0,86,-9.333333333333332,hiercomm_heur,california,4042,4042,11,california
0.0,1.0,1.0,60,0.0,hiercomm_heur,california,4042,4042,12,california
6.0,0.8333333333333334,1.0,68,-9.333333333333332,hiercomm_heur,california,4042,4042,13,california
6.0,0.8333333333333334,0.99250936329588,83,-9.333333333333332,hiercomm_heur,california,4042,4042,14,california
