region,condition,policy,seed,episode,WEL,ISR,CE,burned_cells,total_reward
saudi,heldout_ignition,No-Op,42,0,27.0,0.2857142857142857,1.0,900,-121.26953125
saudi,heldout_ignition,No-Op,42,1,27.0,0.2857142857142857,1.0,900,-492.6953125
saudi,heldout_ignition,No-Op,42,2,27.0,0.2857142857142857,1.0,900,-538.59375
saudi,heldout_ignition,No-Op,42,3,27.0,0.2857142857142857,1.0,650,-294.31640625
saudi,heldout_ignition,No-Op,42,4,27.0,0.2857142857142857,1.0,900,-715.91796875
saudi,heldout_ignition,No-Op,42,5,27.0,0.2857142857142857,1.0,900,-121.259765625
saudi,heldout_ignition,No-Op,42,6,27.0,0.2857142857142857,1.0,900,-492.685546875
saudi,heldout_ignition,No-Op,42,7,27.0,0.2857142857142857,1.0,900,-538.623046875
saudi,heldout_ignition,No-Op,42,8,27.0,0.2857142857142857,1.0,650,-294.326171875
saudi,heldout_ignition,No-Op,42,9,27.0,0.2857142857142857,1.0,900,-715.888671875
saudi,heldout_ignition,No-Op,42,10,27.0,0.2857142857142857,1.0,900,-121.298828125
saudi,heldout_ignition,No-Op,42,11,27.0,0.2857142857142857,1.0,900,-492.6953125
saudi,heldout_ignition,No-Op,42,12,27.0,0.2857142857142857,1.0,900,-538.623046875
saudi,heldout_ignition,No-Op,42,13,27.0,0.2857142857142857,1.0,650,-294.3359375
saudi,heldout_ignition,No-Op,42,14,27.0,0.2857142857142857,1.0,900,-715.888671875
saudi,heldout_ignition,No-Op,1042,0,27.0,0.2857142857142857,1.0,900,-121.26953125
saudi,heldout_ignition,No-Op,1042,1,27.0,0.2857142857142857,1.0,900,-492.67578125
saudi,heldout_ignition,No-Op,1042,2,27.0,0.2857142857142857,1.0,900,-538.61328125
saudi,heldout_ignition,No-Op,1042,3,27.0,0.2857142857142857,1.0,650,-294.3359375
saudi,heldout_ignition,No-Op,1042,4,27.0,0.2857142857142857,1.0,900,-715.87890625
saudi,heldout_ignition,No-Op,1042,5,27.0,0.2857142857142857,1.0,900,-121.2890625
saudi,heldout_ignition,No-Op,1042,6,27.0,0.2857142857142857,1.0,900,-492.6953125
saudi,heldout_ignition,No-Op,1042,7,27.0,0.2857142857142857,1.0,900,-538.59375
saudi,heldout_ignition,No-Op,1042,8,27.0,0.2857142857142857,1.0,650,-294.31640625
saudi,heldout_ignition,No-Op,1042,9,27.0,0.2857142857142857,1.0,900,-715.91796875
saudi,heldout_ignition,No-Op,1042,10,27.0,0.2857142857142857,1.0,900,-121.26953125
saudi,heldout_ignition,No-Op,1042,11,27.0,0.2857142857142857,1.0,900,-492.685546875
saudi,heldout_ignition,No-Op,1042,12,27.0,0.2857142857142857,1.0,900,-538.59375
saudi,heldout_ignition,No-Op,1042,13,27.0,0.2857142857142857,1.0,650,-294.365234375
saudi,heldout_ignition,No-Op,1042,14,27.0,0.2857142857142857,1.0,900,-715.8984375
saudi,heldout_ignition,No-Op,2042,0,27.0,0.2857142857142857,1.0,900,-121.26953125
saudi,heldout_ignition,No-Op,2042,1,27.0,0.2857142857142857,1.0,900,-492.6953125
saudi,heldout_ignition,No-Op,2042,2,27.0,0.2857142857142857,1.0,900,-538.61328125
saudi,heldout_ignition,No-Op,2042,3,27.0,0.2857142857142857,1.0,650,-294.306640625
saudi,heldout_ignition,No-Op,2042,4,27.0,0.2857142857142857,1.0,900,-715.9375
saudi,heldout_ignition,No-Op,2042,5,27.0,0.2857142857142857,1.0,900,-121.279296875
saudi,heldout_ignition,No-Op,2042,6,27.0,0.2857142857142857,1.0,900,-492.685546875
saudi,heldout_ignition,No-Op,2042,7,27.0,0.2857142857142857,1.0,900,-538.61328125
saudi,heldout_ignition,No-Op,2042,8,27.0,0.2857142857142857,1.0,650,-294.3359375
saudi,heldout_ignition,No-Op,2042,9,27.0,0.2857142857142857,1.0,900,-715.888671875
saudi,heldout_ignition,No-Op,2042,10,27.0,0.2857142857142857,1.0,900,-121.2890625
saudi,heldout_ignition,No-Op,2042,11,27.0,0.2857142857142857,1.0,900,-492.685546875
saudi,heldout_ignition,No-Op,2042,12,27.0,0.2857142857142857,1.0,900,-538.59375
saudi,heldout_ignition,No-Op,2042,13,27.0,0.2857142857142857,1.0,650,-294.326171875
saudi,heldout_ignition,No-Op,2042,14,27.0,0.2857142857142857,1.0,900,-715.869140625
saudi,heldout_ignition,No-Op,3042,0,27.0,0.2857142857142857,1.0,900,-121.259765625
saudi,heldout_ignition,No-Op,3042,1,27.0,0.2857142857142857,1.0,900,-492.666015625
saudi,heldout_ignition,No-Op,3042,2,27.0,0.2857142857142857,1.0,900,-538.59375
saudi,heldout_ignition,No-Op,3042,3,27.0,0.2857142857142857,1.0,650,-294.306640625
saudi,heldout_ignition,No-Op,3042,4,27.0,0.2857142857142857,1.0,900,-715.87890625
saudi,heldout_ignition,No-Op,3042,5,27.0,0.2857142857142857,1.0,900,-121.259765625
saudi,heldout_ignition,No-Op,3042,6,27.0,0.2857142857142857,1.0,900,-492.6953125
saudi,heldout_ignition,No-Op,3042,7,27.0,0.2857142857142857,1.0,900,-538.59375
saudi,heldout_ignition,No-Op,3042,8,27.0,0.2857142857142857,1.0,650,-294.326171875
saudi,heldout_ignition,No-Op,3042,9,27.0,0.2857142857142857,1.0,900,-715.888671875
saudi,heldout_ignition,No-Op,3042,10,27.0,0.2857142857142857,1.0,900,-121.259765625
saudi,heldout_ignition,No-Op,3042,11,27.0,0.2857142857142857,1.0,900,-492.6953125
saudi,heldout_ignition,No-Op,3042,12,27.0,0.2857142857142857,1.0,900,-538.603515625
saudi,heldout_ignition,No-Op,3042,13,27.0,0.2857142857142857,1.0,650,-294.3359375
saudi,heldout_ignition,No-Op,3042,14,27.0,0.2857142857142857,1.0,900,-715.869140625
saudi,heldout_ignition,No-Op,4042,0,27.0,0.2857142857142857,1.0,900,-121.26953125
saudi,heldout_ignition,No-Op,4042,1,27.0,0.2857142857142857,1.0,900,-492.666015625
saudi,heldout_ignition,No-Op,4042,2,27.0,0.2857142857142857,1.0,900,-538.603515625
saudi,heldout_ignition,No-Op,4042,3,27.0,0.2857142857142857,1.0,650,-294.326171875
saudi,heldout_ignition,No-Op,4042,4,27.0,0.2857142857142857,1.0,900,-715.87890625
saudi,heldout_ignition,No-Op,4042,5,27.0,0.2857142857142857,1.0,900,-121.2890625
saudi,heldout_ignition,No-Op,4042,6,27.0,0.2857142857142857,1.0,900,-492.67578125
saudi,heldout_ignition,No-Op,4042,7,27.0,0.2857142857142857,1.0,900,-538.61328125
saudi,heldout_ignition,No-Op,4042,8,27.0,0.2857142857142857,1.0,650,-294.296875
saudi,heldout_ignition,No-Op,4042,9,27.0,0.2857142857142857,1.0,900,-715.87890625
saudi,heldout_ignition,No-Op,4042,10,27.0,0.2857142857142857,1.0,900,-121.259765625
saudi,heldout_ignition,No-Op,4042,11,27.0,0.2857142857142857,1.0,900,-492.685546875
saudi,heldout_ignition,No-Op,4042,12,27.0,0.2857142857142857,1.0,900,-538.59375
saudi,heldout_ignition,No-Op,4042,13,27.0,0.2857142857142857,1.0,650,-294.35546875
saudi,heldout_ignition,No-Op,4042,14,27.0,0.2857142857142857,1.0,900,-715.859375
saudi,heldout_ignition,Value-First Heuristic,42,0,27.0,0.2857142857142857,1.0,900,-121.26953125
saudi,heldout_ignition,Value-First Heuristic,42,1,27.0,0.2857142857142857,1.0,900,-492.6953125
saudi,heldout_ignition,Value-First Heuristic,42,2,15.0,0.42857142857142855,0.9973544973544973,896,-536.50390625
saudi,heldout_ignition,Value-First Heuristic,42,3,15.0,0.42857142857142855,0.9954022988505747,647,-292.978515625
saudi,heldout_ignition,Value-First Heuristic,42,4,15.0,0.42857142857142855,0.9972222222222222,899,-715.009765625
saudi,heldout_ignition,Value-First Heuristic,42,5,27.0,0.2857142857142857,1.0,900,-121.259765625
saudi,heldout_ignition,Value-First Heuristic,42,6,27.0,0.2857142857142857,1.0,900,-492.685546875
saudi,heldout_ignition,Value-First Heuristic,42,7,15.0,0.42857142857142855,0.9973544973544973,896,-536.5234375
saudi,heldout_ignition,Value-First Heuristic,42,8,15.0,0.42857142857142855,0.9954022988505747,647,-292.978515625
saudi,heldout_ignition,Value-First Heuristic,42,9,15.0,0.42857142857142855,0.9972222222222222,899,-714.990234375
saudi,heldout_ignition,Value-First Heuristic,42,10,27.0,0.2857142857142857,1.0,900,-121.298828125
saudi,heldout_ignition,Value-First Heuristic,42,11,27.0,0.2857142857142857,1.0,900,-492.6953125
saudi,heldout_ignition,Value-First Heuristic,42,12,15.0,0.42857142857142855,0.9973544973544973,896,-536.513671875
saudi,heldout_ignition,Value-First Heuristic,42,13,15.0,0.42857142857142855,0.9954022988505747,647,-292.998046875
saudi,heldout_ignition,Value-First Heuristic,42,14,15.0,0.42857142857142855,0.9972222222222222,899,-714.990234375
saudi,heldout_ignition,Value-First Heuristic,1042,0,27.0,0.2857142857142857,1.0,900,-121.26953125
saudi,heldout_ignition,Value-First Heuristic,1042,1,27.0,0.2857142857142857,1.0,900,-492.67578125
saudi,heldout_ignition,Value-First Heuristic,1042,2,15.0,0.42857142857142855,0.9973544973544973,896,-536.513671875
saudi,heldout_ignition,Value-First Heuristic,1042,3,15.0,0.42857142857142855,0.9954022988505747,647,-292.998046875
saudi,heldout_ignition,Value-First Heuristic,1042,4,15.0,0.42857142857142855,0.9972222222222222,899,-714.98046875
saudi,heldout_ignition,Value-First Heuristic,1042,5,27.0,0.2857142857142857,1.0,900,-121.2890625
saudi,heldout_ignition,Value-First Heuristic,1042,6,27.0,0.2857142857142857,1.0,900,-492.6953125
saudi,heldout_ignition,Value-First Heuristic,1042,7,15.0,0.42857142857142855,0.9973544973544973,896,-536.50390625
saudi,heldout_ignition,Value-First Heuristic,1042,8,15.0,0.42857142857142855,0.9954022988505747,647,-292.96875
saudi,heldout_ignition,Value-First Heuristic,1042,9,15.0,0.42857142857142855,0.9972222222222222,899,-715.009765625
saudi,heldout_ignition,Value-First Heuristic,1042,10,27.0,0.2857142857142857,1.0,900,-121.26953125
saudi,heldout_ignition,Value-First Heuristic,1042,11,27.0,0.2857142857142857,1.0,900,-492.685546875
saudi,heldout_ignition,Value-First Heuristic,1042,12,15.0,0.42857142857142855,0.9973544973544973,896,-536.494140625
saudi,heldout_ignition,Value-First Heuristic,1042,13,15.0,0.42857142857142855,0.9954022988505747,647,-293.017578125
saudi,heldout_ignition,Value-First Heuristic,1042,14,15.0,0.42857142857142855,0.9972222222222222,899,-714.98046875
saudi,heldout_ignition,Value-First Heuristic,2042,0,27.0,0.2857142857142857,1.0,900,-121.26953125
saudi,heldout_ignition,Value-First Heuristic,2042,1,27.0,0.2857142857142857,1.0,900,-492.6953125
saudi,heldout_ignition,Value-First Heuristic,2042,2,15.0,0.42857142857142855,0.9973544973544973,896,-536.513671875
saudi,heldout_ignition,Value-First Heuristic,2042,3,15.0,0.42857142857142855,0.9954022988505747,647,-292.958984375
saudi,heldout_ignition,Value-First Heuristic,2042,4,15.0,0.42857142857142855,0.9972222222222222,899,-715.029296875
saudi,heldout_ignition,Value-First Heuristic,2042,5,27.0,0.2857142857142857,1.0,900,-121.279296875
saudi,heldout_ignition,Value-First Heuristic,2042,6,27.0,0.2857142857142857,1.0,900,-492.685546875
saudi,heldout_ignition,Value-First Heuristic,2042,7,15.0,0.42857142857142855,0.9973544973544973,896,-536.513671875
saudi,heldout_ignition,Value-First Heuristic,2042,8,15.0,0.42857142857142855,0.9954022988505747,647,-292.978515625
saudi,heldout_ignition,Value-First Heuristic,2042,9,15.0,0.42857142857142855,0.9972222222222222,899,-714.98046875
saudi,heldout_ignition,Value-First Heuristic,2042,10,27.0,0.2857142857142857,1.0,900,-121.2890625
saudi,heldout_ignition,Value-First Heuristic,2042,11,27.0,0.2857142857142857,1.0,900,-492.685546875
saudi,heldout_ignition,Value-First Heuristic,2042,12,15.0,0.42857142857142855,0.9973544973544973,896,-536.50390625
saudi,heldout_ignition,Value-First Heuristic,2042,13,15.0,0.42857142857142855,0.9954022988505747,647,-292.98828125
saudi,heldout_ignition,Value-First Heuristic,2042,14,15.0,0.42857142857142855,0.9972222222222222,899,-714.970703125
saudi,heldout_ignition,Value-First Heuristic,3042,0,27.0,0.2857142857142857,1.0,900,-121.259765625
saudi,heldout_ignition,Value-First Heuristic,3042,1,27.0,0.2857142857142857,1.0,900,-492.666015625
saudi,heldout_ignition,Value-First Heuristic,3042,2,15.0,0.42857142857142855,0.9973544973544973,896,-536.50390625
saudi,heldout_ignition,Value-First Heuristic,3042,3,15.0,0.42857142857142855,0.9954022988505747,647,-292.96875
saudi,heldout_ignition,Value-First Heuristic,3042,4,15.0,0.42857142857142855,0.9972222222222222,899,-714.98046875
saudi,heldout_ignition,Value-First Heuristic,3042,5,27.0,0.2857142857142857,1.0,900,-121.259765625
saudi,heldout_ignition,Value-First Heuristic,3042,6,27.0,0.2857142857142857,1.0,900,-492.6953125
saudi,heldout_ignition,Value-First Heuristic,3042,7,15.0,0.42857142857142855,0.9973544973544973,896,-536.50390625
saudi,heldout_ignition,Value-First Heuristic,3042,8,15.0,0.42857142857142855,0.9954022988505747,647,-292.978515625
saudi,heldout_ignition,Value-First Heuristic,3042,9,15.0,0.42857142857142855,0.9972222222222222,899,-714.990234375
saudi,heldout_ignition,Value-First Heuristic,3042,10,27.0,0.2857142857142857,1.0,900,-121.259765625
saudi,heldout_ignition,Value-First Heuristic,3042,11,27.0,0.2857142857142857,1.0,900,-492.6953125
saudi,heldout_ignition,Value-First Heuristic,3042,12,15.0,0.42857142857142855,0.9973544973544973,896,-536.513671875
saudi,heldout_ignition,Value-First Heuristic,3042,13,15.0,0.42857142857142855,0.9954022988505747,647,-292.98828125
saudi,heldout_ignition,Value-First Heuristic,3042,14,15.0,0.42857142857142855,0.9972222222222222,899,-714.970703125
saudi,heldout_ignition,Value-First Heuristic,4042,0,27.0,0.2857142857142857,1.0,900,-121.26953125
saudi,heldout_ignition,Value-First Heuristic,4042,1,27.0,0.2857142857142857,1.0,900,-492.666015625
saudi,heldout_ignition,Value-First Heuristic,4042,2,15.0,0.42857142857142855,0.9973544973544973,896,-536.50390625
saudi,heldout_ignition,Value-First Heuristic,4042,3,15.0,0.42857142857142855,0.9954022988505747,647,-292.96875
saudi,heldout_ignition,Value-First Heuristic,4042,4,15.0,0.42857142857142855,0.9972222222222222,899,-714.98046875
saudi,heldout_ignition,Value-First Heuristic,4042,5,27.0,0.2857142857142857,1.0,900,-121.2890625
saudi,heldout_ignition,Value-First Heuristic,4042,6,27.0,0.2857142857142857,1.0,900,-492.67578125
saudi,heldout_ignition,Value-First Heuristic,4042,7,15.0,0.42857142857142855,0.9973544973544973,896,-536.5234375
saudi,heldout_ignition,Value-First Heuristic,4042,8,15.0,0.42857142857142855,0.9954022988505747,647,-292.958984375
saudi,heldout_ignition,Value-First Heuristic,4042,9,15.0,0.42857142857142855,0.9972222222222222,899,-714.98046875
saudi,heldout_ignition,Value-First Heuristic,4042,10,27.0,0.2857142857142857,1.0,900,-121.259765625
saudi,heldout_ignition,Value-First Heuristic,4042,11,27.0,0.2857142857142857,1.0,900,-492.685546875
saudi,heldout_ignition,Value-First Heuristic,4042,12,15.0,0.42857142857142855,0.9973544973544973,896,-536.494140625
saudi,heldout_ignition,Value-First Heuristic,4042,13,15.0,0.42857142857142855,0.9954022988505747,647,-292.998046875
saudi,heldout_ignition,Value-First Heuristic,4042,14,15.0,0.42857142857142855,0.9972222222222222,899,-714.9609375
saudi,heldout_ignition,Local Reactive,42,0,27.0,0.2857142857142857,1.0,893,-118.73046875
saudi,heldout_ignition,Local Reactive,42,1,27.0,0.2857142857142857,1.0,880,-475.693359375
saudi,heldout_ignition,Local Reactive,42,2,27.0,0.2857142857142857,1.0,826,-489.091796875
saudi,heldout_ignition,Local Reactive,42,3,19.0,0.42857142857142855,0.9954022988505747,540,-269.543359375
saudi,heldout_ignition,Local Reactive,42,4,27.0,0.2857142857142857,1.0,882,-695.517578125
saudi,heldout_ignition,Local Reactive,42,5,27.0,0.2857142857142857,1.0,891,-117.8125
saudi,heldout_ignition,Local Reactive,42,6,27.0,0.2857142857142857,0.9850187265917603,885,-479.8828125
saudi,heldout_ignition,Local Reactive,42,7,27.0,0.2857142857142857,0.9973544973544973,839,-507.4609375
saudi,heldout_ignition,Local Reactive,42,8,27.0,0.2857142857142857,0.9954022988505747,542,-264.296875
saudi,heldout_ignition,Local Reactive,42,9,27.0,0.2857142857142857,1.0,891,-700.712890625
saudi,heldout_ignition,Local Reactive,42,10,27.0,0.2857142857142857,1.0,893,-119.82421875
saudi,heldout_ignition,Local Reactive,42,11,27.0,0.2857142857142857,0.9962546816479401,876,-464.375
saudi,heldout_ignition,Local Reactive,42,12,27.0,0.2857142857142857,1.0,830,-506.611328125
saudi,heldout_ignition,Local Reactive,42,13,27.0,0.2857142857142857,0.9770114942528736,562,-275.846875
saudi,heldout_ignition,Local Reactive,42,14,27.0,0.2857142857142857,1.0,875,-698.349609375
saudi,heldout_ignition,Local Reactive,1042,0,27.0,0.2857142857142857,1.0,894,-120.068359375
saudi,heldout_ignition,Local Reactive,1042,1,27.0,0.2857142857142857,0.9962546816479401,881,-474.62890625
saudi,heldout_ignition,Local Reactive,1042,2,27.0,0.2857142857142857,0.9947089947089947,822,-493.193359375
saudi,heldout_ignition,Local Reactive,1042,3,19.0,0.42857142857142855,0.9954022988505747,535,-266.66015625
saudi,heldout_ignition,Local Reactive,1042,4,27.0,0.2857142857142857,0.9807162534435262,867,-695.99609375
saudi,heldout_ignition,Local Reactive,1042,5,27.0,0.2857142857142857,1.0,891,-119.248046875
saudi,heldout_ignition,Local Reactive,1042,6,27.0,0.2857142857142857,0.9925093632958801,878,-475.498046875
saudi,heldout_ignition,Local Reactive,1042,7,27.0,0.2857142857142857,1.0,852,-512.05078125
saudi,heldout_ignition,Local Reactive,1042,8,27.0,0.2857142857142857,1.0,523,-270.341796875
saudi,heldout_ignition,Local Reactive,1042,9,27.0,0.2857142857142857,0.9972451790633609,879,-700.458984375
saudi,heldout_ignition,Local Reactive,1042,10,27.0,0.2857142857142857,1.0,892,-119.66796875
saudi,heldout_ignition,Local Reactive,1042,11,27.0,0.2857142857142857,1.0,885,-477.8515625
saudi,heldout_ignition,Local Reactive,1042,12,19.0,0.42857142857142855,0.9894179894179894,836,-501.42578125
saudi,heldout_ignition,Local Reactive,1042,13,27.0,0.2857142857142857,0.993103448275862,556,-279.375
saudi,heldout_ignition,Local Reactive,1042,14,27.0,0.2857142857142857,0.9777777777777777,887,-700.517578125
saudi,heldout_ignition,Local Reactive,2042,0,27.0,0.2857142857142857,0.9722222222222222,890,-117.734375
saudi,heldout_ignition,Local Reactive,2042,1,27.0,0.2857142857142857,0.9775280898876404,878,-475.087890625
saudi,heldout_ignition,Local Reactive,2042,2,27.0,0.2857142857142857,1.0,827,-502.578125
saudi,heldout_ignition,Local Reactive,2042,3,19.0,0.42857142857142855,0.9954022988505747,507,-254.269921875
saudi,heldout_ignition,Local Reactive,2042,4,27.0,0.2857142857142857,0.9944903581267218,885,-705.400390625
saudi,heldout_ignition,Local Reactive,2042,5,27.0,0.2857142857142857,1.0,890,-118.9453125
saudi,heldout_ignition,Local Reactive,2042,6,27.0,0.2857142857142857,0.9962546816479401,876,-475.3125
saudi,heldout_ignition,Local Reactive,2042,7,19.0,0.42857142857142855,1.0,820,-495.126953125
saudi,heldout_ignition,Local Reactive,2042,8,27.0,0.2857142857142857,0.9885057471264368,547,-278.5765625
saudi,heldout_ignition,Local Reactive,2042,9,27.0,0.2857142857142857,1.0,880,-704.765625
saudi,heldout_ignition,Local Reactive,2042,10,27.0,0.2857142857142857,0.9166666666666666,893,-119.873046875
saudi,heldout_ignition,Local Reactive,2042,11,27.0,0.2857142857142857,1.0,876,-473.88671875
saudi,heldout_ignition,Local Reactive,2042,12,1.0,0.5714285714285714,1.0,831,-495.1953125
saudi,heldout_ignition,Local Reactive,2042,13,19.0,0.42857142857142855,0.993103448275862,569,-265.35390625
saudi,heldout_ignition,Local Reactive,2042,14,27.0,0.2857142857142857,1.0,881,-687.6171875
saudi,heldout_ignition,Local Reactive,3042,0,27.0,0.2857142857142857,0.9444444444444444,893,-119.951171875
saudi,heldout_ignition,Local Reactive,3042,1,27.0,0.2857142857142857,1.0,870,-466.71875
saudi,heldout_ignition,Local Reactive,3042,2,27.0,0.2857142857142857,0.9947089947089947,853,-509.094140625
saudi,heldout_ignition,Local Reactive,3042,3,27.0,0.2857142857142857,0.9954022988505747,568,-272.333984375
saudi,heldout_ignition,Local Reactive,3042,4,27.0,0.2857142857142857,0.9972222222222222,864,-681.533203125
saudi,heldout_ignition,Local Reactive,3042,5,27.0,0.2857142857142857,1.0,891,-118.955078125
saudi,heldout_ignition,Local Reactive,3042,6,27.0,0.2857142857142857,0.9850187265917603,867,-465.107421875
saudi,heldout_ignition,Local Reactive,3042,7,7.0,0.42857142857142855,0.9867724867724867,826,-492.54140625
saudi,heldout_ignition,Local Reactive,3042,8,27.0,0.2857142857142857,0.9885057471264368,538,-271.711328125
saudi,heldout_ignition,Local Reactive,3042,9,27.0,0.2857142857142857,0.9972451790633609,888,-709.931640625
saudi,heldout_ignition,Local Reactive,3042,10,27.0,0.2857142857142857,1.0,892,-119.375
saudi,heldout_ignition,Local Reactive,3042,11,27.0,0.2857142857142857,0.9962546816479401,874,-475.205078125
saudi,heldout_ignition,Local Reactive,3042,12,27.0,0.2857142857142857,1.0,824,-496.064453125
saudi,heldout_ignition,Local Reactive,3042,13,27.0,0.2857142857142857,0.9977011494252873,543,-272.44140625
saudi,heldout_ignition,Local Reactive,3042,14,27.0,0.2857142857142857,0.9862258953168044,889,-712.24609375
saudi,heldout_ignition,Local Reactive,4042,0,27.0,0.2857142857142857,1.0,892,-119.716796875
saudi,heldout_ignition,Local Reactive,4042,1,27.0,0.2857142857142857,0.9775280898876404,881,-479.013671875
saudi,heldout_ignition,Local Reactive,4042,2,27.0,0.2857142857142857,0.9867724867724867,842,-503.59609375
saudi,heldout_ignition,Local Reactive,4042,3,19.0,0.42857142857142855,0.9908045977011494,558,-266.926171875
saudi,heldout_ignition,Local Reactive,4042,4,27.0,0.2857142857142857,0.9807162534435262,882,-701.437890625
saudi,heldout_ignition,Local Reactive,4042,5,27.0,0.2857142857142857,1.0,890,-119.1015625
saudi,heldout_ignition,Local Reactive,4042,6,27.0,0.2857142857142857,1.0,875,-474.365234375
saudi,heldout_ignition,Local Reactive,4042,7,27.0,0.2857142857142857,1.0,847,-507.96875
saudi,heldout_ignition,Local Reactive,4042,8,27.0,0.2857142857142857,0.9885057471264368,510,-257.20703125
saudi,heldout_ignition,Local Reactive,4042,9,27.0,0.2857142857142857,0.9917355371900827,890,-711.99453125
saudi,heldout_ignition,Local Reactive,4042,10,27.0,0.2857142857142857,0.9583333333333334,893,-120.0609375
saudi,heldout_ignition,Local Reactive,4042,11,27.0,0.2857142857142857,0.9887640449438202,883,-474.267578125
saudi,heldout_ignition,Local Reactive,4042,12,19.0,0.42857142857142855,0.9920634920634921,838,-505.2953125
saudi,heldout_ignition,Local Reactive,4042,13,27.0,0.2857142857142857,0.9908045977011494,535,-271.533203125
saudi,heldout_ignition,Local Reactive,4042,14,27.0,0.2857142857142857,1.0,884,-693.61328125
saudi,heldout_ignition,Learned Hierarchical,42,0,27.0,0.2857142857142857,1.0,900,-121.26953125
saudi,heldout_ignition,Learned Hierarchical,42,1,27.0,0.2857142857142857,1.0,900,-492.6953125
saudi,heldout_ignition,Learned Hierarchical,42,2,15.0,0.42857142857142855,1.0,897,-537.275390625
saudi,heldout_ignition,Learned Hierarchical,42,3,15.0,0.42857142857142855,0.9977011494252873,646,-292.353515625
saudi,heldout_ignition,Learned Hierarchical,42,4,15.0,0.42857142857142855,1.0,899,-715.009765625
saudi,heldout_ignition,Learned Hierarchical,42,5,27.0,0.2857142857142857,1.0,900,-121.259765625
saudi,heldout_ignition,Learned Hierarchical,42,6,27.0,0.2857142857142857,1.0,900,-492.685546875
saudi,heldout_ignition,Learned Hierarchical,42,7,15.0,0.42857142857142855,1.0,897,-537.294921875
saudi,heldout_ignition,Learned Hierarchical,42,8,15.0,0.42857142857142855,0.9977011494252873,646,-292.353515625
saudi,heldout_ignition,Learned Hierarchical,42,9,15.0,0.42857142857142855,1.0,899,-714.990234375
saudi,heldout_ignition,Learned Hierarchical,42,10,27.0,0.2857142857142857,1.0,900,-121.298828125
saudi,heldout_ignition,Learned Hierarchical,42,11,27.0,0.2857142857142857,1.0,900,-492.6953125
saudi,heldout_ignition,Learned Hierarchical,42,12,15.0,0.42857142857142855,1.0,897,-537.28515625
saudi,heldout_ignition,Learned Hierarchical,42,13,15.0,0.42857142857142855,0.9977011494252873,646,-292.373046875
saudi,heldout_ignition,Learned Hierarchical,42,14,15.0,0.42857142857142855,1.0,899,-714.990234375
saudi,heldout_ignition,Learned Hierarchical,1042,0,27.0,0.2857142857142857,1.0,900,-121.26953125
saudi,heldout_ignition,Learned Hierarchical,1042,1,27.0,0.2857142857142857,1.0,900,-492.67578125
saudi,heldout_ignition,Learned Hierarchical,1042,2,15.0,0.42857142857142855,1.0,897,-537.275390625
saudi,heldout_ignition,Learned Hierarchical,1042,3,15.0,0.42857142857142855,0.9977011494252873,646,-292.373046875
saudi,heldout_ignition,Learned Hierarchical,1042,4,15.0,0.42857142857142855,1.0,899,-714.98046875
saudi,heldout_ignition,Learned Hierarchical,1042,5,27.0,0.2857142857142857,1.0,900,-121.2890625
saudi,heldout_ignition,Learned Hierarchical,1042,6,27.0,0.2857142857142857,1.0,900,-492.6953125
saudi,heldout_ignition,Learned Hierarchical,1042,7,15.0,0.42857142857142855,1.0,897,-537.275390625
saudi,heldout_ignition,Learned Hierarchical,1042,8,15.0,0.42857142857142855,0.9977011494252873,646,-292.34375
saudi,heldout_ignition,Learned Hierarchical,1042,9,15.0,0.42857142857142855,1.0,899,-715.009765625
saudi,heldout_ignition,Learned Hierarchical,1042,10,27.0,0.2857142857142857,1.0,900,-121.26953125
saudi,heldout_ignition,Learned Hierarchical,1042,11,27.0,0.2857142857142857,1.0,900,-492.685546875
saudi,heldout_ignition,Learned Hierarchical,1042,12,15.0,0.42857142857142855,1.0,897,-537.265625
saudi,heldout_ignition,Learned Hierarchical,1042,13,15.0,0.42857142857142855,0.9977011494252873,646,-292.392578125
saudi,heldout_ignition,Learned Hierarchical,1042,14,15.0,0.42857142857142855,1.0,899,-714.990234375
saudi,heldout_ignition,Learned Hierarchical,2042,0,27.0,0.2857142857142857,1.0,900,-121.26953125
saudi,heldout_ignition,Learned Hierarchical,2042,1,27.0,0.2857142857142857,1.0,900,-492.6953125
saudi,heldout_ignition,Learned Hierarchical,2042,2,15.0,0.42857142857142855,1.0,897,-537.28515625
saudi,heldout_ignition,Learned Hierarchical,2042,3,15.0,0.42857142857142855,0.9977011494252873,646,-292.333984375
saudi,heldout_ignition,Learned Hierarchical,2042,4,15.0,0.42857142857142855,1.0,899,-715.029296875
saudi,heldout_ignition,Learned Hierarchical,2042,5,27.0,0.2857142857142857,1.0,900,-121.279296875
saudi,heldout_ignition,Learned Hierarchical,2042,6,27.0,0.2857142857142857,1.0,900,-492.685546875
saudi,heldout_ignition,Learned Hierarchical,2042,7,15.0,0.42857142857142855,1.0,897,-537.28515625
saudi,heldout_ignition,Learned Hierarchical,2042,8,15.0,0.42857142857142855,0.9977011494252873,646,-292.353515625
saudi,heldout_ignition,Learned Hierarchical,2042,9,15.0,0.42857142857142855,1.0,899,-714.98046875
saudi,heldout_ignition,Learned Hierarchical,2042,10,27.0,0.2857142857142857,1.0,900,-121.2890625
saudi,heldout_ignition,Learned Hierarchical,2042,11,27.0,0.2857142857142857,1.0,900,-492.685546875
saudi,heldout_ignition,Learned Hierarchical,2042,12,15.0,0.42857142857142855,1.0,897,-537.275390625
saudi,heldout_ignition,Learned Hierarchical,2042,13,15.0,0.42857142857142855,0.9977011494252873,646,-292.36328125
saudi,heldout_ignition,Learned Hierarchical,2042,14,15.0,0.42857142857142855,1.0,899,-714.970703125
saudi,heldout_ignition,Learned Hierarchical,3042,0,27.0,0.2857142857142857,1.0,900,-121.259765625
saudi,heldout_ignition,Learned Hierarchical,3042,1,27.0,0.2857142857142857,1.0,900,-492.666015625
saudi,heldout_ignition,Learned Hierarchical,3042,2,15.0,0.42857142857142855,1.0,897,-537.265625
saudi,heldout_ignition,Learned Hierarchical,3042,3,15.0,0.42857142857142855,0.9977011494252873,646,-292.34375
saudi,heldout_ignition,Learned Hierarchical,3042,4,15.0,0.42857142857142855,1.0,899,-714.98046875
saudi,heldout_ignition,Learned Hierarchical,3042,5,27.0,0.2857142857142857,1.0,900,-121.259765625
saudi,heldout_ignition,Learned Hierarchical,3042,6,27.0,0.2857142857142857,1.0,900,-492.6953125
saudi,heldout_ignition,Learned Hierarchical,3042,7,15.0,0.42857142857142855,1.0,897,-537.275390625
saudi,heldout_ignition,Learned Hierarchical,3042,8,15.0,0.42857142857142855,0.9977011494252873,646,-292.353515625
saudi,heldout_ignition,Learned Hierarchical,3042,9,15.0,0.42857142857142855,1.0,899,-714.990234375
saudi,heldout_ignition,Learned Hierarchical,3042,10,27.0,0.2857142857142857,1.0,900,-121.259765625
saudi,heldout_ignition,Learned Hierarchical,3042,11,27.0,0.2857142857142857,1.0,900,-492.6953125
saudi,heldout_ignition,Learned Hierarchical,3042,12,15.0,0.42857142857142855,1.0,897,-537.28515625
saudi,heldout_ignition,Learned Hierarchical,3042,13,15.0,0.42857142857142855,0.9977011494252873,646,-292.36328125
saudi,heldout_ignition,Learned Hierarchical,3042,14,15.0,0.42857142857142855,1.0,899,-714.970703125
saudi,heldout_ignition,Learned Hierarchical,4042,0,27.0,0.2857142857142857,1.0,900,-121.26953125
saudi,heldout_ignition,Learned Hierarchical,4042,1,27.0,0.2857142857142857,1.0,900,-492.666015625
saudi,heldout_ignition,Learned Hierarchical,4042,2,15.0,0.42857142857142855,1.0,897,-537.275390625
saudi,heldout_ignition,Learned Hierarchical,4042,3,15.0,0.42857142857142855,0.9977011494252873,646,-292.34375
saudi,heldout_ignition,Learned Hierarchical,4042,4,15.0,0.42857142857142855,1.0,899,-714.98046875
saudi,heldout_ignition,Learned Hierarchical,4042,5,27.0,0.2857142857142857,1.0,900,-121.2890625
saudi,heldout_ignition,Learned Hierarchical,4042,6,27.0,0.2857142857142857,1.0,900,-492.67578125
saudi,heldout_ignition,Learned Hierarchical,4042,7,15.0,0.42857142857142855,1.0,897,-537.28515625
saudi,heldout_ignition,Learned Hierarchical,4042,8,15.0,0.42857142857142855,0.9977011494252873,646,-292.333984375
saudi,heldout_ignition,Learned Hierarchical,4042,9,15.0,0.42857142857142855,1.0,899,-714.98046875
saudi,heldout_ignition,Learned Hierarchical,4042,10,27.0,0.2857142857142857,1.0,900,-121.259765625
saudi,heldout_ignition,Learned Hierarchical,4042,11,27.0,0.2857142857142857,1.0,900,-492.685546875
saudi,heldout_ignition,Learned Hierarchical,4042,12,15.0,0.42857142857142855,1.0,897,-537.265625
saudi,heldout_ignition,Learned Hierarchical,4042,13,15.0,0.42857142857142855,0.9977011494252873,646,-292.373046875
saudi,heldout_ignition,Learned Hierarchical,4042,14,15.0,0.42857142857142855,1.0,899,-714.9609375
saudi,heldout_ignition,CommNet (matched),42,0,21.0,0.42857142857142855,0.6944444444444444,893,-121.27382812500001
saudi,heldout_ignition,CommNet (matched),42,1,27.0,0.2857142857142857,0.6779026217228464,896,-489.465234375
saudi,heldout_ignition,CommNet (matched),42,2,-11.0,0.7142857142857143,0.6746031746031746,882,-530.08984375
saudi,heldout_ignition,CommNet (matched),42,3,1.0,0.5714285714285714,0.6735632183908046,631,-285.053125
saudi,heldout_ignition,CommNet (matched),42,4,9.0,0.5714285714285714,0.37777777777777777,892,-708.7171875
saudi,heldout_ignition,CommNet (matched),42,5,21.0,0.42857142857142855,0.6944444444444444,893,-121.26406250000001
saudi,heldout_ignition,CommNet (matched),42,6,27.0,0.2857142857142857,0.6779026217228464,896,-489.45546875
saudi,heldout_ignition,CommNet (matched),42,7,-11.0,0.7142857142857143,0.6746031746031746,882,-530.099609375
saudi,heldout_ignition,CommNet (matched),42,8,1.0,0.5714285714285714,0.6735632183908046,631,-285.062890625
saudi,heldout_ignition,CommNet (matched),42,9,9.0,0.5714285714285714,0.37777777777777777,892,-708.687890625
saudi,heldout_ignition,CommNet (matched),42,10,21.0,0.42857142857142855,0.6944444444444444,893,-121.30312500000001
saudi,heldout_ignition,CommNet (matched),42,11,27.0,0.2857142857142857,0.6779026217228464,896,-489.465234375
saudi,heldout_ignition,CommNet (matched),42,12,-11.0,0.7142857142857143,0.6746031746031746,882,-530.109375
saudi,heldout_ignition,CommNet (matched),42,13,1.0,0.5714285714285714,0.6735632183908046,631,-285.082421875
saudi,heldout_ignition,CommNet (matched),42,14,9.0,0.5714285714285714,0.37777777777777777,892,-708.69765625
saudi,heldout_ignition,CommNet (matched),1042,0,21.0,0.42857142857142855,0.6944444444444444,893,-121.27382812500001
saudi,heldout_ignition,CommNet (matched),1042,1,27.0,0.2857142857142857,0.6779026217228464,896,-489.445703125
saudi,heldout_ignition,CommNet (matched),1042,2,-11.0,0.7142857142857143,0.6746031746031746,882,-530.099609375
saudi,heldout_ignition,CommNet (matched),1042,3,1.0,0.5714285714285714,0.6735632183908046,631,-285.07265625
saudi,heldout_ignition,CommNet (matched),1042,4,9.0,0.5714285714285714,0.37777777777777777,892,-708.687890625
saudi,heldout_ignition,CommNet (matched),1042,5,21.0,0.42857142857142855,0.6944444444444444,893,-121.29335937500001
saudi,heldout_ignition,CommNet (matched),1042,6,27.0,0.2857142857142857,0.6779026217228464,896,-489.465234375
saudi,heldout_ignition,CommNet (matched),1042,7,-11.0,0.7142857142857143,0.6746031746031746,882,-530.08984375
saudi,heldout_ignition,CommNet (matched),1042,8,1.0,0.5714285714285714,0.6735632183908046,631,-285.07265625
saudi,heldout_ignition,CommNet (matched),1042,9,9.0,0.5714285714285714,0.37777777777777777,892,-708.7171875
saudi,heldout_ignition,CommNet (matched),1042,10,21.0,0.42857142857142855,0.6944444444444444,893,-121.27382812500001
saudi,heldout_ignition,CommNet (matched),1042,11,27.0,0.2857142857142857,0.6779026217228464,896,-489.45546875
saudi,heldout_ignition,CommNet (matched),1042,12,-11.0,0.7142857142857143,0.6746031746031746,882,-530.08984375
saudi,heldout_ignition,CommNet (matched),1042,13,1.0,0.5714285714285714,0.6735632183908046,631,-285.0921875
saudi,heldout_ignition,CommNet (matched),1042,14,9.0,0.5714285714285714,0.37777777777777777,892,-708.678125
saudi,heldout_ignition,CommNet (matched),2042,0,21.0,0.42857142857142855,0.6944444444444444,893,-121.27382812500001
saudi,heldout_ignition,CommNet (matched),2042,1,27.0,0.2857142857142857,0.6779026217228464,896,-489.465234375
saudi,heldout_ignition,CommNet (matched),2042,2,-11.0,0.7142857142857143,0.6746031746031746,882,-530.099609375
saudi,heldout_ignition,CommNet (matched),2042,3,1.0,0.5714285714285714,0.6735632183908046,631,-285.053125
saudi,heldout_ignition,CommNet (matched),2042,4,9.0,0.5714285714285714,0.37777777777777777,892,-708.73671875
saudi,heldout_ignition,CommNet (matched),2042,5,21.0,0.42857142857142855,0.6944444444444444,893,-121.28359375000001
saudi,heldout_ignition,CommNet (matched),2042,6,27.0,0.2857142857142857,0.6779026217228464,896,-489.45546875
saudi,heldout_ignition,CommNet (matched),2042,7,-11.0,0.7142857142857143,0.6746031746031746,882,-530.109375
saudi,heldout_ignition,CommNet (matched),2042,8,1.0,0.5714285714285714,0.6735632183908046,631,-285.082421875
saudi,heldout_ignition,CommNet (matched),2042,9,9.0,0.5714285714285714,0.37777777777777777,892,-708.687890625
saudi,heldout_ignition,CommNet (matched),2042,10,21.0,0.42857142857142855,0.6944444444444444,893,-121.29335937500001
saudi,heldout_ignition,CommNet (matched),2042,11,27.0,0.2857142857142857,0.6779026217228464,896,-489.45546875
saudi,heldout_ignition,CommNet (matched),2042,12,-11.0,0.7142857142857143,0.6746031746031746,882,-530.099609375
saudi,heldout_ignition,CommNet (matched),2042,13,1.0,0.5714285714285714,0.6735632183908046,631,-285.082421875
saudi,heldout_ignition,CommNet (matched),2042,14,9.0,0.5714285714285714,0.37777777777777777,892,-708.678125
saudi,heldout_ignition,CommNet (matched),3042,0,21.0,0.42857142857142855,0.6944444444444444,893,-121.26406250000001
saudi,heldout_ignition,CommNet (matched),3042,1,27.0,0.2857142857142857,0.6779026217228464,896,-489.4359375
saudi,heldout_ignition,CommNet (matched),3042,2,-11.0,0.7142857142857143,0.6746031746031746,882,-530.099609375
saudi,heldout_ignition,CommNet (matched),3042,3,1.0,0.5714285714285714,0.6735632183908046,631,-285.07265625
saudi,heldout_ignition,CommNet (matched),3042,4,9.0,0.5714285714285714,0.37777777777777777,892,-708.687890625
saudi,heldout_ignition,CommNet (matched),3042,5,21.0,0.42857142857142855,0.6944444444444444,893,-121.26406250000001
saudi,heldout_ignition,CommNet (matched),3042,6,27.0,0.2857142857142857,0.6779026217228464,896,-489.465234375
saudi,heldout_ignition,CommNet (matched),3042,7,-11.0,0.7142857142857143,0.6746031746031746,882,-530.099609375
saudi,heldout_ignition,CommNet (matched),3042,8,1.0,0.5714285714285714,0.6735632183908046,631,-285.07265625
saudi,heldout_ignition,CommNet (matched),3042,9,9.0,0.5714285714285714,0.37777777777777777,892,-708.69765625
saudi,heldout_ignition,CommNet (matched),3042,10,21.0,0.42857142857142855,0.6944444444444444,893,-121.26406250000001
saudi,heldout_ignition,CommNet (matched),3042,11,27.0,0.2857142857142857,0.6779026217228464,896,-489.465234375
saudi,heldout_ignition,CommNet (matched),3042,12,-11.0,0.7142857142857143,0.6746031746031746,882,-530.109375
saudi,heldout_ignition,CommNet (matched),3042,13,1.0,0.5714285714285714,0.6735632183908046,631,-285.062890625
saudi,heldout_ignition,CommNet (matched),3042,14,9.0,0.5714285714285714,0.37777777777777777,892,-708.678125
saudi,heldout_ignition,CommNet (matched),4042,0,21.0,0.42857142857142855,0.6944444444444444,893,-121.27382812500001
saudi,heldout_ignition,CommNet (matched),4042,1,27.0,0.2857142857142857,0.6779026217228464,896,-489.4359375
saudi,heldout_ignition,CommNet (matched),4042,2,-11.0,0.7142857142857143,0.6746031746031746,882,-530.109375
saudi,heldout_ignition,CommNet (matched),4042,3,1.0,0.5714285714285714,0.6735632183908046,631,-285.07265625
saudi,heldout_ignition,CommNet (matched),4042,4,9.0,0.5714285714285714,0.37777777777777777,892,-708.678125
saudi,heldout_ignition,CommNet (matched),4042,5,21.0,0.42857142857142855,0.6944444444444444,893,-121.29335937500001
saudi,heldout_ignition,CommNet (matched),4042,6,27.0,0.2857142857142857,0.6779026217228464,896,-489.445703125
saudi,heldout_ignition,CommNet (matched),4042,7,-11.0,0.7142857142857143,0.6746031746031746,882,-530.119140625
saudi,heldout_ignition,CommNet (matched),4042,8,1.0,0.5714285714285714,0.6735632183908046,631,-285.062890625
saudi,heldout_ignition,CommNet (matched),4042,9,9.0,0.5714285714285714,0.37777777777777777,892,-708.687890625
saudi,heldout_ignition,CommNet (matched),4042,10,21.0,0.42857142857142855,0.6944444444444444,893,-121.26406250000001
saudi,heldout_ignition,CommNet (matched),4042,11,27.0,0.2857142857142857,0.6779026217228464,896,-489.45546875
saudi,heldout_ignition,CommNet (matched),4042,12,-11.0,0.7142857142857143,0.6746031746031746,882,-530.08984375
saudi,heldout_ignition,CommNet (matched),4042,13,1.0,0.5714285714285714,0.6735632183908046,631,-285.101953125
saudi,heldout_ignition,CommNet (matched),4042,14,9.0,0.5714285714285714,0.37777777777777777,892,-708.668359375
saudi,cross_region,No-Op,42,0,27.0,0.2857142857142857,1.0,900,-191.26953125
saudi,cross_region,No-Op,42,1,27.0,0.2857142857142857,1.0,872,-609.814453125
saudi,cross_region,No-Op,42,2,27.0,0.2857142857142857,1.0,898,-739.8828125
saudi,cross_region,No-Op,42,3,27.0,0.2857142857142857,1.0,761,-405.009765625
saudi,cross_region,No-Op,42,4,27.0,0.2857142857142857,1.0,888,-671.2890625
saudi,cross_region,No-Op,42,5,27.0,0.2857142857142857,1.0,900,-351.396484375
saudi,cross_region,No-Op,42,6,27.0,0.2857142857142857,1.0,900,-572.59765625
saudi,cross_region,No-Op,42,7,27.0,0.2857142857142857,1.0,900,-161.376953125
saudi,cross_region,No-Op,42,8,27.0,0.2857142857142857,1.0,821,-508.857421875
saudi,cross_region,No-Op,42,9,27.0,0.2857142857142857,1.0,900,-629.560546875
saudi,cross_region,No-Op,42,10,27.0,0.2857142857142857,1.0,900,-538.623046875
saudi,cross_region,No-Op,42,11,27.0,0.2857142857142857,1.0,900,-628.4375
saudi,cross_region,No-Op,42,12,27.0,0.2857142857142857,1.0,900,-414.384765625
saudi,cross_region,No-Op,42,13,27.0,0.2857142857142857,1.0,680,-315.95703125
saudi,cross_region,No-Op,42,14,27.0,0.2857142857142857,1.0,900,-731.71875
saudi,cross_region,No-Op,1042,0,27.0,0.2857142857142857,1.0,900,-585.283203125
saudi,cross_region,No-Op,1042,1,27.0,0.2857142857142857,1.0,857,-589.140625
saudi,cross_region,No-Op,1042,2,27.0,0.2857142857142857,1.0,900,-653.45703125
saudi,cross_region,No-Op,1042,3,27.0,0.2857142857142857,1.0,838,-544.521484375
saudi,cross_region,No-Op,1042,4,27.0,0.2857142857142857,1.0,900,-471.279296875
saudi,cross_region,No-Op,1042,5,27.0,0.2857142857142857,1.0,900,-238.828125
saudi,cross_region,No-Op,1042,6,27.0,0.2857142857142857,1.0,900,-659.1015625
saudi,cross_region,No-Op,1042,7,27.0,0.2857142857142857,1.0,900,-667.98828125
saudi,cross_region,No-Op,1042,8,27.0,0.2857142857142857,1.0,900,-445.0390625
saudi,cross_region,No-Op,1042,9,27.0,0.2857142857142857,1.0,900,-296.3671875
saudi,cross_region,No-Op,1042,10,27.0,0.2857142857142857,1.0,809,-487.91015625
saudi,cross_region,No-Op,1042,11,27.0,0.2857142857142857,1.0,900,-617.294921875
saudi,cross_region,No-Op,1042,12,27.0,0.2857142857142857,1.0,900,-617.275390625
saudi,cross_region,No-Op,1042,13,27.0,0.2857142857142857,1.0,900,-715.927734375
saudi,cross_region,No-Op,1042,14,27.0,0.2857142857142857,1.0,884,-668.69140625
saudi,cross_region,No-Op,2042,0,27.0,0.2857142857142857,1.0,859,-595.966796875
saudi,cross_region,No-Op,2042,1,27.0,0.2857142857142857,1.0,900,-640.361328125
saudi,cross_region,No-Op,2042,2,27.0,0.2857142857142857,1.0,900,-677.626953125
saudi,cross_region,No-Op,2042,3,27.0,0.2857142857142857,1.0,900,-190.13671875
saudi,cross_region,No-Op,2042,4,27.0,0.2857142857142857,1.0,900,-455.29296875
saudi,cross_region,No-Op,2042,5,27.0,0.2857142857142857,1.0,900,-679.189453125
saudi,cross_region,No-Op,2042,6,27.0,0.2857142857142857,1.0,877,-592.20703125
saudi,cross_region,No-Op,2042,7,27.0,0.2857142857142857,1.0,900,-296.34765625
saudi,cross_region,No-Op,2042,8,27.0,0.2857142857142857,1.0,900,-696.318359375
saudi,cross_region,No-Op,2042,9,27.0,0.2857142857142857,1.0,900,-694.00390625
saudi,cross_region,No-Op,2042,10,27.0,0.2857142857142857,1.0,900,-639.951171875
saudi,cross_region,No-Op,2042,11,27.0,0.2857142857142857,1.0,900,-390.712890625
saudi,cross_region,No-Op,2042,12,27.0,0.2857142857142857,1.0,900,-597.919921875
saudi,cross_region,No-Op,2042,13,27.0,0.2857142857142857,1.0,900,-466.50390625
saudi,cross_region,No-Op,2042,14,27.0,0.2857142857142857,1.0,900,-649.443359375
saudi,cross_region,No-Op,3042,0,27.0,0.2857142857142857,1.0,795,-461.07421875
saudi,cross_region,No-Op,3042,1,27.0,0.2857142857142857,1.0,900,-716.09375
saudi,cross_region,No-Op,3042,2,27.0,0.2857142857142857,1.0,900,-131.23046875
saudi,cross_region,No-Op,3042,3,27.0,0.2857142857142857,1.0,900,-747.646484375
saudi,cross_region,No-Op,3042,4,27.0,0.2857142857142857,1.0,900,-414.208984375
saudi,cross_region,No-Op,3042,5,27.0,0.2857142857142857,1.0,900,-437.2265625
saudi,cross_region,No-Op,3042,6,27.0,0.2857142857142857,1.0,900,-632.28515625
saudi,cross_region,No-Op,3042,7,27.0,0.2857142857142857,1.0,853,-521.328125
saudi,cross_region,No-Op,3042,8,27.0,0.2857142857142857,1.0,866,-588.80859375
saudi,cross_region,No-Op,3042,9,27.0,0.2857142857142857,1.0,900,-554.697265625
saudi,cross_region,No-Op,3042,10,27.0,0.2857142857142857,1.0,900,-685.068359375
saudi,cross_region,No-Op,3042,11,27.0,0.2857142857142857,1.0,900,-705.537109375
saudi,cross_region,No-Op,3042,12,27.0,0.2857142857142857,1.0,900,-538.84765625
saudi,cross_region,No-Op,3042,13,27.0,0.2857142857142857,1.0,900,-712.685546875
saudi,cross_region,No-Op,3042,14,27.0,0.2857142857142857,1.0,900,-691.3671875
saudi,cross_region,No-Op,4042,0,27.0,0.2857142857142857,1.0,890,-666.66015625
saudi,cross_region,No-Op,4042,1,27.0,0.2857142857142857,1.0,900,-574.5703125
saudi,cross_region,No-Op,4042,2,27.0,0.2857142857142857,1.0,752,-382.900390625
saudi,cross_region,No-Op,4042,3,27.0,0.2857142857142857,1.0,900,-169.033203125
saudi,cross_region,No-Op,4042,4,27.0,0.2857142857142857,1.0,900,-534.70703125
saudi,cross_region,No-Op,4042,5,27.0,0.2857142857142857,1.0,900,-456.015625
saudi,cross_region,No-Op,4042,6,27.0,0.2857142857142857,1.0,874,-635.1953125
saudi,cross_region,No-Op,4042,7,27.0,0.2857142857142857,1.0,900,-687.587890625
saudi,cross_region,No-Op,4042,8,27.0,0.2857142857142857,1.0,900,-720.087890625
saudi,cross_region,No-Op,4042,9,27.0,0.2857142857142857,1.0,900,-698.28125
saudi,cross_region,No-Op,4042,10,27.0,0.2857142857142857,1.0,855,-556.123046875
saudi,cross_region,No-Op,4042,11,27.0,0.2857142857142857,1.0,900,-588.232421875
saudi,cross_region,No-Op,4042,12,27.0,0.2857142857142857,1.0,884,-657.55859375
saudi,cross_region,No-Op,4042,13,27.0,0.2857142857142857,1.0,893,-708.291015625
saudi,cross_region,No-Op,4042,14,27.0,0.2857142857142857,1.0,900,-622.080078125
saudi,cross_region,Learned Hierarchical [trained on california],42,0,27.0,0.2857142857142857,0.9797979797979798,900,-191.26953125
saudi,cross_region,Learned Hierarchical [trained on california],42,1,27.0,0.2857142857142857,0.9632183908045977,869,-607.48046875
saudi,cross_region,Learned Hierarchical [trained on california],42,2,27.0,0.2857142857142857,0.9057471264367816,896,-738.33984375
saudi,cross_region,Learned Hierarchical [trained on california],42,3,27.0,0.2857142857142857,0.9862068965517241,757,-403.583984375
saudi,cross_region,Learned Hierarchical [trained on california],42,4,27.0,0.2857142857142857,0.9241379310344827,885,-668.720703125
saudi,cross_region,Learned Hierarchical [trained on california],42,5,27.0,0.2857142857142857,0.7839506172839507,900,-351.396484375
saudi,cross_region,Learned Hierarchical [trained on california],42,6,27.0,0.2857142857142857,0.8188405797101449,900,-572.59765625
saudi,cross_region,Learned Hierarchical [trained on california],42,7,27.0,0.2857142857142857,0.9770114942528736,900,-161.376953125
saudi,cross_region,Learned Hierarchical [trained on california],42,8,27.0,0.2857142857142857,0.9862068965517241,817,-507.646484375
saudi,cross_region,Learned Hierarchical [trained on california],42,9,27.0,0.2857142857142857,0.8125,899,-629.08203125
saudi,cross_region,Learned Hierarchical [trained on california],42,10,27.0,0.2857142857142857,0.9391534391534392,897,-537.421875
saudi,cross_region,Learned Hierarchical [trained on california],42,11,27.0,0.2857142857142857,0.938375350140056,898,-627.05078125
saudi,cross_region,Learned Hierarchical [trained on california],42,12,27.0,0.2857142857142857,0.9292929292929293,899,-414.169921875
saudi,cross_region,Learned Hierarchical [trained on california],42,13,27.0,0.2857142857142857,0.9862068965517241,678,-315.48828125
saudi,cross_region,Learned Hierarchical [trained on california],42,14,27.0,0.2857142857142857,0.8725490196078431,899,-730.908203125
saudi,cross_region,Learned Hierarchical [trained on california],1042,0,27.0,0.2857142857142857,0.9678362573099415,897,-583.798828125
saudi,cross_region,Learned Hierarchical [trained on california],1042,1,27.0,0.2857142857142857,0.9862068965517241,853,-586.552734375
saudi,cross_region,Learned Hierarchical [trained on california],1042,2,27.0,0.2857142857142857,0.8601190476190477,900,-653.45703125
saudi,cross_region,Learned Hierarchical [trained on california],1042,3,27.0,0.2857142857142857,0.9586206896551724,835,-543.173828125
saudi,cross_region,Learned Hierarchical [trained on california],1042,4,27.0,0.2857142857142857,0.8174603174603174,900,-471.279296875
saudi,cross_region,Learned Hierarchical [trained on california],1042,5,27.0,0.2857142857142857,0.9833333333333333,899,-238.7109375
saudi,cross_region,Learned Hierarchical [trained on california],1042,6,27.0,0.2857142857142857,0.9043715846994536,897,-656.5234375
saudi,cross_region,Learned Hierarchical [trained on california],1042,7,27.0,0.2857142857142857,0.8928571428571429,896,-665.439453125
saudi,cross_region,Learned Hierarchical [trained on california],1042,8,27.0,0.2857142857142857,0.8497652582159625,899,-444.814453125
saudi,cross_region,Learned Hierarchical [trained on california],1042,9,27.0,0.2857142857142857,0.855072463768116,899,-296.103515625
saudi,cross_region,Learned Hierarchical [trained on california],1042,10,27.0,0.2857142857142857,0.9839080459770115,806,-486.6015625
saudi,cross_region,Learned Hierarchical [trained on california],1042,11,27.0,0.2857142857142857,0.7943262411347518,900,-617.294921875
saudi,cross_region,Learned Hierarchical [trained on california],1042,12,27.0,0.2857142857142857,0.7943262411347518,900,-617.275390625
saudi,cross_region,Learned Hierarchical [trained on california],1042,13,27.0,0.2857142857142857,0.8611111111111112,898,-713.994140625
saudi,cross_region,Learned Hierarchical [trained on california],1042,14,27.0,0.2857142857142857,0.9494252873563218,881,-666.923828125
saudi,cross_region,Learned Hierarchical [trained on california],2042,0,27.0,0.2857142857142857,0.9862068965517241,856,-594.423828125
saudi,cross_region,Learned Hierarchical [trained on california],2042,1,27.0,0.2857142857142857,0.86,899,-639.873046875
saudi,cross_region,Learned Hierarchical [trained on california],2042,2,27.0,0.2857142857142857,0.8727272727272727,899,-677.08984375
saudi,cross_region,Learned Hierarchical [trained on california],2042,3,27.0,0.2857142857142857,0.9375,900,-190.13671875
saudi,cross_region,Learned Hierarchical [trained on california],2042,4,27.0,0.2857142857142857,0.8627450980392157,900,-455.29296875
saudi,cross_region,Learned Hierarchical [trained on california],2042,5,27.0,0.2857142857142857,0.8392857142857143,900,-679.189453125
saudi,cross_region,Learned Hierarchical [trained on california],2042,6,27.0,0.2857142857142857,0.9632183908045977,873,-589.86328125
saudi,cross_region,Learned Hierarchical [trained on california],2042,7,27.0,0.2857142857142857,0.855072463768116,899,-296.083984375
saudi,cross_region,Learned Hierarchical [trained on california],2042,8,27.0,0.2857142857142857,0.8348082595870207,900,-696.318359375
saudi,cross_region,Learned Hierarchical [trained on california],2042,9,27.0,0.2857142857142857,0.8850574712643678,899,-693.505859375
saudi,cross_region,Learned Hierarchical [trained on california],2042,10,27.0,0.2857142857142857,0.8457300275482094,900,-639.951171875
saudi,cross_region,Learned Hierarchical [trained on california],2042,11,27.0,0.2857142857142857,0.8125,900,-390.712890625
saudi,cross_region,Learned Hierarchical [trained on california],2042,12,27.0,0.2857142857142857,0.9393939393939394,898,-596.669921875
saudi,cross_region,Learned Hierarchical [trained on california],2042,13,27.0,0.2857142857142857,0.7746478873239436,900,-466.50390625
saudi,cross_region,Learned Hierarchical [trained on california],2042,14,27.0,0.2857142857142857,0.8805031446540881,899,-649.00390625
saudi,cross_region,Learned Hierarchical [trained on california],3042,0,27.0,0.2857142857142857,0.9793103448275862,791,-459.306640625
saudi,cross_region,Learned Hierarchical [trained on california],3042,1,27.0,0.2857142857142857,0.9004629629629629,897,-714.296875
saudi,cross_region,Learned Hierarchical [trained on california],3042,2,27.0,0.2857142857142857,0.9733333333333334,900,-131.23046875
saudi,cross_region,Learned Hierarchical [trained on california],3042,3,27.0,0.2857142857142857,0.8776978417266187,899,-746.845703125
saudi,cross_region,Learned Hierarchical [trained on california],3042,4,27.0,0.2857142857142857,0.8725490196078431,899,-414.0234375
saudi,cross_region,Learned Hierarchical [trained on california],3042,5,27.0,0.2857142857142857,0.7948717948717948,900,-437.2265625
saudi,cross_region,Learned Hierarchical [trained on california],3042,6,27.0,0.2857142857142857,0.9358024691358025,896,-629.90234375
saudi,cross_region,Learned Hierarchical [trained on california],3042,7,27.0,0.2857142857142857,0.9839080459770115,849,-519.345703125
saudi,cross_region,Learned Hierarchical [trained on california],3042,8,27.0,0.2857142857142857,0.9632183908045977,863,-586.54296875
saudi,cross_region,Learned Hierarchical [trained on california],3042,9,27.0,0.2857142857142857,0.8867313915857605,898,-553.53515625
saudi,cross_region,Learned Hierarchical [trained on california],3042,10,27.0,0.2857142857142857,0.8650793650793651,898,-683.0859375
saudi,cross_region,Learned Hierarchical [trained on california],3042,11,27.0,0.2857142857142857,0.8834688346883469,898,-703.974609375
saudi,cross_region,Learned Hierarchical [trained on california],3042,12,27.0,0.2857142857142857,0.8875502008032129,899,-538.505859375
saudi,cross_region,Learned Hierarchical [trained on california],3042,13,27.0,0.2857142857142857,0.8682170542635659,900,-712.685546875
saudi,cross_region,Learned Hierarchical [trained on california],3042,14,27.0,0.2857142857142857,0.8815426997245179,900,-691.3671875
saudi,cross_region,Learned Hierarchical [trained on california],4042,0,27.0,0.2857142857142857,0.9241379310344827,887,-665.009765625
saudi,cross_region,Learned Hierarchical [trained on california],4042,1,27.0,0.2857142857142857,0.923728813559322,898,-573.525390625
saudi,cross_region,Learned Hierarchical [trained on california],4042,2,27.0,0.2857142857142857,0.9862068965517241,747,-381.572265625
saudi,cross_region,Learned Hierarchical [trained on california],4042,3,27.0,0.2857142857142857,0.9777777777777777,900,-169.033203125
saudi,cross_region,Learned Hierarchical [trained on california],4042,4,27.0,0.2857142857142857,0.825,900,-534.70703125
saudi,cross_region,Learned Hierarchical [trained on california],4042,5,27.0,0.2857142857142857,0.8138528138528138,900,-456.015625
saudi,cross_region,Learned Hierarchical [trained on california],4042,6,27.0,0.2857142857142857,0.9425287356321839,871,-633.4765625
saudi,cross_region,Learned Hierarchical [trained on california],4042,7,27.0,0.2857142857142857,0.8681592039800995,899,-686.796875
saudi,cross_region,Learned Hierarchical [trained on california],4042,8,27.0,0.2857142857142857,0.8928571428571429,897,-718.2421875
saudi,cross_region,Learned Hierarchical [trained on california],4042,9,27.0,0.2857142857142857,0.8596491228070176,898,-697.197265625
saudi,cross_region,Learned Hierarchical [trained on california],4042,10,27.0,0.2857142857142857,0.9839080459770115,851,-553.88671875
saudi,cross_region,Learned Hierarchical [trained on california],4042,11,27.0,0.2857142857142857,0.7903780068728522,900,-588.232421875
saudi,cross_region,Learned Hierarchical [trained on california],4042,12,27.0,0.2857142857142857,0.9356321839080459,881,-655.25390625
saudi,cross_region,Learned Hierarchical [trained on california],4042,13,27.0,0.2857142857142857,0.9287356321839081,891,-706.62109375
saudi,cross_region,Learned Hierarchical [trained on california],4042,14,27.0,0.2857142857142857,0.8535825545171339,900,-622.080078125
saudi,cross_region,CommNet (matched) [trained on california],42,0,27.0,0.2857142857142857,0.7171717171717171,895,-190.109765625
saudi,cross_region,CommNet (matched) [trained on california],42,1,27.0,0.2857142857142857,0.7034482758620689,859,-610.6472656249998
saudi,cross_region,CommNet (matched) [trained on california],42,2,27.0,0.2857142857142857,0.9885057471264368,883,-730.498046875
saudi,cross_region,CommNet (matched) [trained on california],42,3,19.0,0.42857142857142855,0.9977011494252873,741,-399.4140625
saudi,cross_region,CommNet (matched) [trained on california],42,4,27.0,0.2857142857142857,0.9977011494252873,882,-670.244140625
saudi,cross_region,CommNet (matched) [trained on california],42,5,27.0,0.2857142857142857,1.0,900,-351.396484375
saudi,cross_region,CommNet (matched) [trained on california],42,6,27.0,0.2857142857142857,0.7427536231884058,900,-572.59765625
saudi,cross_region,CommNet (matched) [trained on california],42,7,27.0,0.2857142857142857,0.7,890,-168.932421875
saudi,cross_region,CommNet (matched) [trained on california],42,8,27.0,0.2857142857142857,0.9977011494252873,819,-508.80859375
saudi,cross_region,CommNet (matched) [trained on california],42,9,27.0,0.2857142857142857,0.6956521739130435,889,-589.408984375
saudi,cross_region,CommNet (matched) [trained on california],42,10,27.0,0.2857142857142857,0.8095238095238095,891,-531.416015625
saudi,cross_region,CommNet (matched) [trained on california],42,11,27.0,0.2857142857142857,0.9971988795518207,885,-619.267578125
saudi,cross_region,CommNet (matched) [trained on california],42,12,27.0,0.2857142857142857,0.7171717171717171,889,-408.048828125
saudi,cross_region,CommNet (matched) [trained on california],42,13,27.0,0.2857142857142857,0.9977011494252873,680,-315.95703125
saudi,cross_region,CommNet (matched) [trained on california],42,14,27.0,0.2857142857142857,0.9975490196078431,894,-730.185546875
saudi,cross_region,CommNet (matched) [trained on california],1042,0,27.0,0.2857142857142857,0.7456140350877193,885,-577.201171875
saudi,cross_region,CommNet (matched) [trained on california],1042,1,27.0,0.2857142857142857,0.9977011494252873,853,-588.935546875
saudi,cross_region,CommNet (matched) [trained on california],1042,2,27.0,0.2857142857142857,0.8065476190476191,896,-650.0390625
saudi,cross_region,CommNet (matched) [trained on california],1042,3,27.0,0.2857142857142857,0.9977011494252873,835,-544.39453125
saudi,cross_region,CommNet (matched) [trained on california],1042,4,27.0,0.2857142857142857,0.7871485943775101,894,-461.083984375
saudi,cross_region,CommNet (matched) [trained on california],1042,5,27.0,0.2857142857142857,0.7,895,-237.929296875
saudi,cross_region,CommNet (matched) [trained on california],1042,6,27.0,0.2857142857142857,0.9972677595628415,893,-652.041015625
saudi,cross_region,CommNet (matched) [trained on california],1042,7,19.0,0.42857142857142855,0.8095238095238095,882,-656.9816406250002
saudi,cross_region,CommNet (matched) [trained on california],1042,8,27.0,0.2857142857142857,0.7652582159624414,876,-433.134765625
saudi,cross_region,CommNet (matched) [trained on california],1042,9,27.0,0.2857142857142857,1.0,900,-296.3671875
saudi,cross_region,CommNet (matched) [trained on california],1042,10,27.0,0.2857142857142857,0.8275862068965517,793,-487.65312499999993
saudi,cross_region,CommNet (matched) [trained on california],1042,11,27.0,0.2857142857142857,0.7553191489361702,890,-612.3675781249999
saudi,cross_region,CommNet (matched) [trained on california],1042,12,27.0,0.2857142857142857,0.7553191489361702,890,-612.3480468749999
saudi,cross_region,CommNet (matched) [trained on california],1042,13,27.0,0.2857142857142857,0.7,885,-707.56953125
saudi,cross_region,CommNet (matched) [trained on california],1042,14,27.0,0.2857142857142857,0.9977011494252873,870,-653.671875
saudi,cross_region,CommNet (matched) [trained on california],2042,0,27.0,0.2857142857142857,0.9977011494252873,854,-595.693359375
saudi,cross_region,CommNet (matched) [trained on california],2042,1,27.0,0.2857142857142857,0.6266666666666667,895,-636.80390625
saudi,cross_region,CommNet (matched) [trained on california],2042,2,27.0,0.2857142857142857,0.6757575757575758,893,-673.0464843750001
saudi,cross_region,CommNet (matched) [trained on california],2042,3,27.0,0.2857142857142857,1.0,900,-190.13671875
saudi,cross_region,CommNet (matched) [trained on california],2042,4,27.0,0.2857142857142857,0.75,889,-449.0625
saudi,cross_region,CommNet (matched) [trained on california],2042,5,27.0,0.2857142857142857,1.0,892,-660.107421875
saudi,cross_region,CommNet (matched) [trained on california],2042,6,19.0,0.42857142857142855,0.9977011494252873,857,-576.953125
saudi,cross_region,CommNet (matched) [trained on california],2042,7,27.0,0.2857142857142857,1.0,900,-296.34765625
saudi,cross_region,CommNet (matched) [trained on california],2042,8,27.0,0.2857142857142857,0.9847094801223242,896,-661.103515625
saudi,cross_region,CommNet (matched) [trained on california],2042,9,27.0,0.2857142857142857,0.9080459770114943,880,-680.390625
saudi,cross_region,CommNet (matched) [trained on california],2042,10,27.0,0.2857142857142857,0.9971751412429378,884,-611.689453125
saudi,cross_region,CommNet (matched) [trained on california],2042,11,27.0,0.2857142857142857,0.8854166666666666,900,-390.712890625
saudi,cross_region,CommNet (matched) [trained on california],2042,12,27.0,0.2857142857142857,0.5969696969696969,883,-590.0738281249999
saudi,cross_region,CommNet (matched) [trained on california],2042,13,27.0,0.2857142857142857,0.9154929577464789,896,-465.21484375
saudi,cross_region,CommNet (matched) [trained on california],2042,14,27.0,0.2857142857142857,0.7075471698113207,888,-639.565234375
saudi,cross_region,CommNet (matched) [trained on california],3042,0,27.0,0.2857142857142857,0.9977011494252873,795,-461.07421875
saudi,cross_region,CommNet (matched) [trained on california],3042,1,27.0,0.2857142857142857,0.9976851851851852,893,-708.486328125
saudi,cross_region,CommNet (matched) [trained on california],3042,2,27.0,0.2857142857142857,0.7066666666666667,900,-131.23046875
saudi,cross_region,CommNet (matched) [trained on california],3042,3,27.0,0.2857142857142857,0.9904076738609112,893,-745.888671875
saudi,cross_region,CommNet (matched) [trained on california],3042,4,27.0,0.2857142857142857,0.75,889,-409.8140625000001
saudi,cross_region,CommNet (matched) [trained on california],3042,5,27.0,0.2857142857142857,0.6615384615384615,889,-433.525390625
saudi,cross_region,CommNet (matched) [trained on california],3042,6,27.0,0.2857142857142857,0.9975308641975309,891,-624.130859375
saudi,cross_region,CommNet (matched) [trained on california],3042,7,27.0,0.2857142857142857,0.9977011494252873,839,-512.021484375
saudi,cross_region,CommNet (matched) [trained on california],3042,8,27.0,0.2857142857142857,0.774712643678161,856,-587.9390625
saudi,cross_region,CommNet (matched) [trained on california],3042,9,27.0,0.2857142857142857,0.6148867313915858,878,-547.3441406249999
saudi,cross_region,CommNet (matched) [trained on california],3042,10,27.0,0.2857142857142857,0.8888888888888888,891,-674.208984375
saudi,cross_region,CommNet (matched) [trained on california],3042,11,27.0,0.2857142857142857,0.7696476964769647,893,-698.349609375
saudi,cross_region,CommNet (matched) [trained on california],3042,12,27.0,0.2857142857142857,0.7068273092369478,892,-533.239453125
saudi,cross_region,CommNet (matched) [trained on california],3042,13,27.0,0.2857142857142857,0.8656330749354005,895,-710.3515625
saudi,cross_region,CommNet (matched) [trained on california],3042,14,27.0,0.2857142857142857,0.7300275482093664,886,-686.26953125
saudi,cross_region,CommNet (matched) [trained on california],4042,0,19.0,0.42857142857142855,0.9977011494252873,882,-661.025390625
saudi,cross_region,CommNet (matched) [trained on california],4042,1,27.0,0.2857142857142857,0.536723163841808,888,-570.435546875
saudi,cross_region,CommNet (matched) [trained on california],4042,2,27.0,0.2857142857142857,0.9977011494252873,743,-378.45703125
saudi,cross_region,CommNet (matched) [trained on california],4042,3,27.0,0.2857142857142857,0.9777777777777777,897,-168.4203125
saudi,cross_region,CommNet (matched) [trained on california],4042,4,27.0,0.2857142857142857,0.675,894,-531.562109375
saudi,cross_region,CommNet (matched) [trained on california],4042,5,27.0,0.2857142857142857,0.8828828828828829,894,-429.013671875
saudi,cross_region,CommNet (matched) [trained on california],4042,6,27.0,0.2857142857142857,0.9977011494252873,865,-634.267578125
saudi,cross_region,CommNet (matched) [trained on california],4042,7,27.0,0.2857142857142857,0.7562189054726368,884,-684.225390625
saudi,cross_region,CommNet (matched) [trained on california],4042,8,27.0,0.2857142857142857,0.7476190476190476,894,-713.564453125
saudi,cross_region,CommNet (matched) [trained on california],4042,9,27.0,0.2857142857142857,0.35964912280701755,892,-690.870703125
saudi,cross_region,CommNet (matched) [trained on california],4042,10,27.0,0.2857142857142857,0.8413793103448276,842,-547.773046875
saudi,cross_region,CommNet (matched) [trained on california],4042,11,27.0,0.2857142857142857,0.9896907216494846,895,-587.578125
saudi,cross_region,CommNet (matched) [trained on california],4042,12,27.0,0.2857142857142857,0.9977011494252873,870,-654.86328125
saudi,cross_region,CommNet (matched) [trained on california],4042,13,27.0,0.2857142857142857,0.7517241379310344,885,-705.64453125
saudi,cross_region,CommNet (matched) [trained on california],4042,14,27.0,0.2857142857142857,0.8909657320872274,899,-621.259765625
saudi,wind_plus90,No-Op,42,0,27.0,0.2857142857142857,1.0,900,-408.59375
saudi,wind_plus90,No-Op,42,1,27.0,0.2857142857142857,1.0,900,-430.341796875
saudi,wind_plus90,No-Op,42,2,27.0,0.2857142857142857,1.0,900,-545.947265625
saudi,wind_plus90,No-Op,42,3,27.0,0.2857142857142857,1.0,900,-592.5390625
saudi,wind_plus90,No-Op,42,4,27.0,0.2857142857142857,1.0,900,-437.67578125
saudi,wind_plus90,No-Op,42,5,27.0,0.2857142857142857,1.0,900,-504.404296875
saudi,wind_plus90,No-Op,42,6,27.0,0.2857142857142857,1.0,900,-465.576171875
saudi,wind_plus90,No-Op,42,7,27.0,0.2857142857142857,1.0,900,-391.19140625
saudi,wind_plus90,No-Op,42,8,27.0,0.2857142857142857,1.0,900,-557.333984375
saudi,wind_plus90,No-Op,42,9,27.0,0.2857142857142857,1.0,900,-486.376953125
saudi,wind_plus90,No-Op,42,10,18.0,0.5714285714285714,1.0,795,-352.421875
saudi,wind_plus90,No-Op,42,11,27.0,0.2857142857142857,1.0,900,-563.056640625
saudi,wind_plus90,No-Op,42,12,27.0,0.2857142857142857,1.0,900,-450.8984375
saudi,wind_plus90,No-Op,42,13,27.0,0.2857142857142857,1.0,900,-571.38671875
saudi,wind_plus90,No-Op,42,14,27.0,0.2857142857142857,1.0,900,-353.349609375
saudi,wind_plus90,No-Op,1042,0,27.0,0.2857142857142857,1.0,899,-530.224609375
saudi,wind_plus90,No-Op,1042,1,27.0,0.2857142857142857,1.0,900,-538.359375
saudi,wind_plus90,No-Op,1042,2,27.0,0.2857142857142857,1.0,900,-361.07421875
saudi,wind_plus90,No-Op,1042,3,27.0,0.2857142857142857,1.0,900,-535.6640625
saudi,wind_plus90,No-Op,1042,4,27.0,0.2857142857142857,1.0,900,-467.294921875
saudi,wind_plus90,No-Op,1042,5,27.0,0.2857142857142857,1.0,900,-395.80078125
saudi,wind_plus90,No-Op,1042,6,27.0,0.2857142857142857,1.0,900,-543.056640625
saudi,wind_plus90,No-Op,1042,7,27.0,0.2857142857142857,1.0,900,-578.06640625
saudi,wind_plus90,No-Op,1042,8,27.0,0.2857142857142857,1.0,900,-451.328125
saudi,wind_plus90,No-Op,1042,9,27.0,0.2857142857142857,1.0,900,-473.017578125
saudi,wind_plus90,No-Op,1042,10,27.0,0.2857142857142857,1.0,900,-491.748046875
saudi,wind_plus90,No-Op,1042,11,27.0,0.2857142857142857,1.0,900,-457.744140625
saudi,wind_plus90,No-Op,1042,12,27.0,0.2857142857142857,1.0,900,-457.71484375
saudi,wind_plus90,No-Op,1042,13,27.0,0.2857142857142857,1.0,900,-449.31640625
saudi,wind_plus90,No-Op,1042,14,27.0,0.2857142857142857,1.0,900,-543.37890625
saudi,wind_plus90,No-Op,2042,0,27.0,0.2857142857142857,1.0,900,-547.59765625
saudi,wind_plus90,No-Op,2042,1,27.0,0.2857142857142857,1.0,900,-489.04296875
saudi,wind_plus90,No-Op,2042,2,27.0,0.2857142857142857,1.0,900,-451.5234375
saudi,wind_plus90,No-Op,2042,3,27.0,0.2857142857142857,1.0,900,-425.80078125
saudi,wind_plus90,No-Op,2042,4,27.0,0.2857142857142857,1.0,900,-462.822265625
saudi,wind_plus90,No-Op,2042,5,27.0,0.2857142857142857,1.0,900,-376.7578125
saudi,wind_plus90,No-Op,2042,6,27.0,0.2857142857142857,1.0,900,-594.091796875
saudi,wind_plus90,No-Op,2042,7,27.0,0.2857142857142857,1.0,900,-472.998046875
saudi,wind_plus90,No-Op,2042,8,27.0,0.2857142857142857,1.0,900,-397.9296875
saudi,wind_plus90,No-Op,2042,9,27.0,0.2857142857142857,1.0,900,-481.2890625
saudi,wind_plus90,No-Op,2042,10,27.0,0.2857142857142857,1.0,900,-313.5546875
saudi,wind_plus90,No-Op,2042,11,27.0,0.2857142857142857,1.0,900,-469.384765625
saudi,wind_plus90,No-Op,2042,12,27.0,0.2857142857142857,1.0,900,-534.716796875
saudi,wind_plus90,No-Op,2042,13,27.0,0.2857142857142857,1.0,900,-463.349609375
saudi,wind_plus90,No-Op,2042,14,27.0,0.2857142857142857,1.0,900,-483.779296875
saudi,wind_plus90,No-Op,3042,0,27.0,0.2857142857142857,1.0,900,-567.67578125
saudi,wind_plus90,No-Op,3042,1,27.0,0.2857142857142857,1.0,900,-556.875
saudi,wind_plus90,No-Op,3042,2,27.0,0.2857142857142857,1.0,900,-396.5234375
saudi,wind_plus90,No-Op,3042,3,27.0,0.2857142857142857,1.0,900,-378.92578125
saudi,wind_plus90,No-Op,3042,4,27.0,0.2857142857142857,1.0,900,-439.130859375
saudi,wind_plus90,No-Op,3042,5,27.0,0.2857142857142857,1.0,900,-494.677734375
saudi,wind_plus90,No-Op,3042,6,27.0,0.2857142857142857,1.0,893,-537.958984375
saudi,wind_plus90,No-Op,3042,7,27.0,0.2857142857142857,1.0,900,-630.869140625
saudi,wind_plus90,No-Op,3042,8,27.0,0.2857142857142857,1.0,900,-425.4296875
saudi,wind_plus90,No-Op,3042,9,27.0,0.2857142857142857,1.0,900,-507.578125
saudi,wind_plus90,No-Op,3042,10,27.0,0.2857142857142857,1.0,900,-528.53515625
saudi,wind_plus90,No-Op,3042,11,27.0,0.2857142857142857,1.0,900,-508.369140625
saudi,wind_plus90,No-Op,3042,12,27.0,0.2857142857142857,1.0,900,-465.13671875
saudi,wind_plus90,No-Op,3042,13,27.0,0.2857142857142857,1.0,900,-392.5390625
saudi,wind_plus90,No-Op,3042,14,27.0,0.2857142857142857,1.0,900,-323.017578125
saudi,wind_plus90,No-Op,4042,0,27.0,0.2857142857142857,1.0,900,-583.92578125
saudi,wind_plus90,No-Op,4042,1,27.0,0.2857142857142857,1.0,892,-473.80859375
saudi,wind_plus90,No-Op,4042,2,27.0,0.2857142857142857,1.0,900,-597.529296875
saudi,wind_plus90,No-Op,4042,3,27.0,0.2857142857142857,1.0,900,-408.994140625
saudi,wind_plus90,No-Op,4042,4,27.0,0.2857142857142857,1.0,900,-498.359375
saudi,wind_plus90,No-Op,4042,5,27.0,0.2857142857142857,1.0,900,-463.06640625
saudi,wind_plus90,No-Op,4042,6,27.0,0.2857142857142857,1.0,900,-530.99609375
saudi,wind_plus90,No-Op,4042,7,27.0,0.2857142857142857,1.0,900,-290.185546875
saudi,wind_plus90,No-Op,4042,8,27.0,0.2857142857142857,1.0,900,-549.248046875
saudi,wind_plus90,No-Op,4042,9,27.0,0.2857142857142857,1.0,900,-434.90234375
saudi,wind_plus90,No-Op,4042,10,27.0,0.2857142857142857,1.0,900,-598.671875
saudi,wind_plus90,No-Op,4042,11,27.0,0.2857142857142857,1.0,900,-452.216796875
saudi,wind_plus90,No-Op,4042,12,27.0,0.2857142857142857,1.0,900,-458.056640625
saudi,wind_plus90,No-Op,4042,13,27.0,0.2857142857142857,1.0,900,-525.244140625
saudi,wind_plus90,No-Op,4042,14,27.0,0.2857142857142857,1.0,900,-386.337890625
saudi,wind_plus90,Value-First Heuristic,42,0,15.0,0.42857142857142855,0.9969135802469136,897,-408.349609375
saudi,wind_plus90,Value-First Heuristic,42,1,27.0,0.2857142857142857,0.9953703703703703,900,-430.341796875
saudi,wind_plus90,Value-First Heuristic,42,2,15.0,0.42857142857142855,0.99,898,-545.1953125
saudi,wind_plus90,Value-First Heuristic,42,3,15.0,0.42857142857142855,0.9972451790633609,897,-591.103515625
saudi,wind_plus90,Value-First Heuristic,42,4,15.0,0.42857142857142855,0.9908675799086758,899,-437.275390625
saudi,wind_plus90,Value-First Heuristic,42,5,15.0,0.42857142857142855,0.9965986394557823,897,-503.75
saudi,wind_plus90,Value-First Heuristic,42,6,15.0,0.42857142857142855,0.9956140350877193,897,-464.658203125
saudi,wind_plus90,Value-First Heuristic,42,7,15.0,0.42857142857142855,0.9938837920489296,897,-390.95703125
saudi,wind_plus90,Value-First Heuristic,42,8,15.0,0.42857142857142855,0.9904761904761905,898,-556.201171875
saudi,wind_plus90,Value-First Heuristic,42,9,15.0,0.42857142857142855,0.9966329966329966,897,-486.0546875
saudi,wind_plus90,Value-First Heuristic,42,10,12.0,0.5714285714285714,0.9977011494252873,794,-352.28515625
saudi,wind_plus90,Value-First Heuristic,42,11,15.0,0.42857142857142855,0.993006993006993,896,-561.982421875
saudi,wind_plus90,Value-First Heuristic,42,12,15.0,0.42857142857142855,1.0,897,-450.576171875
saudi,wind_plus90,Value-First Heuristic,42,13,15.0,0.42857142857142855,0.994535519125683,897,-570.068359375
saudi,wind_plus90,Value-First Heuristic,42,14,15.0,0.42857142857142855,0.9887005649717514,899,-353.076171875
saudi,wind_plus90,Value-First Heuristic,1042,0,15.0,0.42857142857142855,0.993103448275862,895,-529.306640625
saudi,wind_plus90,Value-First Heuristic,1042,1,15.0,0.42857142857142855,0.9964912280701754,899,-537.96875
saudi,wind_plus90,Value-First Heuristic,1042,2,15.0,0.42857142857142855,0.9836065573770492,899,-360.91796875
saudi,wind_plus90,Value-First Heuristic,1042,3,15.0,0.42857142857142855,0.9965635738831615,899,-535.2734375
saudi,wind_plus90,Value-First Heuristic,1042,4,15.0,0.42857142857142855,0.9956709956709957,897,-466.357421875
saudi,wind_plus90,Value-First Heuristic,1042,5,15.0,0.42857142857142855,0.996969696969697,897,-395.576171875
saudi,wind_plus90,Value-First Heuristic,1042,6,15.0,0.42857142857142855,0.9921875,896,-542.001953125
saudi,wind_plus90,Value-First Heuristic,1042,7,15.0,0.42857142857142855,0.9905437352245863,896,-576.69921875
saudi,wind_plus90,Value-First Heuristic,1042,8,15.0,0.42857142857142855,0.9971751412429378,897,-451.025390625
saudi,wind_plus90,Value-First Heuristic,1042,9,15.0,0.42857142857142855,1.0,897,-472.587890625
saudi,wind_plus90,Value-First Heuristic,1042,10,15.0,0.42857142857142855,0.9961685823754789,899,-491.2890625
saudi,wind_plus90,Value-First Heuristic,1042,11,15.0,0.42857142857142855,1.0,897,-457.32421875
saudi,wind_plus90,Value-First Heuristic,1042,12,15.0,0.42857142857142855,1.0,897,-457.3046875
saudi,wind_plus90,Value-First Heuristic,1042,13,15.0,0.42857142857142855,0.991869918699187,897,-448.41796875
saudi,wind_plus90,Value-First Heuristic,1042,14,15.0,0.42857142857142855,0.993127147766323,898,-542.40234375
saudi,wind_plus90,Value-First Heuristic,2042,0,15.0,0.42857142857142855,0.9932659932659933,898,-546.54296875
saudi,wind_plus90,Value-First Heuristic,2042,1,15.0,0.42857142857142855,0.9965986394557823,896,-488.2421875
saudi,wind_plus90,Value-First Heuristic,2042,2,15.0,0.42857142857142855,0.9962121212121212,897,-451.23046875
saudi,wind_plus90,Value-First Heuristic,2042,3,15.0,0.42857142857142855,0.9967948717948718,897,-425.458984375
saudi,wind_plus90,Value-First Heuristic,2042,4,15.0,0.42857142857142855,1.0,897,-471.2890625
saudi,wind_plus90,Value-First Heuristic,2042,5,15.0,0.42857142857142855,0.9850746268656716,898,-376.201171875
saudi,wind_plus90,Value-First Heuristic,2042,6,15.0,0.42857142857142855,0.9895833333333334,896,-592.34375
saudi,wind_plus90,Value-First Heuristic,2042,7,15.0,0.42857142857142855,1.0,897,-472.568359375
saudi,wind_plus90,Value-First Heuristic,2042,8,15.0,0.42857142857142855,0.9907407407407407,897,-397.20703125
saudi,wind_plus90,Value-First Heuristic,2042,9,15.0,0.42857142857142855,0.9929824561403509,897,-480.966796875
saudi,wind_plus90,Value-First Heuristic,2042,10,15.0,0.42857142857142855,0.9869281045751634,898,-312.958984375
saudi,wind_plus90,Value-First Heuristic,2042,11,15.0,0.42857142857142855,1.0,897,-468.681640625
saudi,wind_plus90,Value-First Heuristic,2042,12,15.0,0.42857142857142855,0.9927536231884058,896,-533.759765625
saudi,wind_plus90,Value-First Heuristic,2042,13,15.0,0.42857142857142855,1.0,897,-462.763671875
saudi,wind_plus90,Value-First Heuristic,2042,14,15.0,0.42857142857142855,0.9968253968253968,897,-483.515625
saudi,wind_plus90,Value-First Heuristic,3042,0,15.0,0.42857142857142855,0.9969418960244648,897,-566.181640625
saudi,wind_plus90,Value-First Heuristic,3042,1,15.0,0.42857142857142855,0.992,896,-555.556640625
saudi,wind_plus90,Value-First Heuristic,3042,2,15.0,0.42857142857142855,1.0,896,-395.986328125
saudi,wind_plus90,Value-First Heuristic,3042,3,15.0,0.42857142857142855,0.9894179894179894,899,-378.6328125
saudi,wind_plus90,Value-First Heuristic,3042,4,15.0,0.42857142857142855,1.0,897,-438.837890625
saudi,wind_plus90,Value-First Heuristic,3042,5,15.0,0.42857142857142855,1.0,896,-493.73046875
saudi,wind_plus90,Value-First Heuristic,3042,6,15.0,0.42857142857142855,0.993103448275862,889,-536.826171875
saudi,wind_plus90,Value-First Heuristic,3042,7,15.0,0.42857142857142855,0.9951690821256038,897,-629.755859375
saudi,wind_plus90,Value-First Heuristic,3042,8,27.0,0.2857142857142857,0.9952380952380953,900,-425.4296875
saudi,wind_plus90,Value-First Heuristic,3042,9,15.0,0.42857142857142855,0.9953051643192489,896,-506.708984375
saudi,wind_plus90,Value-First Heuristic,3042,10,15.0,0.42857142857142855,0.9912280701754386,896,-527.421875
saudi,wind_plus90,Value-First Heuristic,3042,11,15.0,0.42857142857142855,0.9895833333333334,897,-507.216796875
saudi,wind_plus90,Value-First Heuristic,3042,12,15.0,0.42857142857142855,1.0,897,-473.65234375
saudi,wind_plus90,Value-First Heuristic,3042,13,15.0,0.42857142857142855,0.98989898989899,899,-392.314453125
saudi,wind_plus90,Value-First Heuristic,3042,14,15.0,0.42857142857142855,0.9941520467836257,898,-322.6953125
saudi,wind_plus90,Value-First Heuristic,4042,0,15.0,0.42857142857142855,0.9943019943019943,897,-583.037109375
saudi,wind_plus90,Value-First Heuristic,4042,1,15.0,0.42857142857142855,0.9977011494252873,889,-473.49609375
saudi,wind_plus90,Value-First Heuristic,4042,2,15.0,0.42857142857142855,0.9948320413436692,897,-596.328125
saudi,wind_plus90,Value-First Heuristic,4042,3,15.0,0.42857142857142855,0.9969135802469136,897,-408.73046875
saudi,wind_plus90,Value-First Heuristic,4042,4,15.0,0.42857142857142855,0.9966666666666667,897,-497.958984375
saudi,wind_plus90,Value-First Heuristic,4042,5,15.0,0.42857142857142855,0.9915611814345991,898,-462.34375
saudi,wind_plus90,Value-First Heuristic,4042,6,15.0,0.42857142857142855,0.9927536231884058,898,-529.931640625
saudi,wind_plus90,Value-First Heuristic,4042,7,27.0,0.2857142857142857,1.0,900,-290.185546875
saudi,wind_plus90,Value-First Heuristic,4042,8,15.0,0.42857142857142855,0.991869918699187,896,-548.017578125
saudi,wind_plus90,Value-First Heuristic,4042,9,15.0,0.42857142857142855,0.9920634920634921,897,-434.62890625
saudi,wind_plus90,Value-First Heuristic,4042,10,15.0,0.42857142857142855,0.9918032786885246,896,-596.796875
saudi,wind_plus90,Value-First Heuristic,4042,11,15.0,0.42857142857142855,1.0,898,-451.806640625
saudi,wind_plus90,Value-First Heuristic,4042,12,15.0,0.42857142857142855,0.9913419913419913,899,-457.646484375
saudi,wind_plus90,Value-First Heuristic,4042,13,15.0,0.42857142857142855,0.9925925925925926,898,-524.23828125
saudi,wind_plus90,Value-First Heuristic,4042,14,15.0,0.42857142857142855,0.9894179894179894,898,-385.693359375
saudi,wind_plus90,Local Reactive,42,0,27.0,0.2857142857142857,0.9876543209876543,859,-384.523828125
saudi,wind_plus90,Local Reactive,42,1,27.0,0.2857142857142857,0.9907407407407407,888,-420.99609375
saudi,wind_plus90,Local Reactive,42,2,7.0,0.42857142857142855,1.0,856,-546.77734375
saudi,wind_plus90,Local Reactive,42,3,19.0,0.42857142857142855,1.0,830,-583.154296875
saudi,wind_plus90,Local Reactive,42,4,27.0,0.2857142857142857,0.9817351598173516,881,-427.9125
saudi,wind_plus90,Local Reactive,42,5,27.0,0.2857142857142857,0.9965986394557823,856,-479.072265625
saudi,wind_plus90,Local Reactive,42,6,27.0,0.2857142857142857,0.9956140350877193,884,-452.63671875
saudi,wind_plus90,Local Reactive,42,7,27.0,0.2857142857142857,0.9793103448275862,829,-627.905078125
saudi,wind_plus90,Local Reactive,42,8,27.0,0.2857142857142857,0.9841269841269841,863,-529.658203125
saudi,wind_plus90,Local Reactive,42,9,27.0,0.2857142857142857,0.9967320261437909,854,-487.8125
saudi,wind_plus90,Local Reactive,42,10,18.0,0.5714285714285714,0.993103448275862,675,-330.5296875
saudi,wind_plus90,Local Reactive,42,11,27.0,0.2857142857142857,0.9906759906759907,818,-521.640625
saudi,wind_plus90,Local Reactive,42,12,27.0,0.2857142857142857,0.9948717948717949,842,-529.23828125
saudi,wind_plus90,Local Reactive,42,13,27.0,0.2857142857142857,1.0,839,-547.890625
saudi,wind_plus90,Local Reactive,42,14,27.0,0.2857142857142857,1.0,892,-348.642578125
saudi,wind_plus90,Local Reactive,1042,0,27.0,0.2857142857142857,1.0,838,-493.701171875
saudi,wind_plus90,Local Reactive,1042,1,27.0,0.2857142857142857,0.9754385964912281,863,-514.211328125
saudi,wind_plus90,Local Reactive,1042,2,27.0,0.2857142857142857,1.0,894,-356.748046875
saudi,wind_plus90,Local Reactive,1042,3,27.0,0.2857142857142857,1.0,868,-516.455078125
saudi,wind_plus90,Local Reactive,1042,4,27.0,0.2857142857142857,0.9956709956709957,868,-445.83984375
saudi,wind_plus90,Local Reactive,1042,5,27.0,0.2857142857142857,0.9939393939393939,827,-367.919921875
saudi,wind_plus90,Local Reactive,1042,6,27.0,0.2857142857142857,0.9948717948717949,845,-526.220703125
saudi,wind_plus90,Local Reactive,1042,7,27.0,0.2857142857142857,1.0,844,-568.837890625
saudi,wind_plus90,Local Reactive,1042,8,27.0,0.2857142857142857,1.0,813,-483.65234375
saudi,wind_plus90,Local Reactive,1042,9,27.0,0.2857142857142857,0.9966996699669967,852,-457.59765625
saudi,wind_plus90,Local Reactive,1042,10,27.0,0.2857142857142857,1.0,858,-482.021484375
saudi,wind_plus90,Local Reactive,1042,11,27.0,0.2857142857142857,1.0,867,-490.2734375
saudi,wind_plus90,Local Reactive,1042,12,27.0,0.2857142857142857,0.9923371647509579,866,-456.318359375
saudi,wind_plus90,Local Reactive,1042,13,27.0,0.2857142857142857,1.0,883,-435.6640625
saudi,wind_plus90,Local Reactive,1042,14,27.0,0.2857142857142857,0.9933993399339934,846,-536.591796875
saudi,wind_plus90,Local Reactive,2042,0,27.0,0.2857142857142857,1.0,875,-527.431640625
saudi,wind_plus90,Local Reactive,2042,1,27.0,0.2857142857142857,0.9869281045751634,862,-491.748046875
saudi,wind_plus90,Local Reactive,2042,2,7.0,0.42857142857142855,0.9850187265917603,859,-438.740234375
saudi,wind_plus90,Local Reactive,2042,3,19.0,0.42857142857142855,0.9935897435897436,847,-401.318359375
saudi,wind_plus90,Local Reactive,2042,4,27.0,0.2857142857142857,0.9813084112149533,849,-463.95000000000005
saudi,wind_plus90,Local Reactive,2042,5,27.0,0.2857142857142857,0.9950248756218906,894,-373.2421875
saudi,wind_plus90,Local Reactive,2042,6,27.0,0.2857142857142857,1.0,804,-637.94921875
saudi,wind_plus90,Local Reactive,2042,7,27.0,0.2857142857142857,1.0,860,-459.53125
saudi,wind_plus90,Local Reactive,2042,8,27.0,0.2857142857142857,0.9814814814814815,894,-393.056640625
saudi,wind_plus90,Local Reactive,2042,9,27.0,0.2857142857142857,1.0,859,-483.73046875
saudi,wind_plus90,Local Reactive,2042,10,27.0,0.2857142857142857,1.0,895,-311.162109375
saudi,wind_plus90,Local Reactive,2042,11,27.0,0.2857142857142857,1.0,869,-448.974609375
saudi,wind_plus90,Local Reactive,2042,12,27.0,0.2857142857142857,0.9879227053140096,847,-505.458984375
saudi,wind_plus90,Local Reactive,2042,13,19.0,0.42857142857142855,1.0,867,-451.025390625
saudi,wind_plus90,Local Reactive,2042,14,27.0,0.2857142857142857,0.9875389408099688,850,-474.406640625
saudi,wind_plus90,Local Reactive,3042,0,27.0,0.2857142857142857,1.0,840,-662.421875
saudi,wind_plus90,Local Reactive,3042,1,27.0,0.2857142857142857,1.0,848,-538.193359375
saudi,wind_plus90,Local Reactive,3042,2,27.0,0.2857142857142857,1.0,837,-357.138671875
saudi,wind_plus90,Local Reactive,3042,3,27.0,0.2857142857142857,1.0,891,-372.998046875
saudi,wind_plus90,Local Reactive,3042,4,27.0,0.2857142857142857,0.9944903581267218,845,-418.73046875
saudi,wind_plus90,Local Reactive,3042,5,27.0,0.2857142857142857,0.9897959183673469,873,-485.859375
saudi,wind_plus90,Local Reactive,3042,6,27.0,0.2857142857142857,0.9977011494252873,836,-495.234375
saudi,wind_plus90,Local Reactive,3042,7,27.0,0.2857142857142857,0.9952380952380953,833,-604.609375
saudi,wind_plus90,Local Reactive,3042,8,27.0,0.2857142857142857,0.9857142857142858,880,-411.164453125
saudi,wind_plus90,Local Reactive,3042,9,27.0,0.2857142857142857,0.9929577464788732,828,-469.94140625
saudi,wind_plus90,Local Reactive,3042,10,27.0,0.2857142857142857,0.9916666666666667,846,-539.580078125
saudi,wind_plus90,Local Reactive,3042,11,27.0,0.2857142857142857,1.0,872,-543.076171875
saudi,wind_plus90,Local Reactive,3042,12,27.0,0.2857142857142857,0.9938837920489296,852,-447.314453125
saudi,wind_plus90,Local Reactive,3042,13,27.0,0.2857142857142857,0.9848484848484849,886,-383.828125
saudi,wind_plus90,Local Reactive,3042,14,27.0,0.2857142857142857,0.9824561403508771,897,-321.044921875
saudi,wind_plus90,Local Reactive,4042,0,27.0,0.2857142857142857,1.0,852,-595.927734375
saudi,wind_plus90,Local Reactive,4042,1,18.0,0.5714285714285714,0.9954022988505747,781,-436.865234375
saudi,wind_plus90,Local Reactive,4042,2,27.0,0.2857142857142857,0.9925373134328358,851,-599.43359375
saudi,wind_plus90,Local Reactive,4042,3,19.0,0.42857142857142855,0.9938271604938271,848,-388.59375
saudi,wind_plus90,Local Reactive,4042,4,19.0,0.42857142857142855,0.9966996699669967,854,-472.2265625
saudi,wind_plus90,Local Reactive,4042,5,27.0,0.2857142857142857,1.0,881,-449.619140625
saudi,wind_plus90,Local Reactive,4042,6,27.0,0.2857142857142857,0.9855072463768116,869,-509.33828125
saudi,wind_plus90,Local Reactive,4042,7,27.0,0.2857142857142857,1.0,892,-286.806640625
saudi,wind_plus90,Local Reactive,4042,8,27.0,0.2857142857142857,1.0,844,-559.306640625
saudi,wind_plus90,Local Reactive,4042,9,27.0,0.2857142857142857,1.0,864,-473.73046875
saudi,wind_plus90,Local Reactive,4042,10,27.0,0.2857142857142857,0.9946236559139785,850,-581.906640625
saudi,wind_plus90,Local Reactive,4042,11,27.0,0.2857142857142857,1.0,877,-430.986328125
saudi,wind_plus90,Local Reactive,4042,12,27.0,0.2857142857142857,1.0,878,-441.171875
saudi,wind_plus90,Local Reactive,4042,13,27.0,0.2857142857142857,0.9925925925925926,859,-500.3125
saudi,wind_plus90,Local Reactive,4042,14,27.0,0.2857142857142857,1.0,893,-382.666015625
saudi,wind_plus90,Learned Hierarchical,42,0,15.0,0.42857142857142855,0.9259259259259259,897,-408.349609375
saudi,wind_plus90,Learned Hierarchical,42,1,27.0,0.2857142857142857,1.0,900,-430.341796875
saudi,wind_plus90,Learned Hierarchical,42,2,15.0,0.42857142857142855,0.99,897,-545.0390625
saudi,wind_plus90,Learned Hierarchical,42,3,15.0,0.42857142857142855,0.9917355371900827,897,-591.103515625
saudi,wind_plus90,Learned Hierarchical,42,4,27.0,0.2857142857142857,0.9908675799086758,900,-437.67578125
saudi,wind_plus90,Learned Hierarchical,42,5,15.0,0.42857142857142855,0.9761904761904762,897,-503.75
saudi,wind_plus90,Learned Hierarchical,42,6,15.0,0.42857142857142855,0.9692982456140351,897,-464.6484375
saudi,wind_plus90,Learned Hierarchical,42,7,15.0,0.42857142857142855,0.9541284403669725,897,-390.95703125
saudi,wind_plus90,Learned Hierarchical,42,8,15.0,0.42857142857142855,0.9936507936507937,899,-556.953125
saudi,wind_plus90,Learned Hierarchical,42,9,15.0,0.42857142857142855,0.9090909090909091,897,-486.0546875
saudi,wind_plus90,Learned Hierarchical,42,10,12.0,0.5714285714285714,0.9862068965517241,793,-351.962890625
saudi,wind_plus90,Learned Hierarchical,42,11,15.0,0.42857142857142855,0.993006993006993,896,-561.982421875
saudi,wind_plus90,Learned Hierarchical,42,12,15.0,0.42857142857142855,0.9230769230769231,897,-450.576171875
saudi,wind_plus90,Learned Hierarchical,42,13,15.0,0.42857142857142855,0.9918032786885246,896,-569.287109375
saudi,wind_plus90,Learned Hierarchical,42,14,15.0,0.42857142857142855,1.0,897,-352.5390625
saudi,wind_plus90,Learned Hierarchical,1042,0,15.0,0.42857142857142855,0.9839080459770115,895,-529.27734375
saudi,wind_plus90,Learned Hierarchical,1042,1,15.0,0.42857142857142855,0.9859649122807017,899,-537.96875
saudi,wind_plus90,Learned Hierarchical,1042,2,15.0,0.42857142857142855,1.0,897,-360.48828125
saudi,wind_plus90,Learned Hierarchical,1042,3,15.0,0.42857142857142855,0.9965635738831615,899,-535.2734375
saudi,wind_plus90,Learned Hierarchical,1042,4,15.0,0.42857142857142855,1.0,897,-466.23046875
saudi,wind_plus90,Learned Hierarchical,1042,5,15.0,0.42857142857142855,0.9212121212121213,897,-395.576171875
saudi,wind_plus90,Learned Hierarchical,1042,6,15.0,0.42857142857142855,0.9661458333333334,896,-542.001953125
saudi,wind_plus90,Learned Hierarchical,1042,7,15.0,0.42857142857142855,0.9621749408983451,896,-576.708984375
saudi,wind_plus90,Learned Hierarchical,1042,8,15.0,0.42857142857142855,0.923728813559322,897,-451.025390625
saudi,wind_plus90,Learned Hierarchical,1042,9,15.0,0.42857142857142855,0.9433333333333334,897,-472.587890625
saudi,wind_plus90,Learned Hierarchical,1042,10,15.0,0.42857142857142855,1.0,899,-491.2890625
saudi,wind_plus90,Learned Hierarchical,1042,11,15.0,0.42857142857142855,0.9333333333333333,897,-457.32421875
saudi,wind_plus90,Learned Hierarchical,1042,12,15.0,0.42857142857142855,0.9333333333333333,897,-457.3046875
saudi,wind_plus90,Learned Hierarchical,1042,13,15.0,0.42857142857142855,0.9308943089430894,897,-448.876953125
saudi,wind_plus90,Learned Hierarchical,1042,14,15.0,0.42857142857142855,0.9965635738831615,898,-542.40234375
saudi,wind_plus90,Learned Hierarchical,2042,0,15.0,0.42857142857142855,0.9932659932659933,899,-547.24609375
saudi,wind_plus90,Learned Hierarchical,2042,1,15.0,0.42857142857142855,0.9081632653061225,897,-488.720703125
saudi,wind_plus90,Learned Hierarchical,2042,2,15.0,0.42857142857142855,0.8977272727272727,897,-451.23046875
saudi,wind_plus90,Learned Hierarchical,2042,3,15.0,0.42857142857142855,0.9775641025641025,897,-425.458984375
saudi,wind_plus90,Learned Hierarchical,2042,4,15.0,0.42857142857142855,0.9142857142857143,897,-471.2890625
saudi,wind_plus90,Learned Hierarchical,2042,5,15.0,0.42857142857142855,1.0,897,-376.328125
saudi,wind_plus90,Learned Hierarchical,2042,6,15.0,0.42857142857142855,0.9973958333333334,897,-593.193359375
saudi,wind_plus90,Learned Hierarchical,2042,7,15.0,0.42857142857142855,0.9433333333333334,897,-472.568359375
saudi,wind_plus90,Learned Hierarchical,2042,8,15.0,0.42857142857142855,0.9675925925925926,897,-397.5390625
saudi,wind_plus90,Learned Hierarchical,2042,9,15.0,0.42857142857142855,0.9403508771929825,897,-480.966796875
saudi,wind_plus90,Learned Hierarchical,2042,10,15.0,0.42857142857142855,1.0,897,-312.734375
saudi,wind_plus90,Learned Hierarchical,2042,11,15.0,0.42857142857142855,0.9725490196078431,897,-468.681640625
saudi,wind_plus90,Learned Hierarchical,2042,12,15.0,0.42857142857142855,0.966183574879227,896,-533.759765625
saudi,wind_plus90,Learned Hierarchical,2042,13,15.0,0.42857142857142855,0.9725490196078431,897,-462.763671875
saudi,wind_plus90,Learned Hierarchical,2042,14,15.0,0.42857142857142855,0.9047619047619048,897,-483.515625
saudi,wind_plus90,Learned Hierarchical,3042,0,15.0,0.42857142857142855,0.9908256880733946,898,-566.337890625
saudi,wind_plus90,Learned Hierarchical,3042,1,15.0,0.42857142857142855,0.9573333333333334,897,-556.25
saudi,wind_plus90,Learned Hierarchical,3042,2,15.0,0.42857142857142855,0.9781931464174455,897,-396.240234375
saudi,wind_plus90,Learned Hierarchical,3042,3,15.0,0.42857142857142855,1.0,897,-377.998046875
saudi,wind_plus90,Learned Hierarchical,3042,4,15.0,0.42857142857142855,0.9527777777777777,897,-438.837890625
saudi,wind_plus90,Learned Hierarchical,3042,5,15.0,0.42857142857142855,0.9415807560137457,897,-494.140625
saudi,wind_plus90,Learned Hierarchical,3042,6,15.0,0.42857142857142855,0.9977011494252873,889,-536.826171875
saudi,wind_plus90,Learned Hierarchical,3042,7,15.0,0.42857142857142855,0.9855072463768116,897,-629.755859375
saudi,wind_plus90,Learned Hierarchical,3042,8,27.0,0.2857142857142857,1.0,900,-425.4296875
saudi,wind_plus90,Learned Hierarchical,3042,9,15.0,0.42857142857142855,0.960093896713615,896,-506.708984375
saudi,wind_plus90,Learned Hierarchical,3042,10,15.0,0.42857142857142855,0.9590643274853801,896,-527.431640625
saudi,wind_plus90,Learned Hierarchical,3042,11,15.0,0.42857142857142855,0.9583333333333334,897,-507.822265625
saudi,wind_plus90,Learned Hierarchical,3042,12,15.0,0.42857142857142855,0.9174311926605505,897,-473.65234375
saudi,wind_plus90,Learned Hierarchical,3042,13,15.0,0.42857142857142855,1.0,897,-391.81640625
saudi,wind_plus90,Learned Hierarchical,3042,14,15.0,0.42857142857142855,1.0,897,-322.5
saudi,wind_plus90,Learned Hierarchical,4042,0,15.0,0.42857142857142855,0.9971509971509972,897,-583.037109375
saudi,wind_plus90,Learned Hierarchical,4042,1,15.0,0.42857142857142855,0.993103448275862,888,-473.017578125
saudi,wind_plus90,Learned Hierarchical,4042,2,15.0,0.42857142857142855,0.9922480620155039,897,-596.328125
saudi,wind_plus90,Learned Hierarchical,4042,3,15.0,0.42857142857142855,0.9783950617283951,897,-408.73046875
saudi,wind_plus90,Learned Hierarchical,4042,4,15.0,0.42857142857142855,0.91,896,-497.51953125
saudi,wind_plus90,Learned Hierarchical,4042,5,15.0,0.42857142857142855,0.9704641350210971,897,-462.16796875
saudi,wind_plus90,Learned Hierarchical,4042,6,15.0,0.42857142857142855,0.9963768115942029,899,-530.625
saudi,wind_plus90,Learned Hierarchical,4042,7,27.0,0.2857142857142857,1.0,898,-289.638671875
saudi,wind_plus90,Learned Hierarchical,4042,8,15.0,0.42857142857142855,0.948509485094851,897,-548.681640625
saudi,wind_plus90,Learned Hierarchical,4042,9,15.0,0.42857142857142855,0.9325396825396826,897,-434.62890625
saudi,wind_plus90,Learned Hierarchical,4042,10,15.0,0.42857142857142855,0.9726775956284153,898,-597.75390625
saudi,wind_plus90,Learned Hierarchical,4042,11,15.0,0.42857142857142855,1.0,897,-451.30859375
saudi,wind_plus90,Learned Hierarchical,4042,12,15.0,0.42857142857142855,0.9956709956709957,899,-457.646484375
saudi,wind_plus90,Learned Hierarchical,4042,13,15.0,0.42857142857142855,1.0,898,-524.23828125
saudi,wind_plus90,Learned Hierarchical,4042,14,15.0,0.42857142857142855,1.0,897,-385.60546875
saudi,wind_plus90,CommNet (matched),42,0,-5.0,0.5714285714285714,0.6742424242424242,883,-611.85
saudi,wind_plus90,CommNet (matched),42,1,21.0,0.42857142857142855,0.4305555555555556,893,-426.78203125
saudi,wind_plus90,CommNet (matched),42,2,7.0,0.42857142857142855,0.38666666666666666,893,-542.696875
saudi,wind_plus90,CommNet (matched),42,3,-11.0,0.7142857142857143,0.5179063360881543,881,-582.453125
saudi,wind_plus90,CommNet (matched),42,4,21.0,0.42857142857142855,0.680365296803653,892,-433.95234375
saudi,wind_plus90,CommNet (matched),42,5,7.0,0.42857142857142855,0.3877551020408163,892,-503.13124999999997
saudi,wind_plus90,CommNet (matched),42,6,-11.0,0.7142857142857143,0.6798245614035088,885,-460.4265625
saudi,wind_plus90,CommNet (matched),42,7,1.0,0.5714285714285714,0.674863387978142,883,-499.806640625
saudi,wind_plus90,CommNet (matched),42,8,7.0,0.42857142857142855,0.38412698412698415,893,-553.468359375
saudi,wind_plus90,CommNet (matched),42,9,7.0,0.42857142857142855,0.3872053872053872,892,-485.074609375
saudi,wind_plus90,CommNet (matched),42,10,-5.0,0.7142857142857143,0.6735632183908046,781,-351.86953125
saudi,wind_plus90,CommNet (matched),42,11,1.0,0.5714285714285714,0.6736596736596736,882,-558.695703125
saudi,wind_plus90,CommNet (matched),42,12,-5.0,0.5714285714285714,0.674074074074074,883,-602.49453125
saudi,wind_plus90,CommNet (matched),42,13,-11.0,0.7142857142857143,0.5273224043715847,878,-559.594140625
saudi,wind_plus90,CommNet (matched),42,14,9.0,0.5714285714285714,0.4689265536723164,892,-351.22226562500003
saudi,wind_plus90,CommNet (matched),1042,0,1.0,0.5714285714285714,0.6735632183908046,881,-526.40078125
saudi,wind_plus90,CommNet (matched),1042,1,-11.0,0.7142857142857143,0.6771929824561403,890,-533.239453125
saudi,wind_plus90,CommNet (matched),1042,2,21.0,0.42857142857142855,0.36065573770491804,889,-360.030078125
saudi,wind_plus90,CommNet (matched),1042,3,7.0,0.42857142857142855,0.38831615120274915,893,-532.218359375
saudi,wind_plus90,CommNet (matched),1042,4,-11.0,0.7142857142857143,0.6796536796536796,885,-461.549609375
saudi,wind_plus90,CommNet (matched),1042,5,-5.0,0.5714285714285714,0.674074074074074,883,-607.57265625
saudi,wind_plus90,CommNet (matched),1042,6,-11.0,0.7142857142857143,0.6744791666666666,880,-538.773828125
saudi,wind_plus90,CommNet (matched),1042,7,1.0,0.5714285714285714,0.6099290780141844,882,-572.523828125
saudi,wind_plus90,CommNet (matched),1042,8,1.0,0.5714285714285714,0.6747311827956989,883,-499.748046875
saudi,wind_plus90,CommNet (matched),1042,9,1.0,0.5714285714285714,0.6757575757575758,882,-554.962890625
saudi,wind_plus90,CommNet (matched),1042,10,-5.0,0.5714285714285714,0.6781609195402298,891,-486.891796875
saudi,wind_plus90,CommNet (matched),1042,11,7.0,0.42857142857142855,0.396078431372549,891,-456.7296875
saudi,wind_plus90,CommNet (matched),1042,12,7.0,0.42857142857142855,0.396078431372549,891,-456.719921875
saudi,wind_plus90,CommNet (matched),1042,13,7.0,0.42857142857142855,0.7113821138211383,891,-445.116796875
saudi,wind_plus90,CommNet (matched),1042,14,7.0,0.42857142857142855,0.38831615120274915,893,-540.050390625
saudi,wind_plus90,CommNet (matched),2042,0,7.0,0.42857142857142855,0.3872053872053872,893,-543.88828125
saudi,wind_plus90,CommNet (matched),2042,1,7.0,0.42857142857142855,0.3877551020408163,892,-487.633203125
saudi,wind_plus90,CommNet (matched),2042,2,7.0,0.42857142857142855,0.39325842696629215,894,-459.27890625
saudi,wind_plus90,CommNet (matched),2042,3,-5.0,0.5714285714285714,0.6747311827956989,883,-594.95546875
saudi,wind_plus90,CommNet (matched),2042,4,-11.0,0.7142857142857143,0.6299435028248588,882,-580.7953125
saudi,wind_plus90,CommNet (matched),2042,5,7.0,0.42857142857142855,0.4626865671641791,893,-375.59257812500005
saudi,wind_plus90,CommNet (matched),2042,6,-11.0,0.7142857142857143,0.6744791666666666,880,-586.781640625
saudi,wind_plus90,CommNet (matched),2042,7,1.0,0.5714285714285714,0.6757575757575758,882,-554.97265625
saudi,wind_plus90,CommNet (matched),2042,8,7.0,0.42857142857142855,0.45539906103286387,893,-388.053515625
saudi,wind_plus90,CommNet (matched),2042,9,7.0,0.42857142857142855,0.38596491228070173,892,-480.35273437499995
saudi,wind_plus90,CommNet (matched),2042,10,27.0,0.2857142857142857,0.6797385620915033,897,-312.61953125
saudi,wind_plus90,CommNet (matched),2042,11,7.0,0.42857142857142855,0.396078431372549,890,-468.287109375
saudi,wind_plus90,CommNet (matched),2042,12,1.0,0.5714285714285714,0.6739130434782609,882,-531.06875
saudi,wind_plus90,CommNet (matched),2042,13,7.0,0.42857142857142855,0.396078431372549,882,-463.73476562499985
saudi,wind_plus90,CommNet (matched),2042,14,7.0,0.42857142857142855,0.38412698412698415,892,-482.92617187499997
saudi,wind_plus90,CommNet (matched),3042,0,7.0,0.42857142857142855,0.382262996941896,893,-564.0640625
saudi,wind_plus90,CommNet (matched),3042,1,-11.0,0.7142857142857143,0.6746666666666666,880,-551.47890625
saudi,wind_plus90,CommNet (matched),3042,2,-11.0,0.7142857142857143,0.6373333333333333,883,-548.43203125
saudi,wind_plus90,CommNet (matched),3042,3,21.0,0.42857142857142855,0.7354497354497355,891,-374.938671875
saudi,wind_plus90,CommNet (matched),3042,4,1.0,0.5714285714285714,0.6746666666666666,883,-479.240234375
saudi,wind_plus90,CommNet (matched),3042,5,7.0,0.42857142857142855,0.38831615120274915,891,-493.80976562499995
saudi,wind_plus90,CommNet (matched),3042,6,1.0,0.5714285714285714,0.6206896551724138,875,-533.363671875
saudi,wind_plus90,CommNet (matched),3042,7,-11.0,0.7142857142857143,0.6739130434782609,882,-622.853515625
saudi,wind_plus90,CommNet (matched),3042,8,21.0,0.42857142857142855,0.41904761904761906,896,-423.471484375
saudi,wind_plus90,CommNet (matched),3042,9,1.0,0.5714285714285714,0.6737089201877934,883,-504.181640625
saudi,wind_plus90,CommNet (matched),3042,10,7.0,0.42857142857142855,0.38011695906432746,893,-527.042578125
saudi,wind_plus90,CommNet (matched),3042,11,7.0,0.42857142857142855,0.3888888888888889,890,-506.34375
saudi,wind_plus90,CommNet (matched),3042,12,-5.0,0.5714285714285714,0.6747311827956989,883,-600.0703125
saudi,wind_plus90,CommNet (matched),3042,13,9.0,0.5714285714285714,0.35858585858585856,891,-390.484375
saudi,wind_plus90,CommNet (matched),3042,14,7.0,0.42857142857142855,0.4269005847953216,889,-322.06875
saudi,wind_plus90,CommNet (matched),4042,0,7.0,0.42857142857142855,0.3785310734463277,892,-589.586328125
saudi,wind_plus90,CommNet (matched),4042,1,1.0,0.5714285714285714,0.6436781609195402,874,-470.7953125
saudi,wind_plus90,CommNet (matched),4042,2,-11.0,0.7142857142857143,0.6227390180878553,881,-587.98046875
saudi,wind_plus90,CommNet (matched),4042,3,-5.0,0.5714285714285714,0.6742424242424242,882,-612.184375
saudi,wind_plus90,CommNet (matched),4042,4,7.0,0.42857142857142855,0.3872053872053872,891,-488.87812499999995
saudi,wind_plus90,CommNet (matched),4042,5,-11.0,0.7142857142857143,0.679324894514768,885,-458.580859375
saudi,wind_plus90,CommNet (matched),4042,6,-11.0,0.7142857142857143,0.677536231884058,890,-526.1984375
saudi,wind_plus90,CommNet (matched),4042,7,27.0,0.2857142857142857,0.4583333333333333,897,-289.10390625
saudi,wind_plus90,CommNet (matched),4042,8,-11.0,0.7142857142857143,0.6747967479674797,880,-544.21328125
saudi,wind_plus90,CommNet (matched),4042,9,1.0,0.5714285714285714,0.6111111111111112,886,-433.387890625
saudi,wind_plus90,CommNet (matched),4042,10,-11.0,0.7142857142857143,0.674863387978142,880,-590.22890625
saudi,wind_plus90,CommNet (matched),4042,11,7.0,0.42857142857142855,0.7175925925925926,881,-438.68828125
saudi,wind_plus90,CommNet (matched),4042,12,21.0,0.42857142857142855,0.6796536796536796,892,-454.137890625
saudi,wind_plus90,CommNet (matched),4042,13,-11.0,0.7142857142857143,0.6777777777777778,890,-520.231640625
saudi,wind_plus90,CommNet (matched),4042,14,7.0,0.42857142857142855,0.4777777777777778,882,-360.6246093749999
saudi,assets_rot90,No-Op,42,0,43.0,0.0,1.0,900,-191.298828125
saudi,assets_rot90,No-Op,42,1,43.0,0.0,1.0,872,-609.873046875
saudi,assets_rot90,No-Op,42,2,43.0,0.0,1.0,898,-739.8828125
saudi,assets_rot90,No-Op,42,3,27.0,0.2857142857142857,1.0,761,-405.029296875
saudi,assets_rot90,No-Op,42,4,43.0,0.0,1.0,888,-671.30859375
saudi,assets_rot90,No-Op,42,5,43.0,0.0,1.0,900,-351.455078125
saudi,assets_rot90,No-Op,42,6,43.0,0.0,1.0,900,-572.685546875
saudi,assets_rot90,No-Op,42,7,43.0,0.0,1.0,900,-161.42578125
saudi,assets_rot90,No-Op,42,8,43.0,0.0,1.0,821,-508.88671875
saudi,assets_rot90,No-Op,42,9,43.0,0.0,1.0,900,-629.619140625
saudi,assets_rot90,No-Op,42,10,43.0,0.0,1.0,900,-538.642578125
saudi,assets_rot90,No-Op,42,11,43.0,0.0,1.0,900,-628.466796875
saudi,assets_rot90,No-Op,42,12,43.0,0.0,1.0,900,-414.462890625
saudi,assets_rot90,No-Op,42,13,18.0,0.5714285714285714,1.0,680,-315.95703125
saudi,assets_rot90,No-Op,42,14,43.0,0.0,1.0,900,-731.71875
saudi,assets_rot90,No-Op,1042,0,43.0,0.0,1.0,900,-585.322265625
saudi,assets_rot90,No-Op,1042,1,43.0,0.0,1.0,857,-589.1796875
saudi,assets_rot90,No-Op,1042,2,43.0,0.0,1.0,900,-653.466796875
saudi,assets_rot90,No-Op,1042,3,43.0,0.0,1.0,838,-544.55078125
saudi,assets_rot90,No-Op,1042,4,43.0,0.0,1.0,900,-471.30859375
saudi,assets_rot90,No-Op,1042,5,43.0,0.0,1.0,900,-238.8671875
saudi,assets_rot90,No-Op,1042,6,43.0,0.0,1.0,900,-659.130859375
saudi,assets_rot90,No-Op,1042,7,43.0,0.0,1.0,900,-668.017578125
saudi,assets_rot90,No-Op,1042,8,43.0,0.0,1.0,900,-445.0390625
saudi,assets_rot90,No-Op,1042,9,43.0,0.0,1.0,900,-296.416015625
saudi,assets_rot90,No-Op,1042,10,37.0,0.14285714285714285,1.0,809,-487.9296875
saudi,assets_rot90,No-Op,1042,11,43.0,0.0,1.0,900,-617.34375
saudi,assets_rot90,No-Op,1042,12,43.0,0.0,1.0,900,-617.333984375
saudi,assets_rot90,No-Op,1042,13,43.0,0.0,1.0,900,-715.9375
saudi,assets_rot90,No-Op,1042,14,43.0,0.0,1.0,884,-668.75
saudi,assets_rot90,No-Op,2042,0,43.0,0.0,1.0,859,-595.9765625
saudi,assets_rot90,No-Op,2042,1,43.0,0.0,1.0,900,-640.419921875
saudi,assets_rot90,No-Op,2042,2,43.0,0.0,1.0,900,-677.666015625
saudi,assets_rot90,No-Op,2042,3,43.0,0.0,1.0,900,-190.205078125
saudi,assets_rot90,No-Op,2042,4,43.0,0.0,1.0,900,-455.322265625
saudi,assets_rot90,No-Op,2042,5,43.0,0.0,1.0,900,-679.23828125
saudi,assets_rot90,No-Op,2042,6,43.0,0.0,1.0,877,-592.255859375
saudi,assets_rot90,No-Op,2042,7,43.0,0.0,1.0,900,-296.38671875
saudi,assets_rot90,No-Op,2042,8,43.0,0.0,1.0,900,-696.357421875
saudi,assets_rot90,No-Op,2042,9,43.0,0.0,1.0,900,-694.013671875
saudi,assets_rot90,No-Op,2042,10,43.0,0.0,1.0,900,-639.990234375
saudi,assets_rot90,No-Op,2042,11,43.0,0.0,1.0,900,-390.751953125
saudi,assets_rot90,No-Op,2042,12,43.0,0.0,1.0,900,-597.978515625
saudi,assets_rot90,No-Op,2042,13,43.0,0.0,1.0,900,-466.5625
saudi,assets_rot90,No-Op,2042,14,43.0,0.0,1.0,900,-649.501953125
saudi,assets_rot90,No-Op,3042,0,37.0,0.14285714285714285,1.0,795,-461.103515625
saudi,assets_rot90,No-Op,3042,1,43.0,0.0,1.0,900,-716.123046875
saudi,assets_rot90,No-Op,3042,2,43.0,0.0,1.0,900,-131.2890625
saudi,assets_rot90,No-Op,3042,3,43.0,0.0,1.0,900,-747.685546875
saudi,assets_rot90,No-Op,3042,4,43.0,0.0,1.0,900,-414.248046875
saudi,assets_rot90,No-Op,3042,5,43.0,0.0,1.0,900,-437.265625
saudi,assets_rot90,No-Op,3042,6,43.0,0.0,1.0,900,-632.333984375
saudi,assets_rot90,No-Op,3042,7,43.0,0.0,1.0,853,-521.357421875
saudi,assets_rot90,No-Op,3042,8,43.0,0.0,1.0,866,-588.837890625
saudi,assets_rot90,No-Op,3042,9,43.0,0.0,1.0,900,-554.755859375
saudi,assets_rot90,No-Op,3042,10,43.0,0.0,1.0,900,-685.146484375
saudi,assets_rot90,No-Op,3042,11,43.0,0.0,1.0,900,-705.5859375
saudi,assets_rot90,No-Op,3042,12,43.0,0.0,1.0,900,-538.857421875
saudi,assets_rot90,No-Op,3042,13,43.0,0.0,1.0,900,-712.71484375
saudi,assets_rot90,No-Op,3042,14,43.0,0.0,1.0,900,-691.396484375
saudi,assets_rot90,No-Op,4042,0,43.0,0.0,1.0,890,-666.71875
saudi,assets_rot90,No-Op,4042,1,43.0,0.0,1.0,900,-574.619140625
saudi,assets_rot90,No-Op,4042,2,27.0,0.2857142857142857,1.0,753,-382.900390625
saudi,assets_rot90,No-Op,4042,3,43.0,0.0,1.0,900,-169.0625
saudi,assets_rot90,No-Op,4042,4,43.0,0.0,1.0,900,-534.716796875
saudi,assets_rot90,No-Op,4042,5,43.0,0.0,1.0,900,-456.064453125
saudi,assets_rot90,No-Op,4042,6,43.0,0.0,1.0,874,-635.21484375
saudi,assets_rot90,No-Op,4042,7,43.0,0.0,1.0,900,-687.646484375
saudi,assets_rot90,No-Op,4042,8,43.0,0.0,1.0,900,-720.126953125
saudi,assets_rot90,No-Op,4042,9,43.0,0.0,1.0,900,-698.3203125
saudi,assets_rot90,No-Op,4042,10,43.0,0.0,1.0,855,-556.15234375
saudi,assets_rot90,No-Op,4042,11,43.0,0.0,1.0,900,-588.30078125
saudi,assets_rot90,No-Op,4042,12,43.0,0.0,1.0,884,-657.578125
saudi,assets_rot90,No-Op,4042,13,43.0,0.0,1.0,893,-708.3203125
saudi,assets_rot90,No-Op,4042,14,43.0,0.0,1.0,900,-622.109375
saudi,assets_rot90,Value-First Heuristic,42,0,43.0,0.0,1.0,900,-191.298828125
saudi,assets_rot90,Value-First Heuristic,42,1,43.0,0.0,0.9954022988505747,869,-608.57421875
saudi,assets_rot90,Value-First Heuristic,42,2,43.0,0.0,0.9954022988505747,895,-738.349609375
saudi,assets_rot90,Value-First Heuristic,42,3,27.0,0.2857142857142857,0.9977011494252873,761,-404.765625
saudi,assets_rot90,Value-First Heuristic,42,4,43.0,0.0,0.993103448275862,884,-668.720703125
saudi,assets_rot90,Value-First Heuristic,42,5,43.0,0.0,1.0,900,-351.455078125
saudi,assets_rot90,Value-First Heuristic,42,6,43.0,0.0,0.9963768115942029,900,-572.685546875
saudi,assets_rot90,Value-First Heuristic,42,7,43.0,0.0,1.0,900,-161.42578125
saudi,assets_rot90,Value-First Heuristic,42,8,43.0,0.0,0.9954022988505747,817,-508.18359375
saudi,assets_rot90,Value-First Heuristic,42,9,43.0,0.0,0.9930555555555556,897,-627.646484375
saudi,assets_rot90,Value-First Heuristic,42,10,43.0,0.0,0.9947089947089947,896,-537.32421875
saudi,assets_rot90,Value-First Heuristic,42,11,43.0,0.0,0.9943977591036415,897,-627.32421875
saudi,assets_rot90,Value-First Heuristic,42,12,43.0,0.0,0.9949494949494949,898,-413.984375
saudi,assets_rot90,Value-First Heuristic,42,13,18.0,0.5714285714285714,1.0,679,-315.8203125
saudi,assets_rot90,Value-First Heuristic,42,14,43.0,0.0,0.9950980392156863,897,-729.12109375
saudi,assets_rot90,Value-First Heuristic,1042,0,43.0,0.0,0.9970760233918129,897,-584.365234375
saudi,assets_rot90,Value-First Heuristic,1042,1,43.0,0.0,0.993103448275862,853,-587.3046875
saudi,assets_rot90,Value-First Heuristic,1042,2,43.0,0.0,0.9970238095238095,898,-651.9921875
saudi,assets_rot90,Value-First Heuristic,1042,3,43.0,0.0,0.9954022988505747,835,-543.623046875
saudi,assets_rot90,Value-First Heuristic,1042,4,43.0,0.0,1.0,900,-471.30859375
saudi,assets_rot90,Value-First Heuristic,1042,5,43.0,0.0,1.0,899,-238.701171875
saudi,assets_rot90,Value-First Heuristic,1042,6,43.0,0.0,1.0,897,-657.8125
saudi,assets_rot90,Value-First Heuristic,1042,7,43.0,0.0,0.9976190476190476,897,-666.85546875
saudi,assets_rot90,Value-First Heuristic,1042,8,43.0,0.0,0.9906103286384976,898,-444.55078125
saudi,assets_rot90,Value-First Heuristic,1042,9,43.0,0.0,1.0,900,-296.416015625
saudi,assets_rot90,Value-First Heuristic,1042,10,37.0,0.14285714285714285,0.993103448275862,805,-486.484375
saudi,assets_rot90,Value-First Heuristic,1042,11,43.0,0.0,1.0,898,-616.123046875
saudi,assets_rot90,Value-First Heuristic,1042,12,43.0,0.0,1.0,898,-616.11328125
saudi,assets_rot90,Value-First Heuristic,1042,13,43.0,0.0,0.9944444444444445,898,-714.62890625
saudi,assets_rot90,Value-First Heuristic,1042,14,43.0,0.0,0.993103448275862,880,-666.66015625
saudi,assets_rot90,Value-First Heuristic,2042,0,43.0,0.0,0.993103448275862,855,-594.169921875
saudi,assets_rot90,Value-First Heuristic,2042,1,43.0,0.0,0.9933333333333333,898,-639.1796875
saudi,assets_rot90,Value-First Heuristic,2042,2,43.0,0.0,0.9939393939393939,897,-675.693359375
saudi,assets_rot90,Value-First Heuristic,2042,3,43.0,0.0,1.0,900,-190.205078125
saudi,assets_rot90,Value-First Heuristic,2042,4,43.0,0.0,0.9852941176470589,900,-455.322265625
saudi,assets_rot90,Value-First Heuristic,2042,5,43.0,0.0,0.9940476190476191,898,-677.8515625
saudi,assets_rot90,Value-First Heuristic,2042,6,43.0,0.0,0.9954022988505747,873,-590.712890625
saudi,assets_rot90,Value-First Heuristic,2042,7,43.0,0.0,1.0,900,-296.38671875
saudi,assets_rot90,Value-First Heuristic,2042,8,43.0,0.0,0.9941002949852508,897,-693.994140625
saudi,assets_rot90,Value-First Heuristic,2042,9,43.0,0.0,0.9942528735632183,897,-692.314453125
saudi,assets_rot90,Value-First Heuristic,2042,10,43.0,0.0,0.9972451790633609,897,-637.236328125
saudi,assets_rot90,Value-First Heuristic,2042,11,43.0,0.0,1.0,900,-390.751953125
saudi,assets_rot90,Value-First Heuristic,2042,12,43.0,0.0,0.9939393939393939,897,-596.89453125
saudi,assets_rot90,Value-First Heuristic,2042,13,43.0,0.0,1.0,900,-466.5625
saudi,assets_rot90,Value-First Heuristic,2042,14,43.0,0.0,1.0,896,-646.962890625
saudi,assets_rot90,Value-First Heuristic,3042,0,37.0,0.14285714285714285,0.9954022988505747,792,-460.634765625
saudi,assets_rot90,Value-First Heuristic,3042,1,43.0,0.0,0.9976851851851852,897,-714.82421875
saudi,assets_rot90,Value-First Heuristic,3042,2,43.0,0.0,1.0,900,-131.2890625
saudi,assets_rot90,Value-First Heuristic,3042,3,43.0,0.0,0.9952038369304557,897,-744.921875
saudi,assets_rot90,Value-First Heuristic,3042,4,43.0,0.0,0.9901960784313726,898,-413.837890625
saudi,assets_rot90,Value-First Heuristic,3042,5,43.0,0.0,1.0,898,-436.328125
saudi,assets_rot90,Value-First Heuristic,3042,6,43.0,0.0,1.0,897,-631.201171875
saudi,assets_rot90,Value-First Heuristic,3042,7,43.0,0.0,0.9954022988505747,850,-520.6640625
saudi,assets_rot90,Value-First Heuristic,3042,8,43.0,0.0,0.993103448275862,862,-586.669921875
saudi,assets_rot90,Value-First Heuristic,3042,9,43.0,0.0,1.0,897,-553.73046875
saudi,assets_rot90,Value-First Heuristic,3042,10,43.0,0.0,0.9947089947089947,897,-683.798828125
saudi,assets_rot90,Value-First Heuristic,3042,11,43.0,0.0,0.994579945799458,897,-704.04296875
saudi,assets_rot90,Value-First Heuristic,3042,12,43.0,0.0,0.9919678714859438,898,-538.1640625
saudi,assets_rot90,Value-First Heuristic,3042,13,43.0,0.0,0.9948320413436692,897,-710.21484375
saudi,assets_rot90,Value-First Heuristic,3042,14,43.0,0.0,0.9944903581267218,898,-689.94140625
saudi,assets_rot90,Value-First Heuristic,4042,0,43.0,0.0,0.9954022988505747,887,-665.595703125
saudi,assets_rot90,Value-First Heuristic,4042,1,43.0,0.0,0.9943502824858758,897,-573.7109375
saudi,assets_rot90,Value-First Heuristic,4042,2,21.0,0.42857142857142855,1.0,750,-382.67578125
saudi,assets_rot90,Value-First Heuristic,4042,3,43.0,0.0,1.0,900,-169.0625
saudi,assets_rot90,Value-First Heuristic,4042,4,43.0,0.0,1.0,899,-534.267578125
saudi,assets_rot90,Value-First Heuristic,4042,5,43.0,0.0,1.0,900,-456.064453125
saudi,assets_rot90,Value-First Heuristic,4042,6,43.0,0.0,0.993103448275862,870,-633.193359375
saudi,assets_rot90,Value-First Heuristic,4042,7,43.0,0.0,0.9975124378109452,898,-686.181640625
saudi,assets_rot90,Value-First Heuristic,4042,8,43.0,0.0,0.9976190476190476,897,-718.779296875
saudi,assets_rot90,Value-First Heuristic,4042,9,43.0,0.0,0.9941520467836257,898,-697.1484375
saudi,assets_rot90,Value-First Heuristic,4042,10,43.0,0.0,0.993103448275862,851,-554.70703125
saudi,assets_rot90,Value-First Heuristic,4042,11,43.0,0.0,0.9965635738831615,899,-587.646484375
saudi,assets_rot90,Value-First Heuristic,4042,12,43.0,0.0,0.993103448275862,880,-654.98046875
saudi,assets_rot90,Value-First Heuristic,4042,13,43.0,0.0,0.993103448275862,889,-705.83984375
saudi,assets_rot90,Value-First Heuristic,4042,14,43.0,0.0,0.9968847352024922,898,-620.5078125
saudi,assets_rot90,Local Reactive,42,0,43.0,0.0,1.0,892,-189.296875
saudi,assets_rot90,Local Reactive,42,1,43.0,0.0,1.0,804,-556.77734375
saudi,assets_rot90,Local Reactive,42,2,35.0,0.14285714285714285,1.0,834,-679.189453125
saudi,assets_rot90,Local Reactive,42,3,18.0,0.5714285714285714,1.0,615,-358.45703125
saudi,assets_rot90,Local Reactive,42,4,43.0,0.0,1.0,816,-626.142578125
saudi,assets_rot90,Local Reactive,42,5,43.0,0.0,1.0,892,-347.1484375
saudi,assets_rot90,Local Reactive,42,6,43.0,0.0,0.9855072463768116,882,-555.615234375
saudi,assets_rot90,Local Reactive,42,7,43.0,0.0,0.9770114942528736,893,-159.755859375
saudi,assets_rot90,Local Reactive,42,8,43.0,0.0,0.9839080459770115,749,-465.6640625
saudi,assets_rot90,Local Reactive,42,9,43.0,0.0,0.9722222222222222,882,-614.736328125
saudi,assets_rot90,Local Reactive,42,10,43.0,0.0,0.9894179894179894,842,-506.0765625
saudi,assets_rot90,Local Reactive,42,11,43.0,0.0,0.9943977591036415,853,-597.998046875
saudi,assets_rot90,Local Reactive,42,12,43.0,0.0,1.0,876,-401.30859375
saudi,assets_rot90,Local Reactive,42,13,18.0,0.5714285714285714,1.0,577,-292.607421875
saudi,assets_rot90,Local Reactive,42,14,43.0,0.0,1.0,845,-709.7265625
saudi,assets_rot90,Local Reactive,1042,0,43.0,0.0,1.0,859,-553.564453125
saudi,assets_rot90,Local Reactive,1042,1,35.0,0.14285714285714285,0.9908045977011494,781,-534.21875
saudi,assets_rot90,Local Reactive,1042,2,43.0,0.0,1.0,865,-620.78125
saudi,assets_rot90,Local Reactive,1042,3,37.0,0.14285714285714285,1.0,720,-491.640625
saudi,assets_rot90,Local Reactive,1042,4,43.0,0.0,1.0,883,-456.630859375
saudi,assets_rot90,Local Reactive,1042,5,43.0,0.0,0.9916666666666667,885,-234.58984375
saudi,assets_rot90,Local Reactive,1042,6,43.0,0.0,0.994535519125683,849,-623.662109375
saudi,assets_rot90,Local Reactive,1042,7,43.0,0.0,1.0,834,-610.4296875
saudi,assets_rot90,Local Reactive,1042,8,35.0,0.14285714285714285,1.0,867,-426.6796875
saudi,assets_rot90,Local Reactive,1042,9,43.0,0.0,1.0,896,-294.287109375
saudi,assets_rot90,Local Reactive,1042,10,-1.0,0.5714285714285714,0.9954022988505747,701,-425.322265625
saudi,assets_rot90,Local Reactive,1042,11,43.0,0.0,1.0,894,-611.982421875
saudi,assets_rot90,Local Reactive,1042,12,43.0,0.0,0.9858156028368794,894,-611.9921875
saudi,assets_rot90,Local Reactive,1042,13,43.0,0.0,0.9917355371900827,877,-700.60546875
saudi,assets_rot90,Local Reactive,1042,14,43.0,0.0,1.0,829,-622.041015625
saudi,assets_rot90,Local Reactive,2042,0,43.0,0.0,1.0,805,-558.5546875
saudi,assets_rot90,Local Reactive,2042,1,43.0,0.0,0.9966666666666667,883,-622.861328125
saudi,assets_rot90,Local Reactive,2042,2,43.0,0.0,0.9939393939393939,876,-653.8671875
saudi,assets_rot90,Local Reactive,2042,3,43.0,0.0,1.0,892,-185.7421875
saudi,assets_rot90,Local Reactive,2042,4,43.0,0.0,1.0,887,-447.83203125
saudi,assets_rot90,Local Reactive,2042,5,43.0,0.0,0.9910714285714286,892,-670.029296875
saudi,assets_rot90,Local Reactive,2042,6,35.0,0.14285714285714285,1.0,776,-533.75
saudi,assets_rot90,Local Reactive,2042,7,43.0,0.0,1.0,895,-293.857421875
saudi,assets_rot90,Local Reactive,2042,8,43.0,0.0,1.0,855,-663.828125
saudi,assets_rot90,Local Reactive,2042,9,35.0,0.14285714285714285,1.0,873,-665.78125
saudi,assets_rot90,Local Reactive,2042,10,43.0,0.0,0.9917355371900827,865,-603.703515625
saudi,assets_rot90,Local Reactive,2042,11,43.0,0.0,1.0,888,-382.75390625
saudi,assets_rot90,Local Reactive,2042,12,35.0,0.14285714285714285,0.9878787878787879,868,-577.36328125
saudi,assets_rot90,Local Reactive,2042,13,43.0,0.0,1.0,893,-461.943359375
saudi,assets_rot90,Local Reactive,2042,14,23.0,0.14285714285714285,0.9905660377358491,856,-613.117578125
saudi,assets_rot90,Local Reactive,3042,0,0.0,0.8571428571428571,1.0,648,-416.38671875
saudi,assets_rot90,Local Reactive,3042,1,35.0,0.14285714285714285,1.0,848,-681.474609375
saudi,assets_rot90,Local Reactive,3042,2,43.0,0.0,0.9733333333333334,893,-129.755859375
saudi,assets_rot90,Local Reactive,3042,3,43.0,0.0,0.9977011494252873,854,-724.833984375
saudi,assets_rot90,Local Reactive,3042,4,43.0,0.0,0.9803921568627451,874,-397.03359375
saudi,assets_rot90,Local Reactive,3042,5,43.0,0.0,0.9948717948717949,893,-433.046875
saudi,assets_rot90,Local Reactive,3042,6,43.0,0.0,1.0,843,-576.650390625
saudi,assets_rot90,Local Reactive,3042,7,35.0,0.14285714285714285,0.9954022988505747,792,-483.037109375
saudi,assets_rot90,Local Reactive,3042,8,43.0,0.0,0.9908045977011494,784,-533.351953125
saudi,assets_rot90,Local Reactive,3042,9,43.0,0.0,0.9967637540453075,864,-530.859375
saudi,assets_rot90,Local Reactive,3042,10,43.0,0.0,0.9920634920634921,850,-640.869140625
saudi,assets_rot90,Local Reactive,3042,11,43.0,0.0,0.997289972899729,869,-671.2109375
saudi,assets_rot90,Local Reactive,3042,12,43.0,0.0,0.9919678714859438,879,-523.8671875
saudi,assets_rot90,Local Reactive,3042,13,43.0,0.0,0.9925373134328358,862,-709.130859375
saudi,assets_rot90,Local Reactive,3042,14,43.0,0.0,1.0,888,-678.02734375
saudi,assets_rot90,Local Reactive,4042,0,35.0,0.14285714285714285,1.0,812,-587.021484375
saudi,assets_rot90,Local Reactive,4042,1,35.0,0.14285714285714285,0.9943502824858758,841,-539.39453125
saudi,assets_rot90,Local Reactive,4042,2,18.0,0.5714285714285714,0.993103448275862,670,-348.447265625
saudi,assets_rot90,Local Reactive,4042,3,43.0,0.0,0.9777777777777777,891,-167.0703125
saudi,assets_rot90,Local Reactive,4042,4,43.0,0.0,0.9916666666666667,892,-528.90625
saudi,assets_rot90,Local Reactive,4042,5,43.0,0.0,0.987012987012987,881,-438.8890625
saudi,assets_rot90,Local Reactive,4042,6,43.0,0.0,1.0,811,-593.41796875
saudi,assets_rot90,Local Reactive,4042,7,43.0,0.0,0.9950248756218906,870,-658.740234375
saudi,assets_rot90,Local Reactive,4042,8,43.0,0.0,0.9976190476190476,844,-668.046875
saudi,assets_rot90,Local Reactive,4042,9,43.0,0.0,1.0,888,-682.5
saudi,assets_rot90,Local Reactive,4042,10,35.0,0.14285714285714285,0.993103448275862,787,-509.973046875
saudi,assets_rot90,Local Reactive,4042,11,43.0,0.0,1.0,885,-569.306640625
saudi,assets_rot90,Local Reactive,4042,12,43.0,0.0,1.0,818,-610.419921875
saudi,assets_rot90,Local Reactive,4042,13,43.0,0.0,0.9977011494252873,820,-643.701171875
saudi,assets_rot90,Local Reactive,4042,14,43.0,0.0,1.0,874,-600.029296875
saudi,assets_rot90,Learned Hierarchical,42,0,43.0,0.0,0.98989898989899,900,-191.298828125
saudi,assets_rot90,Learned Hierarchical,42,1,43.0,0.0,1.0,870,-607.685546875
saudi,assets_rot90,Learned Hierarchical,42,2,43.0,0.0,0.993103448275862,897,-738.92578125
saudi,assets_rot90,Learned Hierarchical,42,3,27.0,0.2857142857142857,0.9977011494252873,757,-402.421875
saudi,assets_rot90,Learned Hierarchical,42,4,43.0,0.0,1.0,887,-670.13671875
saudi,assets_rot90,Learned Hierarchical,42,5,43.0,0.0,1.0,900,-351.455078125
saudi,assets_rot90,Learned Hierarchical,42,6,43.0,0.0,1.0,900,-572.685546875
saudi,assets_rot90,Learned Hierarchical,42,7,43.0,0.0,0.9885057471264368,900,-161.42578125
saudi,assets_rot90,Learned Hierarchical,42,8,43.0,0.0,0.9977011494252873,817,-505.712890625
saudi,assets_rot90,Learned Hierarchical,42,9,43.0,0.0,0.9965277777777778,899,-628.955078125
saudi,assets_rot90,Learned Hierarchical,42,10,43.0,0.0,1.0,896,-536.552734375
saudi,assets_rot90,Learned Hierarchical,42,11,43.0,0.0,1.0,896,-625.947265625
saudi,assets_rot90,Learned Hierarchical,42,12,43.0,0.0,0.8939393939393939,899,-414.111328125
saudi,assets_rot90,Learned Hierarchical,42,13,18.0,0.5714285714285714,0.9954022988505747,676,-313.916015625
saudi,assets_rot90,Learned Hierarchical,42,14,43.0,0.0,0.9950980392156863,900,-731.71875
saudi,assets_rot90,Learned Hierarchical,1042,0,43.0,0.0,1.0,897,-583.92578125
saudi,assets_rot90,Learned Hierarchical,1042,1,43.0,0.0,1.0,855,-587.060546875
saudi,assets_rot90,Learned Hierarchical,1042,2,43.0,0.0,1.0,900,-653.466796875
saudi,assets_rot90,Learned Hierarchical,1042,3,43.0,0.0,1.0,836,-542.71484375
saudi,assets_rot90,Learned Hierarchical,1042,4,43.0,0.0,1.0,900,-471.30859375
saudi,assets_rot90,Learned Hierarchical,1042,5,43.0,0.0,0.9916666666666667,899,-238.73046875
saudi,assets_rot90,Learned Hierarchical,1042,6,43.0,0.0,1.0,898,-657.509765625
saudi,assets_rot90,Learned Hierarchical,1042,7,43.0,0.0,0.9880952380952381,896,-665.1953125
saudi,assets_rot90,Learned Hierarchical,1042,8,43.0,0.0,0.9483568075117371,899,-444.658203125
saudi,assets_rot90,Learned Hierarchical,1042,9,43.0,0.0,1.0,900,-296.416015625
saudi,assets_rot90,Learned Hierarchical,1042,10,37.0,0.14285714285714285,0.9977011494252873,806,-485.72265625
saudi,assets_rot90,Learned Hierarchical,1042,11,43.0,0.0,1.0,900,-617.34375
saudi,assets_rot90,Learned Hierarchical,1042,12,43.0,0.0,1.0,900,-617.333984375
saudi,assets_rot90,Learned Hierarchical,1042,13,43.0,0.0,1.0,899,-715.0390625
saudi,assets_rot90,Learned Hierarchical,1042,14,43.0,0.0,0.993103448275862,882,-666.62109375
saudi,assets_rot90,Learned Hierarchical,2042,0,43.0,0.0,0.993103448275862,857,-594.0234375
saudi,assets_rot90,Learned Hierarchical,2042,1,43.0,0.0,0.9866666666666667,899,-639.736328125
saudi,assets_rot90,Learned Hierarchical,2042,2,43.0,0.0,0.996969696969697,899,-676.884765625
saudi,assets_rot90,Learned Hierarchical,2042,3,43.0,0.0,1.0,900,-190.205078125
saudi,assets_rot90,Learned Hierarchical,2042,4,43.0,0.0,0.9950980392156863,899,-454.912109375
saudi,assets_rot90,Learned Hierarchical,2042,5,43.0,0.0,0.9970238095238095,900,-679.23828125
saudi,assets_rot90,Learned Hierarchical,2042,6,43.0,0.0,0.9770114942528736,875,-590.576171875
saudi,assets_rot90,Learned Hierarchical,2042,7,43.0,0.0,1.0,900,-296.38671875
saudi,assets_rot90,Learned Hierarchical,2042,8,43.0,0.0,1.0,900,-696.357421875
saudi,assets_rot90,Learned Hierarchical,2042,9,43.0,0.0,0.9971264367816092,899,-693.232421875
saudi,assets_rot90,Learned Hierarchical,2042,10,43.0,0.0,1.0,900,-639.990234375
saudi,assets_rot90,Learned Hierarchical,2042,11,43.0,0.0,1.0,900,-390.751953125
saudi,assets_rot90,Learned Hierarchical,2042,12,43.0,0.0,0.990909090909091,896,-595.64453125
saudi,assets_rot90,Learned Hierarchical,2042,13,43.0,0.0,1.0,900,-466.5625
saudi,assets_rot90,Learned Hierarchical,2042,14,43.0,0.0,0.9968553459119497,899,-648.857421875
saudi,assets_rot90,Learned Hierarchical,3042,0,37.0,0.14285714285714285,0.9908045977011494,791,-458.0078125
saudi,assets_rot90,Learned Hierarchical,3042,1,43.0,0.0,0.9884259259259259,898,-714.287109375
saudi,assets_rot90,Learned Hierarchical,3042,2,43.0,0.0,1.0,900,-131.2890625
saudi,assets_rot90,Learned Hierarchical,3042,3,43.0,0.0,0.9952038369304557,900,-747.685546875
saudi,assets_rot90,Learned Hierarchical,3042,4,43.0,0.0,0.946078431372549,900,-414.248046875
saudi,assets_rot90,Learned Hierarchical,3042,5,43.0,0.0,1.0,900,-437.265625
saudi,assets_rot90,Learned Hierarchical,3042,6,43.0,0.0,0.9975308641975309,896,-629.736328125
saudi,assets_rot90,Learned Hierarchical,3042,7,43.0,0.0,0.9839080459770115,849,-518.681640625
saudi,assets_rot90,Learned Hierarchical,3042,8,43.0,0.0,0.9977011494252873,864,-587.236328125
saudi,assets_rot90,Learned Hierarchical,3042,9,43.0,0.0,1.0,896,-552.666015625
saudi,assets_rot90,Learned Hierarchical,3042,10,43.0,0.0,0.9973544973544973,898,-683.41796875
saudi,assets_rot90,Learned Hierarchical,3042,11,43.0,0.0,0.997289972899729,899,-704.755859375
saudi,assets_rot90,Learned Hierarchical,3042,12,43.0,0.0,0.9959839357429718,899,-538.349609375
saudi,assets_rot90,Learned Hierarchical,3042,13,43.0,0.0,0.9948320413436692,900,-712.71484375
saudi,assets_rot90,Learned Hierarchical,3042,14,43.0,0.0,0.9944903581267218,900,-691.396484375
saudi,assets_rot90,Learned Hierarchical,4042,0,43.0,0.0,0.9977011494252873,887,-663.671875
saudi,assets_rot90,Learned Hierarchical,4042,1,43.0,0.0,0.9858757062146892,896,-572.568359375
saudi,assets_rot90,Learned Hierarchical,4042,2,27.0,0.2857142857142857,0.9977011494252873,749,-380.634765625
saudi,assets_rot90,Learned Hierarchical,4042,3,43.0,0.0,0.9777777777777777,900,-169.0625
saudi,assets_rot90,Learned Hierarchical,4042,4,43.0,0.0,0.9958333333333333,900,-534.716796875
saudi,assets_rot90,Learned Hierarchical,4042,5,43.0,0.0,1.0,900,-456.064453125
saudi,assets_rot90,Learned Hierarchical,4042,6,43.0,0.0,0.993103448275862,872,-632.978515625
saudi,assets_rot90,Learned Hierarchical,4042,7,43.0,0.0,1.0,900,-687.646484375
saudi,assets_rot90,Learned Hierarchical,4042,8,43.0,0.0,0.9738095238095238,898,-718.251953125
saudi,assets_rot90,Learned Hierarchical,4042,9,43.0,0.0,0.9970760233918129,899,-697.490234375
saudi,assets_rot90,Learned Hierarchical,4042,10,43.0,0.0,0.9839080459770115,851,-553.14453125
saudi,assets_rot90,Learned Hierarchical,4042,11,43.0,0.0,1.0,900,-588.30078125
saudi,assets_rot90,Learned Hierarchical,4042,12,43.0,0.0,0.993103448275862,882,-655.3125
saudi,assets_rot90,Learned Hierarchical,4042,13,43.0,0.0,0.993103448275862,892,-707.28515625
saudi,assets_rot90,Learned Hierarchical,4042,14,43.0,0.0,1.0,900,-622.109375
saudi,assets_rot90,CommNet (matched),42,0,43.0,0.0,0.6666666666666666,891,-190.1046875
saudi,assets_rot90,CommNet (matched),42,1,43.0,0.0,0.6735632183908046,866,-604.08671875
saudi,assets_rot90,CommNet (matched),42,2,43.0,0.0,0.6804597701149425,890,-732.065234375
saudi,assets_rot90,CommNet (matched),42,3,27.0,0.2857142857142857,0.6735632183908046,751,-398.99609375
saudi,assets_rot90,CommNet (matched),42,4,43.0,0.0,0.6735632183908046,881,-663.549609375
saudi,assets_rot90,CommNet (matched),42,5,43.0,0.0,0.4876543209876543,897,-350.226953125
saudi,assets_rot90,CommNet (matched),42,6,43.0,0.0,0.677536231884058,894,-566.74296875
saudi,assets_rot90,CommNet (matched),42,7,43.0,0.0,0.7816091954022989,892,-160.5125
saudi,assets_rot90,CommNet (matched),42,8,43.0,0.0,0.6758620689655173,809,-499.31328125
saudi,assets_rot90,CommNet (matched),42,9,43.0,0.0,0.3715277777777778,893,-625.01875
saudi,assets_rot90,CommNet (matched),42,10,43.0,0.0,0.6746031746031746,890,-534.26953125
saudi,assets_rot90,CommNet (matched),42,11,43.0,0.0,0.6834733893557423,891,-623.1515625
saudi,assets_rot90,CommNet (matched),42,12,43.0,0.0,0.4292929292929293,892,-411.620703125
saudi,assets_rot90,CommNet (matched),42,13,18.0,0.5714285714285714,0.6735632183908046,668,-310.309375
saudi,assets_rot90,CommNet (matched),42,14,43.0,0.0,0.6740196078431373,897,-728.55703125
saudi,assets_rot90,CommNet (matched),1042,0,43.0,0.0,0.6842105263157895,886,-577.721484375
saudi,assets_rot90,CommNet (matched),1042,1,43.0,0.0,0.6758620689655173,847,-580.109375
saudi,assets_rot90,CommNet (matched),1042,2,43.0,0.0,0.6755952380952381,894,-647.006640625
saudi,assets_rot90,CommNet (matched),1042,3,43.0,0.0,0.6758620689655173,828,-536.2421875
saudi,assets_rot90,CommNet (matched),1042,4,43.0,0.0,0.6785714285714286,896,-466.887109375
saudi,assets_rot90,CommNet (matched),1042,5,43.0,0.0,0.7166666666666667,890,-237.087109375
saudi,assets_rot90,CommNet (matched),1042,6,43.0,0.0,0.6830601092896175,891,-653.0734375
saudi,assets_rot90,CommNet (matched),1042,7,43.0,0.0,0.6761904761904762,890,-661.359375
saudi,assets_rot90,CommNet (matched),1042,8,43.0,0.0,0.4225352112676056,892,-441.884375
saudi,assets_rot90,CommNet (matched),1042,9,43.0,0.0,0.5797101449275363,894,-294.10390625
saudi,assets_rot90,CommNet (matched),1042,10,37.0,0.14285714285714285,0.6758620689655173,799,-479.42578125
saudi,assets_rot90,CommNet (matched),1042,11,43.0,0.0,0.46099290780141844,895,-613.408203125
saudi,assets_rot90,CommNet (matched),1042,12,43.0,0.0,0.46099290780141844,895,-613.3984375
saudi,assets_rot90,CommNet (matched),1042,13,43.0,0.0,0.375,895,-711.18125
saudi,assets_rot90,CommNet (matched),1042,14,43.0,0.0,0.6804597701149425,876,-660.893359375
saudi,assets_rot90,CommNet (matched),2042,0,43.0,0.0,0.6758620689655173,849,-587.033203125
saudi,assets_rot90,CommNet (matched),2042,1,43.0,0.0,0.37,893,-635.848828125
saudi,assets_rot90,CommNet (matched),2042,2,43.0,0.0,0.43636363636363634,895,-673.5375
saudi,assets_rot90,CommNet (matched),2042,3,43.0,0.0,0.6979166666666666,893,-188.466796875
saudi,assets_rot90,CommNet (matched),2042,4,43.0,0.0,0.3872549019607843,893,-452.7921875
saudi,assets_rot90,CommNet (matched),2042,5,43.0,0.0,0.3898809523809524,899,-678.125
saudi,assets_rot90,CommNet (matched),2042,6,43.0,0.0,0.6758620689655173,864,-582.877734375
saudi,assets_rot90,CommNet (matched),2042,7,43.0,0.0,0.5797101449275363,894,-294.074609375
saudi,assets_rot90,CommNet (matched),2042,8,43.0,0.0,0.3805309734513274,897,-693.659375
saudi,assets_rot90,CommNet (matched),2042,9,43.0,0.0,0.6522988505747126,892,-687.521484375
saudi,assets_rot90,CommNet (matched),2042,10,35.0,0.14285714285714285,0.6749311294765841,896,-635.402734375
saudi,assets_rot90,CommNet (matched),2042,11,43.0,0.0,0.6822916666666666,895,-387.89296875
saudi,assets_rot90,CommNet (matched),2042,12,43.0,0.0,0.6848484848484848,887,-590.494921875
saudi,assets_rot90,CommNet (matched),2042,13,43.0,0.0,0.3568075117370892,898,-465.305078125
saudi,assets_rot90,CommNet (matched),2042,14,43.0,0.0,0.389937106918239,892,-644.1984375
saudi,assets_rot90,CommNet (matched),3042,0,37.0,0.14285714285714285,0.6758620689655173,781,-450.3140625
saudi,assets_rot90,CommNet (matched),3042,1,43.0,0.0,0.6759259259259259,890,-708.29296875
saudi,assets_rot90,CommNet (matched),3042,2,43.0,0.0,0.92,893,-130.37109375
saudi,assets_rot90,CommNet (matched),3042,3,43.0,0.0,0.697841726618705,897,-744.111328125
saudi,assets_rot90,CommNet (matched),3042,4,43.0,0.0,0.47058823529411764,892,-411.1765625
saudi,assets_rot90,CommNet (matched),3042,5,43.0,0.0,0.5076923076923077,894,-434.31875
saudi,assets_rot90,CommNet (matched),3042,6,43.0,0.0,0.6765432098765433,890,-626.26171875
saudi,assets_rot90,CommNet (matched),3042,7,43.0,0.0,0.6735632183908046,842,-514.8480468749999
saudi,assets_rot90,CommNet (matched),3042,8,43.0,0.0,0.6735632183908046,860,-582.8171875
saudi,assets_rot90,CommNet (matched),3042,9,43.0,0.0,0.37216828478964403,893,-551.983984375
saudi,assets_rot90,CommNet (matched),3042,10,43.0,0.0,0.6825396825396826,892,-679.08671875
saudi,assets_rot90,CommNet (matched),3042,11,43.0,0.0,0.37669376693766937,893,-699.6234375
saudi,assets_rot90,CommNet (matched),3042,12,43.0,0.0,0.714859437751004,887,-531.5109375
saudi,assets_rot90,CommNet (matched),3042,13,43.0,0.0,0.710594315245478,899,-711.30859375
saudi,assets_rot90,CommNet (matched),3042,14,43.0,0.0,0.3884297520661157,897,-686.494140625
saudi,assets_rot90,CommNet (matched),4042,0,43.0,0.0,0.6781609195402298,880,-658.458984375
saudi,assets_rot90,CommNet (matched),4042,1,43.0,0.0,0.6779661016949152,890,-569.796875
saudi,assets_rot90,CommNet (matched),4042,2,37.0,0.14285714285714285,0.6735632183908046,743,-377.62890625
saudi,assets_rot90,CommNet (matched),4042,3,43.0,0.0,0.6666666666666666,892,-168.061328125
saudi,assets_rot90,CommNet (matched),4042,4,43.0,0.0,0.4791666666666667,892,-529.78515625
saudi,assets_rot90,CommNet (matched),4042,5,43.0,0.0,0.6796536796536796,896,-453.3421875
saudi,assets_rot90,CommNet (matched),4042,6,43.0,0.0,0.6781609195402298,866,-627.670703125
saudi,assets_rot90,CommNet (matched),4042,7,43.0,0.0,0.6741293532338308,896,-683.36171875
saudi,assets_rot90,CommNet (matched),4042,8,43.0,0.0,0.6785714285714286,886,-708.834765625
saudi,assets_rot90,CommNet (matched),4042,9,43.0,0.0,0.672514619883041,892,-691.442578125
saudi,assets_rot90,CommNet (matched),4042,10,43.0,0.0,0.6758620689655173,842,-546.4421875
saudi,assets_rot90,CommNet (matched),4042,11,43.0,0.0,0.6769759450171822,893,-580.534375
saudi,assets_rot90,CommNet (matched),4042,12,43.0,0.0,0.6735632183908046,875,-647.99765625
saudi,assets_rot90,CommNet (matched),4042,13,43.0,0.0,0.6827586206896552,884,-698.559375
saudi,assets_rot90,CommNet (matched),4042,14,43.0,0.0,0.67601246105919,893,-615.270703125
